population,cohort,site,sex,id,group,dose,age_initiation,status,dead,age,Rx(ppm),Unnamed: 11,weight_42d,weight_6m,weight_12m,maternal_age_days,parity,mouse
UM-HET3,C2004,TJL,f,JL00061,Control,0,,dead,1,800,,,,,,,,C2004|JL00061
UM-HET3,C2004,TJL,f,JL00062,Control,0,,dead,1,800,,,,,,,,C2004|JL00062
UM-HET3,C2004,TJL,f,JL00063,Control,0,,dead,1,1000,,,,,,,,C2004|JL00063
UM-HET3,C2004,TJL,f,JL00064,Control,0,,dead,1,700,,,,,,,,C2004|JL00064
UM-HET3,C2004,TJL,f,JL00116,Control,0,,dead,1,738,,,,,,,,C2004|JL00116
UM-HET3,C2004,TJL,f,JL00117,Control,0,,dead,1,807,,,,,,,,C2004|JL00117
UM-HET3,C2004,TJL,f,JL00118,Control,0,,dead,1,1012,,,,,,,,C2004|JL00118
UM-HET3,C2004,TJL,f,JL00119,Control,0,,dead,1,919,,,,,,,,C2004|JL00119
UM-HET3,C2004,TJL,f,JL00175,Control,0,,dead,1,541,,,,,,,,C2004|JL00175
UM-HET3,C2004,TJL,f,JL00176,Control,0,,dead,1,683,,,,,,,,C2004|JL00176
UM-HET3,C2004,TJL,f,JL00177,Control,0,,dead,1,969,,,,,,,,C2004|JL00177
UM-HET3,C2004,TJL,f,JL00178,Control,0,,dead,1,714,,,,,,,,C2004|JL00178
UM-HET3,C2004,TJL,f,JL00223,Control,0,,dead,1,962,,,,,,,,C2004|JL00223
UM-HET3,C2004,TJL,f,JL00224,Control,0,,dead,1,738,,,,,,,,C2004|JL00224
UM-HET3,C2004,TJL,f,JL00225,Control,0,,dead,1,962,,,,,,,,C2004|JL00225
UM-HET3,C2004,TJL,f,JL00226,Control,0,,dead,1,1103,,,,,,,,C2004|JL00226
UM-HET3,C2004,TJL,f,JL00244,Control,0,,removed,0,917,,,,,,,,C2004|JL00244
UM-HET3,C2004,TJL,f,JL00245,Control,0,,removed,0,917,,,,,,,,C2004|JL00245
UM-HET3,C2004,TJL,f,JL00246,Control,0,,dead,1,238,,,,,,,,C2004|JL00246
UM-HET3,C2004,TJL,f,JL00247,Control,0,,removed,0,917,,,,,,,,C2004|JL00247
UM-HET3,C2004,TJL,f,JL00251,Control,0,,dead,1,821,,,,,,,,C2004|JL00251
UM-HET3,C2004,TJL,f,JL00252,Control,0,,dead,1,578,,,,,,,,C2004|JL00252
UM-HET3,C2004,TJL,f,JL00253,Control,0,,dead,1,896,,,,,,,,C2004|JL00253
UM-HET3,C2004,TJL,f,JL00254,Control,0,,dead,1,1212,,,,,,,,C2004|JL00254
UM-HET3,C2004,TJL,f,JL00328,Control,0,,dead,1,895,,,,,,,,C2004|JL00328
UM-HET3,C2004,TJL,f,JL00329,Control,0,,dead,1,798,,,,,,,,C2004|JL00329
UM-HET3,C2004,TJL,f,JL00330,Control,0,,dead,1,1063,,,,,,,,C2004|JL00330
UM-HET3,C2004,TJL,f,JL00331,Control,0,,dead,1,699,,,,,,,,C2004|JL00331
UM-HET3,C2004,TJL,f,JL00394,Control,0,,dead,1,747,,,,,,,,C2004|JL00394
UM-HET3,C2004,TJL,f,JL00395,Control,0,,dead,1,970,,,,,,,,C2004|JL00395
UM-HET3,C2004,TJL,f,JL00396,Control,0,,dead,1,815,,,,,,,,C2004|JL00396
UM-HET3,C2004,TJL,f,JL00397,Control,0,,dead,1,858,,,,,,,,C2004|JL00397
UM-HET3,C2004,TJL,f,JL00414,Control,0,,dead,1,1097,,,,,,,,C2004|JL00414
UM-HET3,C2004,TJL,f,JL00415,Control,0,,dead,1,974,,,,,,,,C2004|JL00415
UM-HET3,C2004,TJL,f,JL00416,Control,0,,dead,1,994,,,,,,,,C2004|JL00416
UM-HET3,C2004,TJL,f,JL00417,Control,0,,dead,1,512,,,,,,,,C2004|JL00417
UM-HET3,C2004,TJL,f,JL00444,Control,0,,dead,1,962,,,,,,,,C2004|JL00444
UM-HET3,C2004,TJL,f,JL00445,Control,0,,dead,1,999,,,,,,,,C2004|JL00445
UM-HET3,C2004,TJL,f,JL00446,Control,0,,dead,1,843,,,,,,,,C2004|JL00446
UM-HET3,C2004,TJL,f,JL00447,Control,0,,dead,1,843,,,,,,,,C2004|JL00447
UM-HET3,C2004,TJL,f,JL00468,Control,0,,dead,1,737,,,,,,,,C2004|JL00468
UM-HET3,C2004,TJL,f,JL00469,Control,0,,dead,1,709,,,,,,,,C2004|JL00469
UM-HET3,C2004,TJL,f,JL00470,Control,0,,dead,1,940,,,,,,,,C2004|JL00470
UM-HET3,C2004,TJL,f,JL00471,Control,0,,dead,1,794,,,,,,,,C2004|JL00471
UM-HET3,C2004,TJL,f,JL00504,Control,0,,dead,1,910,,,,,,,,C2004|JL00504
UM-HET3,C2004,TJL,f,JL00505,Control,0,,dead,1,787,,,,,,,,C2004|JL00505
UM-HET3,C2004,TJL,f,JL00506,Control,0,,dead,1,935,,,,,,,,C2004|JL00506
UM-HET3,C2004,TJL,f,JL00507,Control,0,,dead,1,935,,,,,,,,C2004|JL00507
UM-HET3,C2004,TJL,f,JL00546,Control,0,,dead,1,961,,,,,,,,C2004|JL00546
UM-HET3,C2004,TJL,f,JL00547,Control,0,,dead,1,941,,,,,,,,C2004|JL00547
UM-HET3,C2004,TJL,f,JL00548,Control,0,,dead,1,879,,,,,,,,C2004|JL00548
UM-HET3,C2004,TJL,f,JL00549,Control,0,,dead,1,696,,,,,,,,C2004|JL00549
UM-HET3,C2004,TJL,f,JL00620,Control,0,,dead,1,741,,,,,,,,C2004|JL00620
UM-HET3,C2004,TJL,f,JL00621,Control,0,,dead,1,1050,,,,,,,,C2004|JL00621
UM-HET3,C2004,TJL,f,JL00622,Control,0,,dead,1,786,,,,,,,,C2004|JL00622
UM-HET3,C2004,TJL,f,JL00623,Control,0,,dead,1,904,,,,,,,,C2004|JL00623
UM-HET3,C2004,TJL,f,JL00624,Control,0,,dead,1,719,,,,,,,,C2004|JL00624
UM-HET3,C2004,TJL,f,JL00625,Control,0,,dead,1,937,,,,,,,,C2004|JL00625
UM-HET3,C2004,TJL,f,JL00626,Control,0,,dead,1,775,,,,,,,,C2004|JL00626
UM-HET3,C2004,TJL,f,JL00627,Control,0,,dead,1,747,,,,,,,,C2004|JL00627
UM-HET3,C2004,TJL,f,JL00706,Control,0,,dead,1,562,,,,,,,,C2004|JL00706
UM-HET3,C2004,TJL,f,JL00707,Control,0,,dead,1,715,,,,,,,,C2004|JL00707
UM-HET3,C2004,TJL,f,JL00708,Control,0,,dead,1,1042,,,,,,,,C2004|JL00708
UM-HET3,C2004,TJL,f,JL00709,Control,0,,dead,1,484,,,,,,,,C2004|JL00709
UM-HET3,C2004,TJL,f,JL00710,Control,0,,dead,1,625,,,,,,,,C2004|JL00710
UM-HET3,C2004,TJL,f,JL00711,Control,0,,dead,1,863,,,,,,,,C2004|JL00711
UM-HET3,C2004,TJL,f,JL00712,Control,0,,dead,1,680,,,,,,,,C2004|JL00712
UM-HET3,C2004,TJL,f,JL00713,Control,0,,dead,1,899,,,,,,,,C2004|JL00713
UM-HET3,C2004,TJL,f,JL00769,Control,0,,dead,1,692,,,,,,,,C2004|JL00769
UM-HET3,C2004,TJL,f,JL00770,Control,0,,dead,1,726,,,,,,,,C2004|JL00770
UM-HET3,C2004,TJL,f,JL00771,Control,0,,dead,1,847,,,,,,,,C2004|JL00771
UM-HET3,C2004,TJL,f,JL00772,Control,0,,dead,1,888,,,,,,,,C2004|JL00772
UM-HET3,C2004,TJL,f,JL00773,Control,0,,dead,1,1106,,,,,,,,C2004|JL00773
UM-HET3,C2004,TJL,f,JL00774,Control,0,,dead,1,705,,,,,,,,C2004|JL00774
UM-HET3,C2004,TJL,f,JL00775,Control,0,,dead,1,580,,,,,,,,C2004|JL00775
UM-HET3,C2004,TJL,f,JL00776,Control,0,,dead,1,1161,,,,,,,,C2004|JL00776
UM-HET3,C2004,TJL,f,JL00777,Control,0,,dead,1,1028,,,,,,,,C2004|JL00777
UM-HET3,C2004,TJL,f,JL00778,Control,0,,dead,1,946,,,,,,,,C2004|JL00778
UM-HET3,C2004,TJL,f,JL00779,Control,0,,dead,1,715,,,,,,,,C2004|JL00779
UM-HET3,C2004,TJL,f,JL00780,Control,0,,dead,1,982,,,,,,,,C2004|JL00780
UM-HET3,C2004,TJL,f,JL00789,Control,0,,dead,1,534,,,,,,,,C2004|JL00789
UM-HET3,C2004,TJL,f,JL00790,Control,0,,dead,1,1188,,,,,,,,C2004|JL00790
UM-HET3,C2004,TJL,f,JL00791,Control,0,,dead,1,1009,,,,,,,,C2004|JL00791
UM-HET3,C2004,TJL,f,JL00792,Control,0,,dead,1,856,,,,,,,,C2004|JL00792
UM-HET3,C2004,TJL,f,JL00793,Control,0,,dead,1,916,,,,,,,,C2004|JL00793
UM-HET3,C2004,TJL,f,JL00794,Control,0,,dead,1,865,,,,,,,,C2004|JL00794
UM-HET3,C2004,TJL,f,JL00795,Control,0,,dead,1,860,,,,,,,,C2004|JL00795
UM-HET3,C2004,TJL,f,JL00796,Control,0,,dead,1,801,,,,,,,,C2004|JL00796
UM-HET3,C2004,TJL,f,JL00797,Control,0,,dead,1,994,,,,,,,,C2004|JL00797
UM-HET3,C2004,TJL,f,JL00798,Control,0,,dead,1,1021,,,,,,,,C2004|JL00798
UM-HET3,C2004,TJL,f,JL00799,Control,0,,dead,1,791,,,,,,,,C2004|JL00799
UM-HET3,C2004,TJL,f,JL00800,Control,0,,dead,1,741,,,,,,,,C2004|JL00800
UM-HET3,C2004,TJL,f,JL00814,Control,0,,dead,1,994,,,,,,,,C2004|JL00814
UM-HET3,C2004,TJL,f,JL00815,Control,0,,dead,1,850,,,,,,,,C2004|JL00815
UM-HET3,C2004,TJL,f,JL00816,Control,0,,dead,1,1052,,,,,,,,C2004|JL00816
UM-HET3,C2004,TJL,f,JL00835,Control,0,,dead,1,1078,,,,,,,,C2004|JL00835
UM-HET3,C2004,TJL,m,JL00032,Control,0,,dead,1,916,,,,,,,,C2004|JL00032
UM-HET3,C2004,TJL,m,JL00033,Control,0,,dead,1,1099,,,,,,,,C2004|JL00033
UM-HET3,C2004,TJL,m,JL00034,Control,0,,dead,1,666,,,,,,,,C2004|JL00034
UM-HET3,C2004,TJL,m,JL00045,Control,0,,dead,1,957,,,,,,,,C2004|JL00045
UM-HET3,C2004,TJL,m,JL00046,Control,0,,dead,1,553,,,,,,,,C2004|JL00046
UM-HET3,C2004,TJL,m,JL00057,Control,0,,dead,1,1112,,,,,,,,C2004|JL00057
UM-HET3,C2004,TJL,m,JL00058,Control,0,,dead,1,686,,,,,,,,C2004|JL00058
UM-HET3,C2004,TJL,m,JL00059,Control,0,,dead,1,924,,,,,,,,C2004|JL00059
UM-HET3,C2004,TJL,m,JL00060,Control,0,,dead,1,292,,,,,,,,C2004|JL00060
UM-HET3,C2004,TJL,m,JL00123,Control,0,,dead,1,454,,,,,,,,C2004|JL00123
UM-HET3,C2004,TJL,m,JL00124,Control,0,,dead,1,847,,,,,,,,C2004|JL00124
UM-HET3,C2004,TJL,m,JL00125,Control,0,,dead,1,974,,,,,,,,C2004|JL00125
UM-HET3,C2004,TJL,m,JL00126,Control,0,,dead,1,875,,,,,,,,C2004|JL00126
UM-HET3,C2004,TJL,m,JL00127,Control,0,,dead,1,736,,,,,,,,C2004|JL00127
UM-HET3,C2004,TJL,m,JL00128,Control,0,,dead,1,757,,,,,,,,C2004|JL00128
UM-HET3,C2004,TJL,m,JL00133,Control,0,,dead,1,868,,,,,,,,C2004|JL00133
UM-HET3,C2004,TJL,m,JL00134,Control,0,,dead,1,847,,,,,,,,C2004|JL00134
UM-HET3,C2004,TJL,m,JL00135,Control,0,,dead,1,1106,,,,,,,,C2004|JL00135
UM-HET3,C2004,TJL,m,JL00165,Control,0,,dead,1,620,,,,,,,,C2004|JL00165
UM-HET3,C2004,TJL,m,JL00166,Control,0,,dead,1,564,,,,,,,,C2004|JL00166
UM-HET3,C2004,TJL,m,JL00167,Control,0,,dead,1,929,,,,,,,,C2004|JL00167
UM-HET3,C2004,TJL,m,JL00234,Control,0,,dead,1,903,,,,,,,,C2004|JL00234
UM-HET3,C2004,TJL,m,JL00235,Control,0,,dead,1,961,,,,,,,,C2004|JL00235
UM-HET3,C2004,TJL,m,JL00236,Control,0,,dead,1,961,,,,,,,,C2004|JL00236
UM-HET3,C2004,TJL,m,JL00275,Control,0,,dead,1,884,,,,,,,,C2004|JL00275
UM-HET3,C2004,TJL,m,JL00276,Control,0,,dead,1,371,,,,,,,,C2004|JL00276
UM-HET3,C2004,TJL,m,JL00277,Control,0,,dead,1,273,,,,,,,,C2004|JL00277
UM-HET3,C2004,TJL,m,JL00304,Control,0,,dead,1,763,,,,,,,,C2004|JL00304
UM-HET3,C2004,TJL,m,JL00305,Control,0,,dead,1,540,,,,,,,,C2004|JL00305
UM-HET3,C2004,TJL,m,JL00306,Control,0,,dead,1,433,,,,,,,,C2004|JL00306
UM-HET3,C2004,TJL,m,JL00332,Control,0,,dead,1,489,,,,,,,,C2004|JL00332
UM-HET3,C2004,TJL,m,JL00333,Control,0,,dead,1,685,,,,,,,,C2004|JL00333
UM-HET3,C2004,TJL,m,JL00334,Control,0,,dead,1,417,,,,,,,,C2004|JL00334
UM-HET3,C2004,TJL,m,JL00339,Control,0,,dead,1,1031,,,,,,,,C2004|JL00339
UM-HET3,C2004,TJL,m,JL00340,Control,0,,dead,1,844,,,,,,,,C2004|JL00340
UM-HET3,C2004,TJL,m,JL00341,Control,0,,dead,1,612,,,,,,,,C2004|JL00341
UM-HET3,C2004,TJL,m,JL00342,Control,0,,dead,1,593,,,,,,,,C2004|JL00342
UM-HET3,C2004,TJL,m,JL00343,Control,0,,dead,1,324,,,,,,,,C2004|JL00343
UM-HET3,C2004,TJL,m,JL00344,Control,0,,dead,1,437,,,,,,,,C2004|JL00344
UM-HET3,C2004,TJL,m,JL00358,Control,0,,dead,1,876,,,,,,,,C2004|JL00358
UM-HET3,C2004,TJL,m,JL00359,Control,0,,dead,1,791,,,,,,,,C2004|JL00359
UM-HET3,C2004,TJL,m,JL00360,Control,0,,dead,1,763,,,,,,,,C2004|JL00360
UM-HET3,C2004,TJL,m,JL00388,Control,0,,dead,1,467,,,,,,,,C2004|JL00388
UM-HET3,C2004,TJL,m,JL00389,Control,0,,dead,1,776,,,,,,,,C2004|JL00389
UM-HET3,C2004,TJL,m,JL00390,Control,0,,dead,1,1040,,,,,,,,C2004|JL00390
UM-HET3,C2004,TJL,m,JL00456,Control,0,,dead,1,625,,,,,,,,C2004|JL00456
UM-HET3,C2004,TJL,m,JL00457,Control,0,,dead,1,940,,,,,,,,C2004|JL00457
UM-HET3,C2004,TJL,m,JL00458,Control,0,,dead,1,757,,,,,,,,C2004|JL00458
UM-HET3,C2004,TJL,m,JL00501,Control,0,,dead,1,88,,,,,,,,C2004|JL00501
UM-HET3,C2004,TJL,m,JL00502,Control,0,,dead,1,522,,,,,,,,C2004|JL00502
UM-HET3,C2004,TJL,m,JL00503,Control,0,,dead,1,554,,,,,,,,C2004|JL00503
UM-HET3,C2004,TJL,m,JL00554,Control,0,,dead,1,366,,,,,,,,C2004|JL00554
UM-HET3,C2004,TJL,m,JL00555,Control,0,,dead,1,816,,,,,,,,C2004|JL00555
UM-HET3,C2004,TJL,m,JL00556,Control,0,,dead,1,299,,,,,,,,C2004|JL00556
UM-HET3,C2004,TJL,m,JL00560,Control,0,,dead,1,967,,,,,,,,C2004|JL00560
UM-HET3,C2004,TJL,m,JL00561,Control,0,,dead,1,499,,,,,,,,C2004|JL00561
UM-HET3,C2004,TJL,m,JL00562,Control,0,,dead,1,875,,,,,,,,C2004|JL00562
UM-HET3,C2004,TJL,m,JL00566,Control,0,,dead,1,806,,,,,,,,C2004|JL00566
UM-HET3,C2004,TJL,m,JL00567,Control,0,,dead,1,582,,,,,,,,C2004|JL00567
UM-HET3,C2004,TJL,m,JL00568,Control,0,,dead,1,714,,,,,,,,C2004|JL00568
UM-HET3,C2004,TJL,m,JL00569,Control,0,,dead,1,365,,,,,,,,C2004|JL00569
UM-HET3,C2004,TJL,m,JL00570,Control,0,,dead,1,714,,,,,,,,C2004|JL00570
UM-HET3,C2004,TJL,m,JL00571,Control,0,,dead,1,813,,,,,,,,C2004|JL00571
UM-HET3,C2004,TJL,m,JL00572,Control,0,,dead,1,831,,,,,,,,C2004|JL00572
UM-HET3,C2004,TJL,m,JL00573,Control,0,,dead,1,831,,,,,,,,C2004|JL00573
UM-HET3,C2004,TJL,m,JL00574,Control,0,,dead,1,665,,,,,,,,C2004|JL00574
UM-HET3,C2004,TJL,m,JL00587,Control,0,,dead,1,1108,,,,,,,,C2004|JL00587
UM-HET3,C2004,TJL,m,JL00588,Control,0,,dead,1,784,,,,,,,,C2004|JL00588
UM-HET3,C2004,TJL,m,JL00589,Control,0,,dead,1,498,,,,,,,,C2004|JL00589
UM-HET3,C2004,TJL,m,JL00605,Control,0,,dead,1,915,,,,,,,,C2004|JL00605
UM-HET3,C2004,TJL,m,JL00606,Control,0,,dead,1,703,,,,,,,,C2004|JL00606
UM-HET3,C2004,TJL,m,JL00607,Control,0,,dead,1,841,,,,,,,,C2004|JL00607
UM-HET3,C2004,TJL,m,JL00640,Control,0,,dead,1,854,,,,,,,,C2004|JL00640
UM-HET3,C2004,TJL,m,JL00641,Control,0,,dead,1,854,,,,,,,,C2004|JL00641
UM-HET3,C2004,TJL,m,JL00642,Control,0,,dead,1,818,,,,,,,,C2004|JL00642
UM-HET3,C2004,TJL,m,JL00643,Control,0,,dead,1,860,,,,,,,,C2004|JL00643
UM-HET3,C2004,TJL,m,JL00644,Control,0,,dead,1,391,,,,,,,,C2004|JL00644
UM-HET3,C2004,TJL,m,JL00645,Control,0,,dead,1,791,,,,,,,,C2004|JL00645
UM-HET3,C2004,TJL,m,JL00654,Control,0,,dead,1,516,,,,,,,,C2004|JL00654
UM-HET3,C2004,TJL,m,JL00655,Control,0,,dead,1,750,,,,,,,,C2004|JL00655
UM-HET3,C2004,TJL,m,JL00656,Control,0,,dead,1,750,,,,,,,,C2004|JL00656
UM-HET3,C2004,TJL,m,JL00657,Control,0,,dead,1,822,,,,,,,,C2004|JL00657
UM-HET3,C2004,TJL,m,JL00658,Control,0,,dead,1,781,,,,,,,,C2004|JL00658
UM-HET3,C2004,TJL,m,JL00659,Control,0,,dead,1,838,,,,,,,,C2004|JL00659
UM-HET3,C2004,TJL,m,JL00666,Control,0,,dead,1,344,,,,,,,,C2004|JL00666
UM-HET3,C2004,TJL,m,JL00667,Control,0,,dead,1,478,,,,,,,,C2004|JL00667
UM-HET3,C2004,TJL,m,JL00668,Control,0,,dead,1,486,,,,,,,,C2004|JL00668
UM-HET3,C2004,TJL,m,JL00688,Control,0,,dead,1,819,,,,,,,,C2004|JL00688
UM-HET3,C2004,TJL,m,JL00689,Control,0,,dead,1,953,,,,,,,,C2004|JL00689
UM-HET3,C2004,TJL,m,JL00690,Control,0,,dead,1,876,,,,,,,,C2004|JL00690
UM-HET3,C2004,TJL,m,JL00694,Control,0,,dead,1,463,,,,,,,,C2004|JL00694
UM-HET3,C2004,TJL,m,JL00695,Control,0,,dead,1,581,,,,,,,,C2004|JL00695
UM-HET3,C2004,TJL,m,JL00696,Control,0,,dead,1,1071,,,,,,,,C2004|JL00696
UM-HET3,C2004,TJL,m,JL00697,Control,0,,dead,1,830,,,,,,,,C2004|JL00697
UM-HET3,C2004,TJL,m,JL00698,Control,0,,dead,1,1054,,,,,,,,C2004|JL00698
UM-HET3,C2004,TJL,m,JL00699,Control,0,,dead,1,830,,,,,,,,C2004|JL00699
UM-HET3,C2004,TJL,m,JL00718,Control,0,,dead,1,729,,,,,,,,C2004|JL00718
UM-HET3,C2004,TJL,m,JL00719,Control,0,,dead,1,757,,,,,,,,C2004|JL00719
UM-HET3,C2004,TJL,m,JL00720,Control,0,,dead,1,408,,,,,,,,C2004|JL00720
UM-HET3,C2004,TJL,m,JL00721,Control,0,,dead,1,493,,,,,,,,C2004|JL00721
UM-HET3,C2004,TJL,m,JL00722,Control,0,,dead,1,611,,,,,,,,C2004|JL00722
UM-HET3,C2004,TJL,m,JL00723,Control,0,,dead,1,583,,,,,,,,C2004|JL00723
UM-HET3,C2004,TJL,m,JL00736,Control,0,,dead,1,504,,,,,,,,C2004|JL00736
UM-HET3,C2004,TJL,m,JL00737,Control,0,,removed,0,841,,,,,,,,C2004|JL00737
UM-HET3,C2004,TJL,m,JL00738,Control,0,,dead,1,561,,,,,,,,C2004|JL00738
UM-HET3,C2004,TJL,m,JL00739,Control,0,,dead,1,905,,,,,,,,C2004|JL00739
UM-HET3,C2004,TJL,m,JL00740,Control,0,,dead,1,903,,,,,,,,C2004|JL00740
UM-HET3,C2004,TJL,m,JL00741,Control,0,,dead,1,511,,,,,,,,C2004|JL00741
UM-HET3,C2004,TJL,m,JL00748,Control,0,,dead,1,848,,,,,,,,C2004|JL00748
UM-HET3,C2004,TJL,m,JL00749,Control,0,,dead,1,420,,,,,,,,C2004|JL00749
UM-HET3,C2004,TJL,m,JL00750,Control,0,,dead,1,540,,,,,,,,C2004|JL00750
UM-HET3,C2004,TJL,m,JL00751,Control,0,,dead,1,1064,,,,,,,,C2004|JL00751
UM-HET3,C2004,TJL,m,JL00752,Control,0,,dead,1,936,,,,,,,,C2004|JL00752
UM-HET3,C2004,TJL,m,JL00753,Control,0,,dead,1,875,,,,,,,,C2004|JL00753
UM-HET3,C2004,TJL,m,JL00805,Control,0,,dead,1,730,,,,,,,,C2004|JL00805
UM-HET3,C2004,TJL,m,JL00806,Control,0,,dead,1,955,,,,,,,,C2004|JL00806
UM-HET3,C2004,TJL,m,JL00807,Control,0,,dead,1,857,,,,,,,,C2004|JL00807
UM-HET3,C2004,TJL,m,JL00808,Control,0,,dead,1,1216,,,,,,,,C2004|JL00808
UM-HET3,C2004,TJL,m,JL00809,Control,0,,dead,1,659,,,,,,,,C2004|JL00809
UM-HET3,C2004,TJL,m,JL00810,Control,0,,dead,1,600,,,,,,,,C2004|JL00810
UM-HET3,C2004,TJL,m,JL00820,Control,0,,dead,1,860,,,,,,,,C2004|JL00820
UM-HET3,C2004,TJL,m,JL00821,Control,0,,dead,1,998,,,,,,,,C2004|JL00821
UM-HET3,C2004,TJL,m,JL00822,Control,0,,dead,1,553,,,,,,,,C2004|JL00822
UM-HET3,C2004,TJL,m,JL00871,Control,0,,dead,1,757,,,,,,,,C2004|JL00871
UM-HET3,C2004,TJL,m,JL00872,Control,0,,dead,1,751,,,,,,,,C2004|JL00872
UM-HET3,C2004,TJL,m,JL00873,Control,0,,dead,1,479,,,,,,,,C2004|JL00873
UM-HET3,C2004,UM,f,UM00028,Control,0,,dead,1,945,,,15.5,32.700001,32.5,,,C2004|UM00028
UM-HET3,C2004,UM,f,UM00035,Control,0,,dead,1,985,,,16.299999,26.6,32.599998,,,C2004|UM00035
UM-HET3,C2004,UM,f,UM00042,Control,0,,removed,0,124,,,,,,,,C2004|UM00042
UM-HET3,C2004,UM,f,UM00049,Control,0,,dead,1,604,,,,31.6,37.599998,,,C2004|UM00049
UM-HET3,C2004,UM,f,UM00077,Control,0,,dead,1,988,,,14.9,26.6,33.0,,,C2004|UM00077
UM-HET3,C2004,UM,f,UM00084,Control,0,,removed,0,124,,,,,,,,C2004|UM00084
UM-HET3,C2004,UM,f,UM00091,Control,0,,dead,1,831,,,15.7,30.4,35.799999,,,C2004|UM00091
UM-HET3,C2004,UM,f,UM00098,Control,0,,dead,1,803,,,14.8,25.1,29.9,,,C2004|UM00098
UM-HET3,C2004,UM,f,UM00147,Control,0,,removed,0,171,,,,,,,,C2004|UM00147
UM-HET3,C2004,UM,f,UM00154,Control,0,,removed,0,171,,,,,,,,C2004|UM00154
UM-HET3,C2004,UM,f,UM00161,Control,0,,removed,0,171,,,,,,,,C2004|UM00161
UM-HET3,C2004,UM,f,UM00168,Control,0,,removed,0,171,,,,,,,,C2004|UM00168
UM-HET3,C2004,UM,f,UM00875,Control,0,,dead,1,973,,,17.200001,23.1,26.6,,,C2004|UM00875
UM-HET3,C2004,UM,f,UM00882,Control,0,,dead,1,1010,,,19.200001,27.0,30.799999,,,C2004|UM00882
UM-HET3,C2004,UM,f,UM00889,Control,0,,dead,1,1005,,,17.9,29.0,30.4,,,C2004|UM00889
UM-HET3,C2004,UM,f,UM00896,Control,0,,dead,1,638,,,,29.200001,31.1,,,C2004|UM00896
UM-HET3,C2004,UM,f,UM01372,Control,0,,dead,1,909,,,,31.299999,34.599998,,,C2004|UM01372
UM-HET3,C2004,UM,f,UM01379,Control,0,,dead,1,1093,,,18.4,27.799999,33.200001,,,C2004|UM01379
UM-HET3,C2004,UM,f,UM01386,Control,0,,dead,1,1111,,,19.9,32.200001,35.5,,,C2004|UM01386
UM-HET3,C2004,UM,f,UM01393,Control,0,,dead,1,892,,,,25.200001,29.1,,,C2004|UM01393
UM-HET3,C2004,UM,f,UM01491,Control,0,,removed,0,270,,,,,,,,C2004|UM01491
UM-HET3,C2004,UM,f,UM01498,Control,0,,removed,0,270,,,,,,,,C2004|UM01498
UM-HET3,C2004,UM,f,UM01505,Control,0,,removed,0,270,,,,,,,,C2004|UM01505
UM-HET3,C2004,UM,f,UM01512,Control,0,,removed,0,270,,,,,,,,C2004|UM01512
UM-HET3,C2004,UM,f,UM01603,Control,0,,dead,1,793,,,,24.6,26.6,,,C2004|UM01603
UM-HET3,C2004,UM,f,UM01610,Control,0,,dead,1,729,,,,25.6,28.700001,,,C2004|UM01610
UM-HET3,C2004,UM,f,UM01617,Control,0,,dead,1,798,,,,23.9,26.700001,,,C2004|UM01617
UM-HET3,C2004,UM,f,UM01624,Control,0,,dead,1,546,,,,25.1,29.1,,,C2004|UM01624
UM-HET3,C2004,UM,f,UM01820,Control,0,,dead,1,1021,,,14.3,21.9,26.4,,,C2004|UM01820
UM-HET3,C2004,UM,f,UM01827,Control,0,,dead,1,1159,,,16.5,21.799999,23.9,,,C2004|UM01827
UM-HET3,C2004,UM,f,UM01834,Control,0,,dead,1,958,,,20.299999,25.6,28.6,,,C2004|UM01834
UM-HET3,C2004,UM,f,UM01841,Control,0,,dead,1,991,,,19.6,25.9,30.299999,,,C2004|UM01841
UM-HET3,C2004,UM,f,UM02093,Control,0,,dead,1,939,,,16.9,25.200001,29.200001,,,C2004|UM02093
UM-HET3,C2004,UM,f,UM02100,Control,0,,dead,1,957,,,15.1,21.299999,23.1,,,C2004|UM02100
UM-HET3,C2004,UM,f,UM02107,Control,0,,dead,1,1006,,,17.0,28.1,31.299999,,,C2004|UM02107
UM-HET3,C2004,UM,f,UM02114,Control,0,,dead,1,939,,,16.0,26.6,30.799999,,,C2004|UM02114
UM-HET3,C2004,UM,f,UM02212,Control,0,,dead,1,703,,,,38.700001,47.200001,,,C2004|UM02212
UM-HET3,C2004,UM,f,UM02219,Control,0,,dead,1,675,,,,25.799999,32.599998,,,C2004|UM02219
UM-HET3,C2004,UM,f,UM02226,Control,0,,dead,1,944,,,14.0,24.1,26.299999,,,C2004|UM02226
UM-HET3,C2004,UM,f,UM02233,Control,0,,dead,1,709,,,,22.0,27.700001,,,C2004|UM02233
UM-HET3,C2004,UM,f,UM02429,Control,0,,dead,1,1044,,,15.4,25.9,26.4,,,C2004|UM02429
UM-HET3,C2004,UM,f,UM02436,Control,0,,dead,1,1178,,,13.6,21.299999,25.799999,,,C2004|UM02436
UM-HET3,C2004,UM,f,UM02443,Control,0,,dead,1,1126,,,15.1,22.299999,25.6,,,C2004|UM02443
UM-HET3,C2004,UM,f,UM02450,Control,0,,dead,1,673,,,17.799999,26.1,32.900002,,,C2004|UM02450
UM-HET3,C2004,UM,f,UM02590,Control,0,,dead,1,959,,,16.1,27.0,30.0,,,C2004|UM02590
UM-HET3,C2004,UM,f,UM02597,Control,0,,dead,1,929,,,15.2,23.9,27.9,,,C2004|UM02597
UM-HET3,C2004,UM,f,UM02604,Control,0,,dead,1,938,,,14.6,24.5,26.200001,,,C2004|UM02604
UM-HET3,C2004,UM,f,UM02611,Control,0,,dead,1,920,,,,32.400002,46.0,,,C2004|UM02611
UM-HET3,C2004,UM,f,UM02639,Control,0,,dead,1,496,,,17.6,23.700001,27.0,,,C2004|UM02639
UM-HET3,C2004,UM,f,UM02646,Control,0,,dead,1,868,,,16.6,24.200001,32.599998,,,C2004|UM02646
UM-HET3,C2004,UM,f,UM02653,Control,0,,dead,1,848,,,15.9,24.5,29.6,,,C2004|UM02653
UM-HET3,C2004,UM,f,UM02660,Control,0,,dead,1,1125,,,15.4,23.4,25.4,,,C2004|UM02660
UM-HET3,C2004,UM,f,UM02786,Control,0,,removed,0,641,,,,,,,,C2004|UM02786
UM-HET3,C2004,UM,f,UM02793,Control,0,,removed,0,641,,,,,,,,C2004|UM02793
UM-HET3,C2004,UM,f,UM02800,Control,0,,removed,0,641,,,,,,,,C2004|UM02800
UM-HET3,C2004,UM,f,UM02807,Control,0,,removed,0,1006,,,,,,,,C2004|UM02807
UM-HET3,C2004,UM,f,UM03185,Control,0,,dead,1,835,,,,29.5,36.400002,,,C2004|UM03185
UM-HET3,C2004,UM,f,UM03192,Control,0,,dead,1,803,,,,38.099998,41.700001,,,C2004|UM03192
UM-HET3,C2004,UM,f,UM03199,Control,0,,dead,1,945,,,19.700001,37.099998,44.299999,,,C2004|UM03199
UM-HET3,C2004,UM,f,UM03206,Control,0,,dead,1,1146,,,17.799999,32.900002,33.900002,,,C2004|UM03206
UM-HET3,C2004,UM,f,UM03213,Control,0,,dead,1,665,,,16.1,31.1,39.599998,,,C2004|UM03213
UM-HET3,C2004,UM,f,UM03220,Control,0,,dead,1,1210,,,17.0,27.200001,30.700001,,,C2004|UM03220
UM-HET3,C2004,UM,f,UM03227,Control,0,,dead,1,1122,,,16.6,34.700001,41.0,,,C2004|UM03227
UM-HET3,C2004,UM,f,UM03234,Control,0,,dead,1,583,,,15.1,23.200001,24.700001,,,C2004|UM03234
UM-HET3,C2004,UM,f,UM03283,Control,0,,dead,1,907,,,17.5,34.200001,45.299999,,,C2004|UM03283
UM-HET3,C2004,UM,f,UM03290,Control,0,,dead,1,887,,,17.6,28.299999,34.700001,,,C2004|UM03290
UM-HET3,C2004,UM,f,UM03297,Control,0,,dead,1,613,,,,29.9,35.299999,,,C2004|UM03297
UM-HET3,C2004,UM,f,UM03304,Control,0,,dead,1,905,,,15.5,26.200001,34.599998,,,C2004|UM03304
UM-HET3,C2004,UM,f,UM03430,Control,0,,dead,1,858,,,,29.5,38.299999,,,C2004|UM03430
UM-HET3,C2004,UM,f,UM03437,Control,0,,dead,1,703,,,,26.0,29.4,,,C2004|UM03437
UM-HET3,C2004,UM,f,UM03444,Control,0,,dead,1,804,,,,28.4,34.299999,,,C2004|UM03444
UM-HET3,C2004,UM,f,UM03451,Control,0,,dead,1,922,,,14.6,26.4,33.400002,,,C2004|UM03451
UM-HET3,C2004,UM,f,UM03500,Control,0,,dead,1,1111,,,17.6,28.4,36.799999,,,C2004|UM03500
UM-HET3,C2004,UM,f,UM03507,Control,0,,dead,1,637,,,15.7,21.700001,24.799999,,,C2004|UM03507
UM-HET3,C2004,UM,f,UM03514,Control,0,,dead,1,427,,,17.299999,29.0,36.400002,,,C2004|UM03514
UM-HET3,C2004,UM,f,UM03521,Control,0,,dead,1,1039,,,16.5,28.799999,35.0,,,C2004|UM03521
UM-HET3,C2004,UM,f,UM03780,Control,0,,dead,1,1032,,,17.700001,28.5,33.5,,,C2004|UM03780
UM-HET3,C2004,UM,f,UM03787,Control,0,,dead,1,927,,,18.5,26.200001,28.5,,,C2004|UM03787
UM-HET3,C2004,UM,f,UM03794,Control,0,,dead,1,800,,,,25.4,26.700001,,,C2004|UM03794
UM-HET3,C2004,UM,f,UM03801,Control,0,,dead,1,709,,,,30.799999,31.700001,,,C2004|UM03801
UM-HET3,C2004,UM,f,UM04669,Control,0,,dead,1,893,,,,29.5,30.799999,,,C2004|UM04669
UM-HET3,C2004,UM,f,UM04676,Control,0,,dead,1,1037,,,19.799999,42.799999,50.599998,,,C2004|UM04676
UM-HET3,C2004,UM,f,UM04683,Control,0,,dead,1,942,,,19.299999,30.200001,30.4,,,C2004|UM04683
UM-HET3,C2004,UM,f,UM04690,Control,0,,dead,1,861,,,,22.4,29.9,,,C2004|UM04690
UM-HET3,C2004,UM,f,UM04697,Control,0,,dead,1,911,,,,25.799999,29.4,,,C2004|UM04697
UM-HET3,C2004,UM,f,UM04704,Control,0,,dead,1,1022,,,18.0,29.200001,30.200001,,,C2004|UM04704
UM-HET3,C2004,UM,f,UM04711,Control,0,,dead,1,1050,,,15.9,21.9,23.4,,,C2004|UM04711
UM-HET3,C2004,UM,f,UM04718,Control,0,,dead,1,568,,,,25.299999,30.5,,,C2004|UM04718
UM-HET3,C2004,UM,f,UM04830,Control,0,,dead,1,722,,,,23.1,26.6,,,C2004|UM04830
UM-HET3,C2004,UM,f,UM04837,Control,0,,dead,1,687,,,,27.1,28.200001,,,C2004|UM04837
UM-HET3,C2004,UM,f,UM04844,Control,0,,dead,1,504,,,,23.1,23.200001,,,C2004|UM04844
UM-HET3,C2004,UM,f,UM04851,Control,0,,dead,1,772,,,,22.4,26.9,,,C2004|UM04851
UM-HET3,C2004,UM,f,UM04928,Control,0,,dead,1,826,,,,27.0,30.6,,,C2004|UM04928
UM-HET3,C2004,UM,f,UM04935,Control,0,,dead,1,971,,,16.1,25.299999,36.799999,,,C2004|UM04935
UM-HET3,C2004,UM,f,UM04942,Control,0,,dead,1,1008,,,17.4,28.299999,43.299999,,,C2004|UM04942
UM-HET3,C2004,UM,f,UM04949,Control,0,,dead,1,936,,,16.799999,30.6,36.299999,,,C2004|UM04949
UM-HET3,C2004,UM,m,UM00056,Control,0,,dead,1,838,,,,33.400002,43.099998,,,C2004|UM00056
UM-HET3,C2004,UM,m,UM00063,Control,0,,dead,1,687,,,,48.5,55.299999,,,C2004|UM00063
UM-HET3,C2004,UM,m,UM00070,Control,0,,dead,1,1033,,,17.799999,35.299999,45.099998,,,C2004|UM00070
UM-HET3,C2004,UM,m,UM00126,Control,0,,dead,1,910,,,21.6,40.400002,45.299999,,,C2004|UM00126
UM-HET3,C2004,UM,m,UM00133,Control,0,,dead,1,876,,,21.700001,41.299999,48.299999,,,C2004|UM00133
UM-HET3,C2004,UM,m,UM00140,Control,0,,dead,1,722,,,20.200001,38.799999,42.299999,,,C2004|UM00140
UM-HET3,C2004,UM,m,UM00203,Control,0,,dead,1,1305,,,19.200001,31.6,37.700001,,,C2004|UM00203
UM-HET3,C2004,UM,m,UM00210,Control,0,,dead,1,1134,,,18.0,33.400002,41.900002,,,C2004|UM00210
UM-HET3,C2004,UM,m,UM00217,Control,0,,dead,1,435,,,,44.099998,50.599998,,,C2004|UM00217
UM-HET3,C2004,UM,m,UM00343,Control,0,,removed,0,478,,,,,,,,C2004|UM00343
UM-HET3,C2004,UM,m,UM00350,Control,0,,dead,1,432,,,19.700001,34.799999,38.799999,,,C2004|UM00350
UM-HET3,C2004,UM,m,UM00357,Control,0,,removed,0,478,,,,,,,,C2004|UM00357
UM-HET3,C2004,UM,m,UM00455,Control,0,,removed,0,256,,,,,,,,C2004|UM00455
UM-HET3,C2004,UM,m,UM00462,Control,0,,removed,0,256,,,,,,,,C2004|UM00462
UM-HET3,C2004,UM,m,UM00469,Control,0,,removed,0,256,,,,,,,,C2004|UM00469
UM-HET3,C2004,UM,m,UM00525,Control,0,,dead,1,766,,,20.799999,40.099998,46.900002,,,C2004|UM00525
UM-HET3,C2004,UM,m,UM00532,Control,0,,dead,1,1004,,,21.200001,43.599998,47.299999,,,C2004|UM00532
UM-HET3,C2004,UM,m,UM00539,Control,0,,dead,1,1083,,,19.700001,35.099998,39.200001,,,C2004|UM00539
UM-HET3,C2004,UM,m,UM00623,Control,0,,dead,1,507,,,24.6,41.799999,36.700001,,,C2004|UM00623
UM-HET3,C2004,UM,m,UM00630,Control,0,,dead,1,644,,,21.5,34.900002,37.5,,,C2004|UM00630
UM-HET3,C2004,UM,m,UM00637,Control,0,,dead,1,321,,,24.9,44.599998,,,,C2004|UM00637
UM-HET3,C2004,UM,m,UM00721,Control,0,,dead,1,1121,,,21.299999,31.9,32.900002,,,C2004|UM00721
UM-HET3,C2004,UM,m,UM00728,Control,0,,dead,1,970,,,23.9,40.400002,44.799999,,,C2004|UM00728
UM-HET3,C2004,UM,m,UM00735,Control,0,,dead,1,893,,,22.200001,37.599998,39.5,,,C2004|UM00735
UM-HET3,C2004,UM,m,UM00742,Control,0,,dead,1,735,,,,41.0,46.700001,,,C2004|UM00742
UM-HET3,C2004,UM,m,UM00749,Control,0,,dead,1,835,,,,45.900002,46.799999,,,C2004|UM00749
UM-HET3,C2004,UM,m,UM00756,Control,0,,dead,1,692,,,,44.099998,49.299999,,,C2004|UM00756
UM-HET3,C2004,UM,m,UM00763,Control,0,,dead,1,1209,,,24.799999,38.900002,43.700001,,,C2004|UM00763
UM-HET3,C2004,UM,m,UM00770,Control,0,,dead,1,1011,,,22.700001,35.299999,42.599998,,,C2004|UM00770
UM-HET3,C2004,UM,m,UM00777,Control,0,,dead,1,728,,,25.799999,39.799999,48.0,,,C2004|UM00777
UM-HET3,C2004,UM,m,UM00924,Control,0,,dead,1,967,,,18.6,32.0,37.400002,,,C2004|UM00924
UM-HET3,C2004,UM,m,UM00931,Control,0,,dead,1,1103,,,22.0,40.299999,47.200001,,,C2004|UM00931
UM-HET3,C2004,UM,m,UM00938,Control,0,,dead,1,668,,,,48.299999,52.0,,,C2004|UM00938
UM-HET3,C2004,UM,m,UM01071,Control,0,,dead,1,972,,,24.6,32.299999,35.400002,,,C2004|UM01071
UM-HET3,C2004,UM,m,UM01078,Control,0,,dead,1,765,,,22.4,32.299999,38.299999,,,C2004|UM01078
UM-HET3,C2004,UM,m,UM01085,Control,0,,dead,1,790,,,24.0,35.799999,42.700001,,,C2004|UM01085
UM-HET3,C2004,UM,m,UM01190,Control,0,,dead,1,1135,,,21.700001,30.200001,36.200001,,,C2004|UM01190
UM-HET3,C2004,UM,m,UM01197,Control,0,,dead,1,592,,,,37.200001,42.400002,,,C2004|UM01197
UM-HET3,C2004,UM,m,UM01204,Control,0,,dead,1,717,,,,36.700001,42.400002,,,C2004|UM01204
UM-HET3,C2004,UM,m,UM01211,Control,0,,dead,1,768,,,,41.0,42.400002,,,C2004|UM01211
UM-HET3,C2004,UM,m,UM01218,Control,0,,dead,1,1115,,,19.700001,29.0,32.5,,,C2004|UM01218
UM-HET3,C2004,UM,m,UM01225,Control,0,,dead,1,912,,,,41.299999,47.700001,,,C2004|UM01225
UM-HET3,C2004,UM,m,UM01351,Control,0,,dead,1,949,,,23.4,36.299999,47.299999,,,C2004|UM01351
UM-HET3,C2004,UM,m,UM01358,Control,0,,dead,1,681,,,,37.599998,41.799999,,,C2004|UM01358
UM-HET3,C2004,UM,m,UM01365,Control,0,,dead,1,1047,,,22.0,40.5,45.799999,,,C2004|UM01365
UM-HET3,C2004,UM,m,UM01470,Control,0,,dead,1,1043,,,25.4,42.099998,48.900002,,,C2004|UM01470
UM-HET3,C2004,UM,m,UM01477,Control,0,,dead,1,1176,,,21.9,30.9,36.0,,,C2004|UM01477
UM-HET3,C2004,UM,m,UM01484,Control,0,,dead,1,1053,,,24.4,39.400002,45.700001,,,C2004|UM01484
UM-HET3,C2004,UM,m,UM01519,Control,0,,dead,1,983,,,25.700001,37.900002,47.299999,,,C2004|UM01519
UM-HET3,C2004,UM,m,UM01526,Control,0,,dead,1,995,,,21.700001,39.700001,49.299999,,,C2004|UM01526
UM-HET3,C2004,UM,m,UM01533,Control,0,,dead,1,995,,,23.5,41.200001,48.400002,,,C2004|UM01533
UM-HET3,C2004,UM,m,UM01799,Control,0,,removed,0,450,,,,,,,,C2004|UM01799
UM-HET3,C2004,UM,m,UM01806,Control,0,,removed,0,450,,,,,,,,C2004|UM01806
UM-HET3,C2004,UM,m,UM01813,Control,0,,removed,0,450,,,,,,,,C2004|UM01813
UM-HET3,C2004,UM,m,UM01974,Control,0,,dead,1,902,,,,34.799999,41.900002,,,C2004|UM01974
UM-HET3,C2004,UM,m,UM01981,Control,0,,dead,1,705,,,,35.599998,48.700001,,,C2004|UM01981
UM-HET3,C2004,UM,m,UM01988,Control,0,,dead,1,897,,,,30.6,41.5,,,C2004|UM01988
UM-HET3,C2004,UM,m,UM01995,Control,0,,dead,1,1111,,,18.200001,30.200001,35.900002,,,C2004|UM01995
UM-HET3,C2004,UM,m,UM02002,Control,0,,dead,1,674,,,,37.5,44.0,,,C2004|UM02002
UM-HET3,C2004,UM,m,UM02009,Control,0,,dead,1,988,,,18.6,30.299999,34.5,,,C2004|UM02009
UM-HET3,C2004,UM,m,UM02282,Control,0,,dead,1,995,,,17.0,29.1,36.5,,,C2004|UM02282
UM-HET3,C2004,UM,m,UM02289,Control,0,,dead,1,780,,,,28.200001,33.0,,,C2004|UM02289
UM-HET3,C2004,UM,m,UM02296,Control,0,,dead,1,1130,,,19.0,34.900002,43.200001,,,C2004|UM02296
UM-HET3,C2004,UM,m,UM02548,Control,0,,dead,1,866,,,18.4,32.799999,38.799999,,,C2004|UM02548
UM-HET3,C2004,UM,m,UM02555,Control,0,,dead,1,684,,,19.700001,45.0,54.0,,,C2004|UM02555
UM-HET3,C2004,UM,m,UM02562,Control,0,,dead,1,362,,,17.4,34.200001,,,,C2004|UM02562
UM-HET3,C2004,UM,m,UM02667,Control,0,,dead,1,890,,,,33.599998,41.099998,,,C2004|UM02667
UM-HET3,C2004,UM,m,UM02674,Control,0,,dead,1,783,,,,31.5,39.400002,,,C2004|UM02674
UM-HET3,C2004,UM,m,UM02681,Control,0,,dead,1,814,,,,31.200001,39.5,,,C2004|UM02681
UM-HET3,C2004,UM,m,UM02835,Control,0,,dead,1,872,,,,33.799999,40.900002,,,C2004|UM02835
UM-HET3,C2004,UM,m,UM02842,Control,0,,dead,1,979,,,20.4,34.099998,41.200001,,,C2004|UM02842
UM-HET3,C2004,UM,m,UM02849,Control,0,,dead,1,1193,,,20.9,32.099998,38.299999,,,C2004|UM02849
UM-HET3,C2004,UM,m,UM02856,Control,0,,removed,0,321,,,,,,,,C2004|UM02856
UM-HET3,C2004,UM,m,UM02863,Control,0,,removed,0,321,,,,,,,,C2004|UM02863
UM-HET3,C2004,UM,m,UM02870,Control,0,,removed,0,321,,,,,,,,C2004|UM02870
UM-HET3,C2004,UM,m,UM02919,Control,0,,removed,0,445,,,,,,,,C2004|UM02919
UM-HET3,C2004,UM,m,UM02926,Control,0,,removed,0,445,,,,,,,,C2004|UM02926
UM-HET3,C2004,UM,m,UM02933,Control,0,,removed,0,445,,,,,,,,C2004|UM02933
UM-HET3,C2004,UM,m,UM03045,Control,0,,dead,1,932,,,19.1,30.4,33.700001,,,C2004|UM03045
UM-HET3,C2004,UM,m,UM03052,Control,0,,dead,1,978,,,16.799999,29.799999,35.700001,,,C2004|UM03052
UM-HET3,C2004,UM,m,UM03059,Control,0,,dead,1,808,,,,38.099998,41.099998,,,C2004|UM03059
UM-HET3,C2004,UM,m,UM03241,Control,0,,dead,1,406,,,,46.200001,50.900002,,,C2004|UM03241
UM-HET3,C2004,UM,m,UM03248,Control,0,,dead,1,676,,,,37.799999,43.400002,,,C2004|UM03248
UM-HET3,C2004,UM,m,UM03255,Control,0,,dead,1,968,,,19.0,39.5,47.400002,,,C2004|UM03255
UM-HET3,C2004,UM,m,UM03458,Control,0,,dead,1,871,,,,33.900002,40.400002,,,C2004|UM03458
UM-HET3,C2004,UM,m,UM03465,Control,0,,dead,1,732,,,,37.299999,40.599998,,,C2004|UM03465
UM-HET3,C2004,UM,m,UM03472,Control,0,,dead,1,1136,,,18.700001,30.6,35.599998,,,C2004|UM03472
UM-HET3,C2004,UM,m,UM03570,Control,0,,dead,1,870,,,19.700001,33.5,42.400002,,,C2004|UM03570
UM-HET3,C2004,UM,m,UM03577,Control,0,,dead,1,390,,,22.299999,41.099998,50.400002,,,C2004|UM03577
UM-HET3,C2004,UM,m,UM03584,Control,0,,dead,1,506,,,20.5,35.900002,45.400002,,,C2004|UM03584
UM-HET3,C2004,UM,m,UM03591,Control,0,,dead,1,736,,,17.200001,28.1,31.9,,,C2004|UM03591
UM-HET3,C2004,UM,m,UM03598,Control,0,,dead,1,681,,,18.6,30.9,35.700001,,,C2004|UM03598
UM-HET3,C2004,UM,m,UM03605,Control,0,,dead,1,1020,,,17.0,30.700001,32.599998,,,C2004|UM03605
UM-HET3,C2004,UM,m,UM03738,Control,0,,dead,1,957,,,19.299999,29.9,37.400002,,,C2004|UM03738
UM-HET3,C2004,UM,m,UM03745,Control,0,,dead,1,727,,,,39.5,48.299999,,,C2004|UM03745
UM-HET3,C2004,UM,m,UM03752,Control,0,,dead,1,810,,,,36.099998,48.099998,,,C2004|UM03752
UM-HET3,C2004,UM,m,UM04046,Control,0,,dead,1,657,,,20.799999,37.5,43.299999,,,C2004|UM04046
UM-HET3,C2004,UM,m,UM04053,Control,0,,dead,1,995,,,23.5,40.700001,45.0,,,C2004|UM04053
UM-HET3,C2004,UM,m,UM04060,Control,0,,dead,1,812,,,22.200001,43.299999,52.0,,,C2004|UM04060
UM-HET3,C2004,UM,m,UM04144,Control,0,,dead,1,526,,,21.200001,44.700001,48.400002,,,C2004|UM04144
UM-HET3,C2004,UM,m,UM04151,Control,0,,dead,1,828,,,19.799999,36.299999,43.299999,,,C2004|UM04151
UM-HET3,C2004,UM,m,UM04158,Control,0,,dead,1,840,,,22.700001,37.5,44.0,,,C2004|UM04158
UM-HET3,C2004,UM,m,UM04165,Control,0,,removed,0,339,,,,,,,,C2004|UM04165
UM-HET3,C2004,UM,m,UM04172,Control,0,,removed,0,339,,,,,,,,C2004|UM04172
UM-HET3,C2004,UM,m,UM04179,Control,0,,removed,0,339,,,,,,,,C2004|UM04179
UM-HET3,C2004,UM,m,UM04256,Control,0,,dead,1,1161,,,21.4,39.5,41.700001,,,C2004|UM04256
UM-HET3,C2004,UM,m,UM04263,Control,0,,dead,1,811,,,,39.099998,43.5,,,C2004|UM04263
UM-HET3,C2004,UM,m,UM04270,Control,0,,dead,1,1161,,,20.799999,30.299999,30.5,,,C2004|UM04270
UM-HET3,C2004,UM,m,UM04319,Control,0,,dead,1,976,,,25.299999,45.0,48.700001,,,C2004|UM04319
UM-HET3,C2004,UM,m,UM04326,Control,0,,dead,1,304,,,24.200001,45.099998,,,,C2004|UM04326
UM-HET3,C2004,UM,m,UM04333,Control,0,,dead,1,776,,,23.200001,38.0,38.900002,,,C2004|UM04333
UM-HET3,C2004,UM,m,UM04515,Control,0,,removed,0,231,,,,,,,,C2004|UM04515
UM-HET3,C2004,UM,m,UM04522,Control,0,,removed,0,231,,,,,,,,C2004|UM04522
UM-HET3,C2004,UM,m,UM04529,Control,0,,removed,0,231,,,,,,,,C2004|UM04529
UM-HET3,C2004,UM,m,UM04578,Control,0,,dead,1,868,,,,38.700001,42.900002,,,C2004|UM04578
UM-HET3,C2004,UM,m,UM04585,Control,0,,dead,1,989,,,23.1,43.799999,43.700001,,,C2004|UM04585
UM-HET3,C2004,UM,m,UM04592,Control,0,,dead,1,589,,,,44.200001,44.5,,,C2004|UM04592
UM-HET3,C2004,UM,m,UM04725,Control,0,,dead,1,544,,,20.5,39.5,41.400002,,,C2004|UM04725
UM-HET3,C2004,UM,m,UM04732,Control,0,,dead,1,1024,,,19.799999,37.0,44.299999,,,C2004|UM04732
UM-HET3,C2004,UM,m,UM04739,Control,0,,dead,1,822,,,22.1,40.299999,40.799999,,,C2004|UM04739
UM-HET3,C2004,UM,m,UM04809,Control,0,,dead,1,832,,,,33.5,43.400002,,,C2004|UM04809
UM-HET3,C2004,UM,m,UM04816,Control,0,,dead,1,778,,,,33.700001,39.400002,,,C2004|UM04816
UM-HET3,C2004,UM,m,UM04823,Control,0,,dead,1,835,,,,33.299999,39.799999,,,C2004|UM04823
UM-HET3,C2004,UM,m,UM04907,Control,0,,dead,1,1048,,,17.799999,28.299999,35.799999,,,C2004|UM04907
UM-HET3,C2004,UM,m,UM04914,Control,0,,dead,1,863,,,,42.099998,50.400002,,,C2004|UM04914
UM-HET3,C2004,UM,m,UM04921,Control,0,,dead,1,859,,,,37.400002,38.799999,,,C2004|UM04921
UM-HET3,C2004,UT,f,UT00076,Control,0,,dead,1,1036,,,,,,126.0,2.0,C2004|UT00076
UM-HET3,C2004,UT,f,UT00077,Control,0,,dead,1,764,,,,,,126.0,2.0,C2004|UT00077
UM-HET3,C2004,UT,f,UT00078,Control,0,,dead,1,906,,,,,,126.0,2.0,C2004|UT00078
UM-HET3,C2004,UT,f,UT00079,Control,0,,dead,1,919,,,,,,126.0,2.0,C2004|UT00079
UM-HET3,C2004,UT,f,UT00092,Control,0,,dead,1,1048,,,,,,123.0,2.0,C2004|UT00092
UM-HET3,C2004,UT,f,UT00093,Control,0,,dead,1,941,,,,,,123.0,2.0,C2004|UT00093
UM-HET3,C2004,UT,f,UT00095,Control,0,,dead,1,423,,,,,,122.0,2.0,C2004|UT00095
UM-HET3,C2004,UT,f,UT00096,Control,0,,dead,1,1119,,,,,,122.0,2.0,C2004|UT00096
UM-HET3,C2004,UT,f,UT00167,Control,0,,dead,1,906,,,,,,121.0,2.0,C2004|UT00167
UM-HET3,C2004,UT,f,UT00169,Control,0,,dead,1,1021,,,,,,121.0,2.0,C2004|UT00169
UM-HET3,C2004,UT,f,UT00170,Control,0,,dead,1,989,,,,,,121.0,2.0,C2004|UT00170
UM-HET3,C2004,UT,f,UT00171,Control,0,,dead,1,695,,,,,,121.0,2.0,C2004|UT00171
UM-HET3,C2004,UT,f,UT00225,Control,0,,dead,1,749,,,,,,130.0,3.0,C2004|UT00225
UM-HET3,C2004,UT,f,UT00227,Control,0,,dead,1,1115,,,,,,128.0,3.0,C2004|UT00227
UM-HET3,C2004,UT,f,UT00228,Control,0,,dead,1,811,,,,,,128.0,3.0,C2004|UT00228
UM-HET3,C2004,UT,f,UT00229,Control,0,,dead,1,867,,,,,,128.0,3.0,C2004|UT00229
UM-HET3,C2004,UT,f,UT00301,Control,0,,dead,1,739,,,,,,144.0,3.0,C2004|UT00301
UM-HET3,C2004,UT,f,UT00302,Control,0,,dead,1,977,,,,,,151.0,4.0,C2004|UT00302
UM-HET3,C2004,UT,f,UT00303,Control,0,,dead,1,707,,,,,,151.0,4.0,C2004|UT00303
UM-HET3,C2004,UT,f,UT00304,Control,0,,dead,1,618,,,,,,151.0,4.0,C2004|UT00304
UM-HET3,C2004,UT,f,UT00423,Control,0,,dead,1,1087,,,,,,164.0,3.0,C2004|UT00423
UM-HET3,C2004,UT,f,UT00424,Control,0,,dead,1,859,,,,,,164.0,3.0,C2004|UT00424
UM-HET3,C2004,UT,f,UT00425,Control,0,,dead,1,777,,,,,,164.0,3.0,C2004|UT00425
UM-HET3,C2004,UT,f,UT00426,Control,0,,dead,1,718,,,,,,164.0,3.0,C2004|UT00426
UM-HET3,C2004,UT,f,UT00434,Control,0,,dead,1,1029,,,,,,168.0,5.0,C2004|UT00434
UM-HET3,C2004,UT,f,UT00437,Control,0,,dead,1,973,,,,,,179.0,4.0,C2004|UT00437
UM-HET3,C2004,UT,f,UT00438,Control,0,,dead,1,1065,,,,,,179.0,4.0,C2004|UT00438
UM-HET3,C2004,UT,f,UT00439,Control,0,,dead,1,808,,,,,,179.0,4.0,C2004|UT00439
UM-HET3,C2004,UT,f,UT00453,Control,0,,dead,1,861,,,,,,178.0,4.0,C2004|UT00453
UM-HET3,C2004,UT,f,UT00454,Control,0,,dead,1,695,,,,,,178.0,4.0,C2004|UT00454
UM-HET3,C2004,UT,f,UT00455,Control,0,,dead,1,773,,,,,,178.0,4.0,C2004|UT00455
UM-HET3,C2004,UT,f,UT00456,Control,0,,dead,1,948,,,,,,178.0,4.0,C2004|UT00456
UM-HET3,C2004,UT,f,UT00504,Control,0,,dead,1,685,,,,,,193.0,5.0,C2004|UT00504
UM-HET3,C2004,UT,f,UT00505,Control,0,,dead,1,1147,,,,,,193.0,5.0,C2004|UT00505
UM-HET3,C2004,UT,f,UT00506,Control,0,,dead,1,1019,,,,,,193.0,5.0,C2004|UT00506
UM-HET3,C2004,UT,f,UT00507,Control,0,,dead,1,1017,,,,,,193.0,5.0,C2004|UT00507
UM-HET3,C2004,UT,f,UT00548,Control,0,,dead,1,701,,,,,,192.0,4.0,C2004|UT00548
UM-HET3,C2004,UT,f,UT00549,Control,0,,dead,1,732,,,,,,192.0,4.0,C2004|UT00549
UM-HET3,C2004,UT,f,UT00550,Control,0,,dead,1,900,,,,,,193.0,4.0,C2004|UT00550
UM-HET3,C2004,UT,f,UT00551,Control,0,,dead,1,998,,,,,,193.0,4.0,C2004|UT00551
UM-HET3,C2004,UT,f,UT00585,Control,0,,dead,1,794,,,,,,205.0,5.0,C2004|UT00585
UM-HET3,C2004,UT,f,UT00586,Control,0,,dead,1,268,,,,,,205.0,5.0,C2004|UT00586
UM-HET3,C2004,UT,f,UT00587,Control,0,,dead,1,975,,,,,,205.0,5.0,C2004|UT00587
UM-HET3,C2004,UT,f,UT00588,Control,0,,dead,1,958,,,,,,205.0,5.0,C2004|UT00588
UM-HET3,C2004,UT,f,UT00605,Control,0,,dead,1,863,,,,,,215.0,5.0,C2004|UT00605
UM-HET3,C2004,UT,f,UT00606,Control,0,,dead,1,740,,,,,,215.0,5.0,C2004|UT00606
UM-HET3,C2004,UT,f,UT00607,Control,0,,dead,1,1188,,,,,,213.0,5.0,C2004|UT00607
UM-HET3,C2004,UT,f,UT00608,Control,0,,dead,1,1040,,,,,,213.0,5.0,C2004|UT00608
UM-HET3,C2004,UT,f,UT00615,Control,0,,dead,1,922,,,,,,213.0,5.0,C2004|UT00615
UM-HET3,C2004,UT,f,UT00616,Control,0,,dead,1,1131,,,,,,211.0,5.0,C2004|UT00616
UM-HET3,C2004,UT,f,UT00617,Control,0,,dead,1,891,,,,,,211.0,5.0,C2004|UT00617
UM-HET3,C2004,UT,f,UT00618,Control,0,,dead,1,776,,,,,,211.0,5.0,C2004|UT00618
UM-HET3,C2004,UT,f,UT00619,Control,0,,dead,1,1012,,,,,,211.0,5.0,C2004|UT00619
UM-HET3,C2004,UT,f,UT00620,Control,0,,dead,1,1169,,,,,,211.0,5.0,C2004|UT00620
UM-HET3,C2004,UT,f,UT00621,Control,0,,dead,1,803,,,,,,211.0,5.0,C2004|UT00621
UM-HET3,C2004,UT,f,UT00622,Control,0,,dead,1,983,,,,,,211.0,5.0,C2004|UT00622
UM-HET3,C2004,UT,f,UT00626,Control,0,,dead,1,806,,,,,,219.0,5.0,C2004|UT00626
UM-HET3,C2004,UT,f,UT00627,Control,0,,dead,1,668,,,,,,219.0,5.0,C2004|UT00627
UM-HET3,C2004,UT,f,UT00628,Control,0,,dead,1,1153,,,,,,219.0,5.0,C2004|UT00628
UM-HET3,C2004,UT,f,UT00629,Control,0,,dead,1,489,,,,,,219.0,5.0,C2004|UT00629
UM-HET3,C2004,UT,f,UT00630,Control,0,,dead,1,1046,,,,,,219.0,5.0,C2004|UT00630
UM-HET3,C2004,UT,f,UT00631,Control,0,,dead,1,796,,,,,,219.0,5.0,C2004|UT00631
UM-HET3,C2004,UT,f,UT00632,Control,0,,dead,1,792,,,,,,219.0,5.0,C2004|UT00632
UM-HET3,C2004,UT,f,UT00633,Control,0,,dead,1,1093,,,,,,219.0,6.0,C2004|UT00633
UM-HET3,C2004,UT,f,UT00651,Control,0,,dead,1,825,,,,,,217.0,5.0,C2004|UT00651
UM-HET3,C2004,UT,f,UT00652,Control,0,,dead,1,879,,,,,,217.0,5.0,C2004|UT00652
UM-HET3,C2004,UT,f,UT00653,Control,0,,dead,1,786,,,,,,216.0,5.0,C2004|UT00653
UM-HET3,C2004,UT,f,UT00654,Control,0,,dead,1,631,,,,,,216.0,5.0,C2004|UT00654
UM-HET3,C2004,UT,f,UT00661,Control,0,,dead,1,1072,,,,,,216.0,5.0,C2004|UT00661
UM-HET3,C2004,UT,f,UT00662,Control,0,,dead,1,943,,,,,,219.0,5.0,C2004|UT00662
UM-HET3,C2004,UT,f,UT00663,Control,0,,dead,1,929,,,,,,219.0,5.0,C2004|UT00663
UM-HET3,C2004,UT,f,UT00664,Control,0,,dead,1,1043,,,,,,219.0,5.0,C2004|UT00664
UM-HET3,C2004,UT,f,UT00695,Control,0,,dead,1,840,,,,,,227.0,5.0,C2004|UT00695
UM-HET3,C2004,UT,f,UT00696,Control,0,,dead,1,508,,,,,,227.0,5.0,C2004|UT00696
UM-HET3,C2004,UT,f,UT00697,Control,0,,dead,1,800,,,,,,226.0,5.0,C2004|UT00697
UM-HET3,C2004,UT,f,UT00698,Control,0,,dead,1,847,,,,,,226.0,5.0,C2004|UT00698
UM-HET3,C2004,UT,f,UT00714,Control,0,,dead,1,801,,,,,,239.0,6.0,C2004|UT00714
UM-HET3,C2004,UT,f,UT00715,Control,0,,dead,1,966,,,,,,239.0,6.0,C2004|UT00715
UM-HET3,C2004,UT,f,UT00716,Control,0,,dead,1,671,,,,,,239.0,6.0,C2004|UT00716
UM-HET3,C2004,UT,f,UT00717,Control,0,,dead,1,937,,,,,,239.0,6.0,C2004|UT00717
UM-HET3,C2004,UT,f,UT00734,Control,0,,dead,1,670,,,,,,240.0,4.0,C2004|UT00734
UM-HET3,C2004,UT,f,UT00735,Control,0,,dead,1,967,,,,,,240.0,4.0,C2004|UT00735
UM-HET3,C2004,UT,f,UT00736,Control,0,,dead,1,690,,,,,,240.0,4.0,C2004|UT00736
UM-HET3,C2004,UT,f,UT00737,Control,0,,dead,1,902,,,,,,240.0,4.0,C2004|UT00737
UM-HET3,C2004,UT,f,UT00742,Control,0,,dead,1,916,,,,,,240.0,4.0,C2004|UT00742
UM-HET3,C2004,UT,f,UT00743,Control,0,,dead,1,903,,,,,,240.0,4.0,C2004|UT00743
UM-HET3,C2004,UT,f,UT00744,Control,0,,dead,1,665,,,,,,240.0,4.0,C2004|UT00744
UM-HET3,C2004,UT,f,UT00745,Control,0,,dead,1,1076,,,,,,240.0,4.0,C2004|UT00745
UM-HET3,C2004,UT,f,UT00755,Control,0,,dead,1,709,,,,,,249.0,6.0,C2004|UT00755
UM-HET3,C2004,UT,f,UT00756,Control,0,,dead,1,923,,,,,,249.0,6.0,C2004|UT00756
UM-HET3,C2004,UT,f,UT00757,Control,0,,dead,1,1004,,,,,,249.0,6.0,C2004|UT00757
UM-HET3,C2004,UT,f,UT00758,Control,0,,dead,1,881,,,,,,249.0,6.0,C2004|UT00758
UM-HET3,C2004,UT,f,UT00762,Control,0,,dead,1,717,,,,,,248.0,6.0,C2004|UT00762
UM-HET3,C2004,UT,f,UT00763,Control,0,,dead,1,660,,,,,,248.0,6.0,C2004|UT00763
UM-HET3,C2004,UT,f,UT00764,Control,0,,dead,1,88,,,,,,248.0,6.0,C2004|UT00764
UM-HET3,C2004,UT,f,UT00765,Control,0,,dead,1,875,,,,,,248.0,6.0,C2004|UT00765
UM-HET3,C2004,UT,m,UT00052,Control,0,,dead,1,717,,,,,,122.0,2.0,C2004|UT00052
UM-HET3,C2004,UT,m,UT00053,Control,0,,dead,1,729,,,,,,126.0,2.0,C2004|UT00053
UM-HET3,C2004,UT,m,UT00054,Control,0,,dead,1,373,,,,,,126.0,2.0,C2004|UT00054
UM-HET3,C2004,UT,m,UT00119,Control,0,,dead,1,824,,,,,,121.0,2.0,C2004|UT00119
UM-HET3,C2004,UT,m,UT00120,Control,0,,dead,1,674,,,,,,121.0,2.0,C2004|UT00120
UM-HET3,C2004,UT,m,UT00121,Control,0,,dead,1,847,,,,,,121.0,2.0,C2004|UT00121
UM-HET3,C2004,UT,m,UT00185,Control,0,,dead,1,658,,,,,,126.0,2.0,C2004|UT00185
UM-HET3,C2004,UT,m,UT00186,Control,0,,dead,1,686,,,,,,126.0,2.0,C2004|UT00186
UM-HET3,C2004,UT,m,UT00187,Control,0,,dead,1,877,,,,,,126.0,2.0,C2004|UT00187
UM-HET3,C2004,UT,m,UT00253,Control,0,,dead,1,1059,,,,,,130.0,3.0,C2004|UT00253
UM-HET3,C2004,UT,m,UT00254,Control,0,,dead,1,779,,,,,,130.0,3.0,C2004|UT00254
UM-HET3,C2004,UT,m,UT00255,Control,0,,dead,1,765,,,,,,130.0,3.0,C2004|UT00255
UM-HET3,C2004,UT,m,UT00277,Control,0,,removed,0,734,,,,,,,,C2004|UT00277
UM-HET3,C2004,UT,m,UT00278,Control,0,,dead,1,626,,,,,,143.0,4.0,C2004|UT00278
UM-HET3,C2004,UT,m,UT00279,Control,0,,dead,1,729,,,,,,143.0,4.0,C2004|UT00279
UM-HET3,C2004,UT,m,UT00284,Control,0,,dead,1,863,,,,,,143.0,4.0,C2004|UT00284
UM-HET3,C2004,UT,m,UT00285,Control,0,,dead,1,966,,,,,,144.0,3.0,C2004|UT00285
UM-HET3,C2004,UT,m,UT00286,Control,0,,dead,1,409,,,,,,144.0,3.0,C2004|UT00286
UM-HET3,C2004,UT,m,UT00305,Control,0,,dead,1,635,,,,,,151.0,4.0,C2004|UT00305
UM-HET3,C2004,UT,m,UT00306,Control,0,,removed,0,740,,,,,,,,C2004|UT00306
UM-HET3,C2004,UT,m,UT00307,Control,0,,removed,0,740,,,,,,,,C2004|UT00307
UM-HET3,C2004,UT,m,UT00309,Control,0,,dead,1,505,,,,,,151.0,4.0,C2004|UT00309
UM-HET3,C2004,UT,m,UT00310,Control,0,,dead,1,1065,,,,,,149.0,3.0,C2004|UT00310
UM-HET3,C2004,UT,m,UT00315,Control,0,,dead,1,363,,,,,,149.0,3.0,C2004|UT00315
UM-HET3,C2004,UT,m,UT00316,Control,0,,dead,1,560,,,,,,149.0,3.0,C2004|UT00316
UM-HET3,C2004,UT,m,UT00317,Control,0,,dead,1,753,,,,,,149.0,3.0,C2004|UT00317
UM-HET3,C2004,UT,m,UT00328,Control,0,,dead,1,546,,,,,,150.0,3.0,C2004|UT00328
UM-HET3,C2004,UT,m,UT00329,Control,0,,dead,1,982,,,,,,147.0,3.0,C2004|UT00329
UM-HET3,C2004,UT,m,UT00330,Control,0,,dead,1,1132,,,,,,147.0,3.0,C2004|UT00330
UM-HET3,C2004,UT,m,UT00353,Control,0,,dead,1,886,,,,,,150.0,3.0,C2004|UT00353
UM-HET3,C2004,UT,m,UT00354,Control,0,,dead,1,524,,,,,,147.0,3.0,C2004|UT00354
UM-HET3,C2004,UT,m,UT00355,Control,0,,dead,1,474,,,,,,147.0,3.0,C2004|UT00355
UM-HET3,C2004,UT,m,UT00375,Control,0,,dead,1,848,,,,,,153.0,4.0,C2004|UT00375
UM-HET3,C2004,UT,m,UT00376,Control,0,,dead,1,774,,,,,,153.0,4.0,C2004|UT00376
UM-HET3,C2004,UT,m,UT00377,Control,0,,dead,1,932,,,,,,153.0,4.0,C2004|UT00377
UM-HET3,C2004,UT,m,UT00385,Control,0,,dead,1,837,,,,,,154.0,4.0,C2004|UT00385
UM-HET3,C2004,UT,m,UT00386,Control,0,,dead,1,681,,,,,,154.0,4.0,C2004|UT00386
UM-HET3,C2004,UT,m,UT00387,Control,0,,dead,1,798,,,,,,154.0,4.0,C2004|UT00387
UM-HET3,C2004,UT,m,UT00388,Control,0,,dead,1,423,,,,,,154.0,4.0,C2004|UT00388
UM-HET3,C2004,UT,m,UT00389,Control,0,,dead,1,543,,,,,,154.0,4.0,C2004|UT00389
UM-HET3,C2004,UT,m,UT00390,Control,0,,dead,1,570,,,,,,153.0,3.0,C2004|UT00390
UM-HET3,C2004,UT,m,UT00397,Control,0,,dead,1,382,,,,,,153.0,3.0,C2004|UT00397
UM-HET3,C2004,UT,m,UT00447,Control,0,,dead,1,798,,,,,,179.0,4.0,C2004|UT00447
UM-HET3,C2004,UT,m,UT00448,Control,0,,dead,1,1082,,,,,,179.0,4.0,C2004|UT00448
UM-HET3,C2004,UT,m,UT00449,Control,0,,dead,1,619,,,,,,179.0,4.0,C2004|UT00449
UM-HET3,C2004,UT,m,UT00457,Control,0,,dead,1,910,,,,,,178.0,4.0,C2004|UT00457
UM-HET3,C2004,UT,m,UT00458,Control,0,,dead,1,813,,,,,,178.0,4.0,C2004|UT00458
UM-HET3,C2004,UT,m,UT00459,Control,0,,dead,1,929,,,,,,178.0,4.0,C2004|UT00459
UM-HET3,C2004,UT,m,UT00463,Control,0,,dead,1,660,,,,,,178.0,4.0,C2004|UT00463
UM-HET3,C2004,UT,m,UT00464,Control,0,,dead,1,775,,,,,,177.0,4.0,C2004|UT00464
UM-HET3,C2004,UT,m,UT00465,Control,0,,dead,1,592,,,,,,177.0,4.0,C2004|UT00465
UM-HET3,C2004,UT,m,UT00476,Control,0,,dead,1,758,,,,,,185.0,4.0,C2004|UT00476
UM-HET3,C2004,UT,m,UT00477,Control,0,,dead,1,988,,,,,,185.0,4.0,C2004|UT00477
UM-HET3,C2004,UT,m,UT00478,Control,0,,dead,1,927,,,,,,185.0,4.0,C2004|UT00478
UM-HET3,C2004,UT,m,UT00508,Control,0,,dead,1,671,,,,,,193.0,5.0,C2004|UT00508
UM-HET3,C2004,UT,m,UT00509,Control,0,,dead,1,808,,,,,,193.0,5.0,C2004|UT00509
UM-HET3,C2004,UT,m,UT00510,Control,0,,dead,1,1073,,,,,,193.0,5.0,C2004|UT00510
UM-HET3,C2004,UT,m,UT00511,Control,0,,dead,1,948,,,,,,193.0,5.0,C2004|UT00511
UM-HET3,C2004,UT,m,UT00512,Control,0,,dead,1,604,,,,,,193.0,5.0,C2004|UT00512
UM-HET3,C2004,UT,m,UT00513,Control,0,,dead,1,1111,,,,,,193.0,5.0,C2004|UT00513
UM-HET3,C2004,UT,m,UT00517,Control,0,,dead,1,311,,,,,,193.0,5.0,C2004|UT00517
UM-HET3,C2004,UT,m,UT00518,Control,0,,dead,1,955,,,,,,192.0,5.0,C2004|UT00518
UM-HET3,C2004,UT,m,UT00519,Control,0,,dead,1,140,,,,,,192.0,5.0,C2004|UT00519
UM-HET3,C2004,UT,m,UT00545,Control,0,,dead,1,1070,,,,,,192.0,4.0,C2004|UT00545
UM-HET3,C2004,UT,m,UT00546,Control,0,,dead,1,819,,,,,,192.0,4.0,C2004|UT00546
UM-HET3,C2004,UT,m,UT00547,Control,0,,dead,1,507,,,,,,193.0,4.0,C2004|UT00547
UM-HET3,C2004,UT,m,UT00552,Control,0,,dead,1,654,,,,,,193.0,4.0,C2004|UT00552
UM-HET3,C2004,UT,m,UT00553,Control,0,,dead,1,627,,,,,,193.0,4.0,C2004|UT00553
UM-HET3,C2004,UT,m,UT00554,Control,0,,dead,1,887,,,,,,193.0,4.0,C2004|UT00554
UM-HET3,C2004,UT,m,UT00558,Control,0,,dead,1,640,,,,,,200.0,5.0,C2004|UT00558
UM-HET3,C2004,UT,m,UT00559,Control,0,,dead,1,386,,,,,,200.0,5.0,C2004|UT00559
UM-HET3,C2004,UT,m,UT00560,Control,0,,dead,1,878,,,,,,200.0,5.0,C2004|UT00560
UM-HET3,C2004,UT,m,UT00592,Control,0,,dead,1,896,,,,,,205.0,5.0,C2004|UT00592
UM-HET3,C2004,UT,m,UT00595,Control,0,,dead,1,635,,,,,,215.0,5.0,C2004|UT00595
UM-HET3,C2004,UT,m,UT00596,Control,0,,dead,1,893,,,,,,215.0,5.0,C2004|UT00596
UM-HET3,C2004,UT,m,UT00599,Control,0,,dead,1,829,,,,,,215.0,5.0,C2004|UT00599
UM-HET3,C2004,UT,m,UT00600,Control,0,,dead,1,809,,,,,,215.0,5.0,C2004|UT00600
UM-HET3,C2004,UT,m,UT00601,Control,0,,dead,1,562,,,,,,215.0,5.0,C2004|UT00601
UM-HET3,C2004,UT,m,UT00634,Control,0,,dead,1,1072,,,,,,219.0,6.0,C2004|UT00634
UM-HET3,C2004,UT,m,UT00635,Control,0,,dead,1,1041,,,,,,219.0,6.0,C2004|UT00635
UM-HET3,C2004,UT,m,UT00636,Control,0,,removed,0,567,,,,,,,,C2004|UT00636
UM-HET3,C2004,UT,m,UT00648,Control,0,,dead,1,822,,,,,,217.0,5.0,C2004|UT00648
UM-HET3,C2004,UT,m,UT00649,Control,0,,dead,1,697,,,,,,217.0,5.0,C2004|UT00649
UM-HET3,C2004,UT,m,UT00650,Control,0,,dead,1,774,,,,,,217.0,5.0,C2004|UT00650
UM-HET3,C2004,UT,m,UT00709,Control,0,,dead,1,479,,,,,,225.0,4.0,C2004|UT00709
UM-HET3,C2004,UT,m,UT00710,Control,0,,dead,1,580,,,,,,225.0,4.0,C2004|UT00710
UM-HET3,C2004,UT,m,UT00713,Control,0,,removed,0,205,,,,,,,,C2004|UT00713
UM-HET3,C2004,UT,m,UT00721,Control,0,,dead,1,635,,,,,,239.0,6.0,C2004|UT00721
UM-HET3,C2004,UT,m,UT00722,Control,0,,dead,1,306,,,,,,239.0,6.0,C2004|UT00722
UM-HET3,C2004,UT,m,UT00723,Control,0,,dead,1,824,,,,,,240.0,4.0,C2004|UT00723
UM-HET3,C2004,UT,m,UT00728,Control,0,,dead,1,861,,,,,,240.0,4.0,C2004|UT00728
UM-HET3,C2004,UT,m,UT00729,Control,0,,dead,1,885,,,,,,240.0,4.0,C2004|UT00729
UM-HET3,C2004,UT,m,UT00730,Control,0,,dead,1,638,,,,,,240.0,4.0,C2004|UT00730
UM-HET3,C2004,UT,m,UT00738,Control,0,,removed,0,212,,,,,,,,C2004|UT00738
UM-HET3,C2004,UT,m,UT00739,Control,0,,removed,0,212,,,,,,,,C2004|UT00739
UM-HET3,C2004,UT,m,UT00740,Control,0,,removed,0,212,,,,,,,,C2004|UT00740
UM-HET3,C2004,UT,m,UT00759,Control,0,,dead,1,197,,,,,,249.0,6.0,C2004|UT00759
UM-HET3,C2004,UT,m,UT00766,Control,0,,dead,1,1100,,,,,,248.0,6.0,C2004|UT00766
UM-HET3,C2004,UT,m,UT00767,Control,0,,dead,1,417,,,,,,248.0,6.0,C2004|UT00767
UM-HET3,C2004,UT,m,UT00768,Control,0,,dead,1,703,,,,,,248.0,6.0,C2004|UT00768
UM-HET3,C2004,UT,m,UT00788,Control,0,,dead,1,973,,,,,,253.0,7.0,C2004|UT00788
UM-HET3,C2004,UT,m,UT00789,Control,0,,dead,1,452,,,,,,254.0,6.0,C2004|UT00789
UM-HET3,C2004,UT,m,UT00790,Control,0,,dead,1,665,,,,,,254.0,6.0,C2004|UT00790
UM-HET3,C2004,UT,m,UT00791,Control,0,,dead,1,572,,,,,,254.0,6.0,C2004|UT00791
UM-HET3,C2004,UT,m,UT00792,Control,0,,dead,1,777,,,,,,254.0,6.0,C2004|UT00792
UM-HET3,C2004,UT,m,UT00793,Control,0,,dead,1,961,,,,,,254.0,6.0,C2004|UT00793
UM-HET3,C2004,UT,m,UT00794,Control,0,,dead,1,792,,,,,,254.0,6.0,C2004|UT00794
UM-HET3,C2004,UT,m,UT00795,Control,0,,dead,1,1070,,,,,,254.0,6.0,C2004|UT00795
UM-HET3,C2004,UT,m,UT00796,Control,0,,dead,1,481,,,,,,254.0,6.0,C2004|UT00796
UM-HET3,C2004,UT,m,UT00800,Control,0,,dead,1,693,,,,,,255.0,6.0,C2004|UT00800
UM-HET3,C2004,UT,m,UT00801,Control,0,,dead,1,586,,,,,,254.0,6.0,C2004|UT00801
UM-HET3,C2004,UT,m,UT00802,Control,0,,dead,1,614,,,,,,254.0,6.0,C2004|UT00802
UM-HET3,C2004,UT,m,UT00803,Control,0,,dead,1,27,,,,,,254.0,6.0,C2004|UT00803
UM-HET3,C2004,UT,m,UT00804,Control,0,,dead,1,685,,,,,,254.0,6.0,C2004|UT00804
UM-HET3,C2004,UT,m,UT00805,Control,0,,dead,1,609,,,,,,254.0,6.0,C2004|UT00805
UM-HET3,C2004,UT,m,UT00809,Control,0,,dead,1,760,,,,,,255.0,6.0,C2004|UT00809
UM-HET3,C2004,UT,m,UT00810,Control,0,,dead,1,370,,,,,,255.0,6.0,C2004|UT00810
UM-HET3,C2004,UT,m,UT00811,Control,0,,dead,1,684,,,,,,255.0,6.0,C2004|UT00811
UM-HET3,C2004,UT,m,UT00815,Control,0,,dead,1,837,,,,,,253.0,5.0,C2004|UT00815
UM-HET3,C2004,UT,m,UT00816,Control,0,,dead,1,550,,,,,,253.0,5.0,C2004|UT00816
UM-HET3,C2004,UT,m,UT00817,Control,0,,dead,1,705,,,,,,253.0,5.0,C2004|UT00817
UM-HET3,C2004,UT,m,UT00821,Control,0,,dead,1,739,,,,,,262.0,7.0,C2004|UT00821
UM-HET3,C2004,UT,m,UT00822,Control,0,,dead,1,825,,,,,,262.0,7.0,C2004|UT00822
UM-HET3,C2004,UT,m,UT00823,Control,0,,dead,1,788,,,,,,262.0,7.0,C2004|UT00823
UM-HET3,C2004,UT,m,UT00833,Control,0,,dead,1,929,,,,,,263.0,6.0,C2004|UT00833
UM-HET3,C2004,UT,m,UT00834,Control,0,,dead,1,747,,,,,,263.0,6.0,C2004|UT00834
UM-HET3,C2004,UT,m,UT00835,Control,0,,dead,1,624,,,,,,263.0,6.0,C2004|UT00835
UM-HET3,C2005,TJL,f,JL01029,Control,0,,dead,1,963,,,17.0,23.0,33.0,,,C2005|JL01029
UM-HET3,C2005,TJL,f,JL01030,Control,0,,dead,1,1005,,,18.0,25.0,30.0,,,C2005|JL01030
UM-HET3,C2005,TJL,f,JL01031,Control,0,,dead,1,886,,,19.0,25.0,31.0,,,C2005|JL01031
UM-HET3,C2005,TJL,f,JL01032,Control,0,,dead,1,952,,,19.0,28.0,40.0,,,C2005|JL01032
UM-HET3,C2005,TJL,f,JL01045,Control,0,,dead,1,700,,,19.0,39.0,50.0,,,C2005|JL01045
UM-HET3,C2005,TJL,f,JL01046,Control,0,,dead,1,895,,,17.0,26.0,34.0,,,C2005|JL01046
UM-HET3,C2005,TJL,f,JL01047,Control,0,,dead,1,719,,,18.0,38.0,44.0,,,C2005|JL01047
UM-HET3,C2005,TJL,f,JL01048,Control,0,,dead,1,749,,,18.0,43.0,52.0,,,C2005|JL01048
UM-HET3,C2005,TJL,f,JL01101,Control,0,,dead,1,1214,,,19.0,30.0,37.0,,,C2005|JL01101
UM-HET3,C2005,TJL,f,JL01102,Control,0,,dead,1,557,,,18.0,22.0,24.0,,,C2005|JL01102
UM-HET3,C2005,TJL,f,JL01103,Control,0,,dead,1,858,,,21.0,41.0,56.0,,,C2005|JL01103
UM-HET3,C2005,TJL,f,JL01104,Control,0,,dead,1,890,,,20.0,31.0,43.0,,,C2005|JL01104
UM-HET3,C2005,TJL,f,JL01134,Control,0,,dead,1,1043,,,20.0,26.0,35.0,,,C2005|JL01134
UM-HET3,C2005,TJL,f,JL01135,Control,0,,dead,1,1005,,,20.0,23.0,34.0,,,C2005|JL01135
UM-HET3,C2005,TJL,f,JL01136,Control,0,,dead,1,903,,,17.0,25.0,41.0,,,C2005|JL01136
UM-HET3,C2005,TJL,f,JL01137,Control,0,,dead,1,767,,,,31.0,40.0,,,C2005|JL01137
UM-HET3,C2005,TJL,f,JL01142,Control,0,,dead,1,781,,,21.0,40.0,52.0,,,C2005|JL01142
UM-HET3,C2005,TJL,f,JL01143,Control,0,,dead,1,679,,,19.0,43.0,52.0,,,C2005|JL01143
UM-HET3,C2005,TJL,f,JL01144,Control,0,,dead,1,872,,,19.0,27.0,37.0,,,C2005|JL01144
UM-HET3,C2005,TJL,f,JL01145,Control,0,,dead,1,1229,,,20.0,31.0,39.0,,,C2005|JL01145
UM-HET3,C2005,TJL,f,JL01167,Control,0,,dead,1,519,,,20.0,30.0,48.0,,,C2005|JL01167
UM-HET3,C2005,TJL,f,JL01168,Control,0,,dead,1,918,,,,36.0,48.0,,,C2005|JL01168
UM-HET3,C2005,TJL,f,JL01169,Control,0,,dead,1,1165,,,22.0,39.0,33.0,,,C2005|JL01169
UM-HET3,C2005,TJL,f,JL01170,Control,0,,dead,1,807,,,19.0,26.0,49.0,,,C2005|JL01170
UM-HET3,C2005,TJL,f,JL01185,Control,0,,dead,1,991,,,19.0,32.0,35.0,,,C2005|JL01185
UM-HET3,C2005,TJL,f,JL01186,Control,0,,dead,1,1188,,,18.0,26.0,29.0,,,C2005|JL01186
UM-HET3,C2005,TJL,f,JL01187,Control,0,,dead,1,1110,,,16.0,23.0,44.0,,,C2005|JL01187
UM-HET3,C2005,TJL,f,JL01188,Control,0,,dead,1,923,,,17.0,34.0,50.0,,,C2005|JL01188
UM-HET3,C2005,TJL,f,JL01209,Control,0,,dead,1,698,,,,26.0,,,,C2005|JL01209
UM-HET3,C2005,TJL,f,JL01210,Control,0,,dead,1,342,,,17.0,26.0,40.0,,,C2005|JL01210
UM-HET3,C2005,TJL,f,JL01211,Control,0,,dead,1,735,,,17.0,25.0,56.0,,,C2005|JL01211
UM-HET3,C2005,TJL,f,JL01212,Control,0,,dead,1,862,,,,41.0,31.0,,,C2005|JL01212
UM-HET3,C2005,TJL,f,JL01238,Control,0,,dead,1,763,,,,29.0,30.0,,,C2005|JL01238
UM-HET3,C2005,TJL,f,JL01239,Control,0,,dead,1,811,,,17.0,23.0,41.0,,,C2005|JL01239
UM-HET3,C2005,TJL,f,JL01240,Control,0,,dead,1,911,,,,33.0,41.0,,,C2005|JL01240
UM-HET3,C2005,TJL,f,JL01241,Control,0,,dead,1,902,,,20.0,30.0,30.0,,,C2005|JL01241
UM-HET3,C2005,TJL,f,JL01250,Control,0,,dead,1,748,,,18.0,36.0,38.0,,,C2005|JL01250
UM-HET3,C2005,TJL,f,JL01251,Control,0,,dead,1,806,,,18.0,29.0,42.0,,,C2005|JL01251
UM-HET3,C2005,TJL,f,JL01252,Control,0,,dead,1,919,,,,36.0,27.0,,,C2005|JL01252
UM-HET3,C2005,TJL,f,JL01253,Control,0,,dead,1,916,,,,25.0,50.0,,,C2005|JL01253
UM-HET3,C2005,TJL,f,JL01289,Control,0,,dead,1,582,,,,30.0,45.0,,,C2005|JL01289
UM-HET3,C2005,TJL,f,JL01290,Control,0,,dead,1,644,,,19.0,25.0,30.0,,,C2005|JL01290
UM-HET3,C2005,TJL,f,JL01291,Control,0,,dead,1,632,,,19.0,35.0,51.0,,,C2005|JL01291
UM-HET3,C2005,TJL,f,JL01292,Control,0,,dead,1,1105,,,18.0,32.0,35.0,,,C2005|JL01292
UM-HET3,C2005,TJL,f,JL01312,Control,0,,dead,1,906,,,17.0,33.0,44.0,,,C2005|JL01312
UM-HET3,C2005,TJL,f,JL01313,Control,0,,dead,1,967,,,20.0,29.0,38.0,,,C2005|JL01313
UM-HET3,C2005,TJL,f,JL01314,Control,0,,dead,1,871,,,17.0,23.0,27.0,,,C2005|JL01314
UM-HET3,C2005,TJL,f,JL01315,Control,0,,dead,1,991,,,20.0,24.0,33.0,,,C2005|JL01315
UM-HET3,C2005,TJL,f,JL01320,Control,0,,dead,1,1072,,,18.0,28.0,42.0,,,C2005|JL01320
UM-HET3,C2005,TJL,f,JL01321,Control,0,,dead,1,967,,,19.0,33.0,52.0,,,C2005|JL01321
UM-HET3,C2005,TJL,f,JL01322,Control,0,,dead,1,140,,,16.0,,,,,C2005|JL01322
UM-HET3,C2005,TJL,f,JL01323,Control,0,,dead,1,531,,,19.0,29.0,48.0,,,C2005|JL01323
UM-HET3,C2005,TJL,f,JL01324,Control,0,,dead,1,898,,,20.0,30.0,44.0,,,C2005|JL01324
UM-HET3,C2005,TJL,f,JL01325,Control,0,,dead,1,637,,,16.0,22.0,34.0,,,C2005|JL01325
UM-HET3,C2005,TJL,f,JL01326,Control,0,,dead,1,856,,,,36.0,49.0,,,C2005|JL01326
UM-HET3,C2005,TJL,f,JL01327,Control,0,,dead,1,919,,,,30.0,43.0,,,C2005|JL01327
UM-HET3,C2005,TJL,f,JL01409,Control,0,,dead,1,817,,,19.0,37.0,49.0,,,C2005|JL01409
UM-HET3,C2005,TJL,f,JL01410,Control,0,,dead,1,1058,,,20.0,36.0,49.0,,,C2005|JL01410
UM-HET3,C2005,TJL,f,JL01411,Control,0,,dead,1,902,,,19.0,27.0,38.0,,,C2005|JL01411
UM-HET3,C2005,TJL,f,JL01412,Control,0,,dead,1,900,,,20.0,40.0,53.0,,,C2005|JL01412
UM-HET3,C2005,TJL,f,JL01424,Control,0,,dead,1,671,,,18.0,27.0,36.0,,,C2005|JL01424
UM-HET3,C2005,TJL,f,JL01425,Control,0,,dead,1,860,,,16.0,24.0,34.0,,,C2005|JL01425
UM-HET3,C2005,TJL,f,JL01426,Control,0,,dead,1,540,,,18.0,23.0,29.0,,,C2005|JL01426
UM-HET3,C2005,TJL,f,JL01427,Control,0,,dead,1,836,,,18.0,25.0,27.0,,,C2005|JL01427
UM-HET3,C2005,TJL,f,JL01484,Control,0,,dead,1,864,,,18.0,27.0,28.0,,,C2005|JL01484
UM-HET3,C2005,TJL,f,JL01485,Control,0,,dead,1,903,,,,28.0,35.0,,,C2005|JL01485
UM-HET3,C2005,TJL,f,JL01486,Control,0,,dead,1,1136,,,18.0,29.0,35.0,,,C2005|JL01486
UM-HET3,C2005,TJL,f,JL01487,Control,0,,dead,1,913,,,,27.0,40.0,,,C2005|JL01487
UM-HET3,C2005,TJL,f,JL01495,Control,0,,dead,1,834,,,18.0,34.0,48.0,,,C2005|JL01495
UM-HET3,C2005,TJL,f,JL01496,Control,0,,dead,1,741,,,20.0,34.0,46.0,,,C2005|JL01496
UM-HET3,C2005,TJL,f,JL01497,Control,0,,dead,1,636,,,18.0,32.0,48.0,,,C2005|JL01497
UM-HET3,C2005,TJL,f,JL01498,Control,0,,dead,1,1156,,,18.0,29.0,45.0,,,C2005|JL01498
UM-HET3,C2005,TJL,f,JL01499,Control,0,,dead,1,728,,,17.0,28.0,34.0,,,C2005|JL01499
UM-HET3,C2005,TJL,f,JL01500,Control,0,,dead,1,842,,,18.0,35.0,43.0,,,C2005|JL01500
UM-HET3,C2005,TJL,f,JL01501,Control,0,,dead,1,888,,,16.0,34.0,44.0,,,C2005|JL01501
UM-HET3,C2005,TJL,f,JL01502,Control,0,,dead,1,860,,,19.0,36.0,48.0,,,C2005|JL01502
UM-HET3,C2005,TJL,f,JL01607,Control,0,,dead,1,920,,,,24.0,28.0,,,C2005|JL01607
UM-HET3,C2005,TJL,f,JL01608,Control,0,,dead,1,965,,,18.0,24.0,33.0,,,C2005|JL01608
UM-HET3,C2005,TJL,f,JL01609,Control,0,,dead,1,720,,,,25.0,32.0,,,C2005|JL01609
UM-HET3,C2005,TJL,f,JL01610,Control,0,,dead,1,682,,,18.0,33.0,45.0,,,C2005|JL01610
UM-HET3,C2005,TJL,f,JL01689,Control,0,,dead,1,881,,,,26.0,29.0,,,C2005|JL01689
UM-HET3,C2005,TJL,f,JL01690,Control,0,,dead,1,713,,,20.0,28.0,32.0,,,C2005|JL01690
UM-HET3,C2005,TJL,f,JL01691,Control,0,,dead,1,797,,,,23.0,28.0,,,C2005|JL01691
UM-HET3,C2005,TJL,f,JL01692,Control,0,,dead,1,916,,,,39.0,49.0,,,C2005|JL01692
UM-HET3,C2005,TJL,f,JL01697,Control,0,,dead,1,1100,,,18.0,29.0,38.0,,,C2005|JL01697
UM-HET3,C2005,TJL,f,JL01698,Control,0,,dead,1,839,,,18.0,29.0,39.0,,,C2005|JL01698
UM-HET3,C2005,TJL,f,JL01699,Control,0,,dead,1,1168,,,21.0,30.0,39.0,,,C2005|JL01699
UM-HET3,C2005,TJL,f,JL01700,Control,0,,dead,1,772,,,,28.0,34.0,,,C2005|JL01700
UM-HET3,C2005,TJL,f,JL01707,Control,0,,dead,1,684,,,20.0,29.0,39.0,,,C2005|JL01707
UM-HET3,C2005,TJL,f,JL01708,Control,0,,dead,1,933,,,18.0,41.0,47.0,,,C2005|JL01708
UM-HET3,C2005,TJL,f,JL01709,Control,0,,dead,1,930,,,18.0,31.0,42.0,,,C2005|JL01709
UM-HET3,C2005,TJL,f,JL01710,Control,0,,removed,0,53,,,,,,,,C2005|JL01710
UM-HET3,C2005,TJL,f,JL01775,Control,0,,dead,1,892,,,,31.0,38.0,,,C2005|JL01775
UM-HET3,C2005,TJL,f,JL01776,Control,0,,dead,1,971,,,18.0,35.0,48.0,,,C2005|JL01776
UM-HET3,C2005,TJL,f,JL01777,Control,0,,dead,1,860,,,,32.0,40.0,,,C2005|JL01777
UM-HET3,C2005,TJL,f,JL01778,Control,0,,dead,1,998,,,18.0,28.0,41.0,,,C2005|JL01778
UM-HET3,C2005,TJL,m,JL01056,Control,0,,dead,1,886,,,25.0,48.0,53.0,,,C2005|JL01056
UM-HET3,C2005,TJL,m,JL01057,Control,0,,dead,1,552,,,25.0,41.0,45.0,,,C2005|JL01057
UM-HET3,C2005,TJL,m,JL01058,Control,0,,dead,1,823,,,,46.0,52.0,,,C2005|JL01058
UM-HET3,C2005,TJL,m,JL01059,Control,0,,dead,1,242,,,24.0,42.0,,,,C2005|JL01059
UM-HET3,C2005,TJL,m,JL01060,Control,0,,dead,1,322,,,24.0,50.0,,,,C2005|JL01060
UM-HET3,C2005,TJL,m,JL01061,Control,0,,dead,1,1111,,,23.0,44.0,48.0,,,C2005|JL01061
UM-HET3,C2005,TJL,m,JL01112,Control,0,,dead,1,538,,,28.0,49.0,45.0,,,C2005|JL01112
UM-HET3,C2005,TJL,m,JL01113,Control,0,,dead,1,789,,,,56.0,46.0,,,C2005|JL01113
UM-HET3,C2005,TJL,m,JL01114,Control,0,,dead,1,287,,,27.0,45.0,,,,C2005|JL01114
UM-HET3,C2005,TJL,m,JL01115,Control,0,,dead,1,561,,,25.0,36.0,40.0,,,C2005|JL01115
UM-HET3,C2005,TJL,m,JL01116,Control,0,,dead,1,724,,,24.0,38.0,51.0,,,C2005|JL01116
UM-HET3,C2005,TJL,m,JL01117,Control,0,,dead,1,441,,,,42.0,56.0,,,C2005|JL01117
UM-HET3,C2005,TJL,m,JL01118,Control,0,,dead,1,937,,,24.0,40.0,55.0,,,C2005|JL01118
UM-HET3,C2005,TJL,m,JL01119,Control,0,,dead,1,643,,,25.0,44.0,63.0,,,C2005|JL01119
UM-HET3,C2005,TJL,m,JL01120,Control,0,,dead,1,774,,,26.0,47.0,53.0,,,C2005|JL01120
UM-HET3,C2005,TJL,m,JL01124,Control,0,,dead,1,844,,,25.0,44.0,48.0,,,C2005|JL01124
UM-HET3,C2005,TJL,m,JL01125,Control,0,,dead,1,985,,,25.0,38.0,46.0,,,C2005|JL01125
UM-HET3,C2005,TJL,m,JL01126,Control,0,,dead,1,693,,,24.0,33.0,42.0,,,C2005|JL01126
UM-HET3,C2005,TJL,m,JL01146,Control,0,,dead,1,1119,,,23.0,39.0,46.0,,,C2005|JL01146
UM-HET3,C2005,TJL,m,JL01147,Control,0,,dead,1,697,,,,44.0,48.0,,,C2005|JL01147
UM-HET3,C2005,TJL,m,JL01148,Control,0,,dead,1,893,,,26.0,44.0,47.0,,,C2005|JL01148
UM-HET3,C2005,TJL,m,JL01189,Control,0,,dead,1,608,,,25.0,47.0,55.0,,,C2005|JL01189
UM-HET3,C2005,TJL,m,JL01190,Control,0,,dead,1,557,,,26.0,51.0,,,,C2005|JL01190
UM-HET3,C2005,TJL,m,JL01191,Control,0,,dead,1,307,,,25.0,46.0,51.0,,,C2005|JL01191
UM-HET3,C2005,TJL,m,JL01223,Control,0,,dead,1,876,,,23.0,39.0,53.0,,,C2005|JL01223
UM-HET3,C2005,TJL,m,JL01224,Control,0,,dead,1,622,,,27.0,44.0,46.0,,,C2005|JL01224
UM-HET3,C2005,TJL,m,JL01225,Control,0,,dead,1,763,,,23.0,43.0,40.0,,,C2005|JL01225
UM-HET3,C2005,TJL,m,JL01263,Control,0,,dead,1,923,,,26.0,49.0,55.0,,,C2005|JL01263
UM-HET3,C2005,TJL,m,JL01264,Control,0,,dead,1,463,,,25.0,49.0,50.0,,,C2005|JL01264
UM-HET3,C2005,TJL,m,JL01265,Control,0,,dead,1,692,,,25.0,45.0,43.0,,,C2005|JL01265
UM-HET3,C2005,TJL,m,JL01266,Control,0,,dead,1,1029,,,23.0,40.0,44.0,,,C2005|JL01266
UM-HET3,C2005,TJL,m,JL01267,Control,0,,dead,1,944,,,22.0,40.0,54.0,,,C2005|JL01267
UM-HET3,C2005,TJL,m,JL01268,Control,0,,dead,1,756,,,23.0,46.0,47.0,,,C2005|JL01268
UM-HET3,C2005,TJL,m,JL01278,Control,0,,dead,1,972,,,25.0,44.0,50.0,,,C2005|JL01278
UM-HET3,C2005,TJL,m,JL01279,Control,0,,dead,1,958,,,20.0,39.0,45.0,,,C2005|JL01279
UM-HET3,C2005,TJL,m,JL01280,Control,0,,dead,1,940,,,21.0,45.0,,,,C2005|JL01280
UM-HET3,C2005,TJL,m,JL01337,Control,0,,dead,1,856,,,18.0,35.0,43.0,,,C2005|JL01337
UM-HET3,C2005,TJL,m,JL01338,Control,0,,dead,1,575,,,23.0,40.0,48.0,,,C2005|JL01338
UM-HET3,C2005,TJL,m,JL01339,Control,0,,dead,1,804,,,,37.0,48.0,,,C2005|JL01339
UM-HET3,C2005,TJL,m,JL01343,Control,0,,dead,1,1001,,,26.0,38.0,44.0,,,C2005|JL01343
UM-HET3,C2005,TJL,m,JL01344,Control,0,,dead,1,674,,,23.0,40.0,48.0,,,C2005|JL01344
UM-HET3,C2005,TJL,m,JL01345,Control,0,,dead,1,1064,,,24.0,33.0,46.0,,,C2005|JL01345
UM-HET3,C2005,TJL,m,JL01350,Control,0,,dead,1,1220,,,22.0,32.0,41.0,,,C2005|JL01350
UM-HET3,C2005,TJL,m,JL01351,Control,0,,dead,1,794,,,21.0,37.0,41.0,,,C2005|JL01351
UM-HET3,C2005,TJL,m,JL01352,Control,0,,dead,1,1035,,,21.0,37.0,44.0,,,C2005|JL01352
UM-HET3,C2005,TJL,m,JL01384,Control,0,,dead,1,469,,,,47.0,58.0,,,C2005|JL01384
UM-HET3,C2005,TJL,m,JL01385,Control,0,,dead,1,866,,,21.0,33.0,42.0,,,C2005|JL01385
UM-HET3,C2005,TJL,m,JL01386,Control,0,,dead,1,357,,,22.0,45.0,,,,C2005|JL01386
UM-HET3,C2005,TJL,m,JL01387,Control,0,,dead,1,769,,,23.0,39.0,42.0,,,C2005|JL01387
UM-HET3,C2005,TJL,m,JL01388,Control,0,,dead,1,894,,,,45.0,49.0,,,C2005|JL01388
UM-HET3,C2005,TJL,m,JL01389,Control,0,,dead,1,810,,,,38.0,43.0,,,C2005|JL01389
UM-HET3,C2005,TJL,m,JL01393,Control,0,,dead,1,338,,,25.0,43.0,,,,C2005|JL01393
UM-HET3,C2005,TJL,m,JL01394,Control,0,,dead,1,1006,,,23.0,45.0,46.0,,,C2005|JL01394
UM-HET3,C2005,TJL,m,JL01395,Control,0,,dead,1,545,,,24.0,45.0,46.0,,,C2005|JL01395
UM-HET3,C2005,TJL,m,JL01399,Control,0,,dead,1,1084,,,24.0,41.0,50.0,,,C2005|JL01399
UM-HET3,C2005,TJL,m,JL01400,Control,0,,dead,1,1124,,,22.0,35.0,43.0,,,C2005|JL01400
UM-HET3,C2005,TJL,m,JL01401,Control,0,,dead,1,849,,,23.0,41.0,47.0,,,C2005|JL01401
UM-HET3,C2005,TJL,m,JL01454,Control,0,,dead,1,857,,,,34.0,43.0,,,C2005|JL01454
UM-HET3,C2005,TJL,m,JL01455,Control,0,,dead,1,892,,,23.0,30.0,40.0,,,C2005|JL01455
UM-HET3,C2005,TJL,m,JL01456,Control,0,,dead,1,893,,,21.0,31.0,37.0,,,C2005|JL01456
UM-HET3,C2005,TJL,m,JL01457,Control,0,,dead,1,502,,,24.0,44.0,49.0,,,C2005|JL01457
UM-HET3,C2005,TJL,m,JL01458,Control,0,,dead,1,752,,,23.0,39.0,49.0,,,C2005|JL01458
UM-HET3,C2005,TJL,m,JL01459,Control,0,,dead,1,998,,,25.0,42.0,53.0,,,C2005|JL01459
UM-HET3,C2005,TJL,m,JL01474,Control,0,,dead,1,1077,,,21.0,42.0,46.0,,,C2005|JL01474
UM-HET3,C2005,TJL,m,JL01475,Control,0,,dead,1,671,,,22.0,39.0,40.0,,,C2005|JL01475
UM-HET3,C2005,TJL,m,JL01476,Control,0,,dead,1,793,,,20.0,34.0,42.0,,,C2005|JL01476
UM-HET3,C2005,TJL,m,JL01477,Control,0,,dead,1,1116,,,21.0,32.0,37.0,,,C2005|JL01477
UM-HET3,C2005,TJL,m,JL01478,Control,0,,dead,1,983,,,21.0,32.0,37.0,,,C2005|JL01478
UM-HET3,C2005,TJL,m,JL01479,Control,0,,dead,1,1091,,,21.0,35.0,44.0,,,C2005|JL01479
UM-HET3,C2005,TJL,m,JL01522,Control,0,,dead,1,548,,,23.0,43.0,46.0,,,C2005|JL01522
UM-HET3,C2005,TJL,m,JL01523,Control,0,,dead,1,730,,,20.0,42.0,46.0,,,C2005|JL01523
UM-HET3,C2005,TJL,m,JL01524,Control,0,,dead,1,850,,,20.0,43.0,52.0,,,C2005|JL01524
UM-HET3,C2005,TJL,m,JL01536,Control,0,,dead,1,946,,,20.0,43.0,50.0,,,C2005|JL01536
UM-HET3,C2005,TJL,m,JL01537,Control,0,,dead,1,870,,,20.0,39.0,46.0,,,C2005|JL01537
UM-HET3,C2005,TJL,m,JL01538,Control,0,,dead,1,1027,,,24.0,42.0,50.0,,,C2005|JL01538
UM-HET3,C2005,TJL,m,JL01542,Control,0,,dead,1,1056,,,23.0,41.0,48.0,,,C2005|JL01542
UM-HET3,C2005,TJL,m,JL01543,Control,0,,dead,1,908,,,,40.0,43.0,,,C2005|JL01543
UM-HET3,C2005,TJL,m,JL01544,Control,0,,dead,1,859,,,22.0,42.0,46.0,,,C2005|JL01544
UM-HET3,C2005,TJL,m,JL01549,Control,0,,dead,1,806,,,,,46.0,,,C2005|JL01549
UM-HET3,C2005,TJL,m,JL01550,Control,0,,dead,1,597,,,23.0,,47.0,,,C2005|JL01550
UM-HET3,C2005,TJL,m,JL01551,Control,0,,dead,1,488,,,22.0,,47.0,,,C2005|JL01551
UM-HET3,C2005,TJL,m,JL01556,Control,0,,dead,1,889,,,,40.0,50.0,,,C2005|JL01556
UM-HET3,C2005,TJL,m,JL01557,Control,0,,dead,1,969,,,23.0,37.0,45.0,,,C2005|JL01557
UM-HET3,C2005,TJL,m,JL01558,Control,0,,dead,1,569,,,23.0,36.0,43.0,,,C2005|JL01558
UM-HET3,C2005,TJL,m,JL01593,Control,0,,dead,1,170,,,23.0,,,,,C2005|JL01593
UM-HET3,C2005,TJL,m,JL01594,Control,0,,dead,1,344,,,,48.0,,,,C2005|JL01594
UM-HET3,C2005,TJL,m,JL01595,Control,0,,dead,1,604,,,25.0,47.0,53.0,,,C2005|JL01595
UM-HET3,C2005,TJL,m,JL01596,Control,0,,dead,1,470,,,,48.0,56.0,,,C2005|JL01596
UM-HET3,C2005,TJL,m,JL01597,Control,0,,dead,1,51,,,23.0,,,,,C2005|JL01597
UM-HET3,C2005,TJL,m,JL01598,Control,0,,dead,1,801,,,,44.0,48.0,,,C2005|JL01598
UM-HET3,C2005,TJL,m,JL01624,Control,0,,dead,1,850,,,23.0,37.0,46.0,,,C2005|JL01624
UM-HET3,C2005,TJL,m,JL01625,Control,0,,dead,1,797,,,,46.0,51.0,,,C2005|JL01625
UM-HET3,C2005,TJL,m,JL01626,Control,0,,dead,1,901,,,23.0,42.0,46.0,,,C2005|JL01626
UM-HET3,C2005,TJL,m,JL01652,Control,0,,dead,1,1027,,,22.0,38.0,48.0,,,C2005|JL01652
UM-HET3,C2005,TJL,m,JL01653,Control,0,,dead,1,559,,,,39.0,48.0,,,C2005|JL01653
UM-HET3,C2005,TJL,m,JL01654,Control,0,,dead,1,776,,,,40.0,43.0,,,C2005|JL01654
UM-HET3,C2005,TJL,m,JL01679,Control,0,,dead,1,1022,,,23.0,43.0,,,,C2005|JL01679
UM-HET3,C2005,TJL,m,JL01680,Control,0,,dead,1,1029,,,23.0,39.0,,,,C2005|JL01680
UM-HET3,C2005,TJL,m,JL01681,Control,0,,dead,1,815,,,,36.0,,,,C2005|JL01681
UM-HET3,C2005,TJL,m,JL01701,Control,0,,dead,1,1022,,,26.0,38.0,40.0,,,C2005|JL01701
UM-HET3,C2005,TJL,m,JL01702,Control,0,,dead,1,288,,,25.0,44.0,,,,C2005|JL01702
UM-HET3,C2005,TJL,m,JL01703,Control,0,,dead,1,936,,,24.0,40.0,41.0,,,C2005|JL01703
UM-HET3,C2005,TJL,m,JL01747,Control,0,,dead,1,575,,,20.0,39.0,43.0,,,C2005|JL01747
UM-HET3,C2005,TJL,m,JL01748,Control,0,,dead,1,736,,,23.0,42.0,44.0,,,C2005|JL01748
UM-HET3,C2005,TJL,m,JL01749,Control,0,,dead,1,811,,,23.0,47.0,50.0,,,C2005|JL01749
UM-HET3,C2005,TJL,m,JL01779,Control,0,,dead,1,817,,,18.0,33.0,38.0,,,C2005|JL01779
UM-HET3,C2005,TJL,m,JL01780,Control,0,,dead,1,724,,,21.0,30.0,36.0,,,C2005|JL01780
UM-HET3,C2005,TJL,m,JL01781,Control,0,,dead,1,404,,,,43.0,50.0,,,C2005|JL01781
UM-HET3,C2005,TJL,m,JL01791,Control,0,,dead,1,1189,,,20.0,39.0,44.0,,,C2005|JL01791
UM-HET3,C2005,TJL,m,JL01792,Control,0,,dead,1,842,,,21.0,35.0,42.0,,,C2005|JL01792
UM-HET3,C2005,TJL,m,JL01793,Control,0,,dead,1,520,,,24.0,45.0,51.0,,,C2005|JL01793
UM-HET3,C2005,TJL,m,JL01818,Control,0,,dead,1,615,,,24.0,39.0,45.0,,,C2005|JL01818
UM-HET3,C2005,TJL,m,JL01819,Control,0,,dead,1,570,,,,46.0,50.0,,,C2005|JL01819
UM-HET3,C2005,TJL,m,JL01820,Control,0,,dead,1,397,,,24.0,44.0,48.0,,,C2005|JL01820
UM-HET3,C2005,TJL,m,JL01825,Control,0,,dead,1,1088,,,24.0,45.0,50.0,,,C2005|JL01825
UM-HET3,C2005,TJL,m,JL01826,Control,0,,dead,1,993,,,23.0,43.0,47.0,,,C2005|JL01826
UM-HET3,C2005,TJL,m,JL01827,Control,0,,dead,1,797,,,,41.0,48.0,,,C2005|JL01827
UM-HET3,C2005,TJL,m,JL01835,Control,0,,dead,1,719,,,25.0,46.0,53.0,,,C2005|JL01835
UM-HET3,C2005,TJL,m,JL01836,Control,0,,dead,1,431,,,,45.0,54.0,,,C2005|JL01836
UM-HET3,C2005,TJL,m,JL01837,Control,0,,dead,1,348,,,25.0,52.0,,,,C2005|JL01837
UM-HET3,C2005,TJL,m,JL01857,Control,0,,dead,1,840,,,25.0,38.0,43.0,,,C2005|JL01857
UM-HET3,C2005,TJL,m,JL01858,Control,0,,dead,1,439,,,,46.0,49.0,,,C2005|JL01858
UM-HET3,C2005,TJL,m,JL01859,Control,0,,dead,1,852,,,25.0,48.0,57.0,,,C2005|JL01859
UM-HET3,C2005,TJL,m,JL01866,Control,0,,dead,1,759,,,,44.0,47.0,,,C2005|JL01866
UM-HET3,C2005,TJL,m,JL01867,Control,0,,dead,1,826,,,22.0,38.0,43.0,,,C2005|JL01867
UM-HET3,C2005,TJL,m,JL01868,Control,0,,dead,1,633,,,21.0,36.0,40.0,,,C2005|JL01868
UM-HET3,C2005,UM,f,UM08003,Control,0,,dead,1,328,,,16.4,24.299999,,,,C2005|UM08003
UM-HET3,C2005,UM,f,UM08010,Control,0,,dead,1,897,,,17.0,26.9,,,,C2005|UM08010
UM-HET3,C2005,UM,f,UM08017,Control,0,,dead,1,1111,,,17.200001,27.9,,,,C2005|UM08017
UM-HET3,C2005,UM,f,UM08024,Control,0,,dead,1,1009,,,16.299999,25.4,,,,C2005|UM08024
UM-HET3,C2005,UM,f,UM08150,Control,0,,dead,1,908,,,17.700001,26.1,,,,C2005|UM08150
UM-HET3,C2005,UM,f,UM08157,Control,0,,dead,1,983,,,16.9,28.9,,,,C2005|UM08157
UM-HET3,C2005,UM,f,UM08164,Control,0,,dead,1,973,,,14.2,22.9,,,,C2005|UM08164
UM-HET3,C2005,UM,f,UM08171,Control,0,,dead,1,1006,,,14.0,22.700001,,,,C2005|UM08171
UM-HET3,C2005,UM,f,UM08507,Control,0,,dead,1,924,,,16.1,21.1,,,,C2005|UM08507
UM-HET3,C2005,UM,f,UM08514,Control,0,,dead,1,1043,,,16.200001,22.9,,,,C2005|UM08514
UM-HET3,C2005,UM,f,UM08521,Control,0,,dead,1,683,,,16.0,22.1,,,,C2005|UM08521
UM-HET3,C2005,UM,f,UM08528,Control,0,,dead,1,722,,,16.5,22.4,,,,C2005|UM08528
UM-HET3,C2005,UM,f,UM08759,Control,0,,dead,1,717,,,20.200001,27.799999,,,,C2005|UM08759
UM-HET3,C2005,UM,f,UM08766,Control,0,,dead,1,1067,,,17.5,23.299999,,,,C2005|UM08766
UM-HET3,C2005,UM,f,UM08773,Control,0,,dead,1,718,,,17.6,24.1,,,,C2005|UM08773
UM-HET3,C2005,UM,f,UM08780,Control,0,,dead,1,815,,,18.700001,25.6,,,,C2005|UM08780
UM-HET3,C2005,UM,f,UM09095,Control,0,,dead,1,652,,,15.6,19.9,,,,C2005|UM09095
UM-HET3,C2005,UM,f,UM09102,Control,0,,dead,1,932,,,17.799999,25.9,,,,C2005|UM09102
UM-HET3,C2005,UM,f,UM09109,Control,0,,dead,1,935,,,17.4,23.9,,,,C2005|UM09109
UM-HET3,C2005,UM,f,UM09116,Control,0,,removed,0,1060,,,,,,,,C2005|UM09116
UM-HET3,C2005,UM,f,UM09445,Control,0,,dead,1,1082,,,16.299999,21.5,,,,C2005|UM09445
UM-HET3,C2005,UM,f,UM09452,Control,0,,dead,1,932,,,18.4,29.1,,,,C2005|UM09452
UM-HET3,C2005,UM,f,UM09459,Control,0,,dead,1,855,,,18.5,26.1,,,,C2005|UM09459
UM-HET3,C2005,UM,f,UM09466,Control,0,,dead,1,918,,,18.299999,28.6,,,,C2005|UM09466
UM-HET3,C2005,UM,f,UM09634,Control,0,,dead,1,702,,,20.200001,24.799999,,,,C2005|UM09634
UM-HET3,C2005,UM,f,UM09641,Control,0,,dead,1,802,,,18.6,28.6,,,,C2005|UM09641
UM-HET3,C2005,UM,f,UM09648,Control,0,,dead,1,878,,,17.200001,21.4,,,,C2005|UM09648
UM-HET3,C2005,UM,f,UM09655,Control,0,,dead,1,817,,,19.700001,27.4,,,,C2005|UM09655
UM-HET3,C2005,UM,f,UM10054,Control,0,,dead,1,701,,,,24.6,,,,C2005|UM10054
UM-HET3,C2005,UM,f,UM10061,Control,0,,dead,1,946,,,16.700001,22.4,,,,C2005|UM10061
UM-HET3,C2005,UM,f,UM10068,Control,0,,dead,1,756,,,,29.6,,,,C2005|UM10068
UM-HET3,C2005,UM,f,UM10075,Control,0,,dead,1,651,,,,29.700001,,,,C2005|UM10075
UM-HET3,C2005,UM,f,UM10103,Control,0,,dead,1,782,,,20.0,28.5,,,,C2005|UM10103
UM-HET3,C2005,UM,f,UM10110,Control,0,,dead,1,827,,,18.200001,24.9,,,,C2005|UM10110
UM-HET3,C2005,UM,f,UM10117,Control,0,,dead,1,731,,,17.1,23.5,,,,C2005|UM10117
UM-HET3,C2005,UM,f,UM10124,Control,0,,dead,1,829,,,18.1,28.5,,,,C2005|UM10124
UM-HET3,C2005,UM,f,UM10152,Control,0,,dead,1,864,,,16.799999,23.799999,,,,C2005|UM10152
UM-HET3,C2005,UM,f,UM10159,Control,0,,dead,1,1056,,,16.700001,24.1,,,,C2005|UM10159
UM-HET3,C2005,UM,f,UM10166,Control,0,,dead,1,686,,,17.5,24.1,,,,C2005|UM10166
UM-HET3,C2005,UM,f,UM10173,Control,0,,dead,1,813,,,16.299999,31.5,,,,C2005|UM10173
UM-HET3,C2005,UM,f,UM10628,Control,0,,dead,1,924,,,17.6,32.5,,,,C2005|UM10628
UM-HET3,C2005,UM,f,UM10635,Control,0,,dead,1,1082,,,20.0,35.299999,,,,C2005|UM10635
UM-HET3,C2005,UM,f,UM10642,Control,0,,dead,1,996,,,17.299999,26.1,,,,C2005|UM10642
UM-HET3,C2005,UM,f,UM10649,Control,0,,dead,1,1114,,,18.5,28.5,,,,C2005|UM10649
UM-HET3,C2005,UM,f,UM11118,Control,0,,dead,1,1125,,,19.0,34.5,,,,C2005|UM11118
UM-HET3,C2005,UM,f,UM11125,Control,0,,dead,1,1066,,,17.4,30.0,,,,C2005|UM11125
UM-HET3,C2005,UM,f,UM11132,Control,0,,dead,1,723,,,18.6,28.799999,,,,C2005|UM11132
UM-HET3,C2005,UM,f,UM11139,Control,0,,dead,1,1023,,,17.200001,26.700001,,,,C2005|UM11139
UM-HET3,C2005,UM,f,UM11216,Control,0,,dead,1,1059,,,,28.6,,,,C2005|UM11216
UM-HET3,C2005,UM,f,UM11230,Control,0,,dead,1,1149,,,18.0,26.0,,,,C2005|UM11230
UM-HET3,C2005,UM,f,UM11237,Control,0,,dead,1,942,,,19.1,33.299999,,,,C2005|UM11237
UM-HET3,C2005,UM,f,UM11244,Control,0,,dead,1,1132,,,18.1,29.200001,,,,C2005|UM11244
UM-HET3,C2005,UM,f,UM11251,Control,0,,dead,1,721,,,16.9,22.4,,,,C2005|UM11251
UM-HET3,C2005,UM,f,UM11258,Control,0,,dead,1,862,,,,29.1,,,,C2005|UM11258
UM-HET3,C2005,UM,f,UM11265,Control,0,,dead,1,818,,,19.299999,28.1,,,,C2005|UM11265
UM-HET3,C2005,UM,f,UM11272,Control,0,,dead,1,1013,,,16.799999,26.200001,,,,C2005|UM11272
UM-HET3,C2005,UM,f,UM11412,Control,0,,dead,1,1230,,,20.0,27.299999,,,,C2005|UM11412
UM-HET3,C2005,UM,f,UM11419,Control,0,,dead,1,712,,,17.5,24.5,,,,C2005|UM11419
UM-HET3,C2005,UM,f,UM11426,Control,0,,dead,1,1091,,,19.1,29.799999,,,,C2005|UM11426
UM-HET3,C2005,UM,f,UM11433,Control,0,,dead,1,722,,,18.299999,26.1,,,,C2005|UM11433
UM-HET3,C2005,UM,f,UM11692,Control,0,,dead,1,577,,,16.799999,32.200001,,,,C2005|UM11692
UM-HET3,C2005,UM,f,UM11699,Control,0,,dead,1,610,,,16.1,29.4,,,,C2005|UM11699
UM-HET3,C2005,UM,f,UM11706,Control,0,,dead,1,910,,,16.5,27.5,,,,C2005|UM11706
UM-HET3,C2005,UM,f,UM11713,Control,0,,dead,1,809,,,15.9,34.299999,,,,C2005|UM11713
UM-HET3,C2005,UM,f,UM11720,Control,0,,dead,1,854,,,,29.299999,,,,C2005|UM11720
UM-HET3,C2005,UM,f,UM11727,Control,0,,dead,1,517,,,,32.900002,,,,C2005|UM11727
UM-HET3,C2005,UM,f,UM11734,Control,0,,dead,1,680,,,,35.900002,,,,C2005|UM11734
UM-HET3,C2005,UM,f,UM11741,Control,0,,dead,1,858,,,,31.799999,,,,C2005|UM11741
UM-HET3,C2005,UM,f,UM11811,Control,0,,dead,1,967,,,18.5,30.9,,,,C2005|UM11811
UM-HET3,C2005,UM,f,UM11818,Control,0,,dead,1,1036,,,14.4,23.9,,,,C2005|UM11818
UM-HET3,C2005,UM,f,UM11825,Control,0,,dead,1,1018,,,16.1,36.200001,,,,C2005|UM11825
UM-HET3,C2005,UM,f,UM11832,Control,0,,dead,1,752,,,14.6,25.9,,,,C2005|UM11832
UM-HET3,C2005,UM,f,UM11937,Control,0,,dead,1,1056,,,19.299999,31.0,,,,C2005|UM11937
UM-HET3,C2005,UM,f,UM11944,Control,0,,dead,1,697,,,21.5,33.900002,,,,C2005|UM11944
UM-HET3,C2005,UM,f,UM11951,Control,0,,dead,1,782,,,20.4,26.0,,,,C2005|UM11951
UM-HET3,C2005,UM,f,UM11958,Control,0,,dead,1,630,,,20.700001,30.200001,,,,C2005|UM11958
UM-HET3,C2005,UM,f,UM11986,Control,0,,dead,1,863,,,,28.5,,,,C2005|UM11986
UM-HET3,C2005,UM,f,UM11993,Control,0,,dead,1,1144,,,17.9,25.1,,,,C2005|UM11993
UM-HET3,C2005,UM,f,UM12000,Control,0,,dead,1,1248,,,14.9,20.299999,,,,C2005|UM12000
UM-HET3,C2005,UM,f,UM12007,Control,0,,dead,1,587,,,,25.5,,,,C2005|UM12007
UM-HET3,C2005,UM,f,UM12105,Control,0,,dead,1,891,,,17.0,23.1,,,,C2005|UM12105
UM-HET3,C2005,UM,f,UM12112,Control,0,,dead,1,678,,,18.200001,25.1,,,,C2005|UM12112
UM-HET3,C2005,UM,f,UM12119,Control,0,,dead,1,833,,,17.299999,26.6,,,,C2005|UM12119
UM-HET3,C2005,UM,f,UM12126,Control,0,,dead,1,939,,,16.1,27.200001,,,,C2005|UM12126
UM-HET3,C2005,UM,f,UM12133,Control,0,,dead,1,1063,,,17.1,26.0,,,,C2005|UM12133
UM-HET3,C2005,UM,f,UM12140,Control,0,,dead,1,804,,,,27.200001,,,,C2005|UM12140
UM-HET3,C2005,UM,f,UM12147,Control,0,,dead,1,1016,,,17.799999,23.799999,,,,C2005|UM12147
UM-HET3,C2005,UM,f,UM12154,Control,0,,dead,1,1149,,,18.200001,24.4,,,,C2005|UM12154
UM-HET3,C2005,UM,f,UM12385,Control,0,,dead,1,831,,,16.5,22.9,,,,C2005|UM12385
UM-HET3,C2005,UM,f,UM12392,Control,0,,dead,1,697,,,15.8,21.700001,,,,C2005|UM12392
UM-HET3,C2005,UM,f,UM12399,Control,0,,dead,1,799,,,18.4,26.6,,,,C2005|UM12399
UM-HET3,C2005,UM,f,UM12406,Control,0,,dead,1,994,,,15.4,24.6,,,,C2005|UM12406
UM-HET3,C2005,UM,f,UM12560,Control,0,,dead,1,891,,,18.200001,31.200001,,,,C2005|UM12560
UM-HET3,C2005,UM,f,UM12567,Control,0,,dead,1,899,,,19.299999,31.700001,,,,C2005|UM12567
UM-HET3,C2005,UM,f,UM12574,Control,0,,dead,1,1094,,,15.5,21.200001,,,,C2005|UM12574
UM-HET3,C2005,UM,f,UM12581,Control,0,,dead,1,772,,,16.700001,28.799999,,,,C2005|UM12581
UM-HET3,C2005,UM,m,UM08031,Control,0,,dead,1,1044,,,21.0,36.200001,,,,C2005|UM08031
UM-HET3,C2005,UM,m,UM08038,Control,0,,dead,1,508,,,23.1,41.599998,,,,C2005|UM08038
UM-HET3,C2005,UM,m,UM08045,Control,0,,dead,1,931,,,21.6,42.0,,,,C2005|UM08045
UM-HET3,C2005,UM,m,UM08178,Control,0,,removed,0,479,,,,,,,,C2005|UM08178
UM-HET3,C2005,UM,m,UM08185,Control,0,,removed,0,479,,,,,,,,C2005|UM08185
UM-HET3,C2005,UM,m,UM08192,Control,0,,removed,0,479,,,,,,,,C2005|UM08192
UM-HET3,C2005,UM,m,UM08248,Control,0,,dead,1,691,,,22.200001,37.200001,,,,C2005|UM08248
UM-HET3,C2005,UM,m,UM08255,Control,0,,dead,1,1018,,,22.200001,35.099998,,,,C2005|UM08255
UM-HET3,C2005,UM,m,UM08262,Control,0,,dead,1,1015,,,22.6,41.299999,,,,C2005|UM08262
UM-HET3,C2005,UM,m,UM08318,Control,0,,dead,1,1068,,,21.700001,41.5,,,,C2005|UM08318
UM-HET3,C2005,UM,m,UM08325,Control,0,,dead,1,1078,,,22.299999,39.299999,,,,C2005|UM08325
UM-HET3,C2005,UM,m,UM08332,Control,0,,dead,1,1026,,,22.5,39.5,,,,C2005|UM08332
UM-HET3,C2005,UM,m,UM08339,Control,0,,dead,1,1303,,,18.799999,32.700001,,,,C2005|UM08339
UM-HET3,C2005,UM,m,UM08346,Control,0,,dead,1,717,,,17.700001,33.700001,,,,C2005|UM08346
UM-HET3,C2005,UM,m,UM08353,Control,0,,dead,1,879,,,20.6,41.900002,,,,C2005|UM08353
UM-HET3,C2005,UM,m,UM08402,Control,0,,dead,1,1058,,,20.4,34.5,,,,C2005|UM08402
UM-HET3,C2005,UM,m,UM08409,Control,0,,dead,1,416,,,23.700001,45.799999,,,,C2005|UM08409
UM-HET3,C2005,UM,m,UM08416,Control,0,,dead,1,546,,,21.700001,40.900002,,,,C2005|UM08416
UM-HET3,C2005,UM,m,UM08577,Control,0,,dead,1,651,,,,,,,,C2005|UM08577
UM-HET3,C2005,UM,m,UM08584,Control,0,,dead,1,1100,,,21.6,28.1,,,,C2005|UM08584
UM-HET3,C2005,UM,m,UM08591,Control,0,,dead,1,885,,,,29.799999,,,,C2005|UM08591
UM-HET3,C2005,UM,m,UM08647,Control,0,,dead,1,1023,,,20.200001,33.900002,,,,C2005|UM08647
UM-HET3,C2005,UM,m,UM08654,Control,0,,dead,1,679,,,21.700001,38.900002,,,,C2005|UM08654
UM-HET3,C2005,UM,m,UM08661,Control,0,,dead,1,1039,,,21.799999,38.700001,,,,C2005|UM08661
UM-HET3,C2005,UM,m,UM08668,Control,0,,dead,1,1091,,,21.9,37.099998,,,,C2005|UM08668
UM-HET3,C2005,UM,m,UM08675,Control,0,,dead,1,655,,,23.5,47.0,,,,C2005|UM08675
UM-HET3,C2005,UM,m,UM08682,Control,0,,dead,1,1014,,,22.4,32.299999,,,,C2005|UM08682
UM-HET3,C2005,UM,m,UM08717,Control,0,,removed,0,521,,,,,,,,C2005|UM08717
UM-HET3,C2005,UM,m,UM08724,Control,0,,removed,0,521,,,,,,,,C2005|UM08724
UM-HET3,C2005,UM,m,UM08731,Control,0,,removed,0,521,,,,,,,,C2005|UM08731
UM-HET3,C2005,UM,m,UM08864,Control,0,,removed,0,754,,,,,,,,C2005|UM08864
UM-HET3,C2005,UM,m,UM08871,Control,0,,removed,0,754,,,,,,,,C2005|UM08871
UM-HET3,C2005,UM,m,UM08878,Control,0,,dead,1,430,,,,,,,,C2005|UM08878
UM-HET3,C2005,UM,m,UM08885,Control,0,,dead,1,999,,,21.799999,40.299999,,,,C2005|UM08885
UM-HET3,C2005,UM,m,UM08892,Control,0,,dead,1,1195,,,22.6,35.900002,,,,C2005|UM08892
UM-HET3,C2005,UM,m,UM08899,Control,0,,dead,1,1177,,,22.200001,30.299999,,,,C2005|UM08899
UM-HET3,C2005,UM,m,UM08906,Control,0,,dead,1,1249,,,21.799999,33.099998,,,,C2005|UM08906
UM-HET3,C2005,UM,m,UM08913,Control,0,,dead,1,843,,,28.200001,47.200001,,,,C2005|UM08913
UM-HET3,C2005,UM,m,UM08920,Control,0,,dead,1,1177,,,23.6,34.299999,,,,C2005|UM08920
UM-HET3,C2005,UM,m,UM08927,Control,0,,dead,1,957,,,22.700001,34.099998,,,,C2005|UM08927
UM-HET3,C2005,UM,m,UM08934,Control,0,,dead,1,929,,,21.799999,30.0,,,,C2005|UM08934
UM-HET3,C2005,UM,m,UM08941,Control,0,,dead,1,961,,,22.200001,35.299999,,,,C2005|UM08941
UM-HET3,C2005,UM,m,UM09151,Control,0,,dead,1,1016,,,21.9,31.9,,,,C2005|UM09151
UM-HET3,C2005,UM,m,UM09158,Control,0,,dead,1,647,,,22.5,30.6,,,,C2005|UM09158
UM-HET3,C2005,UM,m,UM09165,Control,0,,dead,1,1052,,,22.4,29.700001,,,,C2005|UM09165
UM-HET3,C2005,UM,m,UM09193,Control,0,,dead,1,927,,,20.799999,28.4,,,,C2005|UM09193
UM-HET3,C2005,UM,m,UM09200,Control,0,,dead,1,547,,,20.799999,36.099998,,,,C2005|UM09200
UM-HET3,C2005,UM,m,UM09207,Control,0,,dead,1,822,,,22.5,36.900002,,,,C2005|UM09207
UM-HET3,C2005,UM,m,UM09725,Control,0,,dead,1,850,,,22.5,34.599998,,,,C2005|UM09725
UM-HET3,C2005,UM,m,UM09732,Control,0,,dead,1,1020,,,20.6,29.700001,,,,C2005|UM09732
UM-HET3,C2005,UM,m,UM09739,Control,0,,dead,1,1148,,,23.9,38.299999,,,,C2005|UM09739
UM-HET3,C2005,UM,m,UM09746,Control,0,,dead,1,748,,,21.799999,39.900002,,,,C2005|UM09746
UM-HET3,C2005,UM,m,UM09753,Control,0,,dead,1,987,,,23.0,34.900002,,,,C2005|UM09753
UM-HET3,C2005,UM,m,UM09760,Control,0,,dead,1,1155,,,23.299999,36.5,,,,C2005|UM09760
UM-HET3,C2005,UM,m,UM09865,Control,0,,dead,1,978,,,21.1,32.299999,,,,C2005|UM09865
UM-HET3,C2005,UM,m,UM09872,Control,0,,dead,1,1111,,,26.700001,39.299999,,,,C2005|UM09872
UM-HET3,C2005,UM,m,UM09879,Control,0,,dead,1,1212,,,23.0,33.5,,,,C2005|UM09879
UM-HET3,C2005,UM,m,UM09942,Control,0,,dead,1,1170,,,22.5,36.099998,,,,C2005|UM09942
UM-HET3,C2005,UM,m,UM09949,Control,0,,dead,1,865,,,19.9,31.9,,,,C2005|UM09949
UM-HET3,C2005,UM,m,UM09956,Control,0,,dead,1,652,,,22.6,31.299999,,,,C2005|UM09956
UM-HET3,C2005,UM,m,UM09963,Control,0,,dead,1,1055,,,20.0,31.4,,,,C2005|UM09963
UM-HET3,C2005,UM,m,UM09970,Control,0,,dead,1,642,,,22.1,41.099998,,,,C2005|UM09970
UM-HET3,C2005,UM,m,UM09977,Control,0,,dead,1,952,,,21.9,36.200001,,,,C2005|UM09977
UM-HET3,C2005,UM,m,UM09984,Control,0,,removed,0,385,,,,,,,,C2005|UM09984
UM-HET3,C2005,UM,m,UM09991,Control,0,,removed,0,385,,,,,,,,C2005|UM09991
UM-HET3,C2005,UM,m,UM09998,Control,0,,removed,0,385,,,,,,,,C2005|UM09998
UM-HET3,C2005,UM,m,UM10005,Control,0,,dead,1,710,,,21.200001,32.900002,,,,C2005|UM10005
UM-HET3,C2005,UM,m,UM10012,Control,0,,dead,1,899,,,18.700001,34.400002,,,,C2005|UM10012
UM-HET3,C2005,UM,m,UM10019,Control,0,,dead,1,794,,,23.299999,41.0,,,,C2005|UM10019
UM-HET3,C2005,UM,m,UM10999,Control,0,,dead,1,754,,,23.5,36.099998,,,,C2005|UM10999
UM-HET3,C2005,UM,m,UM11006,Control,0,,dead,1,856,,,20.299999,31.200001,,,,C2005|UM11006
UM-HET3,C2005,UM,m,UM11013,Control,0,,dead,1,1102,,,21.4,37.700001,,,,C2005|UM11013
UM-HET3,C2005,UM,m,UM11146,Control,0,,dead,1,827,,,21.299999,34.0,,,,C2005|UM11146
UM-HET3,C2005,UM,m,UM11153,Control,0,,dead,1,723,,,18.9,32.5,,,,C2005|UM11153
UM-HET3,C2005,UM,m,UM11160,Control,0,,dead,1,832,,,21.6,30.0,,,,C2005|UM11160
UM-HET3,C2005,UM,m,UM11300,Control,0,,dead,1,721,,,,34.700001,,,,C2005|UM11300
UM-HET3,C2005,UM,m,UM11307,Control,0,,dead,1,975,,,20.299999,32.0,,,,C2005|UM11307
UM-HET3,C2005,UM,m,UM11314,Control,0,,dead,1,881,,,,43.900002,,,,C2005|UM11314
UM-HET3,C2005,UM,m,UM11440,Control,0,,dead,1,998,,,22.700001,42.299999,,,,C2005|UM11440
UM-HET3,C2005,UM,m,UM11447,Control,0,,dead,1,401,,,20.5,41.400002,,,,C2005|UM11447
UM-HET3,C2005,UM,m,UM11454,Control,0,,dead,1,1050,,,22.5,34.0,,,,C2005|UM11454
UM-HET3,C2005,UM,m,UM11622,Control,0,,dead,1,855,,,,37.0,,,,C2005|UM11622
UM-HET3,C2005,UM,m,UM11629,Control,0,,dead,1,881,,,,34.799999,,,,C2005|UM11629
UM-HET3,C2005,UM,m,UM11636,Control,0,,dead,1,782,,,,39.099998,,,,C2005|UM11636
UM-HET3,C2005,UM,m,UM11790,Control,0,,dead,1,891,,,22.4,42.0,,,,C2005|UM11790
UM-HET3,C2005,UM,m,UM11797,Control,0,,dead,1,541,,,22.700001,35.700001,,,,C2005|UM11797
UM-HET3,C2005,UM,m,UM11804,Control,0,,dead,1,836,,,22.4,39.0,,,,C2005|UM11804
UM-HET3,C2005,UM,m,UM11916,Control,0,,dead,1,665,,,25.6,40.799999,,,,C2005|UM11916
UM-HET3,C2005,UM,m,UM11923,Control,0,,dead,1,1152,,,22.5,37.0,,,,C2005|UM11923
UM-HET3,C2005,UM,m,UM11930,Control,0,,dead,1,437,,,,43.400002,,,,C2005|UM11930
UM-HET3,C2005,UM,m,UM12042,Control,0,,dead,1,1022,,,19.700001,29.0,,,,C2005|UM12042
UM-HET3,C2005,UM,m,UM12049,Control,0,,dead,1,670,,,23.6,40.799999,,,,C2005|UM12049
UM-HET3,C2005,UM,m,UM12056,Control,0,,dead,1,687,,,21.200001,31.299999,,,,C2005|UM12056
UM-HET3,C2005,UM,m,UM12413,Control,0,,dead,1,386,,,,37.400002,,,,C2005|UM12413
UM-HET3,C2005,UM,m,UM12420,Control,0,,dead,1,721,,,,41.700001,,,,C2005|UM12420
UM-HET3,C2005,UM,m,UM12427,Control,0,,dead,1,711,,,,37.5,,,,C2005|UM12427
UM-HET3,C2005,UM,m,UM12434,Control,0,,dead,1,1120,,,19.9,34.700001,,,,C2005|UM12434
UM-HET3,C2005,UM,m,UM12441,Control,0,,dead,1,1273,,,22.700001,31.0,,,,C2005|UM12441
UM-HET3,C2005,UM,m,UM12448,Control,0,,dead,1,1049,,,17.200001,23.6,,,,C2005|UM12448
UM-HET3,C2005,UM,m,UM12539,Control,0,,dead,1,971,,,19.0,34.0,,,,C2005|UM12539
UM-HET3,C2005,UM,m,UM12546,Control,0,,dead,1,601,,,23.4,41.799999,,,,C2005|UM12546
UM-HET3,C2005,UM,m,UM12553,Control,0,,dead,1,923,,,23.4,44.0,,,,C2005|UM12553
UM-HET3,C2005,UM,m,UM12609,Control,0,,dead,1,570,,,23.4,39.299999,,,,C2005|UM12609
UM-HET3,C2005,UM,m,UM12616,Control,0,,dead,1,1141,,,23.5,34.799999,,,,C2005|UM12616
UM-HET3,C2005,UM,m,UM12623,Control,0,,dead,1,647,,,22.0,37.099998,,,,C2005|UM12623
UM-HET3,C2005,UM,m,UM12630,Control,0,,dead,1,944,,,23.1,35.400002,,,,C2005|UM12630
UM-HET3,C2005,UM,m,UM12637,Control,0,,dead,1,869,,,21.5,34.700001,,,,C2005|UM12637
UM-HET3,C2005,UM,m,UM12644,Control,0,,dead,1,1113,,,22.700001,41.700001,,,,C2005|UM12644
UM-HET3,C2005,UM,m,UM12735,Control,0,,dead,1,1000,,,21.5,37.0,,,,C2005|UM12735
UM-HET3,C2005,UM,m,UM12742,Control,0,,dead,1,329,,,20.799999,39.599998,,,,C2005|UM12742
UM-HET3,C2005,UM,m,UM12749,Control,0,,dead,1,517,,,23.5,44.400002,,,,C2005|UM12749
UM-HET3,C2005,UM,m,UM12784,Control,0,,dead,1,1067,,,23.299999,32.799999,,,,C2005|UM12784
UM-HET3,C2005,UM,m,UM12791,Control,0,,dead,1,1063,,,21.6,37.599998,,,,C2005|UM12791
UM-HET3,C2005,UM,m,UM12798,Control,0,,dead,1,573,,,21.200001,37.599998,,,,C2005|UM12798
UM-HET3,C2005,UM,m,UM12805,Control,0,,removed,0,309,,,,,,,,C2005|UM12805
UM-HET3,C2005,UM,m,UM12812,Control,0,,removed,0,309,,,,,,,,C2005|UM12812
UM-HET3,C2005,UM,m,UM12819,Control,0,,removed,0,309,,,,,,,,C2005|UM12819
UM-HET3,C2005,UM,m,UM12826,Control,0,,dead,1,612,,,21.700001,40.0,,,,C2005|UM12826
UM-HET3,C2005,UM,m,UM12833,Control,0,,dead,1,457,,,23.299999,40.200001,,,,C2005|UM12833
UM-HET3,C2005,UM,m,UM12840,Control,0,,dead,1,912,,,20.6,33.400002,,,,C2005|UM12840
UM-HET3,C2005,UM,m,UM12903,Control,0,,dead,1,398,,,23.4,37.200001,,,,C2005|UM12903
UM-HET3,C2005,UM,m,UM12910,Control,0,,dead,1,387,,,24.200001,45.0,,,,C2005|UM12910
UM-HET3,C2005,UM,m,UM12917,Control,0,,dead,1,673,,,21.1,35.099998,,,,C2005|UM12917
UM-HET3,C2005,UM,m,UM12952,Control,0,,dead,1,964,,,24.200001,40.299999,,,,C2005|UM12952
UM-HET3,C2005,UM,m,UM12959,Control,0,,dead,1,965,,,25.0,42.799999,,,,C2005|UM12959
UM-HET3,C2005,UM,m,UM12966,Control,0,,dead,1,400,,,,42.099998,,,,C2005|UM12966
UM-HET3,C2005,UT,f,UT00971,Control,0,,dead,1,730,,,,,,121.0,2.0,C2005|UT00971
UM-HET3,C2005,UT,f,UT00972,Control,0,,dead,1,622,,,,,,124.0,2.0,C2005|UT00972
UM-HET3,C2005,UT,f,UT00973,Control,0,,dead,1,1010,,,,,,124.0,2.0,C2005|UT00973
UM-HET3,C2005,UT,f,UT00974,Control,0,,dead,1,614,,,,,,124.0,2.0,C2005|UT00974
UM-HET3,C2005,UT,f,UT01000,Control,0,,dead,1,895,,,15.7,24.5,38.0,121.0,2.0,C2005|UT01000
UM-HET3,C2005,UT,f,UT01001,Control,0,,dead,1,438,,,16.299999,24.200001,33.299999,121.0,2.0,C2005|UT01001
UM-HET3,C2005,UT,f,UT01003,Control,0,,dead,1,927,,,16.4,25.9,34.700001,121.0,2.0,C2005|UT01003
UM-HET3,C2005,UT,f,UT01004,Control,0,,dead,1,282,,,,27.0,,131.0,2.0,C2005|UT01004
UM-HET3,C2005,UT,f,UT01023,Control,0,,dead,1,835,,,16.299999,32.200001,42.900002,136.0,2.0,C2005|UT01023
UM-HET3,C2005,UT,f,UT01024,Control,0,,dead,1,1152,,,17.5,26.6,36.599998,136.0,2.0,C2005|UT01024
UM-HET3,C2005,UT,f,UT01025,Control,0,,dead,1,830,,,16.299999,26.200001,33.400002,136.0,2.0,C2005|UT01025
UM-HET3,C2005,UT,f,UT01026,Control,0,,dead,1,822,,,16.1,26.5,33.299999,136.0,2.0,C2005|UT01026
UM-HET3,C2005,UT,f,UT01027,Control,0,,dead,1,961,,,17.799999,29.799999,42.799999,136.0,2.0,C2005|UT01027
UM-HET3,C2005,UT,f,UT01028,Control,0,,dead,1,880,,,18.6,32.599998,42.700001,136.0,2.0,C2005|UT01028
UM-HET3,C2005,UT,f,UT01029,Control,0,,dead,1,936,,,18.5,31.5,40.799999,136.0,2.0,C2005|UT01029
UM-HET3,C2005,UT,f,UT01030,Control,0,,dead,1,1089,,,16.299999,28.700001,38.200001,136.0,2.0,C2005|UT01030
UM-HET3,C2005,UT,f,UT01146,Control,0,,dead,1,625,,,16.799999,29.0,39.200001,149.0,3.0,C2005|UT01146
UM-HET3,C2005,UT,f,UT01147,Control,0,,dead,1,1009,,,17.0,33.799999,48.400002,149.0,3.0,C2005|UT01147
UM-HET3,C2005,UT,f,UT01148,Control,0,,dead,1,748,,,18.4,33.599998,42.799999,149.0,3.0,C2005|UT01148
UM-HET3,C2005,UT,f,UT01149,Control,0,,dead,1,859,,,19.0,28.1,36.099998,149.0,3.0,C2005|UT01149
UM-HET3,C2005,UT,f,UT01179,Control,0,,dead,1,860,,,,,,160.0,3.0,C2005|UT01179
UM-HET3,C2005,UT,f,UT01180,Control,0,,dead,1,1061,,,,,,160.0,3.0,C2005|UT01180
UM-HET3,C2005,UT,f,UT01181,Control,0,,dead,1,1122,,,,,,160.0,3.0,C2005|UT01181
UM-HET3,C2005,UT,f,UT01182,Control,0,,dead,1,912,,,,,,160.0,3.0,C2005|UT01182
UM-HET3,C2005,UT,f,UT01222,Control,0,,dead,1,912,,,17.5,25.4,38.299999,166.0,4.0,C2005|UT01222
UM-HET3,C2005,UT,f,UT01223,Control,0,,dead,1,912,,,17.299999,29.5,40.900002,166.0,4.0,C2005|UT01223
UM-HET3,C2005,UT,f,UT01224,Control,0,,dead,1,1160,,,16.5,27.799999,31.799999,166.0,4.0,C2005|UT01224
UM-HET3,C2005,UT,f,UT01225,Control,0,,dead,1,815,,,16.799999,23.9,41.400002,166.0,4.0,C2005|UT01225
UM-HET3,C2005,UT,f,UT01235,Control,0,,dead,1,982,,,15.1,23.4,37.799999,168.0,4.0,C2005|UT01235
UM-HET3,C2005,UT,f,UT01236,Control,0,,dead,1,751,,,17.5,40.200001,54.599998,168.0,4.0,C2005|UT01236
UM-HET3,C2005,UT,f,UT01237,Control,0,,dead,1,1145,,,17.200001,24.200001,30.6,168.0,4.0,C2005|UT01237
UM-HET3,C2005,UT,f,UT01238,Control,0,,dead,1,753,,,18.299999,33.099998,43.900002,168.0,4.0,C2005|UT01238
UM-HET3,C2005,UT,f,UT01273,Control,0,,dead,1,790,,,17.6,32.299999,42.799999,173.0,4.0,C2005|UT01273
UM-HET3,C2005,UT,f,UT01274,Control,0,,dead,1,863,,,16.9,36.200001,46.0,173.0,4.0,C2005|UT01274
UM-HET3,C2005,UT,f,UT01275,Control,0,,dead,1,928,,,21.1,37.700001,47.5,173.0,4.0,C2005|UT01275
UM-HET3,C2005,UT,f,UT01276,Control,0,,dead,1,940,,,15.8,31.4,42.599998,173.0,4.0,C2005|UT01276
UM-HET3,C2005,UT,f,UT01277,Control,0,,dead,1,1038,,,18.1,30.5,43.400002,173.0,4.0,C2005|UT01277
UM-HET3,C2005,UT,f,UT01278,Control,0,,dead,1,896,,,14.8,27.9,42.0,173.0,4.0,C2005|UT01278
UM-HET3,C2005,UT,f,UT01279,Control,0,,dead,1,1077,,,17.799999,25.5,36.5,173.0,4.0,C2005|UT01279
UM-HET3,C2005,UT,f,UT01280,Control,0,,dead,1,1086,,,15.0,24.5,42.5,173.0,4.0,C2005|UT01280
UM-HET3,C2005,UT,f,UT01285,Control,0,,dead,1,1018,,,17.1,24.6,26.6,174.0,4.0,C2005|UT01285
UM-HET3,C2005,UT,f,UT01286,Control,0,,removed,0,51,,,,,,,,C2005|UT01286
UM-HET3,C2005,UT,f,UT01287,Control,0,,dead,1,774,,,17.4,27.5,41.0,174.0,4.0,C2005|UT01287
UM-HET3,C2005,UT,f,UT01288,Control,0,,dead,1,860,,,17.0,25.0,38.400002,174.0,4.0,C2005|UT01288
UM-HET3,C2005,UT,f,UT01330,Control,0,,dead,1,1281,,,18.4,35.5,46.5,188.0,4.0,C2005|UT01330
UM-HET3,C2005,UT,f,UT01331,Control,0,,dead,1,970,,,17.9,32.299999,44.200001,188.0,4.0,C2005|UT01331
UM-HET3,C2005,UT,f,UT01332,Control,0,,dead,1,1130,,,19.5,32.700001,40.799999,188.0,4.0,C2005|UT01332
UM-HET3,C2005,UT,f,UT01333,Control,0,,dead,1,897,,,17.9,31.200001,43.0,188.0,4.0,C2005|UT01333
UM-HET3,C2005,UT,f,UT01334,Control,0,,dead,1,1020,,,,,,188.0,4.0,C2005|UT01334
UM-HET3,C2005,UT,f,UT01335,Control,0,,dead,1,1008,,,,,,188.0,4.0,C2005|UT01335
UM-HET3,C2005,UT,f,UT01336,Control,0,,dead,1,984,,,,,,188.0,4.0,C2005|UT01336
UM-HET3,C2005,UT,f,UT01337,Control,0,,dead,1,659,,,,,,188.0,4.0,C2005|UT01337
UM-HET3,C2005,UT,f,UT01399,Control,0,,dead,1,881,,,14.7,20.0,25.9,194.0,5.0,C2005|UT01399
UM-HET3,C2005,UT,f,UT01400,Control,0,,dead,1,905,,,12.9,22.4,27.799999,194.0,5.0,C2005|UT01400
UM-HET3,C2005,UT,f,UT01401,Control,0,,dead,1,886,,,16.1,24.0,24.5,194.0,5.0,C2005|UT01401
UM-HET3,C2005,UT,f,UT01402,Control,0,,dead,1,684,,,17.700001,28.4,38.400002,194.0,5.0,C2005|UT01402
UM-HET3,C2005,UT,f,UT01448,Control,0,,dead,1,1226,,,17.299999,27.299999,41.599998,202.0,5.0,C2005|UT01448
UM-HET3,C2005,UT,f,UT01449,Control,0,,dead,1,837,,,16.700001,25.6,36.0,202.0,5.0,C2005|UT01449
UM-HET3,C2005,UT,f,UT01450,Control,0,,dead,1,700,,,17.4,28.9,38.799999,202.0,5.0,C2005|UT01450
UM-HET3,C2005,UT,f,UT01451,Control,0,,dead,1,880,,,16.0,34.400002,48.700001,202.0,5.0,C2005|UT01451
UM-HET3,C2005,UT,f,UT01468,Control,0,,dead,1,926,,,16.5,33.5,44.299999,204.0,5.0,C2005|UT01468
UM-HET3,C2005,UT,f,UT01469,Control,0,,dead,1,935,,,17.799999,25.5,34.900002,204.0,5.0,C2005|UT01469
UM-HET3,C2005,UT,f,UT01470,Control,0,,dead,1,984,,,16.5,24.299999,25.9,204.0,5.0,C2005|UT01470
UM-HET3,C2005,UT,f,UT01471,Control,0,,dead,1,827,,,18.5,26.5,30.799999,204.0,5.0,C2005|UT01471
UM-HET3,C2005,UT,f,UT01502,Control,0,,dead,1,1159,,,15.0,24.799999,34.700001,219.0,6.0,C2005|UT01502
UM-HET3,C2005,UT,f,UT01503,Control,0,,dead,1,867,,,17.200001,29.700001,37.599998,219.0,6.0,C2005|UT01503
UM-HET3,C2005,UT,f,UT01504,Control,0,,dead,1,928,,,16.700001,26.6,39.599998,219.0,6.0,C2005|UT01504
UM-HET3,C2005,UT,f,UT01505,Control,0,,dead,1,964,,,13.7,22.6,28.200001,219.0,6.0,C2005|UT01505
UM-HET3,C2005,UT,f,UT01519,Control,0,,dead,1,655,,,14.4,25.0,33.799999,217.0,5.0,C2005|UT01519
UM-HET3,C2005,UT,f,UT01520,Control,0,,dead,1,1173,,,16.200001,24.200001,33.400002,217.0,5.0,C2005|UT01520
UM-HET3,C2005,UT,f,UT01521,Control,0,,dead,1,729,,,15.3,22.799999,34.099998,217.0,5.0,C2005|UT01521
UM-HET3,C2005,UT,f,UT01522,Control,0,,dead,1,962,,,17.200001,33.599998,41.0,217.0,5.0,C2005|UT01522
UM-HET3,C2005,UT,f,UT01529,Control,0,,removed,0,29,,,,,,,,C2005|UT01529
UM-HET3,C2005,UT,f,UT01530,Control,0,,removed,0,29,,,,,,,,C2005|UT01530
UM-HET3,C2005,UT,f,UT01531,Control,0,,removed,0,27,,,,,,,,C2005|UT01531
UM-HET3,C2005,UT,f,UT01532,Control,0,,removed,0,27,,,,,,,,C2005|UT01532
UM-HET3,C2005,UT,f,UT01546,Control,0,,dead,1,644,,,18.5,30.299999,46.700001,222.0,5.0,C2005|UT01546
UM-HET3,C2005,UT,f,UT01547,Control,0,,dead,1,776,,,17.6,38.900002,51.5,222.0,5.0,C2005|UT01547
UM-HET3,C2005,UT,f,UT01548,Control,0,,dead,1,919,,,17.6,28.4,37.5,222.0,5.0,C2005|UT01548
UM-HET3,C2005,UT,f,UT01549,Control,0,,dead,1,811,,,17.1,34.0,49.400002,222.0,5.0,C2005|UT01549
UM-HET3,C2005,UT,f,UT01560,Control,0,,dead,1,933,,,,,,224.0,6.0,C2005|UT01560
UM-HET3,C2005,UT,f,UT01561,Control,0,,dead,1,583,,,,,,224.0,6.0,C2005|UT01561
UM-HET3,C2005,UT,f,UT01562,Control,0,,dead,1,876,,,,,,224.0,6.0,C2005|UT01562
UM-HET3,C2005,UT,f,UT01563,Control,0,,dead,1,1016,,,,,,224.0,6.0,C2005|UT01563
UM-HET3,C2005,UT,f,UT01567,Control,0,,dead,1,766,,,15.0,32.400002,39.599998,224.0,6.0,C2005|UT01567
UM-HET3,C2005,UT,f,UT01568,Control,0,,dead,1,737,,,13.9,23.200001,31.6,224.0,6.0,C2005|UT01568
UM-HET3,C2005,UT,f,UT01569,Control,0,,dead,1,699,,,17.799999,33.099998,43.599998,224.0,6.0,C2005|UT01569
UM-HET3,C2005,UT,f,UT01570,Control,0,,dead,1,650,,,16.1,30.1,43.200001,224.0,6.0,C2005|UT01570
UM-HET3,C2005,UT,f,UT01571,Control,0,,dead,1,915,,,15.9,26.0,32.700001,224.0,6.0,C2005|UT01571
UM-HET3,C2005,UT,f,UT01572,Control,0,,dead,1,850,,,16.5,35.099998,43.400002,224.0,6.0,C2005|UT01572
UM-HET3,C2005,UT,f,UT01573,Control,0,,dead,1,1001,,,14.3,25.200001,34.700001,224.0,6.0,C2005|UT01573
UM-HET3,C2005,UT,f,UT01574,Control,0,,dead,1,934,,,14.3,24.0,37.099998,224.0,6.0,C2005|UT01574
UM-HET3,C2005,UT,f,UT01578,Control,0,,dead,1,742,,,14.0,21.9,31.9,226.0,6.0,C2005|UT01578
UM-HET3,C2005,UT,f,UT01579,Control,0,,dead,1,999,,,15.2,30.6,39.5,226.0,6.0,C2005|UT01579
UM-HET3,C2005,UT,f,UT01580,Control,0,,dead,1,912,,,15.6,27.6,37.299999,226.0,6.0,C2005|UT01580
UM-HET3,C2005,UT,f,UT01581,Control,0,,dead,1,859,,,14.9,35.099998,41.200001,226.0,6.0,C2005|UT01581
UM-HET3,C2005,UT,f,UT01592,Control,0,,dead,1,963,,,,,,230.0,6.0,C2005|UT01592
UM-HET3,C2005,UT,f,UT01593,Control,0,,dead,1,1013,,,,,,230.0,6.0,C2005|UT01593
UM-HET3,C2005,UT,f,UT01594,Control,0,,dead,1,618,,,,,,230.0,6.0,C2005|UT01594
UM-HET3,C2005,UT,f,UT01595,Control,0,,dead,1,798,,,,,,230.0,6.0,C2005|UT01595
UM-HET3,C2005,UT,f,UT01674,Control,0,,dead,1,838,,,,,,241.0,6.0,C2005|UT01674
UM-HET3,C2005,UT,f,UT01675,Control,0,,dead,1,851,,,,,,241.0,6.0,C2005|UT01675
UM-HET3,C2005,UT,f,UT01676,Control,0,,dead,1,916,,,,,,241.0,6.0,C2005|UT01676
UM-HET3,C2005,UT,f,UT01677,Control,0,,dead,1,161,,,,,,241.0,6.0,C2005|UT01677
UM-HET3,C2005,UT,m,UT00920,Control,0,,dead,1,416,,,24.799999,48.799999,57.0,117.0,2.0,C2005|UT00920
UM-HET3,C2005,UT,m,UT00921,Control,0,,dead,1,925,,,25.1,41.5,47.700001,117.0,2.0,C2005|UT00921
UM-HET3,C2005,UT,m,UT00922,Control,0,,dead,1,722,,,24.9,40.099998,46.900002,117.0,2.0,C2005|UT00922
UM-HET3,C2005,UT,m,UT00930,Control,0,,dead,1,853,,,,,,116.0,2.0,C2005|UT00930
UM-HET3,C2005,UT,m,UT00931,Control,0,,dead,1,567,,,,,,116.0,2.0,C2005|UT00931
UM-HET3,C2005,UT,m,UT00932,Control,0,,dead,1,328,,,,,,116.0,2.0,C2005|UT00932
UM-HET3,C2005,UT,m,UT00951,Control,0,,dead,1,865,,,23.4,38.099998,45.5,118.0,2.0,C2005|UT00951
UM-HET3,C2005,UT,m,UT00952,Control,0,,dead,1,854,,,19.9,35.599998,44.200001,118.0,2.0,C2005|UT00952
UM-HET3,C2005,UT,m,UT00953,Control,0,,dead,1,758,,,24.4,46.799999,54.900002,118.0,2.0,C2005|UT00953
UM-HET3,C2005,UT,m,UT00965,Control,0,,dead,1,1062,,,23.4,40.5,45.299999,121.0,2.0,C2005|UT00965
UM-HET3,C2005,UT,m,UT00966,Control,0,,dead,1,492,,,24.0,42.599998,42.299999,121.0,2.0,C2005|UT00966
UM-HET3,C2005,UT,m,UT00967,Control,0,,dead,1,521,,,25.5,45.5,48.700001,121.0,2.0,C2005|UT00967
UM-HET3,C2005,UT,m,UT00981,Control,0,,dead,1,1107,,,19.299999,31.9,32.799999,123.0,2.0,C2005|UT00981
UM-HET3,C2005,UT,m,UT00982,Control,0,,dead,1,691,,,21.6,33.900002,36.099998,123.0,2.0,C2005|UT00982
UM-HET3,C2005,UT,m,UT00983,Control,0,,dead,1,403,,,24.299999,45.5,50.099998,123.0,2.0,C2005|UT00983
UM-HET3,C2005,UT,m,UT00999,Control,0,,dead,1,491,,,,,,121.0,2.0,C2005|UT00999
UM-HET3,C2005,UT,m,UT01002,Control,0,,dead,1,499,,,,,,121.0,2.0,C2005|UT01002
UM-HET3,C2005,UT,m,UT01005,Control,0,,dead,1,556,,,,,,131.0,2.0,C2005|UT01005
UM-HET3,C2005,UT,m,UT01006,Control,0,,dead,1,311,,,25.0,46.299999,,131.0,2.0,C2005|UT01006
UM-HET3,C2005,UT,m,UT01007,Control,0,,dead,1,773,,,23.4,42.700001,46.200001,131.0,2.0,C2005|UT01007
UM-HET3,C2005,UT,m,UT01008,Control,0,,dead,1,366,,,22.6,43.5,,131.0,2.0,C2005|UT01008
UM-HET3,C2005,UT,m,UT01062,Control,0,,dead,1,1020,,,23.5,46.700001,49.599998,141.0,3.0,C2005|UT01062
UM-HET3,C2005,UT,m,UT01063,Control,0,,dead,1,291,,,23.799999,47.0,,141.0,3.0,C2005|UT01063
UM-HET3,C2005,UT,m,UT01064,Control,0,,dead,1,792,,,19.6,34.299999,43.700001,141.0,3.0,C2005|UT01064
UM-HET3,C2005,UT,m,UT01082,Control,0,,dead,1,867,,,25.6,42.099998,47.099998,144.0,3.0,C2005|UT01082
UM-HET3,C2005,UT,m,UT01083,Control,0,,dead,1,667,,,24.9,45.599998,49.900002,144.0,3.0,C2005|UT01083
UM-HET3,C2005,UT,m,UT01084,Control,0,,dead,1,897,,,25.200001,44.799999,48.900002,144.0,3.0,C2005|UT01084
UM-HET3,C2005,UT,m,UT01116,Control,0,,dead,1,722,,,,,,149.0,3.0,C2005|UT01116
UM-HET3,C2005,UT,m,UT01117,Control,0,,dead,1,511,,,,,,149.0,3.0,C2005|UT01117
UM-HET3,C2005,UT,m,UT01118,Control,0,,dead,1,997,,,,,,149.0,3.0,C2005|UT01118
UM-HET3,C2005,UT,m,UT01126,Control,0,,dead,1,713,,,23.799999,48.099998,55.0,149.0,3.0,C2005|UT01126
UM-HET3,C2005,UT,m,UT01127,Control,0,,dead,1,583,,,23.9,42.599998,46.400002,149.0,3.0,C2005|UT01127
UM-HET3,C2005,UT,m,UT01128,Control,0,,dead,1,726,,,21.0,42.799999,50.299999,149.0,3.0,C2005|UT01128
UM-HET3,C2005,UT,m,UT01167,Control,0,,removed,0,296,,,,,,,,C2005|UT01167
UM-HET3,C2005,UT,m,UT01168,Control,0,,removed,0,296,,,,,,,,C2005|UT01168
UM-HET3,C2005,UT,m,UT01169,Control,0,,removed,0,296,,,,,,,,C2005|UT01169
UM-HET3,C2005,UT,m,UT01176,Control,0,,dead,1,773,,,,,,160.0,3.0,C2005|UT01176
UM-HET3,C2005,UT,m,UT01177,Control,0,,dead,1,513,,,,,,160.0,3.0,C2005|UT01177
UM-HET3,C2005,UT,m,UT01178,Control,0,,dead,1,285,,,,,,160.0,3.0,C2005|UT01178
UM-HET3,C2005,UT,m,UT01183,Control,0,,dead,1,732,,,25.1,48.599998,52.200001,161.0,3.0,C2005|UT01183
UM-HET3,C2005,UT,m,UT01184,Control,0,,dead,1,1020,,,22.700001,47.400002,53.900002,161.0,3.0,C2005|UT01184
UM-HET3,C2005,UT,m,UT01185,Control,0,,dead,1,256,,,22.700001,42.900002,,161.0,3.0,C2005|UT01185
UM-HET3,C2005,UT,m,UT01208,Control,0,,dead,1,533,,,,,,164.0,3.0,C2005|UT01208
UM-HET3,C2005,UT,m,UT01209,Control,0,,dead,1,1081,,,,,,164.0,3.0,C2005|UT01209
UM-HET3,C2005,UT,m,UT01210,Control,0,,dead,1,818,,,,,,164.0,3.0,C2005|UT01210
UM-HET3,C2005,UT,m,UT01239,Control,0,,dead,1,1083,,,23.299999,34.700001,48.599998,168.0,4.0,C2005|UT01239
UM-HET3,C2005,UT,m,UT01240,Control,0,,dead,1,550,,,20.299999,34.099998,46.0,168.0,4.0,C2005|UT01240
UM-HET3,C2005,UT,m,UT01241,Control,0,,dead,1,799,,,23.6,46.200001,51.0,168.0,4.0,C2005|UT01241
UM-HET3,C2005,UT,m,UT01242,Control,0,,dead,1,890,,,23.700001,51.5,57.799999,168.0,3.0,C2005|UT01242
UM-HET3,C2005,UT,m,UT01243,Control,0,,dead,1,309,,,24.9,53.400002,,168.0,3.0,C2005|UT01243
UM-HET3,C2005,UT,m,UT01244,Control,0,,dead,1,750,,,22.5,47.299999,54.700001,168.0,3.0,C2005|UT01244
UM-HET3,C2005,UT,m,UT01245,Control,0,,dead,1,771,,,21.4,40.099998,46.0,168.0,3.0,C2005|UT01245
UM-HET3,C2005,UT,m,UT01246,Control,0,,dead,1,359,,,23.5,50.599998,,168.0,3.0,C2005|UT01246
UM-HET3,C2005,UT,m,UT01247,Control,0,,dead,1,543,,,22.200001,47.099998,51.599998,168.0,3.0,C2005|UT01247
UM-HET3,C2005,UT,m,UT01261,Control,0,,dead,1,705,,,,,,173.0,4.0,C2005|UT01261
UM-HET3,C2005,UT,m,UT01262,Control,0,,dead,1,726,,,,,,173.0,4.0,C2005|UT01262
UM-HET3,C2005,UT,m,UT01263,Control,0,,dead,1,360,,,,,,173.0,4.0,C2005|UT01263
UM-HET3,C2005,UT,m,UT01270,Control,0,,dead,1,377,,,23.299999,52.099998,59.099998,173.0,4.0,C2005|UT01270
UM-HET3,C2005,UT,m,UT01271,Control,0,,dead,1,434,,,22.799999,50.299999,59.0,173.0,4.0,C2005|UT01271
UM-HET3,C2005,UT,m,UT01272,Control,0,,dead,1,487,,,20.700001,48.599998,50.299999,173.0,4.0,C2005|UT01272
UM-HET3,C2005,UT,m,UT01296,Control,0,,dead,1,780,,,,,,174.0,4.0,C2005|UT01296
UM-HET3,C2005,UT,m,UT01297,Control,0,,dead,1,425,,,,,,174.0,4.0,C2005|UT01297
UM-HET3,C2005,UT,m,UT01298,Control,0,,dead,1,590,,,,,,174.0,4.0,C2005|UT01298
UM-HET3,C2005,UT,m,UT01323,Control,0,,removed,0,260,,,,,,,,C2005|UT01323
UM-HET3,C2005,UT,m,UT01324,Control,0,,removed,0,260,,,,,,,,C2005|UT01324
UM-HET3,C2005,UT,m,UT01325,Control,0,,removed,0,260,,,,,,,,C2005|UT01325
UM-HET3,C2005,UT,m,UT01338,Control,0,,dead,1,873,,,,,,188.0,4.0,C2005|UT01338
UM-HET3,C2005,UT,m,UT01339,Control,0,,dead,1,729,,,,,,188.0,4.0,C2005|UT01339
UM-HET3,C2005,UT,m,UT01340,Control,0,,dead,1,602,,,,,,188.0,4.0,C2005|UT01340
UM-HET3,C2005,UT,m,UT01365,Control,0,,dead,1,497,,,22.6,46.599998,52.700001,190.0,4.0,C2005|UT01365
UM-HET3,C2005,UT,m,UT01366,Control,0,,dead,1,394,,,24.4,45.299999,55.299999,190.0,4.0,C2005|UT01366
UM-HET3,C2005,UT,m,UT01367,Control,0,,dead,1,966,,,22.0,36.5,41.0,190.0,4.0,C2005|UT01367
UM-HET3,C2005,UT,m,UT01382,Control,0,,dead,1,1139,,,17.6,33.099998,35.099998,192.0,5.0,C2005|UT01382
UM-HET3,C2005,UT,m,UT01383,Control,0,,dead,1,652,,,20.200001,47.299999,53.099998,192.0,5.0,C2005|UT01383
UM-HET3,C2005,UT,m,UT01384,Control,0,,dead,1,1064,,,22.6,46.200001,46.299999,192.0,5.0,C2005|UT01384
UM-HET3,C2005,UT,m,UT01414,Control,0,,dead,1,283,,,25.4,48.400002,,194.0,4.0,C2005|UT01414
UM-HET3,C2005,UT,m,UT01415,Control,0,,dead,1,962,,,25.9,46.5,50.799999,194.0,4.0,C2005|UT01415
UM-HET3,C2005,UT,m,UT01416,Control,0,,dead,1,888,,,28.0,51.099998,57.299999,194.0,4.0,C2005|UT01416
UM-HET3,C2005,UT,m,UT01445,Control,0,,dead,1,875,,,18.1,36.900002,42.0,197.0,4.0,C2005|UT01445
UM-HET3,C2005,UT,m,UT01446,Control,0,,dead,1,809,,,19.5,40.400002,46.0,197.0,4.0,C2005|UT01446
UM-HET3,C2005,UT,m,UT01447,Control,0,,dead,1,279,,,19.9,47.700001,,197.0,4.0,C2005|UT01447
UM-HET3,C2005,UT,m,UT01455,Control,0,,dead,1,654,,,22.1,42.900002,47.900002,202.0,5.0,C2005|UT01455
UM-HET3,C2005,UT,m,UT01456,Control,0,,dead,1,659,,,24.799999,48.299999,52.200001,202.0,5.0,C2005|UT01456
UM-HET3,C2005,UT,m,UT01457,Control,0,,dead,1,835,,,21.0,34.200001,38.799999,202.0,5.0,C2005|UT01457
UM-HET3,C2005,UT,m,UT01465,Control,0,,dead,1,825,,,,,,202.0,5.0,C2005|UT01465
UM-HET3,C2005,UT,m,UT01466,Control,0,,dead,1,787,,,,,,202.0,5.0,C2005|UT01466
UM-HET3,C2005,UT,m,UT01467,Control,0,,dead,1,706,,,,,,202.0,5.0,C2005|UT01467
UM-HET3,C2005,UT,m,UT01516,Control,0,,dead,1,953,,,22.200001,35.599998,45.900002,217.0,5.0,C2005|UT01516
UM-HET3,C2005,UT,m,UT01517,Control,0,,dead,1,868,,,24.5,43.0,48.599998,217.0,5.0,C2005|UT01517
UM-HET3,C2005,UT,m,UT01518,Control,0,,dead,1,613,,,24.4,37.099998,53.900002,217.0,5.0,C2005|UT01518
UM-HET3,C2005,UT,m,UT01523,Control,0,,dead,1,720,,,20.700001,36.5,45.5,217.0,5.0,C2005|UT01523
UM-HET3,C2005,UT,m,UT01524,Control,0,,dead,1,568,,,20.9,42.599998,53.299999,217.0,5.0,C2005|UT01524
UM-HET3,C2005,UT,m,UT01525,Control,0,,dead,1,335,,,21.299999,41.299999,,217.0,5.0,C2005|UT01525
UM-HET3,C2005,UT,m,UT01543,Control,0,,dead,1,527,,,19.5,42.200001,47.299999,222.0,5.0,C2005|UT01543
UM-HET3,C2005,UT,m,UT01544,Control,0,,dead,1,526,,,23.299999,43.299999,49.5,222.0,5.0,C2005|UT01544
UM-HET3,C2005,UT,m,UT01545,Control,0,,dead,1,456,,,18.5,43.0,55.900002,222.0,5.0,C2005|UT01545
UM-HET3,C2005,UT,m,UT01564,Control,0,,dead,1,1113,,,20.299999,44.5,47.900002,224.0,6.0,C2005|UT01564
UM-HET3,C2005,UT,m,UT01565,Control,0,,dead,1,667,,,20.6,44.799999,50.799999,224.0,6.0,C2005|UT01565
UM-HET3,C2005,UT,m,UT01566,Control,0,,dead,1,1004,,,22.4,40.200001,47.200001,224.0,6.0,C2005|UT01566
UM-HET3,C2005,UT,m,UT01575,Control,0,,dead,1,666,,,21.0,40.799999,44.400002,226.0,6.0,C2005|UT01575
UM-HET3,C2005,UT,m,UT01576,Control,0,,dead,1,653,,,18.799999,41.400002,48.099998,226.0,6.0,C2005|UT01576
UM-HET3,C2005,UT,m,UT01577,Control,0,,dead,1,262,,,24.299999,45.0,,226.0,6.0,C2005|UT01577
UM-HET3,C2005,UT,m,UT01599,Control,0,,dead,1,806,,,20.5,41.400002,45.200001,230.0,6.0,C2005|UT01599
UM-HET3,C2005,UT,m,UT01600,Control,0,,dead,1,1101,,,20.6,43.200001,47.799999,230.0,6.0,C2005|UT01600
UM-HET3,C2005,UT,m,UT01601,Control,0,,dead,1,1149,,,20.200001,41.099998,42.900002,230.0,5.0,C2005|UT01601
UM-HET3,C2005,UT,m,UT01612,Control,0,,dead,1,552,,,24.9,49.400002,57.200001,232.0,5.0,C2005|UT01612
UM-HET3,C2005,UT,m,UT01613,Control,0,,dead,1,616,,,22.9,46.200001,50.099998,232.0,5.0,C2005|UT01613
UM-HET3,C2005,UT,m,UT01614,Control,0,,dead,1,719,,,23.200001,42.900002,48.299999,232.0,5.0,C2005|UT01614
UM-HET3,C2005,UT,m,UT01615,Control,0,,dead,1,794,,,23.0,45.0,49.599998,232.0,5.0,C2005|UT01615
UM-HET3,C2005,UT,m,UT01616,Control,0,,dead,1,815,,,22.4,30.4,43.700001,232.0,5.0,C2005|UT01616
UM-HET3,C2005,UT,m,UT01617,Control,0,,dead,1,964,,,21.0,40.5,45.5,232.0,5.0,C2005|UT01617
UM-HET3,C2005,UT,m,UT01691,Control,0,,dead,1,714,,,21.5,47.299999,51.099998,243.0,6.0,C2005|UT01691
UM-HET3,C2005,UT,m,UT01692,Control,0,,dead,1,749,,,22.700001,47.099998,52.099998,243.0,6.0,C2005|UT01692
UM-HET3,C2005,UT,m,UT01693,Control,0,,dead,1,894,,,21.799999,39.700001,40.700001,243.0,6.0,C2005|UT01693
UM-HET3,C2005,UT,m,UT01694,Control,0,,dead,1,1013,,,23.6,46.900002,50.799999,243.0,6.0,C2005|UT01694
UM-HET3,C2005,UT,m,UT01695,Control,0,,dead,1,781,,,23.0,50.799999,56.200001,243.0,6.0,C2005|UT01695
UM-HET3,C2005,UT,m,UT01696,Control,0,,dead,1,634,,,20.0,40.200001,40.599998,243.0,6.0,C2005|UT01696
UM-HET3,C2005,UT,m,UT01701,Control,0,,dead,1,1176,,,24.4,37.900002,44.0,246.0,7.0,C2005|UT01701
UM-HET3,C2005,UT,m,UT01702,Control,0,,dead,1,738,,,21.0,39.799999,40.599998,246.0,7.0,C2005|UT01702
UM-HET3,C2005,UT,m,UT01703,Control,0,,removed,0,72,,,,,,,,C2005|UT01703
UM-HET3,C2005,UT,m,UT01736,Control,0,,dead,1,836,,,22.6,36.900002,43.900002,250.0,7.0,C2005|UT01736
UM-HET3,C2005,UT,m,UT01737,Control,0,,dead,1,700,,,25.1,50.400002,53.400002,250.0,7.0,C2005|UT01737
UM-HET3,C2005,UT,m,UT01738,Control,0,,dead,1,766,,,24.9,49.599998,54.0,250.0,6.0,C2005|UT01738
UM-HET3,C2005,UT,m,UT01739,Control,0,,dead,1,1004,,,22.6,41.099998,47.099998,250.0,6.0,C2005|UT01739
UM-HET3,C2005,UT,m,UT01740,Control,0,,dead,1,843,,,23.6,48.200001,52.799999,250.0,6.0,C2005|UT01740
UM-HET3,C2005,UT,m,UT01741,Control,0,,dead,1,793,,,24.0,45.400002,48.0,250.0,6.0,C2005|UT01741
UM-HET3,C2006,TJL,f,JL01909,Control,0,,dead,1,1058,,,18.0,30.0,35.0,,,C2006|JL01909
UM-HET3,C2006,TJL,f,JL01910,Control,0,,dead,1,730,,,19.0,32.0,37.0,,,C2006|JL01910
UM-HET3,C2006,TJL,f,JL01911,Control,0,,dead,1,920,,,15.0,40.0,32.0,,,C2006|JL01911
UM-HET3,C2006,TJL,f,JL01912,Control,0,,dead,1,647,,,20.0,34.0,50.0,,,C2006|JL01912
UM-HET3,C2006,TJL,f,JL02037,Control,0,,dead,1,739,,,16.0,,24.0,,,C2006|JL02037
UM-HET3,C2006,TJL,f,JL02038,Control,0,,dead,1,937,,,17.0,,29.0,,,C2006|JL02038
UM-HET3,C2006,TJL,f,JL02039,Control,0,,dead,1,711,,,19.0,,34.0,,,C2006|JL02039
UM-HET3,C2006,TJL,f,JL02040,Control,0,,dead,1,891,,,18.0,,40.0,,,C2006|JL02040
UM-HET3,C2006,TJL,f,JL02099,Control,0,,dead,1,695,,,18.0,,42.0,,,C2006|JL02099
UM-HET3,C2006,TJL,f,JL02100,Control,0,,dead,1,847,,,20.0,,44.0,,,C2006|JL02100
UM-HET3,C2006,TJL,f,JL02101,Control,0,,dead,1,983,,,19.0,,50.0,,,C2006|JL02101
UM-HET3,C2006,TJL,f,JL02102,Control,0,,dead,1,850,,,21.0,,47.0,,,C2006|JL02102
UM-HET3,C2006,TJL,f,JL02125,Control,0,,dead,1,588,,,17.0,23.0,38.0,,,C2006|JL02125
UM-HET3,C2006,TJL,f,JL02126,Control,0,,dead,1,1087,,,18.0,23.0,34.0,,,C2006|JL02126
UM-HET3,C2006,TJL,f,JL02127,Control,0,,dead,1,829,,,18.0,29.0,44.0,,,C2006|JL02127
UM-HET3,C2006,TJL,f,JL02128,Control,0,,dead,1,961,,,19.0,35.0,47.0,,,C2006|JL02128
UM-HET3,C2006,TJL,f,JL02129,Control,0,,dead,1,681,,,19.0,39.0,50.0,,,C2006|JL02129
UM-HET3,C2006,TJL,f,JL02130,Control,0,,dead,1,986,,,20.0,27.0,34.0,,,C2006|JL02130
UM-HET3,C2006,TJL,f,JL02131,Control,0,,dead,1,1001,,,18.0,25.0,38.0,,,C2006|JL02131
UM-HET3,C2006,TJL,f,JL02132,Control,0,,dead,1,1008,,,19.0,42.0,58.0,,,C2006|JL02132
UM-HET3,C2006,TJL,f,JL02166,Control,0,,dead,1,880,,,21.0,41.0,53.0,,,C2006|JL02166
UM-HET3,C2006,TJL,f,JL02167,Control,0,,dead,1,596,,,20.0,33.0,40.0,,,C2006|JL02167
UM-HET3,C2006,TJL,f,JL02168,Control,0,,dead,1,1077,,,19.0,28.0,36.0,,,C2006|JL02168
UM-HET3,C2006,TJL,f,JL02169,Control,0,,dead,1,780,,,22.0,47.0,58.0,,,C2006|JL02169
UM-HET3,C2006,TJL,f,JL02195,Control,0,,dead,1,995,,,19.0,37.0,55.0,,,C2006|JL02195
UM-HET3,C2006,TJL,f,JL02196,Control,0,,dead,1,700,,,20.0,31.0,50.0,,,C2006|JL02196
UM-HET3,C2006,TJL,f,JL02197,Control,0,,dead,1,804,,,18.0,28.0,43.0,,,C2006|JL02197
UM-HET3,C2006,TJL,f,JL02198,Control,0,,dead,1,846,,,21.0,41.0,60.0,,,C2006|JL02198
UM-HET3,C2006,TJL,f,JL02199,Control,0,,dead,1,148,,,20.0,,,,,C2006|JL02199
UM-HET3,C2006,TJL,f,JL02200,Control,0,,dead,1,804,,,20.0,30.0,43.0,,,C2006|JL02200
UM-HET3,C2006,TJL,f,JL02201,Control,0,,dead,1,881,,,19.0,31.0,42.0,,,C2006|JL02201
UM-HET3,C2006,TJL,f,JL02202,Control,0,,dead,1,772,,,20.0,25.0,25.0,,,C2006|JL02202
UM-HET3,C2006,TJL,f,JL02203,Control,0,,removed,0,555,,,,,,,,C2006|JL02203
UM-HET3,C2006,TJL,f,JL02204,Control,0,,removed,0,729,,,,,,,,C2006|JL02204
UM-HET3,C2006,TJL,f,JL02205,Control,0,,removed,0,729,,,,,,,,C2006|JL02205
UM-HET3,C2006,TJL,f,JL02206,Control,0,,removed,0,622,,,,,,,,C2006|JL02206
UM-HET3,C2006,TJL,f,JL02231,Control,0,,dead,1,1019,,,19.0,25.0,33.0,,,C2006|JL02231
UM-HET3,C2006,TJL,f,JL02232,Control,0,,dead,1,840,,,19.0,24.0,30.0,,,C2006|JL02232
UM-HET3,C2006,TJL,f,JL02233,Control,0,,dead,1,648,,,18.0,29.0,40.0,,,C2006|JL02233
UM-HET3,C2006,TJL,f,JL02234,Control,0,,dead,1,934,,,19.0,29.0,42.0,,,C2006|JL02234
UM-HET3,C2006,TJL,f,JL02235,Control,0,,dead,1,1020,,,19.0,31.0,42.0,,,C2006|JL02235
UM-HET3,C2006,TJL,f,JL02236,Control,0,,dead,1,843,,,17.0,30.0,38.0,,,C2006|JL02236
UM-HET3,C2006,TJL,f,JL02237,Control,0,,dead,1,915,,,17.0,25.0,43.0,,,C2006|JL02237
UM-HET3,C2006,TJL,f,JL02238,Control,0,,dead,1,458,,,20.0,25.0,29.0,,,C2006|JL02238
UM-HET3,C2006,TJL,f,JL02239,Control,0,,dead,1,828,,,17.0,24.0,30.0,,,C2006|JL02239
UM-HET3,C2006,TJL,f,JL02240,Control,0,,dead,1,962,,,19.0,28.0,40.0,,,C2006|JL02240
UM-HET3,C2006,TJL,f,JL02241,Control,0,,dead,1,956,,,19.0,24.0,31.0,,,C2006|JL02241
UM-HET3,C2006,TJL,f,JL02242,Control,0,,dead,1,1216,,,18.0,25.0,34.0,,,C2006|JL02242
UM-HET3,C2006,TJL,f,JL02266,Control,0,,dead,1,1021,,,20.0,26.0,34.0,,,C2006|JL02266
UM-HET3,C2006,TJL,f,JL02267,Control,0,,dead,1,1261,,,19.0,25.0,29.0,,,C2006|JL02267
UM-HET3,C2006,TJL,f,JL02268,Control,0,,dead,1,958,,,21.0,29.0,36.0,,,C2006|JL02268
UM-HET3,C2006,TJL,f,JL02269,Control,0,,dead,1,916,,,18.0,27.0,39.0,,,C2006|JL02269
UM-HET3,C2006,TJL,f,JL02299,Control,0,,removed,0,660,,,,,,,,C2006|JL02299
UM-HET3,C2006,TJL,f,JL02300,Control,0,,removed,0,712,,,,,,,,C2006|JL02300
UM-HET3,C2006,TJL,f,JL02301,Control,0,,removed,0,712,,,,,,,,C2006|JL02301
UM-HET3,C2006,TJL,f,JL02302,Control,0,,removed,0,712,,,,,,,,C2006|JL02302
UM-HET3,C2006,TJL,f,JL02418,Control,0,,removed,0,691,,,,,,,,C2006|JL02418
UM-HET3,C2006,TJL,f,JL02419,Control,0,,removed,0,691,,,,,,,,C2006|JL02419
UM-HET3,C2006,TJL,f,JL02420,Control,0,,removed,0,691,,,,,,,,C2006|JL02420
UM-HET3,C2006,TJL,f,JL02421,Control,0,,removed,0,691,,,,,,,,C2006|JL02421
UM-HET3,C2006,TJL,f,JL02422,Control,0,,dead,1,959,,,18.0,26.0,28.0,,,C2006|JL02422
UM-HET3,C2006,TJL,f,JL02423,Control,0,,dead,1,880,,,22.0,33.0,38.0,,,C2006|JL02423
UM-HET3,C2006,TJL,f,JL02424,Control,0,,dead,1,873,,,18.0,25.0,31.0,,,C2006|JL02424
UM-HET3,C2006,TJL,f,JL02425,Control,0,,dead,1,836,,,19.0,29.0,45.0,,,C2006|JL02425
UM-HET3,C2006,TJL,f,JL02443,Control,0,,removed,0,1034,,,,,,,,C2006|JL02443
UM-HET3,C2006,TJL,f,JL02444,Control,0,,removed,0,1034,,,,,,,,C2006|JL02444
UM-HET3,C2006,TJL,f,JL02445,Control,0,,removed,0,1034,,,,,,,,C2006|JL02445
UM-HET3,C2006,TJL,f,JL02446,Control,0,,removed,0,1034,,,,,,,,C2006|JL02446
UM-HET3,C2006,TJL,f,JL02473,Control,0,,dead,1,917,,,17.0,29.0,49.0,,,C2006|JL02473
UM-HET3,C2006,TJL,f,JL02474,Control,0,,dead,1,1078,,,18.0,24.0,32.0,,,C2006|JL02474
UM-HET3,C2006,TJL,f,JL02475,Control,0,,dead,1,1057,,,18.0,31.0,50.0,,,C2006|JL02475
UM-HET3,C2006,TJL,f,JL02476,Control,0,,dead,1,1106,,,18.0,32.0,48.0,,,C2006|JL02476
UM-HET3,C2006,TJL,f,JL02489,Control,0,,removed,0,677,,,,,,,,C2006|JL02489
UM-HET3,C2006,TJL,f,JL02490,Control,0,,removed,0,677,,,,,,,,C2006|JL02490
UM-HET3,C2006,TJL,f,JL02491,Control,0,,removed,0,677,,,,,,,,C2006|JL02491
UM-HET3,C2006,TJL,f,JL02492,Control,0,,removed,0,677,,,,,,,,C2006|JL02492
UM-HET3,C2006,TJL,f,JL02600,Control,0,,removed,0,659,,,,,,,,C2006|JL02600
UM-HET3,C2006,TJL,f,JL02601,Control,0,,removed,0,659,,,,,,,,C2006|JL02601
UM-HET3,C2006,TJL,f,JL02602,Control,0,,removed,0,659,,,,,,,,C2006|JL02602
UM-HET3,C2006,TJL,f,JL02603,Control,0,,removed,0,659,,,,,,,,C2006|JL02603
UM-HET3,C2006,TJL,f,JL02627,Control,0,,dead,1,896,,,17.0,20.0,23.0,,,C2006|JL02627
UM-HET3,C2006,TJL,f,JL02628,Control,0,,dead,1,886,,,21.0,25.0,39.0,,,C2006|JL02628
UM-HET3,C2006,TJL,f,JL02629,Control,0,,dead,1,918,,,21.0,30.0,37.0,,,C2006|JL02629
UM-HET3,C2006,TJL,f,JL02630,Control,0,,dead,1,679,,,19.0,36.0,52.0,,,C2006|JL02630
UM-HET3,C2006,TJL,f,JL02653,Control,0,,dead,1,1105,,,18.0,27.0,35.0,,,C2006|JL02653
UM-HET3,C2006,TJL,f,JL02654,Control,0,,dead,1,575,,,19.0,30.0,46.0,,,C2006|JL02654
UM-HET3,C2006,TJL,f,JL02655,Control,0,,dead,1,882,,,19.0,35.0,46.0,,,C2006|JL02655
UM-HET3,C2006,TJL,f,JL02656,Control,0,,dead,1,652,,,19.0,30.0,42.0,,,C2006|JL02656
UM-HET3,C2006,TJL,f,JL02710,Control,0,,dead,1,905,,,18.0,26.0,38.0,,,C2006|JL02710
UM-HET3,C2006,TJL,f,JL02711,Control,0,,dead,1,811,,,20.0,31.0,41.0,,,C2006|JL02711
UM-HET3,C2006,TJL,f,JL02712,Control,0,,dead,1,923,,,19.0,26.0,34.0,,,C2006|JL02712
UM-HET3,C2006,TJL,f,JL02713,Control,0,,dead,1,895,,,18.0,28.0,42.0,,,C2006|JL02713
UM-HET3,C2006,TJL,f,JL02714,Control,0,,removed,0,981,,,,,,,,C2006|JL02714
UM-HET3,C2006,TJL,f,JL02715,Control,0,,removed,0,981,,,,,,,,C2006|JL02715
UM-HET3,C2006,TJL,f,JL02716,Control,0,,removed,0,646,,,,,,,,C2006|JL02716
UM-HET3,C2006,TJL,f,JL02717,Control,0,,removed,0,849,,,,,,,,C2006|JL02717
UM-HET3,C2006,TJL,m,JL01930,Control,0,,dead,1,699,,,22.0,38.0,44.0,,,C2006|JL01930
UM-HET3,C2006,TJL,m,JL01931,Control,0,,dead,1,904,,,23.0,47.0,50.0,,,C2006|JL01931
UM-HET3,C2006,TJL,m,JL01932,Control,0,,dead,1,874,,,22.0,40.0,44.0,,,C2006|JL01932
UM-HET3,C2006,TJL,m,JL01933,Control,0,,dead,1,808,,,23.0,43.0,47.0,,,C2006|JL01933
UM-HET3,C2006,TJL,m,JL01934,Control,0,,dead,1,1042,,,21.0,36.0,43.0,,,C2006|JL01934
UM-HET3,C2006,TJL,m,JL01935,Control,0,,dead,1,829,,,22.0,42.0,45.0,,,C2006|JL01935
UM-HET3,C2006,TJL,m,JL01966,Control,0,,dead,1,903,,,25.0,37.0,49.0,,,C2006|JL01966
UM-HET3,C2006,TJL,m,JL01967,Control,0,,dead,1,896,,,25.0,39.0,49.0,,,C2006|JL01967
UM-HET3,C2006,TJL,m,JL01968,Control,0,,dead,1,587,,,25.0,37.0,50.0,,,C2006|JL01968
UM-HET3,C2006,TJL,m,JL01969,Control,0,,dead,1,972,,,25.0,44.0,49.0,,,C2006|JL01969
UM-HET3,C2006,TJL,m,JL01970,Control,0,,dead,1,1103,,,26.0,42.0,47.0,,,C2006|JL01970
UM-HET3,C2006,TJL,m,JL01971,Control,0,,dead,1,453,,,27.0,47.0,53.0,,,C2006|JL01971
UM-HET3,C2006,TJL,m,JL01983,Control,0,,dead,1,911,,,23.0,,45.0,,,C2006|JL01983
UM-HET3,C2006,TJL,m,JL01984,Control,0,,dead,1,807,,,23.0,,46.0,,,C2006|JL01984
UM-HET3,C2006,TJL,m,JL01985,Control,0,,dead,1,260,,,25.0,,,,,C2006|JL01985
UM-HET3,C2006,TJL,m,JL02021,Control,0,,dead,1,1060,,,27.0,,44.0,,,C2006|JL02021
UM-HET3,C2006,TJL,m,JL02022,Control,0,,dead,1,581,,,24.0,,48.0,,,C2006|JL02022
UM-HET3,C2006,TJL,m,JL02023,Control,0,,dead,1,605,,,27.0,,52.0,,,C2006|JL02023
UM-HET3,C2006,TJL,m,JL02027,Control,0,,dead,1,958,,,22.0,,38.0,,,C2006|JL02027
UM-HET3,C2006,TJL,m,JL02028,Control,0,,dead,1,923,,,22.0,,46.0,,,C2006|JL02028
UM-HET3,C2006,TJL,m,JL02029,Control,0,,dead,1,672,,,25.0,,44.0,,,C2006|JL02029
UM-HET3,C2006,TJL,m,JL02030,Control,0,,removed,0,441,,,,,,,,C2006|JL02030
UM-HET3,C2006,TJL,m,JL02031,Control,0,,removed,0,441,,,,,,,,C2006|JL02031
UM-HET3,C2006,TJL,m,JL02032,Control,0,,removed,0,441,,,,,,,,C2006|JL02032
UM-HET3,C2006,TJL,m,JL02053,Control,0,,dead,1,784,,,24.0,,51.0,,,C2006|JL02053
UM-HET3,C2006,TJL,m,JL02054,Control,0,,dead,1,862,,,24.0,,43.0,,,C2006|JL02054
UM-HET3,C2006,TJL,m,JL02055,Control,0,,dead,1,546,,,23.0,,50.0,,,C2006|JL02055
UM-HET3,C2006,TJL,m,JL02065,Control,0,,dead,1,897,,,23.0,,43.0,,,C2006|JL02065
UM-HET3,C2006,TJL,m,JL02066,Control,0,,dead,1,986,,,23.0,,43.0,,,C2006|JL02066
UM-HET3,C2006,TJL,m,JL02067,Control,0,,dead,1,695,,,24.0,,45.0,,,C2006|JL02067
UM-HET3,C2006,TJL,m,JL02071,Control,0,,dead,1,1025,,,27.0,,46.0,,,C2006|JL02071
UM-HET3,C2006,TJL,m,JL02072,Control,0,,dead,1,460,,,26.0,,48.0,,,C2006|JL02072
UM-HET3,C2006,TJL,m,JL02073,Control,0,,dead,1,965,,,22.0,,43.0,,,C2006|JL02073
UM-HET3,C2006,TJL,m,JL02114,Control,0,,dead,1,593,,,23.0,,49.0,,,C2006|JL02114
UM-HET3,C2006,TJL,m,JL02115,Control,0,,dead,1,744,,,25.0,,52.0,,,C2006|JL02115
UM-HET3,C2006,TJL,m,JL02116,Control,0,,dead,1,795,,,22.0,,42.0,,,C2006|JL02116
UM-HET3,C2006,TJL,m,JL02160,Control,0,,dead,1,940,,,23.0,41.0,48.0,,,C2006|JL02160
UM-HET3,C2006,TJL,m,JL02161,Control,0,,dead,1,748,,,25.0,45.0,55.0,,,C2006|JL02161
UM-HET3,C2006,TJL,m,JL02162,Control,0,,dead,1,724,,,24.0,42.0,48.0,,,C2006|JL02162
UM-HET3,C2006,TJL,m,JL02178,Control,0,,dead,1,702,,,23.0,44.0,46.0,,,C2006|JL02178
UM-HET3,C2006,TJL,m,JL02179,Control,0,,dead,1,706,,,23.0,42.0,48.0,,,C2006|JL02179
UM-HET3,C2006,TJL,m,JL02180,Control,0,,dead,1,488,,,25.0,47.0,50.0,,,C2006|JL02180
UM-HET3,C2006,TJL,m,JL02188,Control,0,,dead,1,864,,,24.0,41.0,45.0,,,C2006|JL02188
UM-HET3,C2006,TJL,m,JL02189,Control,0,,dead,1,636,,,23.0,41.0,48.0,,,C2006|JL02189
UM-HET3,C2006,TJL,m,JL02190,Control,0,,dead,1,869,,,22.0,38.0,44.0,,,C2006|JL02190
UM-HET3,C2006,TJL,m,JL02207,Control,0,,dead,1,456,,,27.0,49.0,57.0,,,C2006|JL02207
UM-HET3,C2006,TJL,m,JL02208,Control,0,,dead,1,696,,,26.0,47.0,58.0,,,C2006|JL02208
UM-HET3,C2006,TJL,m,JL02209,Control,0,,dead,1,631,,,23.0,43.0,50.0,,,C2006|JL02209
UM-HET3,C2006,TJL,m,JL02225,Control,0,,removed,0,461,,,,,,,,C2006|JL02225
UM-HET3,C2006,TJL,m,JL02226,Control,0,,removed,0,729,,,,,,,,C2006|JL02226
UM-HET3,C2006,TJL,m,JL02227,Control,0,,removed,0,729,,,,,,,,C2006|JL02227
UM-HET3,C2006,TJL,m,JL02228,Control,0,,dead,1,865,,,24.0,45.0,51.0,,,C2006|JL02228
UM-HET3,C2006,TJL,m,JL02229,Control,0,,dead,1,1182,,,24.0,37.0,48.0,,,C2006|JL02229
UM-HET3,C2006,TJL,m,JL02230,Control,0,,dead,1,1008,,,22.0,35.0,45.0,,,C2006|JL02230
UM-HET3,C2006,TJL,m,JL02289,Control,0,,removed,0,258,,,,,,,,C2006|JL02289
UM-HET3,C2006,TJL,m,JL02290,Control,0,,removed,0,258,,,,,,,,C2006|JL02290
UM-HET3,C2006,TJL,m,JL02291,Control,0,,removed,0,258,,,,,,,,C2006|JL02291
UM-HET3,C2006,TJL,m,JL02292,Control,0,,dead,1,832,,,25.0,41.0,50.0,,,C2006|JL02292
UM-HET3,C2006,TJL,m,JL02293,Control,0,,dead,1,1007,,,25.0,35.0,48.0,,,C2006|JL02293
UM-HET3,C2006,TJL,m,JL02294,Control,0,,dead,1,414,,,23.0,45.0,51.0,,,C2006|JL02294
UM-HET3,C2006,TJL,m,JL02306,Control,0,,dead,1,543,,,23.0,44.0,50.0,,,C2006|JL02306
UM-HET3,C2006,TJL,m,JL02307,Control,0,,dead,1,1103,,,23.0,43.0,48.0,,,C2006|JL02307
UM-HET3,C2006,TJL,m,JL02308,Control,0,,dead,1,696,,,21.0,42.0,46.0,,,C2006|JL02308
UM-HET3,C2006,TJL,m,JL02339,Control,0,,dead,1,930,,,25.0,47.0,54.0,,,C2006|JL02339
UM-HET3,C2006,TJL,m,JL02340,Control,0,,dead,1,927,,,23.0,31.0,45.0,,,C2006|JL02340
UM-HET3,C2006,TJL,m,JL02341,Control,0,,dead,1,847,,,25.0,41.0,44.0,,,C2006|JL02341
UM-HET3,C2006,TJL,m,JL02353,Control,0,,removed,0,701,,,,,,,,C2006|JL02353
UM-HET3,C2006,TJL,m,JL02354,Control,0,,removed,0,380,,,,,,,,C2006|JL02354
UM-HET3,C2006,TJL,m,JL02355,Control,0,,removed,0,607,,,,,,,,C2006|JL02355
UM-HET3,C2006,TJL,m,JL02359,Control,0,,dead,1,504,,,23.0,45.0,50.0,,,C2006|JL02359
UM-HET3,C2006,TJL,m,JL02360,Control,0,,dead,1,635,,,23.0,46.0,48.0,,,C2006|JL02360
UM-HET3,C2006,TJL,m,JL02361,Control,0,,dead,1,762,,,23.0,43.0,46.0,,,C2006|JL02361
UM-HET3,C2006,TJL,m,JL02371,Control,0,,dead,1,1023,,,21.0,36.0,41.0,,,C2006|JL02371
UM-HET3,C2006,TJL,m,JL02372,Control,0,,dead,1,896,,,23.0,39.0,43.0,,,C2006|JL02372
UM-HET3,C2006,TJL,m,JL02373,Control,0,,dead,1,485,,,23.0,45.0,50.0,,,C2006|JL02373
UM-HET3,C2006,TJL,m,JL02405,Control,0,,removed,0,694,,,,,,,,C2006|JL02405
UM-HET3,C2006,TJL,m,JL02406,Control,0,,removed,0,520,,,,,,,,C2006|JL02406
UM-HET3,C2006,TJL,m,JL02407,Control,0,,removed,0,694,,,,,,,,C2006|JL02407
UM-HET3,C2006,TJL,m,JL02432,Control,0,,dead,1,396,,,23.0,48.0,54.0,,,C2006|JL02432
UM-HET3,C2006,TJL,m,JL02433,Control,0,,dead,1,873,,,24.0,42.0,45.0,,,C2006|JL02433
UM-HET3,C2006,TJL,m,JL02434,Control,0,,dead,1,899,,,23.0,39.0,49.0,,,C2006|JL02434
UM-HET3,C2006,TJL,m,JL02447,Control,0,,removed,0,684,,,,,,,,C2006|JL02447
UM-HET3,C2006,TJL,m,JL02448,Control,0,,removed,0,684,,,,,,,,C2006|JL02448
UM-HET3,C2006,TJL,m,JL02449,Control,0,,removed,0,684,,,,,,,,C2006|JL02449
UM-HET3,C2006,TJL,m,JL02453,Control,0,,dead,1,803,,,24.0,43.0,53.0,,,C2006|JL02453
UM-HET3,C2006,TJL,m,JL02454,Control,0,,dead,1,948,,,23.0,43.0,48.0,,,C2006|JL02454
UM-HET3,C2006,TJL,m,JL02455,Control,0,,dead,1,515,,,20.0,40.0,46.0,,,C2006|JL02455
UM-HET3,C2006,TJL,m,JL02456,Control,0,,dead,1,920,,,22.0,49.0,53.0,,,C2006|JL02456
UM-HET3,C2006,TJL,m,JL02457,Control,0,,dead,1,796,,,23.0,45.0,49.0,,,C2006|JL02457
UM-HET3,C2006,TJL,m,JL02458,Control,0,,dead,1,635,,,25.0,47.0,52.0,,,C2006|JL02458
UM-HET3,C2006,TJL,m,JL02502,Control,0,,removed,0,677,,,,,,,,C2006|JL02502
UM-HET3,C2006,TJL,m,JL02503,Control,0,,removed,0,668,,,,,,,,C2006|JL02503
UM-HET3,C2006,TJL,m,JL02504,Control,0,,removed,0,356,,,,,,,,C2006|JL02504
UM-HET3,C2006,TJL,m,JL02508,Control,0,,removed,0,404,,,,,,,,C2006|JL02508
UM-HET3,C2006,TJL,m,JL02509,Control,0,,removed,0,677,,,,,,,,C2006|JL02509
UM-HET3,C2006,TJL,m,JL02510,Control,0,,removed,0,474,,,,,,,,C2006|JL02510
UM-HET3,C2006,TJL,m,JL02560,Control,0,,dead,1,609,,,26.0,43.0,47.0,,,C2006|JL02560
UM-HET3,C2006,TJL,m,JL02561,Control,0,,dead,1,497,,,28.0,47.0,51.0,,,C2006|JL02561
UM-HET3,C2006,TJL,m,JL02562,Control,0,,dead,1,295,,,27.0,52.0,,,,C2006|JL02562
UM-HET3,C2006,TJL,m,JL02579,Control,0,,dead,1,830,,,19.0,40.0,48.0,,,C2006|JL02579
UM-HET3,C2006,TJL,m,JL02580,Control,0,,dead,1,740,,,24.0,46.0,50.0,,,C2006|JL02580
UM-HET3,C2006,TJL,m,JL02581,Control,0,,dead,1,1197,,,20.0,39.0,45.0,,,C2006|JL02581
UM-HET3,C2006,TJL,m,JL02641,Control,0,,dead,1,878,,,20.0,38.0,42.0,,,C2006|JL02641
UM-HET3,C2006,TJL,m,JL02642,Control,0,,dead,1,648,,,21.0,42.0,47.0,,,C2006|JL02642
UM-HET3,C2006,TJL,m,JL02643,Control,0,,dead,1,676,,,21.0,43.0,46.0,,,C2006|JL02643
UM-HET3,C2006,TJL,m,JL02647,Control,0,,dead,1,812,,,23.0,44.0,48.0,,,C2006|JL02647
UM-HET3,C2006,TJL,m,JL02648,Control,0,,dead,1,629,,,22.0,42.0,47.0,,,C2006|JL02648
UM-HET3,C2006,TJL,m,JL02649,Control,0,,dead,1,892,,,24.0,47.0,51.0,,,C2006|JL02649
UM-HET3,C2006,TJL,m,JL02680,Control,0,,dead,1,364,,,20.0,38.0,,,,C2006|JL02680
UM-HET3,C2006,TJL,m,JL02681,Control,0,,dead,1,650,,,21.0,39.0,44.0,,,C2006|JL02681
UM-HET3,C2006,TJL,m,JL02682,Control,0,,dead,1,564,,,23.0,43.0,47.0,,,C2006|JL02682
UM-HET3,C2006,TJL,m,JL02694,Control,0,,dead,1,476,,,23.0,39.0,46.0,,,C2006|JL02694
UM-HET3,C2006,TJL,m,JL02695,Control,0,,dead,1,961,,,24.0,42.0,46.0,,,C2006|JL02695
UM-HET3,C2006,TJL,m,JL02696,Control,0,,dead,1,952,,,24.0,47.0,54.0,,,C2006|JL02696
UM-HET3,C2006,TJL,m,JL02749,Control,0,,dead,1,791,,,25.0,45.0,51.0,,,C2006|JL02749
UM-HET3,C2006,TJL,m,JL02750,Control,0,,dead,1,997,,,23.0,35.0,46.0,,,C2006|JL02750
UM-HET3,C2006,TJL,m,JL02751,Control,0,,dead,1,850,,,24.0,38.0,47.0,,,C2006|JL02751
UM-HET3,C2006,TJL,m,JL02752,Control,0,,dead,1,920,,,25.0,34.0,50.0,,,C2006|JL02752
UM-HET3,C2006,TJL,m,JL02753,Control,0,,dead,1,795,,,22.0,42.0,48.0,,,C2006|JL02753
UM-HET3,C2006,TJL,m,JL02754,Control,0,,dead,1,731,,,22.0,42.0,46.0,,,C2006|JL02754
UM-HET3,C2006,UM,f,UM13197,Control,0,,dead,1,973,,,20.0,36.900002,47.799999,,,C2006|UM13197
UM-HET3,C2006,UM,f,UM13204,Control,0,,dead,1,946,,,19.799999,28.799999,34.400002,,,C2006|UM13204
UM-HET3,C2006,UM,f,UM13211,Control,0,,dead,1,417,,,18.299999,22.9,26.9,,,C2006|UM13211
UM-HET3,C2006,UM,f,UM13218,Control,0,,dead,1,811,,,18.5,26.0,32.900002,,,C2006|UM13218
UM-HET3,C2006,UM,f,UM13449,Control,0,,dead,1,739,,,20.200001,28.1,33.099998,,,C2006|UM13449
UM-HET3,C2006,UM,f,UM13456,Control,0,,dead,1,903,,,18.299999,24.799999,29.200001,,,C2006|UM13456
UM-HET3,C2006,UM,f,UM13463,Control,0,,dead,1,1154,,,21.1,30.700001,33.700001,,,C2006|UM13463
UM-HET3,C2006,UM,f,UM13470,Control,0,,dead,1,938,,,18.9,23.5,30.9,,,C2006|UM13470
UM-HET3,C2006,UM,f,UM13547,Control,0,,dead,1,863,,,19.200001,33.400002,39.099998,,,C2006|UM13547
UM-HET3,C2006,UM,f,UM13554,Control,0,,dead,1,827,,,19.700001,25.9,34.0,,,C2006|UM13554
UM-HET3,C2006,UM,f,UM13561,Control,0,,dead,1,1025,,,16.200001,23.0,26.1,,,C2006|UM13561
UM-HET3,C2006,UM,f,UM13568,Control,0,,dead,1,675,,,16.799999,25.5,35.599998,,,C2006|UM13568
UM-HET3,C2006,UM,f,UM13722,Control,0,,dead,1,866,,,21.1,26.6,31.5,,,C2006|UM13722
UM-HET3,C2006,UM,f,UM13729,Control,0,,dead,1,831,,,19.1,23.9,29.5,,,C2006|UM13729
UM-HET3,C2006,UM,f,UM13736,Control,0,,dead,1,624,,,18.4,23.6,27.9,,,C2006|UM13736
UM-HET3,C2006,UM,f,UM13743,Control,0,,dead,1,830,,,19.200001,24.6,30.200001,,,C2006|UM13743
UM-HET3,C2006,UM,f,UM13869,Control,0,,dead,1,684,,,17.9,22.299999,26.1,,,C2006|UM13869
UM-HET3,C2006,UM,f,UM13876,Control,0,,dead,1,813,,,17.4,21.5,22.700001,,,C2006|UM13876
UM-HET3,C2006,UM,f,UM13883,Control,0,,dead,1,761,,,19.4,28.799999,35.200001,,,C2006|UM13883
UM-HET3,C2006,UM,f,UM13890,Control,0,,dead,1,830,,,20.299999,27.1,29.700001,,,C2006|UM13890
UM-HET3,C2006,UM,f,UM14240,Control,0,,dead,1,956,,,17.200001,23.9,29.299999,,,C2006|UM14240
UM-HET3,C2006,UM,f,UM14247,Control,0,,dead,1,1052,,,17.4,22.6,29.6,,,C2006|UM14247
UM-HET3,C2006,UM,f,UM14254,Control,0,,dead,1,774,,,14.5,22.1,24.700001,,,C2006|UM14254
UM-HET3,C2006,UM,f,UM14261,Control,0,,dead,1,719,,,17.1,23.5,27.200001,,,C2006|UM14261
UM-HET3,C2006,UM,f,UM14520,Control,0,,dead,1,891,,,18.200001,25.200001,32.299999,,,C2006|UM14520
UM-HET3,C2006,UM,f,UM14527,Control,0,,dead,1,710,,,20.0,28.799999,35.799999,,,C2006|UM14527
UM-HET3,C2006,UM,f,UM14534,Control,0,,dead,1,960,,,17.299999,24.1,28.799999,,,C2006|UM14534
UM-HET3,C2006,UM,f,UM14541,Control,0,,dead,1,895,,,19.5,29.299999,35.299999,,,C2006|UM14541
UM-HET3,C2006,UM,f,UM14611,Control,0,,dead,1,819,,,19.299999,26.1,33.700001,,,C2006|UM14611
UM-HET3,C2006,UM,f,UM14618,Control,0,,dead,1,878,,,19.5,26.4,36.799999,,,C2006|UM14618
UM-HET3,C2006,UM,f,UM14625,Control,0,,dead,1,511,,,17.1,25.1,31.700001,,,C2006|UM14625
UM-HET3,C2006,UM,f,UM14632,Control,0,,dead,1,564,,,20.299999,24.9,30.0,,,C2006|UM14632
UM-HET3,C2006,UM,f,UM14926,Control,0,,dead,1,795,,,18.200001,24.0,31.799999,,,C2006|UM14926
UM-HET3,C2006,UM,f,UM14933,Control,0,,dead,1,911,,,17.299999,23.6,,,,C2006|UM14933
UM-HET3,C2006,UM,f,UM14940,Control,0,,dead,1,788,,,16.6,24.4,28.5,,,C2006|UM14940
UM-HET3,C2006,UM,f,UM14947,Control,0,,dead,1,938,,,18.4,24.799999,30.299999,,,C2006|UM14947
UM-HET3,C2006,UM,f,UM15052,Control,0,,dead,1,514,,,20.0,28.1,34.099998,,,C2006|UM15052
UM-HET3,C2006,UM,f,UM15059,Control,0,,dead,1,862,,,19.200001,26.0,33.200001,,,C2006|UM15059
UM-HET3,C2006,UM,f,UM15066,Control,0,,removed,0,919,,,,,,,,C2006|UM15066
UM-HET3,C2006,UM,f,UM15073,Control,0,,dead,1,1035,,,20.1,28.9,38.200001,,,C2006|UM15073
UM-HET3,C2006,UM,f,UM15661,Control,0,,dead,1,1032,,,18.700001,26.6,29.200001,,,C2006|UM15661
UM-HET3,C2006,UM,f,UM15668,Control,0,,dead,1,1056,,,18.700001,27.799999,31.799999,,,C2006|UM15668
UM-HET3,C2006,UM,f,UM15675,Control,0,,dead,1,766,,,18.700001,27.4,30.200001,,,C2006|UM15675
UM-HET3,C2006,UM,f,UM15682,Control,0,,dead,1,1005,,,18.1,30.200001,30.6,,,C2006|UM15682
UM-HET3,C2006,UM,f,UM16142,Control,0,,dead,1,705,,,20.1,27.799999,35.299999,,,C2006|UM16142
UM-HET3,C2006,UM,f,UM16149,Control,0,,dead,1,929,,,19.700001,29.6,38.200001,,,C2006|UM16149
UM-HET3,C2006,UM,f,UM16156,Control,0,,dead,1,942,,,22.299999,31.700001,45.5,,,C2006|UM16156
UM-HET3,C2006,UM,f,UM16163,Control,0,,dead,1,851,,,19.9,29.700001,43.0,,,C2006|UM16163
UM-HET3,C2006,UM,f,UM16583,Control,0,,dead,1,1232,,,16.9,23.200001,24.700001,,,C2006|UM16583
UM-HET3,C2006,UM,f,UM16590,Control,0,,dead,1,1248,,,18.0,25.299999,30.4,,,C2006|UM16590
UM-HET3,C2006,UM,f,UM16597,Control,0,,dead,1,922,,,15.8,23.4,27.1,,,C2006|UM16597
UM-HET3,C2006,UM,f,UM16604,Control,0,,dead,1,432,,,18.9,27.0,31.700001,,,C2006|UM16604
UM-HET3,C2006,UM,f,UM17017,Control,0,,dead,1,843,,,15.6,22.9,25.0,,,C2006|UM17017
UM-HET3,C2006,UM,f,UM17024,Control,0,,dead,1,937,,,17.9,23.799999,26.9,,,C2006|UM17024
UM-HET3,C2006,UM,f,UM17031,Control,0,,dead,1,774,,,18.4,25.9,31.6,,,C2006|UM17031
UM-HET3,C2006,UM,f,UM17038,Control,0,,dead,1,825,,,18.1,25.9,29.200001,,,C2006|UM17038
UM-HET3,C2006,UM,f,UM17066,Control,0,,dead,1,961,,,16.799999,23.1,27.200001,,,C2006|UM17066
UM-HET3,C2006,UM,f,UM17073,Control,0,,dead,1,857,,,16.1,22.6,28.4,,,C2006|UM17073
UM-HET3,C2006,UM,f,UM17080,Control,0,,dead,1,1086,,,17.799999,23.200001,29.5,,,C2006|UM17080
UM-HET3,C2006,UM,f,UM17087,Control,0,,dead,1,815,,,17.700001,24.6,26.1,,,C2006|UM17087
UM-HET3,C2006,UM,f,UM17115,Control,0,,dead,1,1129,,,19.4,33.799999,38.0,,,C2006|UM17115
UM-HET3,C2006,UM,f,UM17122,Control,0,,dead,1,909,,,17.700001,24.4,29.4,,,C2006|UM17122
UM-HET3,C2006,UM,f,UM17129,Control,0,,dead,1,1110,,,17.4,24.5,32.0,,,C2006|UM17129
UM-HET3,C2006,UM,f,UM17136,Control,0,,dead,1,809,,,17.5,25.9,29.200001,,,C2006|UM17136
UM-HET3,C2006,UM,f,UM17402,Control,0,,dead,1,882,,,16.799999,25.1,30.1,,,C2006|UM17402
UM-HET3,C2006,UM,f,UM17409,Control,0,,dead,1,1079,,,18.0,27.299999,34.099998,,,C2006|UM17409
UM-HET3,C2006,UM,f,UM17416,Control,0,,dead,1,1011,,,17.0,28.1,32.799999,,,C2006|UM17416
UM-HET3,C2006,UM,f,UM17423,Control,0,,dead,1,905,,,15.2,21.9,25.299999,,,C2006|UM17423
UM-HET3,C2006,UM,f,UM17752,Control,0,,dead,1,1004,,,20.5,30.1,32.0,,,C2006|UM17752
UM-HET3,C2006,UM,f,UM17759,Control,0,,dead,1,935,,,17.5,27.4,33.599998,,,C2006|UM17759
UM-HET3,C2006,UM,f,UM17766,Control,0,,dead,1,698,,,18.0,22.6,27.200001,,,C2006|UM17766
UM-HET3,C2006,UM,f,UM17773,Control,0,,dead,1,828,,,16.9,24.6,27.1,,,C2006|UM17773
UM-HET3,C2006,UM,f,UM17948,Control,0,,dead,1,1005,,,20.700001,30.0,32.900002,,,C2006|UM17948
UM-HET3,C2006,UM,f,UM17955,Control,0,,dead,1,1005,,,19.0,27.9,31.6,,,C2006|UM17955
UM-HET3,C2006,UM,f,UM17962,Control,0,,dead,1,1001,,,18.1,28.200001,29.5,,,C2006|UM17962
UM-HET3,C2006,UM,f,UM17969,Control,0,,dead,1,423,,,18.200001,23.799999,26.6,,,C2006|UM17969
UM-HET3,C2006,UM,f,UM18067,Control,0,,dead,1,681,,,18.299999,26.200001,29.0,,,C2006|UM18067
UM-HET3,C2006,UM,f,UM18074,Control,0,,dead,1,968,,,16.0,25.6,29.700001,,,C2006|UM18074
UM-HET3,C2006,UM,f,UM18081,Control,0,,dead,1,1099,,,17.4,23.5,25.6,,,C2006|UM18081
UM-HET3,C2006,UM,f,UM18088,Control,0,,dead,1,504,,,16.4,25.299999,29.6,,,C2006|UM18088
UM-HET3,C2006,UM,f,UM18095,Control,0,,dead,1,923,,,19.1,29.200001,39.900002,,,C2006|UM18095
UM-HET3,C2006,UM,f,UM18102,Control,0,,dead,1,907,,,20.299999,29.1,34.400002,,,C2006|UM18102
UM-HET3,C2006,UM,f,UM18109,Control,0,,dead,1,640,,,17.6,24.299999,30.9,,,C2006|UM18109
UM-HET3,C2006,UM,f,UM18116,Control,0,,dead,1,880,,,17.5,25.299999,35.0,,,C2006|UM18116
UM-HET3,C2006,UM,f,UM18186,Control,0,,dead,1,1015,,,14.5,21.9,25.299999,,,C2006|UM18186
UM-HET3,C2006,UM,f,UM18193,Control,0,,dead,1,1069,,,18.799999,30.700001,32.0,,,C2006|UM18193
UM-HET3,C2006,UM,f,UM18200,Control,0,,dead,1,990,,,18.200001,23.9,29.299999,,,C2006|UM18200
UM-HET3,C2006,UM,f,UM18207,Control,0,,dead,1,966,,,16.1,23.299999,27.200001,,,C2006|UM18207
UM-HET3,C2006,UM,m,UM13365,Control,0,,dead,1,647,,,23.700001,42.5,52.099998,,,C2006|UM13365
UM-HET3,C2006,UM,m,UM13372,Control,0,,dead,1,708,,,21.9,34.799999,51.700001,,,C2006|UM13372
UM-HET3,C2006,UM,m,UM13379,Control,0,,dead,1,929,,,23.299999,44.299999,49.799999,,,C2006|UM13379
UM-HET3,C2006,UM,m,UM13477,Control,0,,dead,1,589,,,21.700001,30.6,36.299999,,,C2006|UM13477
UM-HET3,C2006,UM,m,UM13484,Control,0,,dead,1,1008,,,24.299999,41.400002,39.700001,,,C2006|UM13484
UM-HET3,C2006,UM,m,UM13491,Control,0,,dead,1,974,,,23.200001,30.700001,36.400002,,,C2006|UM13491
UM-HET3,C2006,UM,m,UM13631,Control,0,,dead,1,1196,,,21.799999,31.299999,34.0,,,C2006|UM13631
UM-HET3,C2006,UM,m,UM13638,Control,0,,dead,1,647,,,24.200001,33.900002,42.400002,,,C2006|UM13638
UM-HET3,C2006,UM,m,UM13645,Control,0,,dead,1,554,,,22.6,36.900002,42.099998,,,C2006|UM13645
UM-HET3,C2006,UM,m,UM13778,Control,0,,dead,1,561,,,25.5,41.599998,47.299999,,,C2006|UM13778
UM-HET3,C2006,UM,m,UM13785,Control,0,,dead,1,758,,,24.700001,35.700001,37.400002,,,C2006|UM13785
UM-HET3,C2006,UM,m,UM13792,Control,0,,dead,1,939,,,24.6,40.799999,44.099998,,,C2006|UM13792
UM-HET3,C2006,UM,m,UM13946,Control,0,,dead,1,670,,,24.1,33.200001,35.0,,,C2006|UM13946
UM-HET3,C2006,UM,m,UM13953,Control,0,,dead,1,846,,,24.799999,36.599998,40.900002,,,C2006|UM13953
UM-HET3,C2006,UM,m,UM13960,Control,0,,dead,1,914,,,24.200001,30.4,35.099998,,,C2006|UM13960
UM-HET3,C2006,UM,m,UM13967,Control,0,,dead,1,967,,,27.1,42.700001,48.299999,,,C2006|UM13967
UM-HET3,C2006,UM,m,UM13974,Control,0,,dead,1,1007,,,23.799999,36.5,42.0,,,C2006|UM13974
UM-HET3,C2006,UM,m,UM13981,Control,0,,dead,1,762,,,25.4,36.700001,45.5,,,C2006|UM13981
UM-HET3,C2006,UM,m,UM14198,Control,0,,dead,1,1146,,,22.700001,31.9,35.599998,,,C2006|UM14198
UM-HET3,C2006,UM,m,UM14205,Control,0,,dead,1,953,,,24.0,40.299999,53.200001,,,C2006|UM14205
UM-HET3,C2006,UM,m,UM14212,Control,0,,dead,1,669,,,21.299999,33.5,38.400002,,,C2006|UM14212
UM-HET3,C2006,UM,m,UM14268,Control,0,,dead,1,914,,,20.9,30.799999,33.799999,,,C2006|UM14268
UM-HET3,C2006,UM,m,UM14275,Control,0,,dead,1,634,,,22.200001,34.700001,34.5,,,C2006|UM14275
UM-HET3,C2006,UM,m,UM14282,Control,0,,dead,1,955,,,,31.4,33.599998,,,C2006|UM14282
UM-HET3,C2006,UM,m,UM14317,Control,0,,dead,1,716,,,23.9,35.299999,40.200001,,,C2006|UM14317
UM-HET3,C2006,UM,m,UM14324,Control,0,,dead,1,821,,,20.9,30.4,34.599998,,,C2006|UM14324
UM-HET3,C2006,UM,m,UM14331,Control,0,,dead,1,610,,,21.799999,32.799999,38.5,,,C2006|UM14331
UM-HET3,C2006,UM,m,UM14408,Control,0,,dead,1,810,,,22.299999,30.1,36.299999,,,C2006|UM14408
UM-HET3,C2006,UM,m,UM14415,Control,0,,dead,1,723,,,20.200001,32.099998,38.799999,,,C2006|UM14415
UM-HET3,C2006,UM,m,UM14422,Control,0,,dead,1,919,,,19.1,37.0,41.5,,,C2006|UM14422
UM-HET3,C2006,UM,m,UM14590,Control,0,,dead,1,1077,,,24.9,32.799999,35.900002,,,C2006|UM14590
UM-HET3,C2006,UM,m,UM14597,Control,0,,dead,1,906,,,21.4,29.0,32.900002,,,C2006|UM14597
UM-HET3,C2006,UM,m,UM14604,Control,0,,dead,1,927,,,26.6,38.0,38.599998,,,C2006|UM14604
UM-HET3,C2006,UM,m,UM14737,Control,0,,removed,0,759,,,,,,,,C2006|UM14737
UM-HET3,C2006,UM,m,UM14744,Control,0,,removed,0,759,,,,,,,,C2006|UM14744
UM-HET3,C2006,UM,m,UM14751,Control,0,,removed,0,759,,,,,,,,C2006|UM14751
UM-HET3,C2006,UM,m,UM14835,Control,0,,dead,1,727,,,22.9,35.599998,45.299999,,,C2006|UM14835
UM-HET3,C2006,UM,m,UM14842,Control,0,,dead,1,874,,,25.0,41.900002,48.5,,,C2006|UM14842
UM-HET3,C2006,UM,m,UM14849,Control,0,,dead,1,727,,,23.5,34.900002,43.700001,,,C2006|UM14849
UM-HET3,C2006,UM,m,UM14954,Control,0,,dead,1,921,,,20.299999,27.9,30.1,,,C2006|UM14954
UM-HET3,C2006,UM,m,UM14961,Control,0,,dead,1,797,,,24.6,35.799999,42.599998,,,C2006|UM14961
UM-HET3,C2006,UM,m,UM14968,Control,0,,dead,1,953,,,23.299999,34.400002,41.799999,,,C2006|UM14968
UM-HET3,C2006,UM,m,UM15199,Control,0,,dead,1,886,,,22.9,35.599998,43.0,,,C2006|UM15199
UM-HET3,C2006,UM,m,UM15206,Control,0,,dead,1,662,,,21.5,29.1,31.9,,,C2006|UM15206
UM-HET3,C2006,UM,m,UM15213,Control,0,,dead,1,1054,,,21.799999,29.299999,31.700001,,,C2006|UM15213
UM-HET3,C2006,UM,m,UM15332,Control,0,,dead,1,874,,,26.6,42.5,48.700001,,,C2006|UM15332
UM-HET3,C2006,UM,m,UM15339,Control,0,,dead,1,476,,,26.6,34.900002,45.099998,,,C2006|UM15339
UM-HET3,C2006,UM,m,UM15346,Control,0,,dead,1,467,,,27.200001,46.099998,51.599998,,,C2006|UM15346
UM-HET3,C2006,UM,m,UM15472,Control,0,,dead,1,839,,,24.200001,35.299999,41.299999,,,C2006|UM15472
UM-HET3,C2006,UM,m,UM15479,Control,0,,dead,1,800,,,21.0,32.400002,39.400002,,,C2006|UM15479
UM-HET3,C2006,UM,m,UM15486,Control,0,,dead,1,1070,,,21.299999,31.299999,39.0,,,C2006|UM15486
UM-HET3,C2006,UM,m,UM15710,Control,0,,dead,1,816,,,27.1,41.299999,45.599998,,,C2006|UM15710
UM-HET3,C2006,UM,m,UM15717,Control,0,,dead,1,968,,,24.299999,33.5,38.799999,,,C2006|UM15717
UM-HET3,C2006,UM,m,UM15724,Control,0,,dead,1,922,,,24.799999,40.5,42.799999,,,C2006|UM15724
UM-HET3,C2006,UM,m,UM15731,Control,0,,dead,1,1236,,,22.6,37.099998,42.200001,,,C2006|UM15731
UM-HET3,C2006,UM,m,UM15738,Control,0,,dead,1,1061,,,23.799999,33.799999,37.0,,,C2006|UM15738
UM-HET3,C2006,UM,m,UM15745,Control,0,,dead,1,693,,,22.1,33.700001,37.900002,,,C2006|UM15745
UM-HET3,C2006,UM,m,UM15773,Control,0,,dead,1,789,,,22.700001,35.5,41.799999,,,C2006|UM15773
UM-HET3,C2006,UM,m,UM15780,Control,0,,removed,0,731,,,,,,,,C2006|UM15780
UM-HET3,C2006,UM,m,UM15787,Control,0,,dead,1,724,,,24.799999,36.700001,39.799999,,,C2006|UM15787
UM-HET3,C2006,UM,m,UM15953,Control,0,,dead,1,820,,,20.5,29.1,34.599998,,,C2006|UM15953
UM-HET3,C2006,UM,m,UM15960,Control,0,,dead,1,393,,,22.1,31.1,34.700001,,,C2006|UM15960
UM-HET3,C2006,UM,m,UM15967,Control,0,,dead,1,1001,,,20.6,29.200001,33.299999,,,C2006|UM15967
UM-HET3,C2006,UM,m,UM15995,Control,0,,dead,1,851,,,24.6,33.099998,36.900002,,,C2006|UM15995
UM-HET3,C2006,UM,m,UM16002,Control,0,,dead,1,652,,,24.6,39.200001,46.200001,,,C2006|UM16002
UM-HET3,C2006,UM,m,UM16009,Control,0,,dead,1,955,,,24.1,34.799999,43.900002,,,C2006|UM16009
UM-HET3,C2006,UM,m,UM16345,Control,0,,dead,1,780,,,23.799999,32.900002,36.900002,,,C2006|UM16345
UM-HET3,C2006,UM,m,UM16352,Control,0,,dead,1,618,,,24.6,35.0,40.400002,,,C2006|UM16352
UM-HET3,C2006,UM,m,UM16359,Control,0,,dead,1,1268,,,23.5,33.400002,36.700001,,,C2006|UM16359
UM-HET3,C2006,UM,m,UM16366,Control,0,,dead,1,688,,,22.200001,30.6,34.200001,,,C2006|UM16366
UM-HET3,C2006,UM,m,UM16373,Control,0,,dead,1,439,,,27.4,36.700001,38.5,,,C2006|UM16373
UM-HET3,C2006,UM,m,UM16380,Control,0,,dead,1,869,,,24.700001,38.200001,44.200001,,,C2006|UM16380
UM-HET3,C2006,UM,m,UM16436,Control,0,,dead,1,728,,,24.0,32.599998,35.700001,,,C2006|UM16436
UM-HET3,C2006,UM,m,UM16443,Control,0,,dead,1,885,,,27.0,37.599998,39.0,,,C2006|UM16443
UM-HET3,C2006,UM,m,UM16450,Control,0,,dead,1,933,,,24.200001,32.299999,33.599998,,,C2006|UM16450
UM-HET3,C2006,UM,m,UM16828,Control,0,,dead,1,695,,,20.4,31.1,33.200001,,,C2006|UM16828
UM-HET3,C2006,UM,m,UM16835,Control,0,,dead,1,979,,,20.700001,30.9,34.0,,,C2006|UM16835
UM-HET3,C2006,UM,m,UM16842,Control,0,,dead,1,1100,,,21.9,31.0,35.5,,,C2006|UM16842
UM-HET3,C2006,UM,m,UM17045,Control,0,,dead,1,950,,,24.700001,34.700001,38.5,,,C2006|UM17045
UM-HET3,C2006,UM,m,UM17052,Control,0,,dead,1,711,,,21.299999,31.799999,36.5,,,C2006|UM17052
UM-HET3,C2006,UM,m,UM17059,Control,0,,dead,1,781,,,22.9,37.299999,42.099998,,,C2006|UM17059
UM-HET3,C2006,UM,m,UM17241,Control,0,,dead,1,850,,,24.6,35.700001,43.0,,,C2006|UM17241
UM-HET3,C2006,UM,m,UM17248,Control,0,,dead,1,1065,,,23.299999,34.299999,40.099998,,,C2006|UM17248
UM-HET3,C2006,UM,m,UM17255,Control,0,,dead,1,1162,,,23.9,33.799999,40.799999,,,C2006|UM17255
UM-HET3,C2006,UM,m,UM17262,Control,0,,dead,1,622,,,20.6,30.1,32.200001,,,C2006|UM17262
UM-HET3,C2006,UM,m,UM17269,Control,0,,dead,1,616,,,23.1,31.4,33.900002,,,C2006|UM17269
UM-HET3,C2006,UM,m,UM17276,Control,0,,dead,1,1019,,,22.200001,33.599998,39.700001,,,C2006|UM17276
UM-HET3,C2006,UM,m,UM17283,Control,0,,dead,1,1064,,,21.4,30.4,34.900002,,,C2006|UM17283
UM-HET3,C2006,UM,m,UM17290,Control,0,,dead,1,1013,,,20.200001,30.200001,32.200001,,,C2006|UM17290
UM-HET3,C2006,UM,m,UM17297,Control,0,,dead,1,1097,,,21.799999,31.299999,35.0,,,C2006|UM17297
UM-HET3,C2006,UM,m,UM17353,Control,0,,dead,1,928,,,21.9,32.099998,35.0,,,C2006|UM17353
UM-HET3,C2006,UM,m,UM17360,Control,0,,dead,1,826,,,22.1,31.0,32.900002,,,C2006|UM17360
UM-HET3,C2006,UM,m,UM17367,Control,0,,dead,1,796,,,21.6,39.200001,42.299999,,,C2006|UM17367
UM-HET3,C2006,UM,m,UM17430,Control,0,,dead,1,450,,,23.6,37.0,43.599998,,,C2006|UM17430
UM-HET3,C2006,UM,m,UM17437,Control,0,,dead,1,1043,,,21.6,30.5,31.6,,,C2006|UM17437
UM-HET3,C2006,UM,m,UM17444,Control,0,,dead,1,1065,,,21.299999,36.0,40.400002,,,C2006|UM17444
UM-HET3,C2006,UM,m,UM17472,Control,0,,dead,1,954,,,25.5,33.400002,37.200001,,,C2006|UM17472
UM-HET3,C2006,UM,m,UM17479,Control,0,,dead,1,418,,,24.799999,40.200001,46.599998,,,C2006|UM17479
UM-HET3,C2006,UM,m,UM17486,Control,0,,dead,1,663,,,21.299999,34.299999,40.0,,,C2006|UM17486
UM-HET3,C2006,UM,m,UM17731,Control,0,,dead,1,1096,,,22.5,30.799999,36.599998,,,C2006|UM17731
UM-HET3,C2006,UM,m,UM17738,Control,0,,dead,1,747,,,23.5,36.099998,41.799999,,,C2006|UM17738
UM-HET3,C2006,UM,m,UM17745,Control,0,,dead,1,505,,,20.5,32.0,36.599998,,,C2006|UM17745
UM-HET3,C2006,UM,m,UM17850,Control,0,,dead,1,962,,,22.700001,31.9,34.099998,,,C2006|UM17850
UM-HET3,C2006,UM,m,UM17857,Control,0,,dead,1,672,,,22.6,38.299999,42.5,,,C2006|UM17857
UM-HET3,C2006,UM,m,UM17864,Control,0,,dead,1,1092,,,21.6,32.099998,34.799999,,,C2006|UM17864
UM-HET3,C2006,UM,m,UM17976,Control,0,,dead,1,837,,,19.6,31.200001,33.400002,,,C2006|UM17976
UM-HET3,C2006,UM,m,UM17983,Control,0,,dead,1,1061,,,20.5,32.299999,36.900002,,,C2006|UM17983
UM-HET3,C2006,UM,m,UM17990,Control,0,,dead,1,1085,,,19.6,28.0,30.1,,,C2006|UM17990
UM-HET3,C2006,UM,m,UM18165,Control,0,,dead,1,974,,,19.0,31.700001,34.299999,,,C2006|UM18165
UM-HET3,C2006,UM,m,UM18172,Control,0,,dead,1,701,,,20.200001,32.200001,38.299999,,,C2006|UM18172
UM-HET3,C2006,UM,m,UM18179,Control,0,,dead,1,1050,,,20.799999,31.6,33.099998,,,C2006|UM18179
UM-HET3,C2006,UT,f,UT1927,Control,0,,removed,0,929,,,,,,,,C2006|UT1927
UM-HET3,C2006,UT,f,UT1928,Control,0,,dead,1,474,,,,,,,,C2006|UT1928
UM-HET3,C2006,UT,f,UT1929,Control,0,,removed,0,929,,,,,,,,C2006|UT1929
UM-HET3,C2006,UT,f,UT1930,Control,0,,removed,0,929,,,,,,,,C2006|UT1930
UM-HET3,C2006,UT,f,UT1944,Control,0,,dead,1,791,,,,,,,,C2006|UT1944
UM-HET3,C2006,UT,f,UT1945,Control,0,,dead,1,980,,,,,,,,C2006|UT1945
UM-HET3,C2006,UT,f,UT1946,Control,0,,dead,1,1064,,,,,,,,C2006|UT1946
UM-HET3,C2006,UT,f,UT1947,Control,0,,dead,1,1185,,,,,,,,C2006|UT1947
UM-HET3,C2006,UT,f,UT2054,Control,0,,dead,1,519,,,,,,,,C2006|UT2054
UM-HET3,C2006,UT,f,UT2055,Control,0,,removed,0,918,,,,,,,,C2006|UT2055
UM-HET3,C2006,UT,f,UT2056,Control,0,,dead,1,777,,,,,,,,C2006|UT2056
UM-HET3,C2006,UT,f,UT2057,Control,0,,dead,1,889,,,,,,,,C2006|UT2057
UM-HET3,C2006,UT,f,UT2082,Control,0,,removed,0,902,,,,,,,,C2006|UT2082
UM-HET3,C2006,UT,f,UT2083,Control,0,,dead,1,714,,,,,,,,C2006|UT2083
UM-HET3,C2006,UT,f,UT2084,Control,0,,dead,1,773,,,,,,,,C2006|UT2084
UM-HET3,C2006,UT,f,UT2085,Control,0,,dead,1,844,,,,,,,,C2006|UT2085
UM-HET3,C2006,UT,f,UT2110,Control,0,,dead,1,533,,,,,,,,C2006|UT2110
UM-HET3,C2006,UT,f,UT2111,Control,0,,dead,1,720,,,,,,,,C2006|UT2111
UM-HET3,C2006,UT,f,UT2112,Control,0,,dead,1,509,,,,,,,,C2006|UT2112
UM-HET3,C2006,UT,f,UT2113,Control,0,,dead,1,902,,,,,,,,C2006|UT2113
UM-HET3,C2006,UT,f,UT2117,Control,0,,dead,1,794,,,,,,,,C2006|UT2117
UM-HET3,C2006,UT,f,UT2118,Control,0,,dead,1,909,,,,,,,,C2006|UT2118
UM-HET3,C2006,UT,f,UT2119,Control,0,,dead,1,781,,,,,,,,C2006|UT2119
UM-HET3,C2006,UT,f,UT2120,Control,0,,dead,1,737,,,,,,,,C2006|UT2120
UM-HET3,C2006,UT,f,UT2179,Control,0,,dead,1,943,,,,,,,,C2006|UT2179
UM-HET3,C2006,UT,f,UT2180,Control,0,,dead,1,886,,,,,,,,C2006|UT2180
UM-HET3,C2006,UT,f,UT2181,Control,0,,dead,1,819,,,,,,,,C2006|UT2181
UM-HET3,C2006,UT,f,UT2182,Control,0,,dead,1,846,,,,,,,,C2006|UT2182
UM-HET3,C2006,UT,f,UT2243,Control,0,,removed,0,872,,,,,,,,C2006|UT2243
UM-HET3,C2006,UT,f,UT2244,Control,0,,dead,1,761,,,,,,,,C2006|UT2244
UM-HET3,C2006,UT,f,UT2245,Control,0,,dead,1,615,,,,,,,,C2006|UT2245
UM-HET3,C2006,UT,f,UT2246,Control,0,,dead,1,802,,,,,,,,C2006|UT2246
UM-HET3,C2006,UT,f,UT2257,Control,0,,dead,1,1057,,,,,,,,C2006|UT2257
UM-HET3,C2006,UT,f,UT2258,Control,0,,dead,1,891,,,,,,,,C2006|UT2258
UM-HET3,C2006,UT,f,UT2259,Control,0,,dead,1,592,,,,,,,,C2006|UT2259
UM-HET3,C2006,UT,f,UT2260,Control,0,,dead,1,970,,,,,,,,C2006|UT2260
UM-HET3,C2006,UT,f,UT2277,Control,0,,dead,1,835,,,,,,,,C2006|UT2277
UM-HET3,C2006,UT,f,UT2278,Control,0,,dead,1,901,,,,,,,,C2006|UT2278
UM-HET3,C2006,UT,f,UT2279,Control,0,,dead,1,700,,,,,,,,C2006|UT2279
UM-HET3,C2006,UT,f,UT2280,Control,0,,dead,1,715,,,,,,,,C2006|UT2280
UM-HET3,C2006,UT,f,UT2389,Control,0,,dead,1,1105,,,,,,,,C2006|UT2389
UM-HET3,C2006,UT,f,UT2390,Control,0,,dead,1,905,,,,,,,,C2006|UT2390
UM-HET3,C2006,UT,f,UT2391,Control,0,,dead,1,762,,,,,,,,C2006|UT2391
UM-HET3,C2006,UT,f,UT2392,Control,0,,dead,1,865,,,,,,,,C2006|UT2392
UM-HET3,C2006,UT,f,UT2416,Control,0,,dead,1,748,,,,,,,,C2006|UT2416
UM-HET3,C2006,UT,f,UT2417,Control,0,,dead,1,958,,,,,,,,C2006|UT2417
UM-HET3,C2006,UT,f,UT2418,Control,0,,dead,1,774,,,,,,,,C2006|UT2418
UM-HET3,C2006,UT,f,UT2419,Control,0,,dead,1,701,,,,,,,,C2006|UT2419
UM-HET3,C2006,UT,f,UT2439,Control,0,,dead,1,657,,,,,,,,C2006|UT2439
UM-HET3,C2006,UT,f,UT2440,Control,0,,dead,1,1192,,,,,,,,C2006|UT2440
UM-HET3,C2006,UT,f,UT2441,Control,0,,dead,1,966,,,,,,,,C2006|UT2441
UM-HET3,C2006,UT,f,UT2442,Control,0,,dead,1,1156,,,,,,,,C2006|UT2442
UM-HET3,C2006,UT,f,UT2481,Control,0,,dead,1,1135,,,,,,,,C2006|UT2481
UM-HET3,C2006,UT,f,UT2482,Control,0,,dead,1,939,,,,,,,,C2006|UT2482
UM-HET3,C2006,UT,f,UT2483,Control,0,,dead,1,886,,,,,,,,C2006|UT2483
UM-HET3,C2006,UT,f,UT2484,Control,0,,dead,1,906,,,,,,,,C2006|UT2484
UM-HET3,C2006,UT,f,UT2512,Control,0,,dead,1,725,,,,,,,,C2006|UT2512
UM-HET3,C2006,UT,f,UT2513,Control,0,,dead,1,683,,,,,,,,C2006|UT2513
UM-HET3,C2006,UT,f,UT2514,Control,0,,dead,1,964,,,,,,,,C2006|UT2514
UM-HET3,C2006,UT,f,UT2515,Control,0,,dead,1,999,,,,,,,,C2006|UT2515
UM-HET3,C2006,UT,f,UT2559,Control,0,,dead,1,785,,,,,,,,C2006|UT2559
UM-HET3,C2006,UT,f,UT2560,Control,0,,dead,1,807,,,,,,,,C2006|UT2560
UM-HET3,C2006,UT,f,UT2561,Control,0,,dead,1,812,,,,,,,,C2006|UT2561
UM-HET3,C2006,UT,f,UT2562,Control,0,,dead,1,752,,,,,,,,C2006|UT2562
UM-HET3,C2006,UT,f,UT2588,Control,0,,dead,1,842,,,,,,,,C2006|UT2588
UM-HET3,C2006,UT,f,UT2589,Control,0,,dead,1,900,,,,,,,,C2006|UT2589
UM-HET3,C2006,UT,f,UT2590,Control,0,,dead,1,1059,,,,,,,,C2006|UT2590
UM-HET3,C2006,UT,f,UT2591,Control,0,,dead,1,1157,,,,,,,,C2006|UT2591
UM-HET3,C2006,UT,f,UT2611,Control,0,,dead,1,1010,,,,,,,,C2006|UT2611
UM-HET3,C2006,UT,f,UT2612,Control,0,,dead,1,948,,,,,,,,C2006|UT2612
UM-HET3,C2006,UT,f,UT2613,Control,0,,dead,1,978,,,,,,,,C2006|UT2613
UM-HET3,C2006,UT,f,UT2614,Control,0,,dead,1,889,,,,,,,,C2006|UT2614
UM-HET3,C2006,UT,f,UT2625,Control,0,,dead,1,759,,,,,,,,C2006|UT2625
UM-HET3,C2006,UT,f,UT2626,Control,0,,dead,1,800,,,,,,,,C2006|UT2626
UM-HET3,C2006,UT,f,UT2627,Control,0,,dead,1,938,,,,,,,,C2006|UT2627
UM-HET3,C2006,UT,f,UT2628,Control,0,,dead,1,838,,,,,,,,C2006|UT2628
UM-HET3,C2006,UT,f,UT2632,Control,0,,dead,1,943,,,,,,,,C2006|UT2632
UM-HET3,C2006,UT,f,UT2633,Control,0,,dead,1,1105,,,,,,,,C2006|UT2633
UM-HET3,C2006,UT,f,UT2634,Control,0,,dead,1,982,,,,,,,,C2006|UT2634
UM-HET3,C2006,UT,f,UT2635,Control,0,,dead,1,1125,,,,,,,,C2006|UT2635
UM-HET3,C2006,UT,f,UT2650,Control,0,,dead,1,664,,,,,,,,C2006|UT2650
UM-HET3,C2006,UT,f,UT2651,Control,0,,dead,1,1118,,,,,,,,C2006|UT2651
UM-HET3,C2006,UT,f,UT2652,Control,0,,dead,1,810,,,,,,,,C2006|UT2652
UM-HET3,C2006,UT,f,UT2653,Control,0,,dead,1,608,,,,,,,,C2006|UT2653
UM-HET3,C2006,UT,f,UT2654,Control,0,,dead,1,661,,,,,,,,C2006|UT2654
UM-HET3,C2006,UT,f,UT2655,Control,0,,dead,1,601,,,,,,,,C2006|UT2655
UM-HET3,C2006,UT,f,UT2656,Control,0,,dead,1,741,,,,,,,,C2006|UT2656
UM-HET3,C2006,UT,f,UT2657,Control,0,,dead,1,1058,,,,,,,,C2006|UT2657
UM-HET3,C2006,UT,m,UT1855,Control,0,,dead,1,842,,,,,,,,C2006|UT1855
UM-HET3,C2006,UT,m,UT1856,Control,0,,dead,1,677,,,,,,,,C2006|UT1856
UM-HET3,C2006,UT,m,UT1857,Control,0,,dead,1,1005,,,,,,,,C2006|UT1857
UM-HET3,C2006,UT,m,UT1858,Control,0,,dead,1,1136,,,,,,,,C2006|UT1858
UM-HET3,C2006,UT,m,UT1859,Control,0,,dead,1,800,,,,,,,,C2006|UT1859
UM-HET3,C2006,UT,m,UT1860,Control,0,,dead,1,733,,,,,,,,C2006|UT1860
UM-HET3,C2006,UT,m,UT1901,Control,0,,dead,1,521,,,,,,,,C2006|UT1901
UM-HET3,C2006,UT,m,UT1902,Control,0,,dead,1,893,,,,,,,,C2006|UT1902
UM-HET3,C2006,UT,m,UT1903,Control,0,,dead,1,939,,,,,,,,C2006|UT1903
UM-HET3,C2006,UT,m,UT1921,Control,0,,removed,0,930,,,,,,,,C2006|UT1921
UM-HET3,C2006,UT,m,UT1922,Control,0,,dead,1,542,,,,,,,,C2006|UT1922
UM-HET3,C2006,UT,m,UT1923,Control,0,,dead,1,888,,,,,,,,C2006|UT1923
UM-HET3,C2006,UT,m,UT1924,Control,0,,dead,1,569,,,,,,,,C2006|UT1924
UM-HET3,C2006,UT,m,UT1925,Control,0,,dead,1,696,,,,,,,,C2006|UT1925
UM-HET3,C2006,UT,m,UT1926,Control,0,,removed,0,928,,,,,,,,C2006|UT1926
UM-HET3,C2006,UT,m,UT1941,Control,0,,dead,1,866,,,,,,,,C2006|UT1941
UM-HET3,C2006,UT,m,UT1942,Control,0,,dead,1,1032,,,,,,,,C2006|UT1942
UM-HET3,C2006,UT,m,UT1943,Control,0,,dead,1,866,,,,,,,,C2006|UT1943
UM-HET3,C2006,UT,m,UT1948,Control,0,,removed,0,927,,,,,,,,C2006|UT1948
UM-HET3,C2006,UT,m,UT1949,Control,0,,dead,1,393,,,,,,,,C2006|UT1949
UM-HET3,C2006,UT,m,UT1950,Control,0,,dead,1,925,,,,,,,,C2006|UT1950
UM-HET3,C2006,UT,m,UT1957,Control,0,,dead,1,918,,,,,,,,C2006|UT1957
UM-HET3,C2006,UT,m,UT1958,Control,0,,dead,1,1173,,,,,,,,C2006|UT1958
UM-HET3,C2006,UT,m,UT1959,Control,0,,dead,1,520,,,,,,,,C2006|UT1959
UM-HET3,C2006,UT,m,UT1970,Control,0,,dead,1,639,,,,,,,,C2006|UT1970
UM-HET3,C2006,UT,m,UT1971,Control,0,,dead,1,884,,,,,,,,C2006|UT1971
UM-HET3,C2006,UT,m,UT1972,Control,0,,dead,1,892,,,,,,,,C2006|UT1972
UM-HET3,C2006,UT,m,UT1973,Control,0,,dead,1,976,,,,,,,,C2006|UT1973
UM-HET3,C2006,UT,m,UT1974,Control,0,,dead,1,425,,,,,,,,C2006|UT1974
UM-HET3,C2006,UT,m,UT1975,Control,0,,dead,1,834,,,,,,,,C2006|UT1975
UM-HET3,C2006,UT,m,UT1992,Control,0,,dead,1,854,,,,,,,,C2006|UT1992
UM-HET3,C2006,UT,m,UT1993,Control,0,,dead,1,503,,,,,,,,C2006|UT1993
UM-HET3,C2006,UT,m,UT1994,Control,0,,dead,1,1137,,,,,,,,C2006|UT1994
UM-HET3,C2006,UT,m,UT2031,Control,0,,dead,1,859,,,,,,,,C2006|UT2031
UM-HET3,C2006,UT,m,UT2032,Control,0,,dead,1,957,,,,,,,,C2006|UT2032
UM-HET3,C2006,UT,m,UT2033,Control,0,,dead,1,766,,,,,,,,C2006|UT2033
UM-HET3,C2006,UT,m,UT2051,Control,0,,dead,1,1212,,,,,,,,C2006|UT2051
UM-HET3,C2006,UT,m,UT2052,Control,0,,dead,1,496,,,,,,,,C2006|UT2052
UM-HET3,C2006,UT,m,UT2053,Control,0,,dead,1,1123,,,,,,,,C2006|UT2053
UM-HET3,C2006,UT,m,UT2058,Control,0,,dead,1,1002,,,,,,,,C2006|UT2058
UM-HET3,C2006,UT,m,UT2059,Control,0,,dead,1,672,,,,,,,,C2006|UT2059
UM-HET3,C2006,UT,m,UT2060,Control,0,,dead,1,1153,,,,,,,,C2006|UT2060
UM-HET3,C2006,UT,m,UT2072,Control,0,,dead,1,782,,,,,,,,C2006|UT2072
UM-HET3,C2006,UT,m,UT2073,Control,0,,dead,1,747,,,,,,,,C2006|UT2073
UM-HET3,C2006,UT,m,UT2074,Control,0,,dead,1,876,,,,,,,,C2006|UT2074
UM-HET3,C2006,UT,m,UT2086,Control,0,,dead,1,762,,,,,,,,C2006|UT2086
UM-HET3,C2006,UT,m,UT2087,Control,0,,dead,1,949,,,,,,,,C2006|UT2087
UM-HET3,C2006,UT,m,UT2088,Control,0,,dead,1,924,,,,,,,,C2006|UT2088
UM-HET3,C2006,UT,m,UT2089,Control,0,,dead,1,488,,,,,,,,C2006|UT2089
UM-HET3,C2006,UT,m,UT2090,Control,0,,dead,1,364,,,,,,,,C2006|UT2090
UM-HET3,C2006,UT,m,UT2091,Control,0,,dead,1,941,,,,,,,,C2006|UT2091
UM-HET3,C2006,UT,m,UT2114,Control,0,,dead,1,882,,,,,,,,C2006|UT2114
UM-HET3,C2006,UT,m,UT2115,Control,0,,removed,0,897,,,,,,,,C2006|UT2115
UM-HET3,C2006,UT,m,UT2116,Control,0,,removed,0,897,,,,,,,,C2006|UT2116
UM-HET3,C2006,UT,m,UT2142,Control,0,,dead,1,831,,,,,,,,C2006|UT2142
UM-HET3,C2006,UT,m,UT2143,Control,0,,dead,1,561,,,,,,,,C2006|UT2143
UM-HET3,C2006,UT,m,UT2144,Control,0,,dead,1,792,,,,,,,,C2006|UT2144
UM-HET3,C2006,UT,m,UT2166,Control,0,,dead,1,375,,,,,,,,C2006|UT2166
UM-HET3,C2006,UT,m,UT2167,Control,0,,dead,1,990,,,,,,,,C2006|UT2167
UM-HET3,C2006,UT,m,UT2168,Control,0,,dead,1,209,,,,,,,,C2006|UT2168
UM-HET3,C2006,UT,m,UT2173,Control,0,,dead,1,794,,,,,,,,C2006|UT2173
UM-HET3,C2006,UT,m,UT2174,Control,0,,dead,1,832,,,,,,,,C2006|UT2174
UM-HET3,C2006,UT,m,UT2175,Control,0,,dead,1,647,,,,,,,,C2006|UT2175
UM-HET3,C2006,UT,m,UT2186,Control,0,,dead,1,935,,,,,,,,C2006|UT2186
UM-HET3,C2006,UT,m,UT2187,Control,0,,dead,1,1060,,,,,,,,C2006|UT2187
UM-HET3,C2006,UT,m,UT2188,Control,0,,dead,1,728,,,,,,,,C2006|UT2188
UM-HET3,C2006,UT,m,UT2214,Control,0,,dead,1,742,,,,,,,,C2006|UT2214
UM-HET3,C2006,UT,m,UT2215,Control,0,,dead,1,677,,,,,,,,C2006|UT2215
UM-HET3,C2006,UT,m,UT2216,Control,0,,dead,1,889,,,,,,,,C2006|UT2216
UM-HET3,C2006,UT,m,UT2281,Control,0,,dead,1,780,,,,,,,,C2006|UT2281
UM-HET3,C2006,UT,m,UT2282,Control,0,,dead,1,933,,,,,,,,C2006|UT2282
UM-HET3,C2006,UT,m,UT2283,Control,0,,dead,1,351,,,,,,,,C2006|UT2283
UM-HET3,C2006,UT,m,UT2291,Control,0,,dead,1,464,,,,,,,,C2006|UT2291
UM-HET3,C2006,UT,m,UT2292,Control,0,,dead,1,980,,,,,,,,C2006|UT2292
UM-HET3,C2006,UT,m,UT2293,Control,0,,dead,1,749,,,,,,,,C2006|UT2293
UM-HET3,C2006,UT,m,UT2301,Control,0,,dead,1,910,,,,,,,,C2006|UT2301
UM-HET3,C2006,UT,m,UT2302,Control,0,,dead,1,244,,,,,,,,C2006|UT2302
UM-HET3,C2006,UT,m,UT2303,Control,0,,dead,1,568,,,,,,,,C2006|UT2303
UM-HET3,C2006,UT,m,UT2311,Control,0,,dead,1,927,,,,,,,,C2006|UT2311
UM-HET3,C2006,UT,m,UT2312,Control,0,,dead,1,1022,,,,,,,,C2006|UT2312
UM-HET3,C2006,UT,m,UT2313,Control,0,,dead,1,826,,,,,,,,C2006|UT2313
UM-HET3,C2006,UT,m,UT2331,Control,0,,dead,1,860,,,,,,,,C2006|UT2331
UM-HET3,C2006,UT,m,UT2332,Control,0,,dead,1,673,,,,,,,,C2006|UT2332
UM-HET3,C2006,UT,m,UT2333,Control,0,,dead,1,870,,,,,,,,C2006|UT2333
UM-HET3,C2006,UT,m,UT2379,Control,0,,dead,1,705,,,,,,,,C2006|UT2379
UM-HET3,C2006,UT,m,UT2380,Control,0,,dead,1,1005,,,,,,,,C2006|UT2380
UM-HET3,C2006,UT,m,UT2381,Control,0,,dead,1,932,,,,,,,,C2006|UT2381
UM-HET3,C2006,UT,m,UT2386,Control,0,,dead,1,567,,,,,,,,C2006|UT2386
UM-HET3,C2006,UT,m,UT2387,Control,0,,dead,1,577,,,,,,,,C2006|UT2387
UM-HET3,C2006,UT,m,UT2388,Control,0,,dead,1,1140,,,,,,,,C2006|UT2388
UM-HET3,C2006,UT,m,UT2403,Control,0,,dead,1,569,,,,,,,,C2006|UT2403
UM-HET3,C2006,UT,m,UT2404,Control,0,,dead,1,704,,,,,,,,C2006|UT2404
UM-HET3,C2006,UT,m,UT2405,Control,0,,dead,1,1102,,,,,,,,C2006|UT2405
UM-HET3,C2006,UT,m,UT2420,Control,0,,dead,1,586,,,,,,,,C2006|UT2420
UM-HET3,C2006,UT,m,UT2421,Control,0,,dead,1,639,,,,,,,,C2006|UT2421
UM-HET3,C2006,UT,m,UT2422,Control,0,,dead,1,624,,,,,,,,C2006|UT2422
UM-HET3,C2006,UT,m,UT2433,Control,0,,dead,1,425,,,,,,,,C2006|UT2433
UM-HET3,C2006,UT,m,UT2434,Control,0,,dead,1,261,,,,,,,,C2006|UT2434
UM-HET3,C2006,UT,m,UT2435,Control,0,,dead,1,1003,,,,,,,,C2006|UT2435
UM-HET3,C2006,UT,m,UT2436,Control,0,,dead,1,725,,,,,,,,C2006|UT2436
UM-HET3,C2006,UT,m,UT2437,Control,0,,dead,1,1021,,,,,,,,C2006|UT2437
UM-HET3,C2006,UT,m,UT2438,Control,0,,dead,1,420,,,,,,,,C2006|UT2438
UM-HET3,C2006,UT,m,UT2443,Control,0,,dead,1,724,,,,,,,,C2006|UT2443
UM-HET3,C2006,UT,m,UT2444,Control,0,,dead,1,425,,,,,,,,C2006|UT2444
UM-HET3,C2006,UT,m,UT2445,Control,0,,dead,1,850,,,,,,,,C2006|UT2445
UM-HET3,C2006,UT,m,UT2622,Control,0,,dead,1,606,,,,,,,,C2006|UT2622
UM-HET3,C2006,UT,m,UT2623,Control,0,,dead,1,1053,,,,,,,,C2006|UT2623
UM-HET3,C2006,UT,m,UT2624,Control,0,,dead,1,469,,,,,,,,C2006|UT2624
UM-HET3,C2006,UT,m,UT2629,Control,0,,dead,1,982,,,,,,,,C2006|UT2629
UM-HET3,C2006,UT,m,UT2630,Control,0,,dead,1,468,,,,,,,,C2006|UT2630
UM-HET3,C2006,UT,m,UT2631,Control,0,,dead,1,1125,,,,,,,,C2006|UT2631
UM-HET3,C2007,TJL,f,JL03034,Control,0,,dead,1,979,,,,43.0,53.0,,,C2007|JL03034
UM-HET3,C2007,TJL,f,JL03035,Control,0,,dead,1,832,,,,31.0,43.0,,,C2007|JL03035
UM-HET3,C2007,TJL,f,JL03036,Control,0,,dead,1,1133,,,,32.0,39.0,,,C2007|JL03036
UM-HET3,C2007,TJL,f,JL03037,Control,0,,dead,1,938,,,,25.0,35.0,,,C2007|JL03037
UM-HET3,C2007,TJL,f,JL03041,Control,0,,dead,1,1252,,,,30.0,49.0,,,C2007|JL03041
UM-HET3,C2007,TJL,f,JL03042,Control,0,,dead,1,736,,,,34.0,53.0,,,C2007|JL03042
UM-HET3,C2007,TJL,f,JL03043,Control,0,,dead,1,1021,,,,37.0,35.0,,,C2007|JL03043
UM-HET3,C2007,TJL,f,JL03044,Control,0,,dead,1,443,,,,35.0,49.0,,,C2007|JL03044
UM-HET3,C2007,TJL,f,JL03052,Control,0,,dead,1,1078,,,,28.0,33.0,,,C2007|JL03052
UM-HET3,C2007,TJL,f,JL03053,Control,0,,dead,1,1025,,,,30.0,41.0,,,C2007|JL03053
UM-HET3,C2007,TJL,f,JL03054,Control,0,,dead,1,878,,,,38.0,53.0,,,C2007|JL03054
UM-HET3,C2007,TJL,f,JL03055,Control,0,,dead,1,732,,,,25.0,31.0,,,C2007|JL03055
UM-HET3,C2007,TJL,f,JL03082,Control,0,,dead,1,745,,,,34.0,53.0,,,C2007|JL03082
UM-HET3,C2007,TJL,f,JL03083,Control,0,,dead,1,903,,,,25.0,37.0,,,C2007|JL03083
UM-HET3,C2007,TJL,f,JL03084,Control,0,,dead,1,930,,,,32.0,47.0,,,C2007|JL03084
UM-HET3,C2007,TJL,f,JL03085,Control,0,,dead,1,656,,,,36.0,54.0,,,C2007|JL03085
UM-HET3,C2007,TJL,f,JL03113,Control,0,,dead,1,991,,,,42.0,56.0,,,C2007|JL03113
UM-HET3,C2007,TJL,f,JL03114,Control,0,,dead,1,818,,,,35.0,54.0,,,C2007|JL03114
UM-HET3,C2007,TJL,f,JL03115,Control,0,,dead,1,768,,,,31.0,39.0,,,C2007|JL03115
UM-HET3,C2007,TJL,f,JL03116,Control,0,,dead,1,973,,,,35.0,50.0,,,C2007|JL03116
UM-HET3,C2007,TJL,f,JL03117,Control,0,,dead,1,1340,,,,23.0,42.0,,,C2007|JL03117
UM-HET3,C2007,TJL,f,JL03118,Control,0,,dead,1,1200,,,,24.0,30.0,,,C2007|JL03118
UM-HET3,C2007,TJL,f,JL03119,Control,0,,dead,1,1099,,,,24.0,32.0,,,C2007|JL03119
UM-HET3,C2007,TJL,f,JL03120,Control,0,,dead,1,754,,,,35.0,50.0,,,C2007|JL03120
UM-HET3,C2007,TJL,f,JL03173,Control,0,,removed,0,832,,,,,,,,C2007|JL03173
UM-HET3,C2007,TJL,f,JL03175,Control,0,,removed,0,882,,,,,,,,C2007|JL03175
UM-HET3,C2007,TJL,f,JL03185,Control,0,,dead,1,608,,,,43.0,52.0,,,C2007|JL03185
UM-HET3,C2007,TJL,f,JL03186,Control,0,,dead,1,753,,,,38.0,59.0,,,C2007|JL03186
UM-HET3,C2007,TJL,f,JL03187,Control,0,,dead,1,691,,,,36.0,53.0,,,C2007|JL03187
UM-HET3,C2007,TJL,f,JL03188,Control,0,,dead,1,705,,,,31.0,48.0,,,C2007|JL03188
UM-HET3,C2007,TJL,f,JL03205,Control,0,,dead,1,794,,,,21.0,23.0,,,C2007|JL03205
UM-HET3,C2007,TJL,f,JL03206,Control,0,,dead,1,578,,,,26.0,43.0,,,C2007|JL03206
UM-HET3,C2007,TJL,f,JL03207,Control,0,,dead,1,1111,,,,29.0,42.0,,,C2007|JL03207
UM-HET3,C2007,TJL,f,JL03208,Control,0,,dead,1,780,,,,24.0,28.0,,,C2007|JL03208
UM-HET3,C2007,TJL,f,JL03209,Control,0,,dead,1,1081,,,,23.0,27.0,,,C2007|JL03209
UM-HET3,C2007,TJL,f,JL03210,Control,0,,dead,1,907,,,,24.0,28.0,,,C2007|JL03210
UM-HET3,C2007,TJL,f,JL03211,Control,0,,dead,1,1088,,,,29.0,35.0,,,C2007|JL03211
UM-HET3,C2007,TJL,f,JL03212,Control,0,,dead,1,1256,,,,39.0,44.0,,,C2007|JL03212
UM-HET3,C2007,TJL,f,JL03241,Control,0,,dead,1,723,,,,29.0,39.0,,,C2007|JL03241
UM-HET3,C2007,TJL,f,JL03242,Control,0,,dead,1,741,,,,33.0,50.0,,,C2007|JL03242
UM-HET3,C2007,TJL,f,JL03243,Control,0,,dead,1,1154,,,,26.0,37.0,,,C2007|JL03243
UM-HET3,C2007,TJL,f,JL03244,Control,0,,dead,1,703,,,,30.0,44.0,,,C2007|JL03244
UM-HET3,C2007,TJL,f,JL03285,Control,0,,dead,1,533,,,,29.0,42.0,,,C2007|JL03285
UM-HET3,C2007,TJL,f,JL03286,Control,0,,dead,1,813,,,,26.0,40.0,,,C2007|JL03286
UM-HET3,C2007,TJL,f,JL03287,Control,0,,dead,1,889,,,,23.0,42.0,,,C2007|JL03287
UM-HET3,C2007,TJL,f,JL03288,Control,0,,dead,1,902,,,,41.0,59.0,,,C2007|JL03288
UM-HET3,C2007,TJL,f,JL03316,Control,0,,dead,1,1058,,,,29.0,40.0,,,C2007|JL03316
UM-HET3,C2007,TJL,f,JL03317,Control,0,,dead,1,618,,,,27.0,36.0,,,C2007|JL03317
UM-HET3,C2007,TJL,f,JL03318,Control,0,,dead,1,1211,,,,32.0,42.0,,,C2007|JL03318
UM-HET3,C2007,TJL,f,JL03319,Control,0,,dead,1,1031,,,,26.0,36.0,,,C2007|JL03319
UM-HET3,C2007,TJL,f,JL03393,Control,0,,dead,1,860,,,,24.0,32.0,,,C2007|JL03393
UM-HET3,C2007,TJL,f,JL03394,Control,0,,dead,1,701,,,,28.0,43.0,,,C2007|JL03394
UM-HET3,C2007,TJL,f,JL03395,Control,0,,dead,1,617,,,,28.0,38.0,,,C2007|JL03395
UM-HET3,C2007,TJL,f,JL03396,Control,0,,dead,1,1071,,,,21.0,24.0,,,C2007|JL03396
UM-HET3,C2007,TJL,f,JL03420,Control,0,,dead,1,555,,,,28.0,39.0,,,C2007|JL03420
UM-HET3,C2007,TJL,f,JL03421,Control,0,,dead,1,550,,,,29.0,39.0,,,C2007|JL03421
UM-HET3,C2007,TJL,f,JL03422,Control,0,,dead,1,1223,,,,28.0,40.0,,,C2007|JL03422
UM-HET3,C2007,TJL,f,JL03423,Control,0,,dead,1,759,,,,24.0,34.0,,,C2007|JL03423
UM-HET3,C2007,TJL,f,JL03427,Control,0,,dead,1,808,,,,30.0,38.0,,,C2007|JL03427
UM-HET3,C2007,TJL,f,JL03428,Control,0,,dead,1,957,,,,26.0,37.0,,,C2007|JL03428
UM-HET3,C2007,TJL,f,JL03429,Control,0,,dead,1,1026,,,,38.0,46.0,,,C2007|JL03429
UM-HET3,C2007,TJL,f,JL03430,Control,0,,dead,1,769,,,,24.0,29.0,,,C2007|JL03430
UM-HET3,C2007,TJL,f,JL03509,Control,0,,dead,1,944,,,,26.0,32.0,,,C2007|JL03509
UM-HET3,C2007,TJL,f,JL03510,Control,0,,dead,1,832,,,,26.0,41.0,,,C2007|JL03510
UM-HET3,C2007,TJL,f,JL03511,Control,0,,dead,1,994,,,,29.0,43.0,,,C2007|JL03511
UM-HET3,C2007,TJL,f,JL03512,Control,0,,dead,1,1024,,,,26.0,35.0,,,C2007|JL03512
UM-HET3,C2007,TJL,f,JL03582,Control,0,,dead,1,1056,,,,29.0,38.0,,,C2007|JL03582
UM-HET3,C2007,TJL,f,JL03583,Control,0,,dead,1,811,,,,24.0,33.0,,,C2007|JL03583
UM-HET3,C2007,TJL,f,JL03584,Control,0,,dead,1,981,,,,27.0,33.0,,,C2007|JL03584
UM-HET3,C2007,TJL,f,JL03585,Control,0,,dead,1,212,,,,28.0,,,,C2007|JL03585
UM-HET3,C2007,TJL,f,JL03590,Control,0,,dead,1,871,,,,23.0,25.0,,,C2007|JL03590
UM-HET3,C2007,TJL,f,JL03591,Control,0,,dead,1,738,,,,55.0,59.0,,,C2007|JL03591
UM-HET3,C2007,TJL,f,JL03592,Control,0,,dead,1,807,,,,33.0,38.0,,,C2007|JL03592
UM-HET3,C2007,TJL,f,JL03593,Control,0,,dead,1,832,,,,32.0,39.0,,,C2007|JL03593
UM-HET3,C2007,TJL,f,JL03640,Control,0,,dead,1,1000,,,,31.0,45.0,,,C2007|JL03640
UM-HET3,C2007,TJL,f,JL03641,Control,0,,dead,1,892,,,,26.0,34.0,,,C2007|JL03641
UM-HET3,C2007,TJL,f,JL03642,Control,0,,dead,1,839,,,,29.0,34.0,,,C2007|JL03642
UM-HET3,C2007,TJL,f,JL03643,Control,0,,dead,1,910,,,,31.0,35.0,,,C2007|JL03643
UM-HET3,C2007,TJL,f,JL03721,Control,0,,dead,1,763,,,,33.0,50.0,,,C2007|JL03721
UM-HET3,C2007,TJL,f,JL03722,Control,0,,dead,1,1214,,,,35.0,51.0,,,C2007|JL03722
UM-HET3,C2007,TJL,f,JL03723,Control,0,,dead,1,391,,,,32.0,39.0,,,C2007|JL03723
UM-HET3,C2007,TJL,f,JL03724,Control,0,,dead,1,810,,,,26.0,32.0,,,C2007|JL03724
UM-HET3,C2007,TJL,f,JL03796,Control,0,,dead,1,920,,,,29.0,36.0,,,C2007|JL03796
UM-HET3,C2007,TJL,f,JL03797,Control,0,,dead,1,860,,,,31.0,46.0,,,C2007|JL03797
UM-HET3,C2007,TJL,f,JL03798,Control,0,,dead,1,891,,,,42.0,61.0,,,C2007|JL03798
UM-HET3,C2007,TJL,f,JL03799,Control,0,,dead,1,683,,,,36.0,49.0,,,C2007|JL03799
UM-HET3,C2007,TJL,f,JL03800,Control,0,,dead,1,809,,,,30.0,41.0,,,C2007|JL03800
UM-HET3,C2007,TJL,f,JL03801,Control,0,,dead,1,1035,,,,22.0,31.0,,,C2007|JL03801
UM-HET3,C2007,TJL,f,JL03802,Control,0,,dead,1,377,,,,27.0,35.0,,,C2007|JL03802
UM-HET3,C2007,TJL,f,JL03803,Control,0,,dead,1,459,,,,30.0,43.0,,,C2007|JL03803
UM-HET3,C2007,TJL,f,JL03824,Control,0,,removed,0,78,,,,,,,,C2007|JL03824
UM-HET3,C2007,TJL,f,JL03825,Control,0,,removed,0,78,,,,,,,,C2007|JL03825
UM-HET3,C2007,TJL,f,JL03826,Control,0,,removed,0,78,,,,,,,,C2007|JL03826
UM-HET3,C2007,TJL,f,JL03827,Control,0,,removed,0,78,,,,,,,,C2007|JL03827
UM-HET3,C2007,TJL,f,JL03837,Control,0,,dead,1,752,,,,,,,,C2007|JL03837
UM-HET3,C2007,TJL,f,JL03838,Control,0,,dead,1,724,,,,,,,,C2007|JL03838
UM-HET3,C2007,TJL,f,JL03839,Control,0,,dead,1,1011,,,,,,,,C2007|JL03839
UM-HET3,C2007,TJL,f,JL03840,Control,0,,dead,1,865,,,,,,,,C2007|JL03840
UM-HET3,C2007,TJL,m,JL03025,Control,0,,dead,1,853,,,,35.0,45.0,,,C2007|JL03025
UM-HET3,C2007,TJL,m,JL03026,Control,0,,dead,1,782,,,,36.0,43.0,,,C2007|JL03026
UM-HET3,C2007,TJL,m,JL03027,Control,0,,dead,1,899,,,,34.0,44.0,,,C2007|JL03027
UM-HET3,C2007,TJL,m,JL03060,Control,0,,dead,1,963,,,,46.0,55.0,,,C2007|JL03060
UM-HET3,C2007,TJL,m,JL03061,Control,0,,dead,1,1028,,,,41.0,51.0,,,C2007|JL03061
UM-HET3,C2007,TJL,m,JL03062,Control,0,,dead,1,868,,,,42.0,49.0,,,C2007|JL03062
UM-HET3,C2007,TJL,m,JL03073,Control,0,,dead,1,780,,,,42.0,48.0,,,C2007|JL03073
UM-HET3,C2007,TJL,m,JL03074,Control,0,,dead,1,778,,,,43.0,46.0,,,C2007|JL03074
UM-HET3,C2007,TJL,m,JL03075,Control,0,,dead,1,505,,,,38.0,45.0,,,C2007|JL03075
UM-HET3,C2007,TJL,m,JL03107,Control,0,,dead,1,587,,,,39.0,50.0,,,C2007|JL03107
UM-HET3,C2007,TJL,m,JL03108,Control,0,,dead,1,923,,,,37.0,48.0,,,C2007|JL03108
UM-HET3,C2007,TJL,m,JL03109,Control,0,,dead,1,826,,,,42.0,46.0,,,C2007|JL03109
UM-HET3,C2007,TJL,m,JL03110,Control,0,,dead,1,498,,,,47.0,51.0,,,C2007|JL03110
UM-HET3,C2007,TJL,m,JL03111,Control,0,,dead,1,792,,,,42.0,49.0,,,C2007|JL03111
UM-HET3,C2007,TJL,m,JL03112,Control,0,,dead,1,967,,,,45.0,46.0,,,C2007|JL03112
UM-HET3,C2007,TJL,m,JL03149,Control,0,,dead,1,1091,,,,32.0,45.0,,,C2007|JL03149
UM-HET3,C2007,TJL,m,JL03150,Control,0,,dead,1,881,,,,43.0,50.0,,,C2007|JL03150
UM-HET3,C2007,TJL,m,JL03151,Control,0,,dead,1,1043,,,,29.0,41.0,,,C2007|JL03151
UM-HET3,C2007,TJL,m,JL03152,Control,0,,dead,1,1093,,,,42.0,48.0,,,C2007|JL03152
UM-HET3,C2007,TJL,m,JL03153,Control,0,,dead,1,541,,,,45.0,52.0,,,C2007|JL03153
UM-HET3,C2007,TJL,m,JL03154,Control,0,,dead,1,839,,,,47.0,52.0,,,C2007|JL03154
UM-HET3,C2007,TJL,m,JL03225,Control,0,,dead,1,377,,,,41.0,52.0,,,C2007|JL03225
UM-HET3,C2007,TJL,m,JL03226,Control,0,,dead,1,934,,,,51.0,58.0,,,C2007|JL03226
UM-HET3,C2007,TJL,m,JL03227,Control,0,,dead,1,1039,,,,46.0,51.0,,,C2007|JL03227
UM-HET3,C2007,TJL,m,JL03278,Control,0,,dead,1,839,,,,45.0,53.0,,,C2007|JL03278
UM-HET3,C2007,TJL,m,JL03279,Control,0,,dead,1,683,,,,48.0,54.0,,,C2007|JL03279
UM-HET3,C2007,TJL,m,JL03280,Control,0,,dead,1,966,,,,41.0,49.0,,,C2007|JL03280
UM-HET3,C2007,TJL,m,JL03306,Control,0,,dead,1,649,,,,48.0,56.0,,,C2007|JL03306
UM-HET3,C2007,TJL,m,JL03307,Control,0,,dead,1,450,,,,43.0,50.0,,,C2007|JL03307
UM-HET3,C2007,TJL,m,JL03308,Control,0,,dead,1,803,,,,47.0,55.0,,,C2007|JL03308
UM-HET3,C2007,TJL,m,JL03330,Control,0,,dead,1,573,,,,42.0,45.0,,,C2007|JL03330
UM-HET3,C2007,TJL,m,JL03331,Control,0,,dead,1,349,,,,48.0,,,,C2007|JL03331
UM-HET3,C2007,TJL,m,JL03332,Control,0,,dead,1,377,,,,49.0,54.0,,,C2007|JL03332
UM-HET3,C2007,TJL,m,JL03357,Control,0,,dead,1,818,,,,43.0,49.0,,,C2007|JL03357
UM-HET3,C2007,TJL,m,JL03358,Control,0,,dead,1,680,,,,30.0,37.0,,,C2007|JL03358
UM-HET3,C2007,TJL,m,JL03359,Control,0,,dead,1,705,,,,30.0,31.0,,,C2007|JL03359
UM-HET3,C2007,TJL,m,JL03360,Control,0,,dead,1,470,,,,48.0,53.0,,,C2007|JL03360
UM-HET3,C2007,TJL,m,JL03361,Control,0,,dead,1,860,,,,40.0,47.0,,,C2007|JL03361
UM-HET3,C2007,TJL,m,JL03362,Control,0,,dead,1,345,,,,48.0,,,,C2007|JL03362
UM-HET3,C2007,TJL,m,JL03384,Control,0,,dead,1,664,,,,45.0,55.0,,,C2007|JL03384
UM-HET3,C2007,TJL,m,JL03385,Control,0,,dead,1,562,,,,39.0,43.0,,,C2007|JL03385
UM-HET3,C2007,TJL,m,JL03386,Control,0,,dead,1,783,,,,45.0,52.0,,,C2007|JL03386
UM-HET3,C2007,TJL,m,JL03417,Control,0,,dead,1,372,,,,45.0,53.0,,,C2007|JL03417
UM-HET3,C2007,TJL,m,JL03418,Control,0,,dead,1,646,,,,48.0,54.0,,,C2007|JL03418
UM-HET3,C2007,TJL,m,JL03419,Control,0,,dead,1,413,,,,50.0,61.0,,,C2007|JL03419
UM-HET3,C2007,TJL,m,JL03444,Control,0,,dead,1,707,,,,37.0,49.0,,,C2007|JL03444
UM-HET3,C2007,TJL,m,JL03445,Control,0,,dead,1,1110,,,,41.0,45.0,,,C2007|JL03445
UM-HET3,C2007,TJL,m,JL03446,Control,0,,dead,1,728,,,,42.0,49.0,,,C2007|JL03446
UM-HET3,C2007,TJL,m,JL03455,Control,0,,dead,1,671,,,,45.0,51.0,,,C2007|JL03455
UM-HET3,C2007,TJL,m,JL03456,Control,0,,dead,1,526,,,,43.0,51.0,,,C2007|JL03456
UM-HET3,C2007,TJL,m,JL03457,Control,0,,dead,1,1077,,,,43.0,50.0,,,C2007|JL03457
UM-HET3,C2007,TJL,m,JL03468,Control,0,,dead,1,371,,,,44.0,53.0,,,C2007|JL03468
UM-HET3,C2007,TJL,m,JL03469,Control,0,,dead,1,878,,,,45.0,50.0,,,C2007|JL03469
UM-HET3,C2007,TJL,m,JL03470,Control,0,,dead,1,1018,,,,41.0,48.0,,,C2007|JL03470
UM-HET3,C2007,TJL,m,JL03471,Control,0,,dead,1,348,,,,35.0,,,,C2007|JL03471
UM-HET3,C2007,TJL,m,JL03472,Control,0,,dead,1,668,,,,37.0,48.0,,,C2007|JL03472
UM-HET3,C2007,TJL,m,JL03473,Control,0,,dead,1,1200,,,,40.0,49.0,,,C2007|JL03473
UM-HET3,C2007,TJL,m,JL03513,Control,0,,dead,1,629,,,,45.0,51.0,,,C2007|JL03513
UM-HET3,C2007,TJL,m,JL03514,Control,0,,dead,1,846,,,,43.0,52.0,,,C2007|JL03514
UM-HET3,C2007,TJL,m,JL03515,Control,0,,dead,1,706,,,,39.0,47.0,,,C2007|JL03515
UM-HET3,C2007,TJL,m,JL03525,Control,0,,dead,1,980,,,,31.0,41.0,,,C2007|JL03525
UM-HET3,C2007,TJL,m,JL03526,Control,0,,dead,1,720,,,,45.0,51.0,,,C2007|JL03526
UM-HET3,C2007,TJL,m,JL03527,Control,0,,dead,1,569,,,,45.0,56.0,,,C2007|JL03527
UM-HET3,C2007,TJL,m,JL03532,Control,0,,dead,1,955,,,,33.0,37.0,,,C2007|JL03532
UM-HET3,C2007,TJL,m,JL03533,Control,0,,dead,1,393,,,,35.0,31.0,,,C2007|JL03533
UM-HET3,C2007,TJL,m,JL03534,Control,0,,dead,1,1091,,,,38.0,39.0,,,C2007|JL03534
UM-HET3,C2007,TJL,m,JL03573,Control,0,,dead,1,612,,,,48.0,55.0,,,C2007|JL03573
UM-HET3,C2007,TJL,m,JL03574,Control,0,,dead,1,573,,,,41.0,40.0,,,C2007|JL03574
UM-HET3,C2007,TJL,m,JL03575,Control,0,,dead,1,718,,,,45.0,50.0,,,C2007|JL03575
UM-HET3,C2007,TJL,m,JL03603,Control,0,,dead,1,827,,,,44.0,49.0,,,C2007|JL03603
UM-HET3,C2007,TJL,m,JL03604,Control,0,,dead,1,650,,,,47.0,52.0,,,C2007|JL03604
UM-HET3,C2007,TJL,m,JL03605,Control,0,,dead,1,513,,,,50.0,59.0,,,C2007|JL03605
UM-HET3,C2007,TJL,m,JL03651,Control,0,,dead,1,742,,,,38.0,48.0,,,C2007|JL03651
UM-HET3,C2007,TJL,m,JL03652,Control,0,,dead,1,452,,,,42.0,53.0,,,C2007|JL03652
UM-HET3,C2007,TJL,m,JL03653,Control,0,,dead,1,816,,,,43.0,52.0,,,C2007|JL03653
UM-HET3,C2007,TJL,m,JL03696,Control,0,,dead,1,626,,,,53.0,58.0,,,C2007|JL03696
UM-HET3,C2007,TJL,m,JL03697,Control,0,,dead,1,1182,,,,48.0,55.0,,,C2007|JL03697
UM-HET3,C2007,TJL,m,JL03698,Control,0,,dead,1,478,,,,51.0,62.0,,,C2007|JL03698
UM-HET3,C2007,TJL,m,JL03758,Control,0,,dead,1,946,,,,51.0,54.0,,,C2007|JL03758
UM-HET3,C2007,TJL,m,JL03759,Control,0,,dead,1,955,,,,55.0,58.0,,,C2007|JL03759
UM-HET3,C2007,TJL,m,JL03760,Control,0,,dead,1,937,,,,43.0,44.0,,,C2007|JL03760
UM-HET3,C2007,TJL,m,JL03764,Control,0,,dead,1,480,,,,45.0,49.0,,,C2007|JL03764
UM-HET3,C2007,TJL,m,JL03765,Control,0,,dead,1,551,,,,53.0,57.0,,,C2007|JL03765
UM-HET3,C2007,TJL,m,JL03766,Control,0,,dead,1,698,,,,45.0,50.0,,,C2007|JL03766
UM-HET3,C2007,TJL,m,JL03775,Control,0,,dead,1,979,,,,41.0,51.0,,,C2007|JL03775
UM-HET3,C2007,TJL,m,JL03776,Control,0,,dead,1,640,,,,42.0,48.0,,,C2007|JL03776
UM-HET3,C2007,TJL,m,JL03777,Control,0,,dead,1,731,,,,46.0,51.0,,,C2007|JL03777
UM-HET3,C2007,TJL,m,JL03781,Control,0,,removed,0,329,,,,,,,,C2007|JL03781
UM-HET3,C2007,TJL,m,JL03782,Control,0,,removed,0,328,,,,,,,,C2007|JL03782
UM-HET3,C2007,TJL,m,JL03783,Control,0,,removed,0,328,,,,,,,,C2007|JL03783
UM-HET3,C2007,TJL,m,JL03808,Control,0,,removed,0,313,,,,,,,,C2007|JL03808
UM-HET3,C2007,TJL,m,JL03809,Control,0,,removed,0,313,,,,,,,,C2007|JL03809
UM-HET3,C2007,TJL,m,JL03810,Control,0,,removed,0,313,,,,,,,,C2007|JL03810
UM-HET3,C2007,TJL,m,JL03817,Control,0,,removed,0,307,,,,,,,,C2007|JL03817
UM-HET3,C2007,TJL,m,JL03818,Control,0,,removed,0,307,,,,,,,,C2007|JL03818
UM-HET3,C2007,TJL,m,JL03819,Control,0,,removed,0,307,,,,,,,,C2007|JL03819
UM-HET3,C2007,TJL,m,JL03834,Control,0,,removed,0,303,,,,,,,,C2007|JL03834
UM-HET3,C2007,TJL,m,JL03835,Control,0,,removed,0,303,,,,,,,,C2007|JL03835
UM-HET3,C2007,TJL,m,JL03836,Control,0,,removed,0,303,,,,,,,,C2007|JL03836
UM-HET3,C2007,UM,f,UM18627,Control,0,,dead,1,615,,,,26.200001,38.700001,,,C2007|UM18627
UM-HET3,C2007,UM,f,UM18634,Control,0,,dead,1,458,,,,25.700001,33.0,,,C2007|UM18634
UM-HET3,C2007,UM,f,UM18641,Control,0,,dead,1,948,,,,26.299999,39.099998,,,C2007|UM18641
UM-HET3,C2007,UM,f,UM18648,Control,0,,dead,1,984,,,,32.099998,43.099998,,,C2007|UM18648
UM-HET3,C2007,UM,f,UM18739,Control,0,,dead,1,814,,,,25.799999,36.799999,,,C2007|UM18739
UM-HET3,C2007,UM,f,UM18746,Control,0,,dead,1,361,,,,25.9,,,,C2007|UM18746
UM-HET3,C2007,UM,f,UM18753,Control,0,,dead,1,1016,,,,25.9,33.900002,,,C2007|UM18753
UM-HET3,C2007,UM,f,UM18760,Control,0,,dead,1,857,,,,28.0,45.900002,,,C2007|UM18760
UM-HET3,C2007,UM,f,UM19047,Control,0,,dead,1,921,,,,34.599998,52.799999,,,C2007|UM19047
UM-HET3,C2007,UM,f,UM19054,Control,0,,dead,1,758,,,,24.299999,29.5,,,C2007|UM19054
UM-HET3,C2007,UM,f,UM19061,Control,0,,dead,1,862,,,,31.6,49.5,,,C2007|UM19061
UM-HET3,C2007,UM,f,UM19068,Control,0,,dead,1,767,,,,36.0,53.099998,,,C2007|UM19068
UM-HET3,C2007,UM,f,UM19194,Control,0,,dead,1,965,,,,33.0,50.799999,,,C2007|UM19194
UM-HET3,C2007,UM,f,UM19201,Control,0,,dead,1,149,,,,,,,,C2007|UM19201
UM-HET3,C2007,UM,f,UM19208,Control,0,,dead,1,994,,,,38.700001,48.5,,,C2007|UM19208
UM-HET3,C2007,UM,f,UM19215,Control,0,,dead,1,848,,,,30.6,38.099998,,,C2007|UM19215
UM-HET3,C2007,UM,f,UM19474,Control,0,,dead,1,654,,,,27.0,36.5,,,C2007|UM19474
UM-HET3,C2007,UM,f,UM19481,Control,0,,dead,1,927,,,,27.6,40.099998,,,C2007|UM19481
UM-HET3,C2007,UM,f,UM19488,Control,0,,dead,1,1100,,,,23.9,30.799999,,,C2007|UM19488
UM-HET3,C2007,UM,f,UM19495,Control,0,,dead,1,899,,,,24.5,36.5,,,C2007|UM19495
UM-HET3,C2007,UM,f,UM19502,Control,0,,dead,1,1181,,,,24.200001,27.1,,,C2007|UM19502
UM-HET3,C2007,UM,f,UM19509,Control,0,,dead,1,753,,,,29.799999,41.700001,,,C2007|UM19509
UM-HET3,C2007,UM,f,UM19516,Control,0,,dead,1,904,,,,40.599998,59.599998,,,C2007|UM19516
UM-HET3,C2007,UM,f,UM19523,Control,0,,dead,1,901,,,,29.200001,41.200001,,,C2007|UM19523
UM-HET3,C2007,UM,f,UM19866,Control,0,,dead,1,962,,,,22.4,41.799999,,,C2007|UM19866
UM-HET3,C2007,UM,f,UM19873,Control,0,,dead,1,901,,,,30.0,47.799999,,,C2007|UM19873
UM-HET3,C2007,UM,f,UM19880,Control,0,,dead,1,1161,,,,35.400002,56.5,,,C2007|UM19880
UM-HET3,C2007,UM,f,UM20461,Control,0,,dead,1,999,,,,28.0,34.599998,,,C2007|UM20461
UM-HET3,C2007,UM,f,UM20468,Control,0,,dead,1,756,,,,29.700001,36.400002,,,C2007|UM20468
UM-HET3,C2007,UM,f,UM20475,Control,0,,dead,1,753,,,,27.700001,34.700001,,,C2007|UM20475
UM-HET3,C2007,UM,f,UM20482,Control,0,,dead,1,919,,,,33.0,47.200001,,,C2007|UM20482
UM-HET3,C2007,UM,f,UM20559,Control,0,,dead,1,1057,,,,26.6,37.700001,,,C2007|UM20559
UM-HET3,C2007,UM,f,UM20566,Control,0,,dead,1,1075,,,,27.5,43.900002,,,C2007|UM20566
UM-HET3,C2007,UM,f,UM20573,Control,0,,dead,1,904,,,,27.6,47.400002,,,C2007|UM20573
UM-HET3,C2007,UM,f,UM20580,Control,0,,dead,1,917,,,,30.799999,49.099998,,,C2007|UM20580
UM-HET3,C2007,UM,f,UM20587,Control,0,,dead,1,746,,,,31.1,45.900002,,,C2007|UM20587
UM-HET3,C2007,UM,f,UM20594,Control,0,,dead,1,1143,,,,31.1,42.599998,,,C2007|UM20594
UM-HET3,C2007,UM,f,UM20601,Control,0,,dead,1,796,,,,26.1,35.0,,,C2007|UM20601
UM-HET3,C2007,UM,f,UM20608,Control,0,,dead,1,783,,,,27.799999,46.799999,,,C2007|UM20608
UM-HET3,C2007,UM,f,UM20657,Control,0,,dead,1,973,,,,27.4,37.0,,,C2007|UM20657
UM-HET3,C2007,UM,f,UM20664,Control,0,,dead,1,917,,,,34.299999,47.400002,,,C2007|UM20664
UM-HET3,C2007,UM,f,UM20671,Control,0,,dead,1,661,,,,26.799999,36.799999,,,C2007|UM20671
UM-HET3,C2007,UM,f,UM20678,Control,0,,dead,1,718,,,,29.9,41.5,,,C2007|UM20678
UM-HET3,C2007,UM,f,UM20888,Control,0,,dead,1,487,,,,31.4,47.5,,,C2007|UM20888
UM-HET3,C2007,UM,f,UM20895,Control,0,,dead,1,781,,,,27.9,38.900002,,,C2007|UM20895
UM-HET3,C2007,UM,f,UM20902,Control,0,,dead,1,1219,,,,31.1,41.099998,,,C2007|UM20902
UM-HET3,C2007,UM,f,UM20909,Control,0,,dead,1,1031,,,,32.799999,46.299999,,,C2007|UM20909
UM-HET3,C2007,UM,f,UM20916,Control,0,,dead,1,529,,,,24.0,31.799999,,,C2007|UM20916
UM-HET3,C2007,UM,f,UM20923,Control,0,,dead,1,926,,,,26.9,37.599998,,,C2007|UM20923
UM-HET3,C2007,UM,f,UM20930,Control,0,,dead,1,825,,,,29.4,40.599998,,,C2007|UM20930
UM-HET3,C2007,UM,f,UM20937,Control,0,,dead,1,1060,,,,35.700001,54.5,,,C2007|UM20937
UM-HET3,C2007,UM,f,UM21266,Control,0,,dead,1,866,,,,34.200001,50.200001,,,C2007|UM21266
UM-HET3,C2007,UM,f,UM21273,Control,0,,dead,1,833,,,,26.4,47.900002,,,C2007|UM21273
UM-HET3,C2007,UM,f,UM21280,Control,0,,dead,1,575,,,,25.0,33.900002,,,C2007|UM21280
UM-HET3,C2007,UM,f,UM21287,Control,0,,dead,1,1134,,,,27.200001,44.0,,,C2007|UM21287
UM-HET3,C2007,UM,f,UM21392,Control,0,,dead,1,890,,,,21.200001,25.4,,,C2007|UM21392
UM-HET3,C2007,UM,f,UM21399,Control,0,,dead,1,968,,,,32.0,52.099998,,,C2007|UM21399
UM-HET3,C2007,UM,f,UM21406,Control,0,,dead,1,686,,,,27.1,42.5,,,C2007|UM21406
UM-HET3,C2007,UM,f,UM21413,Control,0,,dead,1,1000,,,,38.400002,55.700001,,,C2007|UM21413
UM-HET3,C2007,UM,f,UM21511,Control,0,,dead,1,921,,,,29.6,47.099998,,,C2007|UM21511
UM-HET3,C2007,UM,f,UM21518,Control,0,,dead,1,1055,,,,26.4,43.5,,,C2007|UM21518
UM-HET3,C2007,UM,f,UM21525,Control,0,,dead,1,900,,,,22.299999,27.700001,,,C2007|UM21525
UM-HET3,C2007,UM,f,UM21532,Control,0,,dead,1,915,,,,27.4,45.099998,,,C2007|UM21532
UM-HET3,C2007,UM,f,UM22708,Control,0,,dead,1,724,,,,29.9,38.099998,,,C2007|UM22708
UM-HET3,C2007,UM,f,UM22715,Control,0,,dead,1,986,,,,37.900002,50.900002,,,C2007|UM22715
UM-HET3,C2007,UM,f,UM22722,Control,0,,dead,1,1114,,,,24.5,35.799999,,,C2007|UM22722
UM-HET3,C2007,UM,f,UM22729,Control,0,,dead,1,767,,,,36.900002,47.299999,,,C2007|UM22729
UM-HET3,C2007,UM,f,UM22960,Control,0,,dead,1,1023,,,,,35.700001,,,C2007|UM22960
UM-HET3,C2007,UM,f,UM22967,Control,0,,dead,1,1111,,,,,49.0,,,C2007|UM22967
UM-HET3,C2007,UM,f,UM22974,Control,0,,dead,1,1124,,,,,47.299999,,,C2007|UM22974
UM-HET3,C2007,UM,f,UM22981,Control,0,,dead,1,643,,,,,30.799999,,,C2007|UM22981
UM-HET3,C2007,UM,f,UM23373,Control,0,,dead,1,868,,,,28.700001,40.099998,,,C2007|UM23373
UM-HET3,C2007,UM,f,UM23380,Control,0,,dead,1,776,,,,30.799999,40.299999,,,C2007|UM23380
UM-HET3,C2007,UM,f,UM23387,Control,0,,dead,1,832,,,,28.299999,37.5,,,C2007|UM23387
UM-HET3,C2007,UM,f,UM23394,Control,0,,dead,1,838,,,,30.299999,33.299999,,,C2007|UM23394
UM-HET3,C2007,UM,f,UM23590,Control,0,,dead,1,887,,,,29.1,33.5,,,C2007|UM23590
UM-HET3,C2007,UM,f,UM23597,Control,0,,dead,1,1359,,,,29.6,38.799999,,,C2007|UM23597
UM-HET3,C2007,UM,f,UM23604,Control,0,,dead,1,791,,,,26.299999,37.299999,,,C2007|UM23604
UM-HET3,C2007,UM,f,UM23611,Control,0,,dead,1,886,,,,28.9,48.099998,,,C2007|UM23611
UM-HET3,C2007,UM,f,UM23765,Control,0,,dead,1,636,,,,28.1,43.200001,,,C2007|UM23765
UM-HET3,C2007,UM,f,UM23772,Control,0,,dead,1,1140,,,,27.200001,40.099998,,,C2007|UM23772
UM-HET3,C2007,UM,f,UM23779,Control,0,,dead,1,1000,,,,28.299999,35.0,,,C2007|UM23779
UM-HET3,C2007,UM,f,UM23786,Control,0,,dead,1,699,,,,26.6,32.299999,,,C2007|UM23786
UM-HET3,C2007,UM,f,UM24227,Control,0,,dead,1,783,,,,28.5,33.799999,,,C2007|UM24227
UM-HET3,C2007,UM,f,UM24234,Control,0,,dead,1,731,,,,26.5,35.900002,,,C2007|UM24234
UM-HET3,C2007,UM,f,UM24241,Control,0,,dead,1,925,,,,25.700001,33.700001,,,C2007|UM24241
UM-HET3,C2007,UM,f,UM24248,Control,0,,dead,1,895,,,,20.6,29.799999,,,C2007|UM24248
UM-HET3,C2007,UM,f,UM24304,Control,0,,dead,1,1119,,,,24.299999,35.200001,,,C2007|UM24304
UM-HET3,C2007,UM,f,UM24311,Control,0,,dead,1,942,,,,21.9,33.799999,,,C2007|UM24311
UM-HET3,C2007,UM,f,UM24318,Control,0,,dead,1,801,,,,22.5,27.4,,,C2007|UM24318
UM-HET3,C2007,UM,f,UM24325,Control,0,,dead,1,1025,,,,30.299999,47.099998,,,C2007|UM24325
UM-HET3,C2007,UM,m,UM18718,Control,0,,dead,1,761,,,,38.599998,50.799999,,,C2007|UM18718
UM-HET3,C2007,UM,m,UM18725,Control,0,,dead,1,749,,,,33.599998,47.400002,,,C2007|UM18725
UM-HET3,C2007,UM,m,UM18732,Control,0,,dead,1,362,,,,35.200001,,,,C2007|UM18732
UM-HET3,C2007,UM,m,UM18956,Control,0,,dead,1,949,,,,43.200001,48.0,,,C2007|UM18956
UM-HET3,C2007,UM,m,UM18963,Control,0,,dead,1,674,,,,36.599998,47.700001,,,C2007|UM18963
UM-HET3,C2007,UM,m,UM18970,Control,0,,dead,1,1035,,,,32.5,43.299999,,,C2007|UM18970
UM-HET3,C2007,UM,m,UM19369,Control,0,,dead,1,852,,,,38.799999,46.900002,,,C2007|UM19369
UM-HET3,C2007,UM,m,UM19376,Control,0,,dead,1,266,,,,44.299999,,,,C2007|UM19376
UM-HET3,C2007,UM,m,UM19383,Control,0,,dead,1,430,,,,34.0,41.700001,,,C2007|UM19383
UM-HET3,C2007,UM,m,UM19411,Control,0,,dead,1,1177,,,,32.599998,40.0,,,C2007|UM19411
UM-HET3,C2007,UM,m,UM19418,Control,0,,dead,1,855,,,,33.200001,43.200001,,,C2007|UM19418
UM-HET3,C2007,UM,m,UM19425,Control,0,,dead,1,339,,,,41.400002,,,,C2007|UM19425
UM-HET3,C2007,UM,m,UM19649,Control,0,,dead,1,583,,,,33.200001,39.5,,,C2007|UM19649
UM-HET3,C2007,UM,m,UM19656,Control,0,,dead,1,874,,,,37.099998,46.299999,,,C2007|UM19656
UM-HET3,C2007,UM,m,UM19663,Control,0,,dead,1,1023,,,,29.5,35.700001,,,C2007|UM19663
UM-HET3,C2007,UM,m,UM19810,Control,0,,dead,1,1078,,,,31.200001,37.5,,,C2007|UM19810
UM-HET3,C2007,UM,m,UM19817,Control,0,,dead,1,1109,,,,37.0,49.700001,,,C2007|UM19817
UM-HET3,C2007,UM,m,UM19824,Control,0,,dead,1,735,,,,33.599998,41.900002,,,C2007|UM19824
UM-HET3,C2007,UM,m,UM19957,Control,0,,dead,1,865,,,,32.599998,46.099998,,,C2007|UM19957
UM-HET3,C2007,UM,m,UM19964,Control,0,,dead,1,1059,,,,38.5,48.299999,,,C2007|UM19964
UM-HET3,C2007,UM,m,UM19971,Control,0,,dead,1,786,,,,37.5,51.200001,,,C2007|UM19971
UM-HET3,C2007,UM,m,UM20104,Control,0,,dead,1,836,,,,43.200001,49.5,,,C2007|UM20104
UM-HET3,C2007,UM,m,UM20111,Control,0,,dead,1,747,,,,37.5,46.799999,,,C2007|UM20111
UM-HET3,C2007,UM,m,UM20118,Control,0,,dead,1,517,,,,38.099998,47.799999,,,C2007|UM20118
UM-HET3,C2007,UM,m,UM20125,Control,0,,dead,1,365,,,,35.099998,,,,C2007|UM20125
UM-HET3,C2007,UM,m,UM20132,Control,0,,dead,1,847,,,,35.200001,42.900002,,,C2007|UM20132
UM-HET3,C2007,UM,m,UM20139,Control,0,,dead,1,1047,,,,36.5,46.5,,,C2007|UM20139
UM-HET3,C2007,UM,m,UM20440,Control,0,,removed,0,209,,,,,,,,C2007|UM20440
UM-HET3,C2007,UM,m,UM20447,Control,0,,removed,0,209,,,,,,,,C2007|UM20447
UM-HET3,C2007,UM,m,UM20454,Control,0,,removed,0,209,,,,,,,,C2007|UM20454
UM-HET3,C2007,UM,m,UM20706,Control,0,,dead,1,815,,,,32.400002,45.099998,,,C2007|UM20706
UM-HET3,C2007,UM,m,UM20713,Control,0,,dead,1,1048,,,,27.200001,36.900002,,,C2007|UM20713
UM-HET3,C2007,UM,m,UM20720,Control,0,,dead,1,871,,,,40.299999,49.700001,,,C2007|UM20720
UM-HET3,C2007,UM,m,UM20727,Control,0,,dead,1,357,,,,48.900002,,,,C2007|UM20727
UM-HET3,C2007,UM,m,UM20734,Control,0,,dead,1,751,,,,38.099998,45.700001,,,C2007|UM20734
UM-HET3,C2007,UM,m,UM20741,Control,0,,dead,1,702,,,,39.799999,48.400002,,,C2007|UM20741
UM-HET3,C2007,UM,m,UM20825,Control,0,,dead,1,1190,,,,33.5,35.599998,,,C2007|UM20825
UM-HET3,C2007,UM,m,UM20832,Control,0,,dead,1,731,,,,33.099998,37.0,,,C2007|UM20832
UM-HET3,C2007,UM,m,UM20839,Control,0,,dead,1,864,,,,40.5,44.5,,,C2007|UM20839
UM-HET3,C2007,UM,m,UM20944,Control,0,,dead,1,659,,,,45.400002,50.599998,,,C2007|UM20944
UM-HET3,C2007,UM,m,UM20951,Control,0,,dead,1,808,,,,33.200001,45.0,,,C2007|UM20951
UM-HET3,C2007,UM,m,UM20958,Control,0,,dead,1,462,,,,37.700001,44.299999,,,C2007|UM20958
UM-HET3,C2007,UM,m,UM21350,Control,0,,dead,1,689,,,,36.700001,47.900002,,,C2007|UM21350
UM-HET3,C2007,UM,m,UM21357,Control,0,,dead,1,953,,,,33.5,43.5,,,C2007|UM21357
UM-HET3,C2007,UM,m,UM21364,Control,0,,dead,1,403,,,,38.299999,49.400002,,,C2007|UM21364
UM-HET3,C2007,UM,m,UM21490,Control,0,,dead,1,738,,,,37.0,46.200001,,,C2007|UM21490
UM-HET3,C2007,UM,m,UM21497,Control,0,,dead,1,405,,,,35.0,44.400002,,,C2007|UM21497
UM-HET3,C2007,UM,m,UM21504,Control,0,,dead,1,735,,,,37.700001,45.900002,,,C2007|UM21504
UM-HET3,C2007,UM,m,UM21567,Control,0,,dead,1,838,,,,41.799999,53.0,,,C2007|UM21567
UM-HET3,C2007,UM,m,UM21574,Control,0,,dead,1,925,,,,42.200001,49.0,,,C2007|UM21574
UM-HET3,C2007,UM,m,UM21581,Control,0,,dead,1,964,,,,39.5,51.599998,,,C2007|UM21581
UM-HET3,C2007,UM,m,UM21616,Control,0,,dead,1,931,,,,29.200001,41.599998,,,C2007|UM21616
UM-HET3,C2007,UM,m,UM21623,Control,0,,dead,1,930,,,,34.599998,44.099998,,,C2007|UM21623
UM-HET3,C2007,UM,m,UM21630,Control,0,,dead,1,720,,,,41.200001,52.900002,,,C2007|UM21630
UM-HET3,C2007,UM,m,UM21686,Control,0,,dead,1,1191,,,,30.200001,36.5,,,C2007|UM21686
UM-HET3,C2007,UM,m,UM21693,Control,0,,dead,1,656,,,,33.0,44.099998,,,C2007|UM21693
UM-HET3,C2007,UM,m,UM21700,Control,0,,dead,1,668,,,,38.0,43.0,,,C2007|UM21700
UM-HET3,C2007,UM,m,UM21777,Control,0,,dead,1,897,,,,32.0,40.299999,,,C2007|UM21777
UM-HET3,C2007,UM,m,UM21784,Control,0,,dead,1,955,,,,35.0,42.299999,,,C2007|UM21784
UM-HET3,C2007,UM,m,UM21791,Control,0,,dead,1,981,,,,40.200001,50.0,,,C2007|UM21791
UM-HET3,C2007,UM,m,UM21903,Control,0,,dead,1,704,,,,37.299999,44.900002,,,C2007|UM21903
UM-HET3,C2007,UM,m,UM21910,Control,0,,dead,1,345,,,,44.299999,,,,C2007|UM21910
UM-HET3,C2007,UM,m,UM21917,Control,0,,dead,1,523,,,,35.599998,44.400002,,,C2007|UM21917
UM-HET3,C2007,UM,m,UM22022,Control,0,,dead,1,1083,,,,33.0,46.200001,,,C2007|UM22022
UM-HET3,C2007,UM,m,UM22029,Control,0,,dead,1,1078,,,,27.4,31.299999,,,C2007|UM22029
UM-HET3,C2007,UM,m,UM22036,Control,0,,dead,1,542,,,,35.099998,46.099998,,,C2007|UM22036
UM-HET3,C2007,UM,m,UM22218,Control,0,,dead,1,1050,,,,34.799999,42.5,,,C2007|UM22218
UM-HET3,C2007,UM,m,UM22225,Control,0,,dead,1,758,,,,34.099998,40.400002,,,C2007|UM22225
UM-HET3,C2007,UM,m,UM22232,Control,0,,dead,1,687,,,,29.1,34.0,,,C2007|UM22232
UM-HET3,C2007,UM,m,UM22484,Control,0,,dead,1,935,,,,31.1,36.200001,,,C2007|UM22484
UM-HET3,C2007,UM,m,UM22491,Control,0,,dead,1,900,,,,42.799999,38.599998,,,C2007|UM22491
UM-HET3,C2007,UM,m,UM22498,Control,0,,dead,1,499,,,,37.0,42.900002,,,C2007|UM22498
UM-HET3,C2007,UM,m,UM22526,Control,0,,dead,1,793,,,,25.0,41.700001,,,C2007|UM22526
UM-HET3,C2007,UM,m,UM22533,Control,0,,dead,1,703,,,,37.700001,41.299999,,,C2007|UM22533
UM-HET3,C2007,UM,m,UM22540,Control,0,,dead,1,760,,,,36.400002,44.5,,,C2007|UM22540
UM-HET3,C2007,UM,m,UM23065,Control,0,,dead,1,1076,,,,,44.900002,,,C2007|UM23065
UM-HET3,C2007,UM,m,UM23072,Control,0,,dead,1,443,,,,,49.900002,,,C2007|UM23072
UM-HET3,C2007,UM,m,UM23079,Control,0,,dead,1,657,,,,,47.799999,,,C2007|UM23079
UM-HET3,C2007,UM,m,UM23086,Control,0,,dead,1,840,,,,,55.0,,,C2007|UM23086
UM-HET3,C2007,UM,m,UM23093,Control,0,,dead,1,623,,,,,52.700001,,,C2007|UM23093
UM-HET3,C2007,UM,m,UM23100,Control,0,,dead,1,630,,,,,51.0,,,C2007|UM23100
UM-HET3,C2007,UM,m,UM23107,Control,0,,dead,1,896,,,,,37.599998,,,C2007|UM23107
UM-HET3,C2007,UM,m,UM23114,Control,0,,dead,1,1023,,,,,46.599998,,,C2007|UM23114
UM-HET3,C2007,UM,m,UM23121,Control,0,,dead,1,1154,,,,,45.400002,,,C2007|UM23121
UM-HET3,C2007,UM,m,UM23247,Control,0,,dead,1,949,,,,41.200001,51.200001,,,C2007|UM23247
UM-HET3,C2007,UM,m,UM23254,Control,0,,dead,1,870,,,,46.099998,53.400002,,,C2007|UM23254
UM-HET3,C2007,UM,m,UM23261,Control,0,,dead,1,704,,,,35.299999,45.900002,,,C2007|UM23261
UM-HET3,C2007,UM,m,UM23863,Control,0,,dead,1,566,,,,37.599998,44.799999,,,C2007|UM23863
UM-HET3,C2007,UM,m,UM23870,Control,0,,dead,1,995,,,,42.0,49.700001,,,C2007|UM23870
UM-HET3,C2007,UM,m,UM23877,Control,0,,dead,1,686,,,,37.900002,46.400002,,,C2007|UM23877
UM-HET3,C2007,UM,m,UM24115,Control,0,,dead,1,451,,,,48.200001,58.299999,,,C2007|UM24115
UM-HET3,C2007,UM,m,UM24122,Control,0,,dead,1,955,,,,30.6,39.200001,,,C2007|UM24122
UM-HET3,C2007,UM,m,UM24129,Control,0,,dead,1,479,,,,33.400002,42.099998,,,C2007|UM24129
UM-HET3,C2007,UM,m,UM24402,Control,0,,dead,1,1029,,,,45.900002,49.799999,,,C2007|UM24402
UM-HET3,C2007,UM,m,UM24409,Control,0,,dead,1,1117,,,,40.099998,47.299999,,,C2007|UM24409
UM-HET3,C2007,UM,m,UM24416,Control,0,,dead,1,769,,,,43.400002,52.200001,,,C2007|UM24416
UM-HET3,C2007,UT,f,UT02658,Control,0,,dead,1,951,,,,,,113.0,2.0,C2007|UT02658
UM-HET3,C2007,UT,f,UT02659,Control,0,,dead,1,855,,,,,,113.0,2.0,C2007|UT02659
UM-HET3,C2007,UT,f,UT02660,Control,0,,dead,1,608,,,,,,113.0,2.0,C2007|UT02660
UM-HET3,C2007,UT,f,UT02661,Control,0,,dead,1,1095,,,,,,113.0,2.0,C2007|UT02661
UM-HET3,C2007,UT,f,UT02736,Control,0,,dead,1,753,,,,,,132.0,2.0,C2007|UT02736
UM-HET3,C2007,UT,f,UT02737,Control,0,,dead,1,932,,,,,,132.0,2.0,C2007|UT02737
UM-HET3,C2007,UT,f,UT02738,Control,0,,dead,1,871,,,,,,132.0,2.0,C2007|UT02738
UM-HET3,C2007,UT,f,UT02739,Control,0,,dead,1,1029,,,,,,132.0,2.0,C2007|UT02739
UM-HET3,C2007,UT,f,UT02771,Control,0,,dead,1,622,,,,,,129.0,2.0,C2007|UT02771
UM-HET3,C2007,UT,f,UT02772,Control,0,,dead,1,977,,,,,,129.0,2.0,C2007|UT02772
UM-HET3,C2007,UT,f,UT02773,Control,0,,dead,1,1042,,,,,,129.0,2.0,C2007|UT02773
UM-HET3,C2007,UT,f,UT02774,Control,0,,dead,1,835,,,,,,129.0,2.0,C2007|UT02774
UM-HET3,C2007,UT,f,UT02781,Control,0,,dead,1,617,,,,,,147.0,3.0,C2007|UT02781
UM-HET3,C2007,UT,f,UT02782,Control,0,,dead,1,1079,,,,,,147.0,3.0,C2007|UT02782
UM-HET3,C2007,UT,f,UT02783,Control,0,,dead,1,909,,,,,,147.0,3.0,C2007|UT02783
UM-HET3,C2007,UT,f,UT02784,Control,0,,dead,1,821,,,,,,147.0,3.0,C2007|UT02784
UM-HET3,C2007,UT,f,UT02791,Control,0,,dead,1,884,,,,,,153.0,3.0,C2007|UT02791
UM-HET3,C2007,UT,f,UT02792,Control,0,,dead,1,934,,,,,,153.0,3.0,C2007|UT02792
UM-HET3,C2007,UT,f,UT02793,Control,0,,dead,1,846,,,,,,153.0,3.0,C2007|UT02793
UM-HET3,C2007,UT,f,UT02794,Control,0,,dead,1,714,,,,,,153.0,3.0,C2007|UT02794
UM-HET3,C2007,UT,f,UT02802,Control,0,,dead,1,879,,,,,,154.0,3.0,C2007|UT02802
UM-HET3,C2007,UT,f,UT02803,Control,0,,dead,1,795,,,,,,154.0,3.0,C2007|UT02803
UM-HET3,C2007,UT,f,UT02804,Control,0,,dead,1,1000,,,,,,154.0,3.0,C2007|UT02804
UM-HET3,C2007,UT,f,UT02805,Control,0,,dead,1,760,,,,,,154.0,3.0,C2007|UT02805
UM-HET3,C2007,UT,f,UT02905,Control,0,,dead,1,682,,,,,,188.0,4.0,C2007|UT02905
UM-HET3,C2007,UT,f,UT02906,Control,0,,dead,1,1030,,,,,,188.0,4.0,C2007|UT02906
UM-HET3,C2007,UT,f,UT02907,Control,0,,dead,1,785,,,,,,188.0,4.0,C2007|UT02907
UM-HET3,C2007,UT,f,UT02908,Control,0,,dead,1,609,,,,,,188.0,4.0,C2007|UT02908
UM-HET3,C2007,UT,f,UT02926,Control,0,,dead,1,1020,,,,,,187.0,4.0,C2007|UT02926
UM-HET3,C2007,UT,f,UT02927,Control,0,,dead,1,654,,,,,,187.0,4.0,C2007|UT02927
UM-HET3,C2007,UT,f,UT02928,Control,0,,dead,1,515,,,,,,187.0,4.0,C2007|UT02928
UM-HET3,C2007,UT,f,UT02929,Control,0,,dead,1,760,,,,,,187.0,4.0,C2007|UT02929
UM-HET3,C2007,UT,f,UT02964,Control,0,,dead,1,882,,,,,,196.0,5.0,C2007|UT02964
UM-HET3,C2007,UT,f,UT02965,Control,0,,dead,1,876,,,,,,196.0,5.0,C2007|UT02965
UM-HET3,C2007,UT,f,UT02966,Control,0,,dead,1,712,,,,,,196.0,5.0,C2007|UT02966
UM-HET3,C2007,UT,f,UT02967,Control,0,,dead,1,803,,,,,,196.0,5.0,C2007|UT02967
UM-HET3,C2007,UT,f,UT03056,Control,0,,dead,1,683,,,,,,223.0,6.0,C2007|UT03056
UM-HET3,C2007,UT,f,UT03057,Control,0,,dead,1,673,,,,,,223.0,6.0,C2007|UT03057
UM-HET3,C2007,UT,f,UT03058,Control,0,,dead,1,813,,,,,,223.0,6.0,C2007|UT03058
UM-HET3,C2007,UT,f,UT03059,Control,0,,dead,1,967,,,,,,223.0,6.0,C2007|UT03059
UM-HET3,C2007,UT,f,UT03092,Control,0,,dead,1,856,,,,,,231.0,5.0,C2007|UT03092
UM-HET3,C2007,UT,f,UT03093,Control,0,,dead,1,1072,,,,,,231.0,5.0,C2007|UT03093
UM-HET3,C2007,UT,f,UT03094,Control,0,,dead,1,667,,,,,,231.0,5.0,C2007|UT03094
UM-HET3,C2007,UT,f,UT03095,Control,0,,dead,1,758,,,,,,231.0,5.0,C2007|UT03095
UM-HET3,C2007,UT,f,UT03133,Control,0,,dead,1,824,,,,,,251.0,7.0,C2007|UT03133
UM-HET3,C2007,UT,f,UT03134,Control,0,,dead,1,1138,,,,,,251.0,7.0,C2007|UT03134
UM-HET3,C2007,UT,f,UT03135,Control,0,,dead,1,1064,,,,,,251.0,7.0,C2007|UT03135
UM-HET3,C2007,UT,f,UT03136,Control,0,,dead,1,1045,,,,,,251.0,7.0,C2007|UT03136
UM-HET3,C2007,UT,f,UT03161,Control,0,,dead,1,822,,,,,,257.0,7.0,C2007|UT03161
UM-HET3,C2007,UT,f,UT03162,Control,0,,dead,1,586,,,,,,257.0,7.0,C2007|UT03162
UM-HET3,C2007,UT,f,UT03163,Control,0,,dead,1,676,,,,,,257.0,7.0,C2007|UT03163
UM-HET3,C2007,UT,f,UT03164,Control,0,,dead,1,790,,,,,,257.0,7.0,C2007|UT03164
UM-HET3,C2007,UT,f,UT03188,Control,0,,dead,1,51,,,,,,261.0,7.0,C2007|UT03188
UM-HET3,C2007,UT,f,UT03189,Control,0,,dead,1,785,,,,,,261.0,7.0,C2007|UT03189
UM-HET3,C2007,UT,f,UT03190,Control,0,,dead,1,844,,,,,,261.0,7.0,C2007|UT03190
UM-HET3,C2007,UT,f,UT03191,Control,0,,dead,1,788,,,,,,261.0,7.0,C2007|UT03191
UM-HET3,C2007,UT,f,UT03207,Control,0,,dead,1,1057,,,,,,272.0,8.0,C2007|UT03207
UM-HET3,C2007,UT,f,UT03208,Control,0,,dead,1,930,,,,,,272.0,8.0,C2007|UT03208
UM-HET3,C2007,UT,f,UT03209,Control,0,,dead,1,793,,,,,,272.0,8.0,C2007|UT03209
UM-HET3,C2007,UT,f,UT03210,Control,0,,dead,1,779,,,,,,272.0,8.0,C2007|UT03210
UM-HET3,C2007,UT,f,UT03226,Control,0,,dead,1,686,,,,,,281.0,8.0,C2007|UT03226
UM-HET3,C2007,UT,f,UT03227,Control,0,,dead,1,816,,,,,,281.0,8.0,C2007|UT03227
UM-HET3,C2007,UT,f,UT03228,Control,0,,dead,1,874,,,,,,281.0,8.0,C2007|UT03228
UM-HET3,C2007,UT,f,UT03229,Control,0,,dead,1,774,,,,,,281.0,8.0,C2007|UT03229
UM-HET3,C2007,UT,f,UT03236,Control,0,,dead,1,1044,,,,,,281.0,8.0,C2007|UT03236
UM-HET3,C2007,UT,f,UT03237,Control,0,,dead,1,1003,,,,,,281.0,8.0,C2007|UT03237
UM-HET3,C2007,UT,f,UT03238,Control,0,,dead,1,1048,,,,,,281.0,8.0,C2007|UT03238
UM-HET3,C2007,UT,f,UT03239,Control,0,,dead,1,794,,,,,,281.0,8.0,C2007|UT03239
UM-HET3,C2007,UT,f,UT03276,Control,0,,dead,1,809,,,,,,302.0,8.0,C2007|UT03276
UM-HET3,C2007,UT,f,UT03277,Control,0,,dead,1,854,,,,,,302.0,8.0,C2007|UT03277
UM-HET3,C2007,UT,f,UT03278,Control,0,,dead,1,887,,,,,,302.0,8.0,C2007|UT03278
UM-HET3,C2007,UT,f,UT03279,Control,0,,dead,1,656,,,,,,302.0,8.0,C2007|UT03279
UM-HET3,C2007,UT,f,UT03330,Control,0,,dead,1,1114,,,,,,297.0,7.0,C2007|UT03330
UM-HET3,C2007,UT,f,UT03331,Control,0,,dead,1,823,,,,,,297.0,7.0,C2007|UT03331
UM-HET3,C2007,UT,f,UT03332,Control,0,,dead,1,860,,,,,,297.0,7.0,C2007|UT03332
UM-HET3,C2007,UT,f,UT03333,Control,0,,dead,1,990,,,,,,297.0,7.0,C2007|UT03333
UM-HET3,C2007,UT,f,UT03340,Control,0,,dead,1,871,,,,,,314.0,9.0,C2007|UT03340
UM-HET3,C2007,UT,f,UT03341,Control,0,,dead,1,1261,,,,,,314.0,9.0,C2007|UT03341
UM-HET3,C2007,UT,f,UT03342,Control,0,,dead,1,584,,,,,,314.0,9.0,C2007|UT03342
UM-HET3,C2007,UT,f,UT03343,Control,0,,dead,1,946,,,,,,314.0,9.0,C2007|UT03343
UM-HET3,C2007,UT,f,UT03408,Control,0,,dead,1,1024,,,,,,344.0,10.0,C2007|UT03408
UM-HET3,C2007,UT,f,UT03409,Control,0,,dead,1,577,,,,,,344.0,10.0,C2007|UT03409
UM-HET3,C2007,UT,f,UT03410,Control,0,,dead,1,957,,,,,,344.0,10.0,C2007|UT03410
UM-HET3,C2007,UT,f,UT03411,Control,0,,dead,1,693,,,,,,344.0,10.0,C2007|UT03411
UM-HET3,C2007,UT,f,UT03467,Control,0,,dead,1,1026,,,,,,350.0,10.0,C2007|UT03467
UM-HET3,C2007,UT,f,UT03468,Control,0,,dead,1,907,,,,,,350.0,10.0,C2007|UT03468
UM-HET3,C2007,UT,f,UT03469,Control,0,,dead,1,740,,,,,,350.0,10.0,C2007|UT03469
UM-HET3,C2007,UT,f,UT03470,Control,0,,dead,1,997,,,,,,95.0,2.0,C2007|UT03470
UM-HET3,C2007,UT,f,UT03471,Control,0,,dead,1,930,,,,,,95.0,2.0,C2007|UT03471
UM-HET3,C2007,UT,f,UT03472,Control,0,,dead,1,817,,,,,,95.0,2.0,C2007|UT03472
UM-HET3,C2007,UT,f,UT03473,Control,0,,dead,1,816,,,,,,95.0,2.0,C2007|UT03473
UM-HET3,C2007,UT,f,UT03474,Control,0,,dead,1,752,,,,,,95.0,2.0,C2007|UT03474
UM-HET3,C2007,UT,m,UT02761,Control,0,,dead,1,285,,,,,,130.0,2.0,C2007|UT02761
UM-HET3,C2007,UT,m,UT02762,Control,0,,dead,1,1066,,,,,,130.0,2.0,C2007|UT02762
UM-HET3,C2007,UT,m,UT02763,Control,0,,dead,1,945,,,,,,130.0,2.0,C2007|UT02763
UM-HET3,C2007,UT,m,UT02785,Control,0,,dead,1,1164,,,,,,149.0,3.0,C2007|UT02785
UM-HET3,C2007,UT,m,UT02786,Control,0,,dead,1,299,,,,,,149.0,3.0,C2007|UT02786
UM-HET3,C2007,UT,m,UT02787,Control,0,,dead,1,765,,,,,,149.0,3.0,C2007|UT02787
UM-HET3,C2007,UT,m,UT02788,Control,0,,dead,1,1205,,,,,,153.0,3.0,C2007|UT02788
UM-HET3,C2007,UT,m,UT02789,Control,0,,dead,1,723,,,,,,153.0,3.0,C2007|UT02789
UM-HET3,C2007,UT,m,UT02790,Control,0,,dead,1,862,,,,,,153.0,3.0,C2007|UT02790
UM-HET3,C2007,UT,m,UT02806,Control,0,,dead,1,672,,,,,,155.0,3.0,C2007|UT02806
UM-HET3,C2007,UT,m,UT02807,Control,0,,dead,1,889,,,,,,155.0,3.0,C2007|UT02807
UM-HET3,C2007,UT,m,UT02808,Control,0,,dead,1,516,,,,,,155.0,3.0,C2007|UT02808
UM-HET3,C2007,UT,m,UT02834,Control,0,,dead,1,972,,,,,,160.0,3.0,C2007|UT02834
UM-HET3,C2007,UT,m,UT02835,Control,0,,dead,1,778,,,,,,160.0,3.0,C2007|UT02835
UM-HET3,C2007,UT,m,UT02836,Control,0,,dead,1,896,,,,,,160.0,3.0,C2007|UT02836
UM-HET3,C2007,UT,m,UT02851,Control,0,,dead,1,281,,,,,,173.0,4.0,C2007|UT02851
UM-HET3,C2007,UT,m,UT02852,Control,0,,dead,1,792,,,,,,173.0,4.0,C2007|UT02852
UM-HET3,C2007,UT,m,UT02853,Control,0,,dead,1,292,,,,,,173.0,4.0,C2007|UT02853
UM-HET3,C2007,UT,m,UT02889,Control,0,,dead,1,1024,,,,,,181.0,4.0,C2007|UT02889
UM-HET3,C2007,UT,m,UT02890,Control,0,,dead,1,1023,,,,,,181.0,4.0,C2007|UT02890
UM-HET3,C2007,UT,m,UT02891,Control,0,,dead,1,538,,,,,,181.0,4.0,C2007|UT02891
UM-HET3,C2007,UT,m,UT02909,Control,0,,dead,1,870,,,,,,188.0,4.0,C2007|UT02909
UM-HET3,C2007,UT,m,UT02910,Control,0,,dead,1,791,,,,,,188.0,4.0,C2007|UT02910
UM-HET3,C2007,UT,m,UT02911,Control,0,,dead,1,899,,,,,,188.0,4.0,C2007|UT02911
UM-HET3,C2007,UT,m,UT02968,Control,0,,dead,1,837,,,,,,196.0,4.0,C2007|UT02968
UM-HET3,C2007,UT,m,UT02969,Control,0,,dead,1,885,,,,,,196.0,4.0,C2007|UT02969
UM-HET3,C2007,UT,m,UT02970,Control,0,,dead,1,589,,,,,,196.0,4.0,C2007|UT02970
UM-HET3,C2007,UT,m,UT02994,Control,0,,dead,1,800,,,,,,210.0,5.0,C2007|UT02994
UM-HET3,C2007,UT,m,UT02995,Control,0,,dead,1,1026,,,,,,210.0,5.0,C2007|UT02995
UM-HET3,C2007,UT,m,UT02996,Control,0,,dead,1,1056,,,,,,210.0,5.0,C2007|UT02996
UM-HET3,C2007,UT,m,UT03036,Control,0,,dead,1,765,,,,,,217.0,6.0,C2007|UT03036
UM-HET3,C2007,UT,m,UT03037,Control,0,,dead,1,810,,,,,,217.0,6.0,C2007|UT03037
UM-HET3,C2007,UT,m,UT03038,Control,0,,dead,1,582,,,,,,217.0,6.0,C2007|UT03038
UM-HET3,C2007,UT,m,UT03074,Control,0,,dead,1,926,,,,,,231.0,6.0,C2007|UT03074
UM-HET3,C2007,UT,m,UT03075,Control,0,,dead,1,1173,,,,,,231.0,6.0,C2007|UT03075
UM-HET3,C2007,UT,m,UT03076,Control,0,,dead,1,1179,,,,,,231.0,6.0,C2007|UT03076
UM-HET3,C2007,UT,m,UT03089,Control,0,,dead,1,1012,,,,,,231.0,5.0,C2007|UT03089
UM-HET3,C2007,UT,m,UT03090,Control,0,,dead,1,914,,,,,,231.0,5.0,C2007|UT03090
UM-HET3,C2007,UT,m,UT03091,Control,0,,dead,1,1170,,,,,,231.0,5.0,C2007|UT03091
UM-HET3,C2007,UT,m,UT03123,Control,0,,dead,1,291,,,,,,249.0,6.0,C2007|UT03123
UM-HET3,C2007,UT,m,UT03124,Control,0,,dead,1,535,,,,,,249.0,6.0,C2007|UT03124
UM-HET3,C2007,UT,m,UT03125,Control,0,,dead,1,451,,,,,,249.0,6.0,C2007|UT03125
UM-HET3,C2007,UT,m,UT03185,Control,0,,dead,1,824,,,,,,261.0,7.0,C2007|UT03185
UM-HET3,C2007,UT,m,UT03186,Control,0,,dead,1,587,,,,,,261.0,7.0,C2007|UT03186
UM-HET3,C2007,UT,m,UT03187,Control,0,,dead,1,305,,,,,,261.0,7.0,C2007|UT03187
UM-HET3,C2007,UT,m,UT03195,Control,0,,dead,1,1154,,,,,,255.0,6.0,C2007|UT03195
UM-HET3,C2007,UT,m,UT03196,Control,0,,dead,1,1036,,,,,,255.0,6.0,C2007|UT03196
UM-HET3,C2007,UT,m,UT03197,Control,0,,dead,1,1143,,,,,,255.0,6.0,C2007|UT03197
UM-HET3,C2007,UT,m,UT03201,Control,0,,dead,1,527,,,,,,272.0,8.0,C2007|UT03201
UM-HET3,C2007,UT,m,UT03202,Control,0,,dead,1,633,,,,,,272.0,8.0,C2007|UT03202
UM-HET3,C2007,UT,m,UT03203,Control,0,,dead,1,1029,,,,,,272.0,8.0,C2007|UT03203
UM-HET3,C2007,UT,m,UT03280,Control,0,,dead,1,834,,,,,,302.0,8.0,C2007|UT03280
UM-HET3,C2007,UT,m,UT03281,Control,0,,dead,1,717,,,,,,302.0,8.0,C2007|UT03281
UM-HET3,C2007,UT,m,UT03282,Control,0,,dead,1,461,,,,,,302.0,8.0,C2007|UT03282
UM-HET3,C2007,UT,m,UT03297,Control,0,,dead,1,855,,,,,,302.0,8.0,C2007|UT03297
UM-HET3,C2007,UT,m,UT03298,Control,0,,dead,1,810,,,,,,302.0,8.0,C2007|UT03298
UM-HET3,C2007,UT,m,UT03299,Control,0,,dead,1,331,,,,,,302.0,8.0,C2007|UT03299
UM-HET3,C2007,UT,m,UT03304,Control,0,,dead,1,906,,,,,,295.0,8.0,C2007|UT03304
UM-HET3,C2007,UT,m,UT03305,Control,0,,dead,1,1023,,,,,,295.0,8.0,C2007|UT03305
UM-HET3,C2007,UT,m,UT03306,Control,0,,dead,1,740,,,,,,295.0,8.0,C2007|UT03306
UM-HET3,C2007,UT,m,UT03307,Control,0,,dead,1,1132,,,,,,295.0,8.0,C2007|UT03307
UM-HET3,C2007,UT,m,UT03308,Control,0,,dead,1,1007,,,,,,295.0,8.0,C2007|UT03308
UM-HET3,C2007,UT,m,UT03309,Control,0,,dead,1,1061,,,,,,295.0,8.0,C2007|UT03309
UM-HET3,C2007,UT,m,UT03362,Control,0,,dead,1,610,,,,,,315.0,8.0,C2007|UT03362
UM-HET3,C2007,UT,m,UT03363,Control,0,,dead,1,779,,,,,,315.0,8.0,C2007|UT03363
UM-HET3,C2007,UT,m,UT03364,Control,0,,dead,1,1013,,,,,,315.0,8.0,C2007|UT03364
UM-HET3,C2007,UT,m,UT03392,Control,0,,dead,1,830,,,,,,324.0,9.0,C2007|UT03392
UM-HET3,C2007,UT,m,UT03393,Control,0,,dead,1,718,,,,,,324.0,9.0,C2007|UT03393
UM-HET3,C2007,UT,m,UT03394,Control,0,,dead,1,578,,,,,,324.0,9.0,C2007|UT03394
UM-HET3,C2007,UT,m,UT03402,Control,0,,dead,1,518,,,,,,339.0,9.0,C2007|UT03402
UM-HET3,C2007,UT,m,UT03403,Control,0,,dead,1,1072,,,,,,339.0,9.0,C2007|UT03403
UM-HET3,C2007,UT,m,UT03404,Control,0,,dead,1,1074,,,,,,339.0,9.0,C2007|UT03404
UM-HET3,C2007,UT,m,UT03405,Control,0,,dead,1,695,,,,,,344.0,10.0,C2007|UT03405
UM-HET3,C2007,UT,m,UT03406,Control,0,,dead,1,684,,,,,,344.0,10.0,C2007|UT03406
UM-HET3,C2007,UT,m,UT03407,Control,0,,dead,1,1244,,,,,,344.0,10.0,C2007|UT03407
UM-HET3,C2007,UT,m,UT03419,Control,0,,removed,0,557,,,,,,,,C2007|UT03419
UM-HET3,C2007,UT,m,UT03420,Control,0,,removed,0,557,,,,,,,,C2007|UT03420
UM-HET3,C2007,UT,m,UT03421,Control,0,,removed,0,557,,,,,,,,C2007|UT03421
UM-HET3,C2007,UT,m,UT03438,Control,0,,dead,1,521,,,,,,347.0,10.0,C2007|UT03438
UM-HET3,C2007,UT,m,UT03440,Control,0,,dead,1,426,,,,,,347.0,10.0,C2007|UT03440
UM-HET3,C2007,UT,m,UT03441,Control,0,,dead,1,331,,,,,,347.0,10.0,C2007|UT03441
UM-HET3,C2007,UT,m,UT03442,Control,0,,dead,1,974,,,,,,347.0,10.0,C2007|UT03442
UM-HET3,C2007,UT,m,UT03443,Control,0,,dead,1,299,,,,,,347.0,10.0,C2007|UT03443
UM-HET3,C2007,UT,m,UT03444,Control,0,,dead,1,874,,,,,,347.0,10.0,C2007|UT03444
UM-HET3,C2007,UT,m,UT03481,Control,0,,dead,1,1247,,,,,,355.0,9.0,C2007|UT03481
UM-HET3,C2007,UT,m,UT03482,Control,0,,dead,1,880,,,,,,355.0,9.0,C2007|UT03482
UM-HET3,C2007,UT,m,UT03483,Control,0,,dead,1,575,,,,,,355.0,9.0,C2007|UT03483
UM-HET3,C2007,UT,m,UT03493,Control,0,,dead,1,424,,,,,,360.0,10.0,C2007|UT03493
UM-HET3,C2007,UT,m,UT03494,Control,0,,dead,1,1050,,,,,,360.0,10.0,C2007|UT03494
UM-HET3,C2007,UT,m,UT03495,Control,0,,dead,1,993,,,,,,360.0,10.0,C2007|UT03495
UM-HET3,C2007,UT,m,UT03500,Control,0,,dead,1,821,,,,,,360.0,10.0,C2007|UT03500
UM-HET3,C2007,UT,m,UT03501,Control,0,,dead,1,795,,,,,,360.0,10.0,C2007|UT03501
UM-HET3,C2007,UT,m,UT03502,Control,0,,dead,1,750,,,,,,360.0,10.0,C2007|UT03502
UM-HET3,C2007,UT,m,UT03506,Control,0,,dead,1,601,,,,,,354.0,10.0,C2007|UT03506
UM-HET3,C2007,UT,m,UT03507,Control,0,,dead,1,657,,,,,,354.0,10.0,C2007|UT03507
UM-HET3,C2007,UT,m,UT03508,Control,0,,dead,1,882,,,,,,354.0,10.0,C2007|UT03508
UM-HET3,C2007,UT,m,UT03509,Control,0,,dead,1,562,,,,,,362.0,10.0,C2007|UT03509
UM-HET3,C2007,UT,m,UT03510,Control,0,,dead,1,636,,,,,,362.0,10.0,C2007|UT03510
UM-HET3,C2007,UT,m,UT03511,Control,0,,dead,1,286,,,,,,362.0,10.0,C2007|UT03511
UM-HET3,C2009,TJL,f,JL04001,Control,0.0,,removed,0,477,,,,,,,,C2009|JL04001
UM-HET3,C2009,TJL,f,JL04002,Control,0.0,,removed,0,791,,,,,,,,C2009|JL04002
UM-HET3,C2009,TJL,f,JL04003,Control,0.0,,removed,0,615,,,,,,,,C2009|JL04003
UM-HET3,C2009,TJL,f,JL04004,Control,0.0,,removed,0,791,,,,,,,,C2009|JL04004
UM-HET3,C2009,TJL,f,JL04056,Control,0.0,,removed,0,774,,,,,,,,C2009|JL04056
UM-HET3,C2009,TJL,f,JL04057,Control,0.0,,removed,0,774,,,,,,,,C2009|JL04057
UM-HET3,C2009,TJL,f,JL04058,Control,0.0,,removed,0,713,,,,,,,,C2009|JL04058
UM-HET3,C2009,TJL,f,JL04059,Control,0.0,,removed,0,774,,,,,,,,C2009|JL04059
UM-HET3,C2009,TJL,f,JL04075,Control,0.0,,removed,0,763,,,,,,,,C2009|JL04075
UM-HET3,C2009,TJL,f,JL04076,Control,0.0,,removed,0,763,,,,,,,,C2009|JL04076
UM-HET3,C2009,TJL,f,JL04077,Control,0.0,,removed,0,735,,,,,,,,C2009|JL04077
UM-HET3,C2009,TJL,f,JL04078,Control,0.0,,removed,0,735,,,,,,,,C2009|JL04078
UM-HET3,C2009,TJL,f,JL04087,Control,0.0,,removed,0,763,,,,,,,,C2009|JL04087
UM-HET3,C2009,TJL,f,JL04088,Control,0.0,,removed,0,763,,,,,,,,C2009|JL04088
UM-HET3,C2009,TJL,f,JL04089,Control,0.0,,removed,0,763,,,,,,,,C2009|JL04089
UM-HET3,C2009,TJL,f,JL04090,Control,0.0,,removed,0,763,,,,,,,,C2009|JL04090
UM-HET3,C2009,TJL,f,JL04095,Control,0.0,,removed,0,785,,,,,,,,C2009|JL04095
UM-HET3,C2009,TJL,f,JL04096,Control,0.0,,removed,0,785,,,,,,,,C2009|JL04096
UM-HET3,C2009,TJL,f,JL04097,Control,0.0,,removed,0,785,,,,,,,,C2009|JL04097
UM-HET3,C2009,TJL,f,JL04098,Control,0.0,,removed,0,785,,,,,,,,C2009|JL04098
UM-HET3,C2009,TJL,f,JL04126,Control,0.0,,removed,0,775,,,,,,,,C2009|JL04126
UM-HET3,C2009,TJL,f,JL04127,Control,0.0,,removed,0,775,,,,,,,,C2009|JL04127
UM-HET3,C2009,TJL,f,JL04128,Control,0.0,,removed,0,775,,,,,,,,C2009|JL04128
UM-HET3,C2009,TJL,f,JL04129,Control,0.0,,removed,0,775,,,,,,,,C2009|JL04129
UM-HET3,C2009,TJL,f,JL04138,Control,0.0,,dead,1,1051,,,,28.0,34.0,,,C2009|JL04138
UM-HET3,C2009,TJL,f,JL04139,Control,0.0,,dead,1,1197,,,,30.0,39.0,,,C2009|JL04139
UM-HET3,C2009,TJL,f,JL04140,Control,0.0,,dead,1,897,,,,43.0,55.0,,,C2009|JL04140
UM-HET3,C2009,TJL,f,JL04141,Control,0.0,,dead,1,778,,,,27.0,40.0,,,C2009|JL04141
UM-HET3,C2009,TJL,f,JL04158,Control,0.0,,dead,1,915,,,,28.0,39.0,,,C2009|JL04158
UM-HET3,C2009,TJL,f,JL04159,Control,0.0,,dead,1,997,,,,31.0,44.0,,,C2009|JL04159
UM-HET3,C2009,TJL,f,JL04160,Control,0.0,,dead,1,783,,,,26.0,40.0,,,C2009|JL04160
UM-HET3,C2009,TJL,f,JL04161,Control,0.0,,dead,1,908,,,,39.0,51.0,,,C2009|JL04161
UM-HET3,C2009,TJL,f,JL04168,Control,0.0,,dead,1,815,,,,30.0,40.0,,,C2009|JL04168
UM-HET3,C2009,TJL,f,JL04169,Control,0.0,,dead,1,815,,,,37.0,55.0,,,C2009|JL04169
UM-HET3,C2009,TJL,f,JL04170,Control,0.0,,dead,1,1037,,,,23.0,34.0,,,C2009|JL04170
UM-HET3,C2009,TJL,f,JL04171,Control,0.0,,dead,1,786,,,,35.0,48.0,,,C2009|JL04171
UM-HET3,C2009,TJL,f,JL04212,Control,0.0,,dead,1,869,,,,29.0,38.0,,,C2009|JL04212
UM-HET3,C2009,TJL,f,JL04213,Control,0.0,,dead,1,1023,,,,27.0,35.0,,,C2009|JL04213
UM-HET3,C2009,TJL,f,JL04214,Control,0.0,,dead,1,891,,,,40.0,49.0,,,C2009|JL04214
UM-HET3,C2009,TJL,f,JL04215,Control,0.0,,dead,1,932,,,,39.0,46.0,,,C2009|JL04215
UM-HET3,C2009,TJL,f,JL04266,Control,0.0,,dead,1,908,,,,25.0,42.0,,,C2009|JL04266
UM-HET3,C2009,TJL,f,JL04267,Control,0.0,,dead,1,565,,,,27.0,34.0,,,C2009|JL04267
UM-HET3,C2009,TJL,f,JL04268,Control,0.0,,dead,1,957,,,,22.0,27.0,,,C2009|JL04268
UM-HET3,C2009,TJL,f,JL04269,Control,0.0,,dead,1,873,,,,27.0,35.0,,,C2009|JL04269
UM-HET3,C2009,TJL,f,JL04293,Control,0.0,,dead,1,988,,,,26.0,35.0,,,C2009|JL04293
UM-HET3,C2009,TJL,f,JL04294,Control,0.0,,dead,1,722,,,,28.0,35.0,,,C2009|JL04294
UM-HET3,C2009,TJL,f,JL04295,Control,0.0,,dead,1,1085,,,,25.0,31.0,,,C2009|JL04295
UM-HET3,C2009,TJL,f,JL04296,Control,0.0,,dead,1,1093,,,,37.0,49.0,,,C2009|JL04296
UM-HET3,C2009,TJL,f,JL04297,Control,0.0,,dead,1,652,,,,24.0,29.0,,,C2009|JL04297
UM-HET3,C2009,TJL,f,JL04298,Control,0.0,,dead,1,972,,,,28.0,36.0,,,C2009|JL04298
UM-HET3,C2009,TJL,f,JL04299,Control,0.0,,dead,1,918,,,,31.0,42.0,,,C2009|JL04299
UM-HET3,C2009,TJL,f,JL04300,Control,0.0,,dead,1,988,,,,20.0,27.0,,,C2009|JL04300
UM-HET3,C2009,TJL,f,JL04396,Control,0.0,,dead,1,918,,,,42.0,53.0,,,C2009|JL04396
UM-HET3,C2009,TJL,f,JL04397,Control,0.0,,dead,1,590,,,,48.0,64.0,,,C2009|JL04397
UM-HET3,C2009,TJL,f,JL04398,Control,0.0,,dead,1,485,,,,38.0,52.0,,,C2009|JL04398
UM-HET3,C2009,TJL,f,JL04399,Control,0.0,,dead,1,944,,,,39.0,48.0,,,C2009|JL04399
UM-HET3,C2009,TJL,f,JL04419,Control,0.0,,dead,1,1009,,,,36.0,38.0,,,C2009|JL04419
UM-HET3,C2009,TJL,f,JL04420,Control,0.0,,dead,1,793,,,,32.0,36.0,,,C2009|JL04420
UM-HET3,C2009,TJL,f,JL04421,Control,0.0,,dead,1,947,,,,32.0,27.0,,,C2009|JL04421
UM-HET3,C2009,TJL,f,JL04422,Control,0.0,,dead,1,793,,,,24.0,24.0,,,C2009|JL04422
UM-HET3,C2009,TJL,f,JL04523,Control,0.0,,removed,0,763,,,,,,,,C2009|JL04523
UM-HET3,C2009,TJL,f,JL04524,Control,0.0,,removed,0,763,,,,,,,,C2009|JL04524
UM-HET3,C2009,TJL,f,JL04525,Control,0.0,,removed,0,763,,,,,,,,C2009|JL04525
UM-HET3,C2009,TJL,f,JL04526,Control,0.0,,removed,0,763,,,,,,,,C2009|JL04526
UM-HET3,C2009,TJL,f,JL04543,Control,0.0,,removed,0,756,,,,,,,,C2009|JL04543
UM-HET3,C2009,TJL,f,JL04544,Control,0.0,,removed,0,756,,,,,,,,C2009|JL04544
UM-HET3,C2009,TJL,f,JL04545,Control,0.0,,removed,0,756,,,,,,,,C2009|JL04545
UM-HET3,C2009,TJL,f,JL04546,Control,0.0,,removed,0,604,,,,,,,,C2009|JL04546
UM-HET3,C2009,TJL,f,JL04591,Control,0.0,,removed,0,1030,,,,,,,,C2009|JL04591
UM-HET3,C2009,TJL,f,JL04592,Control,0.0,,removed,0,587,,,,,,,,C2009|JL04592
UM-HET3,C2009,TJL,f,JL04593,Control,0.0,,removed,0,749,,,,,,,,C2009|JL04593
UM-HET3,C2009,TJL,f,JL04594,Control,0.0,,removed,0,749,,,,,,,,C2009|JL04594
UM-HET3,C2009,TJL,f,JL04637,Control,0.0,,dead,1,603,,,,39.0,52.0,,,C2009|JL04637
UM-HET3,C2009,TJL,f,JL04638,Control,0.0,,dead,1,1099,,,,30.0,34.0,,,C2009|JL04638
UM-HET3,C2009,TJL,f,JL04639,Control,0.0,,dead,1,688,,,,36.0,50.0,,,C2009|JL04639
UM-HET3,C2009,TJL,f,JL04640,Control,0.0,,dead,1,876,,,,31.0,38.0,,,C2009|JL04640
UM-HET3,C2009,TJL,f,JL04654,Control,0.0,,dead,1,915,,,,40.0,56.0,,,C2009|JL04654
UM-HET3,C2009,TJL,f,JL04655,Control,0.0,,dead,1,880,,,,35.0,46.0,,,C2009|JL04655
UM-HET3,C2009,TJL,f,JL04656,Control,0.0,,dead,1,565,,,,31.0,42.0,,,C2009|JL04656
UM-HET3,C2009,TJL,f,JL04657,Control,0.0,,dead,1,949,,,,34.0,45.0,,,C2009|JL04657
UM-HET3,C2009,TJL,f,JL04692,Control,0.0,,dead,1,785,,,,30.0,43.0,,,C2009|JL04692
UM-HET3,C2009,TJL,f,JL04693,Control,0.0,,dead,1,674,,,,31.0,45.0,,,C2009|JL04693
UM-HET3,C2009,TJL,f,JL04694,Control,0.0,,dead,1,815,,,,28.0,33.0,,,C2009|JL04694
UM-HET3,C2009,TJL,f,JL04695,Control,0.0,,dead,1,743,,,,43.0,56.0,,,C2009|JL04695
UM-HET3,C2009,TJL,f,JL04716,Control,0.0,,dead,1,1084,,,,42.0,52.0,,,C2009|JL04716
UM-HET3,C2009,TJL,f,JL04717,Control,0.0,,dead,1,941,,,,38.0,43.0,,,C2009|JL04717
UM-HET3,C2009,TJL,f,JL04718,Control,0.0,,dead,1,582,,,,36.0,48.0,,,C2009|JL04718
UM-HET3,C2009,TJL,f,JL04719,Control,0.0,,dead,1,758,,,,44.0,59.0,,,C2009|JL04719
UM-HET3,C2009,TJL,f,JL04736,Control,0.0,,dead,1,743,,,,24.0,30.0,,,C2009|JL04736
UM-HET3,C2009,TJL,f,JL04737,Control,0.0,,dead,1,1051,,,,34.0,41.0,,,C2009|JL04737
UM-HET3,C2009,TJL,f,JL04738,Control,0.0,,dead,1,821,,,,28.0,36.0,,,C2009|JL04738
UM-HET3,C2009,TJL,f,JL04739,Control,0.0,,dead,1,903,,,,42.0,50.0,,,C2009|JL04739
UM-HET3,C2009,TJL,f,JL04763,Control,0.0,,dead,1,980,,,,36.0,45.0,,,C2009|JL04763
UM-HET3,C2009,TJL,f,JL04764,Control,0.0,,dead,1,679,,,,48.0,55.0,,,C2009|JL04764
UM-HET3,C2009,TJL,f,JL04765,Control,0.0,,dead,1,1023,,,,32.0,46.0,,,C2009|JL04765
UM-HET3,C2009,TJL,f,JL04766,Control,0.0,,dead,1,693,,,,28.0,37.0,,,C2009|JL04766
UM-HET3,C2009,TJL,m,JL04072,Control,0.0,,dead,1,833,,,,45.0,48.0,,,C2009|JL04072
UM-HET3,C2009,TJL,m,JL04073,Control,0.0,,dead,1,807,,,,38.0,40.0,,,C2009|JL04073
UM-HET3,C2009,TJL,m,JL04074,Control,0.0,,dead,1,674,,,,42.0,49.0,,,C2009|JL04074
UM-HET3,C2009,TJL,m,JL04099,Control,0.0,,dead,1,420,,,,41.0,48.0,,,C2009|JL04099
UM-HET3,C2009,TJL,m,JL04100,Control,0.0,,dead,1,973,,,,44.0,50.0,,,C2009|JL04100
UM-HET3,C2009,TJL,m,JL04101,Control,0.0,,dead,1,1023,,,,33.0,39.0,,,C2009|JL04101
UM-HET3,C2009,TJL,m,JL04105,Control,0.0,,dead,1,408,,,,48.0,54.0,,,C2009|JL04105
UM-HET3,C2009,TJL,m,JL04106,Control,0.0,,dead,1,765,,,,52.0,53.0,,,C2009|JL04106
UM-HET3,C2009,TJL,m,JL04107,Control,0.0,,dead,1,785,,,,45.0,50.0,,,C2009|JL04107
UM-HET3,C2009,TJL,m,JL04117,Control,0.0,,dead,1,939,,,,39.0,39.0,,,C2009|JL04117
UM-HET3,C2009,TJL,m,JL04118,Control,0.0,,dead,1,729,,,,37.0,40.0,,,C2009|JL04118
UM-HET3,C2009,TJL,m,JL04119,Control,0.0,,dead,1,546,,,,41.0,47.0,,,C2009|JL04119
UM-HET3,C2009,TJL,m,JL04189,Control,0.0,,dead,1,793,,,,35.0,42.0,,,C2009|JL04189
UM-HET3,C2009,TJL,m,JL04190,Control,0.0,,dead,1,666,,,,40.0,46.0,,,C2009|JL04190
UM-HET3,C2009,TJL,m,JL04191,Control,0.0,,dead,1,835,,,,46.0,51.0,,,C2009|JL04191
UM-HET3,C2009,TJL,m,JL04202,Control,0.0,,dead,1,632,,,,47.0,52.0,,,C2009|JL04202
UM-HET3,C2009,TJL,m,JL04203,Control,0.0,,dead,1,575,,,,47.0,45.0,,,C2009|JL04203
UM-HET3,C2009,TJL,m,JL04204,Control,0.0,,dead,1,1242,,,,44.0,50.0,,,C2009|JL04204
UM-HET3,C2009,TJL,m,JL04240,Control,0.0,,dead,1,525,,,,50.0,57.0,,,C2009|JL04240
UM-HET3,C2009,TJL,m,JL04241,Control,0.0,,dead,1,945,,,,51.0,53.0,,,C2009|JL04241
UM-HET3,C2009,TJL,m,JL04242,Control,0.0,,dead,1,822,,,,51.0,62.0,,,C2009|JL04242
UM-HET3,C2009,TJL,m,JL04249,Control,0.0,,dead,1,941,,,,41.0,47.0,,,C2009|JL04249
UM-HET3,C2009,TJL,m,JL04250,Control,0.0,,dead,1,716,,,,43.0,47.0,,,C2009|JL04250
UM-HET3,C2009,TJL,m,JL04251,Control,0.0,,dead,1,1141,,,,42.0,51.0,,,C2009|JL04251
UM-HET3,C2009,TJL,m,JL04255,Control,0.0,,dead,1,814,,,,48.0,55.0,,,C2009|JL04255
UM-HET3,C2009,TJL,m,JL04256,Control,0.0,,dead,1,534,,,,51.0,58.0,,,C2009|JL04256
UM-HET3,C2009,TJL,m,JL04257,Control,0.0,,dead,1,609,,,,42.0,52.0,,,C2009|JL04257
UM-HET3,C2009,TJL,m,JL04270,Control,0.0,,dead,1,1061,,,,35.0,44.0,,,C2009|JL04270
UM-HET3,C2009,TJL,m,JL04271,Control,0.0,,dead,1,1278,,,,41.0,47.0,,,C2009|JL04271
UM-HET3,C2009,TJL,m,JL04272,Control,0.0,,dead,1,598,,,,46.0,52.0,,,C2009|JL04272
UM-HET3,C2009,TJL,m,JL04273,Control,0.0,,dead,1,829,,,,32.0,38.0,,,C2009|JL04273
UM-HET3,C2009,TJL,m,JL04274,Control,0.0,,dead,1,446,,,,43.0,48.0,,,C2009|JL04274
UM-HET3,C2009,TJL,m,JL04275,Control,0.0,,dead,1,1061,,,,40.0,47.0,,,C2009|JL04275
UM-HET3,C2009,TJL,m,JL04276,Control,0.0,,dead,1,606,,,,35.0,50.0,,,C2009|JL04276
UM-HET3,C2009,TJL,m,JL04277,Control,0.0,,dead,1,658,,,,40.0,47.0,,,C2009|JL04277
UM-HET3,C2009,TJL,m,JL04278,Control,0.0,,dead,1,908,,,,42.0,45.0,,,C2009|JL04278
UM-HET3,C2009,TJL,m,JL04279,Control,0.0,,dead,1,887,,,,37.0,44.0,,,C2009|JL04279
UM-HET3,C2009,TJL,m,JL04280,Control,0.0,,dead,1,873,,,,41.0,48.0,,,C2009|JL04280
UM-HET3,C2009,TJL,m,JL04281,Control,0.0,,dead,1,425,,,,41.0,44.0,,,C2009|JL04281
UM-HET3,C2009,TJL,m,JL04301,Control,0.0,,dead,1,807,,,,34.0,38.0,,,C2009|JL04301
UM-HET3,C2009,TJL,m,JL04302,Control,0.0,,dead,1,890,,,,38.0,44.0,,,C2009|JL04302
UM-HET3,C2009,TJL,m,JL04303,Control,0.0,,dead,1,1017,,,,36.0,46.0,,,C2009|JL04303
UM-HET3,C2009,TJL,m,JL04332,Control,0.0,,dead,1,913,,,,51.0,55.0,,,C2009|JL04332
UM-HET3,C2009,TJL,m,JL04333,Control,0.0,,dead,1,897,,,,42.0,45.0,,,C2009|JL04333
UM-HET3,C2009,TJL,m,JL04334,Control,0.0,,dead,1,759,,,,43.0,48.0,,,C2009|JL04334
UM-HET3,C2009,TJL,m,JL04376,Control,0.0,,dead,1,688,,,,47.0,53.0,,,C2009|JL04376
UM-HET3,C2009,TJL,m,JL04377,Control,0.0,,dead,1,1044,,,,41.0,45.0,,,C2009|JL04377
UM-HET3,C2009,TJL,m,JL04378,Control,0.0,,dead,1,176,,,,,,,,C2009|JL04378
UM-HET3,C2009,TJL,m,JL04379,Control,0.0,,dead,1,722,,,,44.0,51.0,,,C2009|JL04379
UM-HET3,C2009,TJL,m,JL04380,Control,0.0,,dead,1,827,,,,48.0,52.0,,,C2009|JL04380
UM-HET3,C2009,TJL,m,JL04381,Control,0.0,,dead,1,260,,,,44.0,,,,C2009|JL04381
UM-HET3,C2009,TJL,m,JL04407,Control,0.0,,dead,1,995,,,,43.0,47.0,,,C2009|JL04407
UM-HET3,C2009,TJL,m,JL04408,Control,0.0,,dead,1,779,,,,44.0,48.0,,,C2009|JL04408
UM-HET3,C2009,TJL,m,JL04409,Control,0.0,,dead,1,1338,,,,41.0,45.0,,,C2009|JL04409
UM-HET3,C2009,TJL,m,JL04461,Control,0.0,,dead,1,813,,,,41.0,46.0,,,C2009|JL04461
UM-HET3,C2009,TJL,m,JL04462,Control,0.0,,dead,1,568,,,,50.0,51.0,,,C2009|JL04462
UM-HET3,C2009,TJL,m,JL04463,Control,0.0,,dead,1,477,,,,49.0,52.0,,,C2009|JL04463
UM-HET3,C2009,TJL,m,JL04478,Control,0.0,,dead,1,705,,,,56.0,62.0,,,C2009|JL04478
UM-HET3,C2009,TJL,m,JL04479,Control,0.0,,dead,1,375,,,,42.0,46.0,,,C2009|JL04479
UM-HET3,C2009,TJL,m,JL04480,Control,0.0,,dead,1,467,,,,53.0,53.0,,,C2009|JL04480
UM-HET3,C2009,TJL,m,JL04484,Control,0.0,,dead,1,959,,,,43.0,43.0,,,C2009|JL04484
UM-HET3,C2009,TJL,m,JL04485,Control,0.0,,dead,1,701,,,,44.0,47.0,,,C2009|JL04485
UM-HET3,C2009,TJL,m,JL04486,Control,0.0,,dead,1,778,,,,32.0,40.0,,,C2009|JL04486
UM-HET3,C2009,TJL,m,JL04493,Control,0.0,,dead,1,435,,,,53.0,52.0,,,C2009|JL04493
UM-HET3,C2009,TJL,m,JL04494,Control,0.0,,dead,1,841,,,,51.0,51.0,,,C2009|JL04494
UM-HET3,C2009,TJL,m,JL04495,Control,0.0,,dead,1,463,,,,48.0,50.0,,,C2009|JL04495
UM-HET3,C2009,TJL,m,JL04567,Control,0.0,,dead,1,679,,,,38.0,40.0,,,C2009|JL04567
UM-HET3,C2009,TJL,m,JL04568,Control,0.0,,dead,1,904,,,,41.0,42.0,,,C2009|JL04568
UM-HET3,C2009,TJL,m,JL04569,Control,0.0,,dead,1,1162,,,,47.0,47.0,,,C2009|JL04569
UM-HET3,C2009,TJL,m,JL04579,Control,0.0,,dead,1,932,,,,46.0,50.0,,,C2009|JL04579
UM-HET3,C2009,TJL,m,JL04580,Control,0.0,,dead,1,904,,,,43.0,50.0,,,C2009|JL04580
UM-HET3,C2009,TJL,m,JL04581,Control,0.0,,dead,1,848,,,,44.0,49.0,,,C2009|JL04581
UM-HET3,C2009,TJL,m,JL04613,Control,0.0,,dead,1,890,,,,44.0,47.0,,,C2009|JL04613
UM-HET3,C2009,TJL,m,JL04614,Control,0.0,,dead,1,624,,,,43.0,50.0,,,C2009|JL04614
UM-HET3,C2009,TJL,m,JL04615,Control,0.0,,dead,1,1030,,,,46.0,51.0,,,C2009|JL04615
UM-HET3,C2009,TJL,m,JL04641,Control,0.0,,dead,1,516,,,,46.0,50.0,,,C2009|JL04641
UM-HET3,C2009,TJL,m,JL04642,Control,0.0,,dead,1,454,,,,43.0,47.0,,,C2009|JL04642
UM-HET3,C2009,TJL,m,JL04643,Control,0.0,,dead,1,950,,,,49.0,51.0,,,C2009|JL04643
UM-HET3,C2009,TJL,m,JL04680,Control,0.0,,dead,1,810,,,,50.0,58.0,,,C2009|JL04680
UM-HET3,C2009,TJL,m,JL04681,Control,0.0,,dead,1,692,,,,39.0,42.0,,,C2009|JL04681
UM-HET3,C2009,TJL,m,JL04682,Control,0.0,,dead,1,789,,,,47.0,52.0,,,C2009|JL04682
UM-HET3,C2009,TJL,m,JL04723,Control,0.0,,dead,1,330,,,,38.0,,,,C2009|JL04723
UM-HET3,C2009,TJL,m,JL04724,Control,0.0,,dead,1,496,,,,49.0,57.0,,,C2009|JL04724
UM-HET3,C2009,TJL,m,JL04725,Control,0.0,,dead,1,484,,,,44.0,52.0,,,C2009|JL04725
UM-HET3,C2009,TJL,m,JL04726,Control,0.0,,dead,1,175,,,,,,,,C2009|JL04726
UM-HET3,C2009,TJL,m,JL04727,Control,0.0,,dead,1,302,,,,44.0,,,,C2009|JL04727
UM-HET3,C2009,TJL,m,JL04728,Control,0.0,,dead,1,1002,,,,46.0,54.0,,,C2009|JL04728
UM-HET3,C2009,TJL,m,JL04729,Control,0.0,,dead,1,841,,,,50.0,53.0,,,C2009|JL04729
UM-HET3,C2009,TJL,m,JL04730,Control,0.0,,removed,0,351,,,,,,,,C2009|JL04730
UM-HET3,C2009,TJL,m,JL04731,Control,0.0,,dead,1,1009,,,,40.0,43.0,,,C2009|JL04731
UM-HET3,C2009,TJL,m,JL04748,Control,0.0,,dead,1,1008,,,,44.0,51.0,,,C2009|JL04748
UM-HET3,C2009,TJL,m,JL04749,Control,0.0,,dead,1,876,,,,48.0,52.0,,,C2009|JL04749
UM-HET3,C2009,TJL,m,JL04750,Control,0.0,,dead,1,1126,,,,43.0,49.0,,,C2009|JL04750
UM-HET3,C2009,TJL,m,JL04754,Control,0.0,,dead,1,750,,,,47.0,53.0,,,C2009|JL04754
UM-HET3,C2009,TJL,m,JL04755,Control,0.0,,dead,1,1210,,,,36.0,41.0,,,C2009|JL04755
UM-HET3,C2009,TJL,m,JL04756,Control,0.0,,dead,1,1204,,,,44.0,51.0,,,C2009|JL04756
UM-HET3,C2009,TJL,m,JL04760,Control,0.0,,dead,1,1274,,,,37.0,41.0,,,C2009|JL04760
UM-HET3,C2009,TJL,m,JL04761,Control,0.0,,dead,1,697,,,,45.0,46.0,,,C2009|JL04761
UM-HET3,C2009,TJL,m,JL04762,Control,0.0,,dead,1,952,,,,36.0,43.0,,,C2009|JL04762
UM-HET3,C2009,TJL,m,JL04789,Control,0.0,,dead,1,868,,,,43.0,45.0,,,C2009|JL04789
UM-HET3,C2009,TJL,m,JL04790,Control,0.0,,dead,1,1044,,,,43.0,50.0,,,C2009|JL04790
UM-HET3,C2009,TJL,m,JL04791,Control,0.0,,dead,1,190,,,,46.0,,,,C2009|JL04791
UM-HET3,C2009,UM,f,UM25011,Control,0.0,,dead,1,992,,,,26.299999,32.900002,,,C2009|UM25011
UM-HET3,C2009,UM,f,UM25018,Control,0.0,,dead,1,857,,,,25.799999,35.0,,,C2009|UM25018
UM-HET3,C2009,UM,f,UM25025,Control,0.0,,dead,1,943,,,,30.700001,38.299999,,,C2009|UM25025
UM-HET3,C2009,UM,f,UM25032,Control,0.0,,dead,1,956,,,,23.9,26.9,,,C2009|UM25032
UM-HET3,C2009,UM,f,UM25508,Control,0.0,,dead,1,942,,,,29.0,31.6,,,C2009|UM25508
UM-HET3,C2009,UM,f,UM25515,Control,0.0,,dead,1,1116,,,,27.200001,27.200001,,,C2009|UM25515
UM-HET3,C2009,UM,f,UM25522,Control,0.0,,dead,1,568,,,,32.200001,36.5,,,C2009|UM25522
UM-HET3,C2009,UM,f,UM25529,Control,0.0,,dead,1,783,,,,29.299999,36.700001,,,C2009|UM25529
UM-HET3,C2009,UM,f,UM25620,Control,0.0,,dead,1,960,,,,26.4,34.200001,,,C2009|UM25620
UM-HET3,C2009,UM,f,UM25627,Control,0.0,,dead,1,841,,,,32.5,38.799999,,,C2009|UM25627
UM-HET3,C2009,UM,f,UM25634,Control,0.0,,dead,1,1013,,,,28.1,34.700001,,,C2009|UM25634
UM-HET3,C2009,UM,f,UM25641,Control,0.0,,dead,1,1060,,,,38.799999,47.400002,,,C2009|UM25641
UM-HET3,C2009,UM,f,UM25977,Control,0.0,,dead,1,1203,,,,24.700001,27.1,,,C2009|UM25977
UM-HET3,C2009,UM,f,UM25984,Control,0.0,,dead,1,1030,,,,29.9,41.200001,,,C2009|UM25984
UM-HET3,C2009,UM,f,UM25991,Control,0.0,,dead,1,953,,,,26.4,33.099998,,,C2009|UM25991
UM-HET3,C2009,UM,f,UM25998,Control,0.0,,dead,1,839,,,,26.299999,30.299999,,,C2009|UM25998
UM-HET3,C2009,UM,f,UM26033,Control,0.0,,dead,1,981,,,,24.0,29.299999,,,C2009|UM26033
UM-HET3,C2009,UM,f,UM26040,Control,0.0,,dead,1,1047,,,,24.799999,27.5,,,C2009|UM26040
UM-HET3,C2009,UM,f,UM26047,Control,0.0,,dead,1,754,,,,25.6,29.5,,,C2009|UM26047
UM-HET3,C2009,UM,f,UM26054,Control,0.0,,dead,1,1087,,,,28.299999,30.1,,,C2009|UM26054
UM-HET3,C2009,UM,f,UM26061,Control,0.0,,dead,1,742,,,,26.4,30.9,,,C2009|UM26061
UM-HET3,C2009,UM,f,UM26068,Control,0.0,,dead,1,802,,,,26.0,31.1,,,C2009|UM26068
UM-HET3,C2009,UM,f,UM26075,Control,0.0,,dead,1,856,,,,26.799999,31.6,,,C2009|UM26075
UM-HET3,C2009,UM,f,UM26082,Control,0.0,,dead,1,1229,,,,25.799999,32.5,,,C2009|UM26082
UM-HET3,C2009,UM,f,UM26110,Control,0.0,,dead,1,886,,,,26.9,30.299999,,,C2009|UM26110
UM-HET3,C2009,UM,f,UM26117,Control,0.0,,dead,1,946,,,,30.299999,35.400002,,,C2009|UM26117
UM-HET3,C2009,UM,f,UM26124,Control,0.0,,dead,1,767,,,,23.6,26.0,,,C2009|UM26124
UM-HET3,C2009,UM,f,UM26131,Control,0.0,,dead,1,877,,,,26.299999,30.200001,,,C2009|UM26131
UM-HET3,C2009,UM,f,UM26292,Control,0.0,,dead,1,806,,,,26.4,31.5,,,C2009|UM26292
UM-HET3,C2009,UM,f,UM26299,Control,0.0,,removed,0,531,,,,,,,,C2009|UM26299
UM-HET3,C2009,UM,f,UM26306,Control,0.0,,dead,1,1057,,,,23.0,27.5,,,C2009|UM26306
UM-HET3,C2009,UM,f,UM26313,Control,0.0,,dead,1,1066,,,,25.5,34.0,,,C2009|UM26313
UM-HET3,C2009,UM,f,UM26390,Control,0.0,,dead,1,980,,,,33.200001,45.5,,,C2009|UM26390
UM-HET3,C2009,UM,f,UM26397,Control,0.0,,dead,1,794,,,,34.200001,43.700001,,,C2009|UM26397
UM-HET3,C2009,UM,f,UM26404,Control,0.0,,dead,1,968,,,,30.799999,36.400002,,,C2009|UM26404
UM-HET3,C2009,UM,f,UM26411,Control,0.0,,dead,1,988,,,,31.299999,40.099998,,,C2009|UM26411
UM-HET3,C2009,UM,f,UM26670,Control,0.0,,dead,1,801,,,,27.5,34.299999,,,C2009|UM26670
UM-HET3,C2009,UM,f,UM26677,Control,0.0,,dead,1,857,,,,26.6,31.9,,,C2009|UM26677
UM-HET3,C2009,UM,f,UM26684,Control,0.0,,dead,1,841,,,,27.6,25.9,,,C2009|UM26684
UM-HET3,C2009,UM,f,UM26691,Control,0.0,,dead,1,885,,,,29.5,32.200001,,,C2009|UM26691
UM-HET3,C2009,UM,f,UM27069,Control,0.0,,dead,1,791,,,,25.4,30.0,,,C2009|UM27069
UM-HET3,C2009,UM,f,UM27076,Control,0.0,,dead,1,918,,,,24.299999,30.700001,,,C2009|UM27076
UM-HET3,C2009,UM,f,UM27083,Control,0.0,,dead,1,739,,,,31.9,43.099998,,,C2009|UM27083
UM-HET3,C2009,UM,f,UM27090,Control,0.0,,dead,1,721,,,,29.200001,36.200001,,,C2009|UM27090
UM-HET3,C2009,UM,f,UM27118,Control,0.0,,dead,1,698,,,,34.299999,44.799999,,,C2009|UM27118
UM-HET3,C2009,UM,f,UM27125,Control,0.0,,dead,1,1024,,,,31.799999,42.400002,,,C2009|UM27125
UM-HET3,C2009,UM,f,UM27132,Control,0.0,,dead,1,735,,,,31.299999,40.5,,,C2009|UM27132
UM-HET3,C2009,UM,f,UM27139,Control,0.0,,dead,1,791,,,,30.9,38.400002,,,C2009|UM27139
UM-HET3,C2009,UM,f,UM27384,Control,0.0,,dead,1,814,,,,34.5,40.900002,,,C2009|UM27384
UM-HET3,C2009,UM,f,UM27391,Control,0.0,,dead,1,831,,,,28.6,35.400002,,,C2009|UM27391
UM-HET3,C2009,UM,f,UM27398,Control,0.0,,dead,1,1108,,,,40.200001,50.099998,,,C2009|UM27398
UM-HET3,C2009,UM,f,UM27405,Control,0.0,,dead,1,1025,,,,35.099998,37.5,,,C2009|UM27405
UM-HET3,C2009,UM,f,UM27629,Control,0.0,,dead,1,696,,,,23.299999,24.9,,,C2009|UM27629
UM-HET3,C2009,UM,f,UM27636,Control,0.0,,dead,1,526,,,,29.4,35.599998,,,C2009|UM27636
UM-HET3,C2009,UM,f,UM27643,Control,0.0,,dead,1,1048,,,,35.5,42.5,,,C2009|UM27643
UM-HET3,C2009,UM,f,UM27650,Control,0.0,,dead,1,790,,,,26.1,33.200001,,,C2009|UM27650
UM-HET3,C2009,UM,f,UM27706,Control,0.0,,dead,1,149,,,,,,,,C2009|UM27706
UM-HET3,C2009,UM,f,UM27713,Control,0.0,,dead,1,1156,,,,27.9,34.599998,,,C2009|UM27713
UM-HET3,C2009,UM,f,UM27720,Control,0.0,,dead,1,539,,,,28.6,38.599998,,,C2009|UM27720
UM-HET3,C2009,UM,f,UM27727,Control,0.0,,dead,1,717,,,,31.799999,42.700001,,,C2009|UM27727
UM-HET3,C2009,UM,f,UM28154,Control,0.0,,dead,1,902,,,,26.4,29.700001,,,C2009|UM28154
UM-HET3,C2009,UM,f,UM28161,Control,0.0,,dead,1,1089,,,,23.700001,25.5,,,C2009|UM28161
UM-HET3,C2009,UM,f,UM28168,Control,0.0,,dead,1,951,,,,23.1,26.0,,,C2009|UM28168
UM-HET3,C2009,UM,f,UM28175,Control,0.0,,dead,1,819,,,,24.9,33.5,,,C2009|UM28175
UM-HET3,C2009,UM,f,UM28203,Control,0.0,,dead,1,926,,,,24.5,33.400002,,,C2009|UM28203
UM-HET3,C2009,UM,f,UM28210,Control,0.0,,dead,1,896,,,,29.9,43.099998,,,C2009|UM28210
UM-HET3,C2009,UM,f,UM28217,Control,0.0,,dead,1,539,,,,31.200001,42.299999,,,C2009|UM28217
UM-HET3,C2009,UM,f,UM28224,Control,0.0,,dead,1,1108,,,,21.700001,25.6,,,C2009|UM28224
UM-HET3,C2009,UM,f,UM28574,Control,0.0,,dead,1,968,,,,21.4,29.799999,,,C2009|UM28574
UM-HET3,C2009,UM,f,UM28581,Control,0.0,,dead,1,860,,,,29.6,35.599998,,,C2009|UM28581
UM-HET3,C2009,UM,f,UM28588,Control,0.0,,dead,1,831,,,,30.700001,42.700001,,,C2009|UM28588
UM-HET3,C2009,UM,f,UM28595,Control,0.0,,dead,1,634,,,,28.700001,39.599998,,,C2009|UM28595
UM-HET3,C2009,UM,f,UM28623,Control,0.0,,dead,1,751,,,,29.0,32.900002,,,C2009|UM28623
UM-HET3,C2009,UM,f,UM28630,Control,0.0,,dead,1,896,,,,28.6,37.700001,,,C2009|UM28630
UM-HET3,C2009,UM,f,UM28637,Control,0.0,,dead,1,718,,,,28.5,32.299999,,,C2009|UM28637
UM-HET3,C2009,UM,f,UM28644,Control,0.0,,dead,1,859,,,,28.4,39.799999,,,C2009|UM28644
UM-HET3,C2009,UM,f,UM28980,Control,0.0,,removed,0,982,,,,,,,,C2009|UM28980
UM-HET3,C2009,UM,f,UM28987,Control,0.0,,dead,1,887,,,,25.5,34.200001,,,C2009|UM28987
UM-HET3,C2009,UM,f,UM28994,Control,0.0,,dead,1,1085,,,,29.9,37.799999,,,C2009|UM28994
UM-HET3,C2009,UM,f,UM29001,Control,0.0,,dead,1,950,,,,28.200001,38.299999,,,C2009|UM29001
UM-HET3,C2009,UM,f,UM29092,Control,0.0,,dead,1,1054,,,,23.1,34.0,,,C2009|UM29092
UM-HET3,C2009,UM,f,UM29099,Control,0.0,,dead,1,1008,,,,27.1,32.0,,,C2009|UM29099
UM-HET3,C2009,UM,f,UM29106,Control,0.0,,dead,1,797,,,,28.4,35.799999,,,C2009|UM29106
UM-HET3,C2009,UM,f,UM29113,Control,0.0,,dead,1,977,,,,29.0,43.099998,,,C2009|UM29113
UM-HET3,C2009,UM,f,UM29120,Control,0.0,,dead,1,806,,,,27.799999,35.5,,,C2009|UM29120
UM-HET3,C2009,UM,f,UM29127,Control,0.0,,dead,1,1058,,,,24.9,28.1,,,C2009|UM29127
UM-HET3,C2009,UM,f,UM29134,Control,0.0,,dead,1,1093,,,,22.200001,24.700001,,,C2009|UM29134
UM-HET3,C2009,UM,f,UM29141,Control,0.0,,dead,1,1202,,,,25.0,30.299999,,,C2009|UM29141
UM-HET3,C2009,UM,f,UM29561,Control,0.0,,dead,1,860,,,,32.900002,42.5,,,C2009|UM29561
UM-HET3,C2009,UM,f,UM29568,Control,0.0,,dead,1,882,,,,39.200001,53.200001,,,C2009|UM29568
UM-HET3,C2009,UM,f,UM29575,Control,0.0,,dead,1,886,,,,30.299999,37.400002,,,C2009|UM29575
UM-HET3,C2009,UM,f,UM29582,Control,0.0,,dead,1,912,,,,26.299999,32.400002,,,C2009|UM29582
UM-HET3,C2009,UM,m,UM24801,Control,0.0,,dead,1,836,,,,32.0,36.700001,,,C2009|UM24801
UM-HET3,C2009,UM,m,UM24808,Control,0.0,,dead,1,769,,,,43.099998,46.099998,,,C2009|UM24808
UM-HET3,C2009,UM,m,UM24815,Control,0.0,,dead,1,749,,,,32.599998,37.5,,,C2009|UM24815
UM-HET3,C2009,UM,m,UM24899,Control,0.0,,dead,1,1099,,,,34.599998,35.900002,,,C2009|UM24899
UM-HET3,C2009,UM,m,UM24906,Control,0.0,,dead,1,1113,,,,33.099998,37.900002,,,C2009|UM24906
UM-HET3,C2009,UM,m,UM24913,Control,0.0,,dead,1,970,,,,32.099998,39.799999,,,C2009|UM24913
UM-HET3,C2009,UM,m,UM24969,Control,0.0,,dead,1,737,,,,41.799999,45.5,,,C2009|UM24969
UM-HET3,C2009,UM,m,UM24976,Control,0.0,,dead,1,477,,,,41.200001,45.299999,,,C2009|UM24976
UM-HET3,C2009,UM,m,UM24983,Control,0.0,,dead,1,1219,,,,35.299999,39.0,,,C2009|UM24983
UM-HET3,C2009,UM,m,UM25417,Control,0.0,,dead,1,624,,,,39.5,49.099998,,,C2009|UM25417
UM-HET3,C2009,UM,m,UM25424,Control,0.0,,dead,1,611,,,,36.599998,42.799999,,,C2009|UM25424
UM-HET3,C2009,UM,m,UM25431,Control,0.0,,dead,1,739,,,,34.799999,44.900002,,,C2009|UM25431
UM-HET3,C2009,UM,m,UM25466,Control,0.0,,dead,1,440,,,,37.700001,41.400002,,,C2009|UM25466
UM-HET3,C2009,UM,m,UM25473,Control,0.0,,dead,1,1011,,,,34.299999,42.599998,,,C2009|UM25473
UM-HET3,C2009,UM,m,UM25480,Control,0.0,,dead,1,938,,,,34.0,42.0,,,C2009|UM25480
UM-HET3,C2009,UM,m,UM25557,Control,0.0,,dead,1,458,,,,38.700001,43.299999,,,C2009|UM25557
UM-HET3,C2009,UM,m,UM25564,Control,0.0,,dead,1,1025,,,,38.700001,43.900002,,,C2009|UM25564
UM-HET3,C2009,UM,m,UM25571,Control,0.0,,dead,1,1013,,,,31.1,38.0,,,C2009|UM25571
UM-HET3,C2009,UM,m,UM25578,Control,0.0,,dead,1,928,,,,37.599998,35.599998,,,C2009|UM25578
UM-HET3,C2009,UM,m,UM25585,Control,0.0,,dead,1,1138,,,,38.0,33.099998,,,C2009|UM25585
UM-HET3,C2009,UM,m,UM25592,Control,0.0,,dead,1,1006,,,,35.599998,33.5,,,C2009|UM25592
UM-HET3,C2009,UM,m,UM25746,Control,0.0,,dead,1,603,,,,37.900002,43.0,,,C2009|UM25746
UM-HET3,C2009,UM,m,UM25753,Control,0.0,,dead,1,1097,,,,34.599998,42.799999,,,C2009|UM25753
UM-HET3,C2009,UM,m,UM25760,Control,0.0,,dead,1,934,,,,40.5,42.900002,,,C2009|UM25760
UM-HET3,C2009,UM,m,UM25795,Control,0.0,,dead,1,802,,,,35.299999,39.099998,,,C2009|UM25795
UM-HET3,C2009,UM,m,UM25802,Control,0.0,,dead,1,1007,,,,32.900002,43.799999,,,C2009|UM25802
UM-HET3,C2009,UM,m,UM25809,Control,0.0,,dead,1,1228,,,,35.5,38.299999,,,C2009|UM25809
UM-HET3,C2009,UM,m,UM26271,Control,0.0,,dead,1,666,,,,33.599998,36.599998,,,C2009|UM26271
UM-HET3,C2009,UM,m,UM26278,Control,0.0,,dead,1,800,,,,32.299999,41.299999,,,C2009|UM26278
UM-HET3,C2009,UM,m,UM26285,Control,0.0,,dead,1,1083,,,,29.5,34.099998,,,C2009|UM26285
UM-HET3,C2009,UM,m,UM26530,Control,0.0,,dead,1,1151,,,,34.900002,41.599998,,,C2009|UM26530
UM-HET3,C2009,UM,m,UM26537,Control,0.0,,dead,1,537,,,,43.0,50.799999,,,C2009|UM26537
UM-HET3,C2009,UM,m,UM26544,Control,0.0,,dead,1,336,,,,38.599998,,,,C2009|UM26544
UM-HET3,C2009,UM,m,UM26551,Control,0.0,,dead,1,272,,,,42.700001,,,,C2009|UM26551
UM-HET3,C2009,UM,m,UM26558,Control,0.0,,dead,1,816,,,,41.400002,46.200001,,,C2009|UM26558
UM-HET3,C2009,UM,m,UM26565,Control,0.0,,dead,1,801,,,,42.700001,53.799999,,,C2009|UM26565
UM-HET3,C2009,UM,m,UM26866,Control,0.0,,dead,1,1079,,,,36.099998,43.5,,,C2009|UM26866
UM-HET3,C2009,UM,m,UM26873,Control,0.0,,dead,1,781,,,,35.200001,40.5,,,C2009|UM26873
UM-HET3,C2009,UM,m,UM26880,Control,0.0,,dead,1,1111,,,,44.700001,53.0,,,C2009|UM26880
UM-HET3,C2009,UM,m,UM26908,Control,0.0,,dead,1,526,,,,38.900002,46.400002,,,C2009|UM26908
UM-HET3,C2009,UM,m,UM26915,Control,0.0,,dead,1,971,,,,41.099998,46.099998,,,C2009|UM26915
UM-HET3,C2009,UM,m,UM26922,Control,0.0,,dead,1,585,,,,40.400002,48.200001,,,C2009|UM26922
UM-HET3,C2009,UM,m,UM27174,Control,0.0,,dead,1,758,,,,34.5,39.900002,,,C2009|UM27174
UM-HET3,C2009,UM,m,UM27181,Control,0.0,,dead,1,806,,,,33.200001,39.200001,,,C2009|UM27181
UM-HET3,C2009,UM,m,UM27188,Control,0.0,,dead,1,866,,,,34.799999,40.299999,,,C2009|UM27188
UM-HET3,C2009,UM,m,UM27293,Control,0.0,,dead,1,1077,,,,34.099998,41.200001,,,C2009|UM27293
UM-HET3,C2009,UM,m,UM27300,Control,0.0,,dead,1,985,,,,36.099998,43.0,,,C2009|UM27300
UM-HET3,C2009,UM,m,UM27307,Control,0.0,,dead,1,713,,,,43.700001,51.700001,,,C2009|UM27307
UM-HET3,C2009,UM,m,UM27440,Control,0.0,,dead,1,699,,,,32.599998,37.700001,,,C2009|UM27440
UM-HET3,C2009,UM,m,UM27447,Control,0.0,,dead,1,1106,,,,36.700001,44.099998,,,C2009|UM27447
UM-HET3,C2009,UM,m,UM27454,Control,0.0,,dead,1,849,,,,34.700001,39.099998,,,C2009|UM27454
UM-HET3,C2009,UM,m,UM27608,Control,0.0,,dead,1,783,,,,38.299999,44.200001,,,C2009|UM27608
UM-HET3,C2009,UM,m,UM27615,Control,0.0,,dead,1,717,,,,42.5,48.299999,,,C2009|UM27615
UM-HET3,C2009,UM,m,UM27622,Control,0.0,,dead,1,829,,,,34.5,38.799999,,,C2009|UM27622
UM-HET3,C2009,UM,m,UM27657,Control,0.0,,dead,1,939,,,,37.700001,47.200001,,,C2009|UM27657
UM-HET3,C2009,UM,m,UM27664,Control,0.0,,dead,1,1169,,,,34.400002,41.599998,,,C2009|UM27664
UM-HET3,C2009,UM,m,UM27671,Control,0.0,,dead,1,735,,,,39.099998,48.799999,,,C2009|UM27671
UM-HET3,C2009,UM,m,UM27881,Control,0.0,,dead,1,1249,,,,32.799999,37.299999,,,C2009|UM27881
UM-HET3,C2009,UM,m,UM27888,Control,0.0,,dead,1,1000,,,,31.4,34.5,,,C2009|UM27888
UM-HET3,C2009,UM,m,UM27895,Control,0.0,,dead,1,907,,,,41.5,46.599998,,,C2009|UM27895
UM-HET3,C2009,UM,m,UM27902,Control,0.0,,dead,1,1204,,,,32.299999,37.5,,,C2009|UM27902
UM-HET3,C2009,UM,m,UM27909,Control,0.0,,dead,1,807,,,,39.099998,42.200001,,,C2009|UM27909
UM-HET3,C2009,UM,m,UM27916,Control,0.0,,dead,1,1046,,,,34.400002,40.099998,,,C2009|UM27916
UM-HET3,C2009,UM,m,UM28504,Control,0.0,,dead,1,663,,,,33.900002,42.900002,,,C2009|UM28504
UM-HET3,C2009,UM,m,UM28511,Control,0.0,,dead,1,858,,,,40.099998,46.099998,,,C2009|UM28511
UM-HET3,C2009,UM,m,UM28518,Control,0.0,,dead,1,697,,,,40.099998,50.299999,,,C2009|UM28518
UM-HET3,C2009,UM,m,UM28553,Control,0.0,,removed,0,44,,,,,,,,C2009|UM28553
UM-HET3,C2009,UM,m,UM28560,Control,0.0,,dead,1,1024,,,,40.900002,48.0,,,C2009|UM28560
UM-HET3,C2009,UM,m,UM28567,Control,0.0,,dead,1,928,,,,30.6,33.200001,,,C2009|UM28567
UM-HET3,C2009,UM,m,UM28679,Control,0.0,,dead,1,629,,,,31.6,35.900002,,,C2009|UM28679
UM-HET3,C2009,UM,m,UM28686,Control,0.0,,dead,1,1275,,,,33.400002,40.799999,,,C2009|UM28686
UM-HET3,C2009,UM,m,UM28693,Control,0.0,,dead,1,959,,,,31.799999,35.700001,,,C2009|UM28693
UM-HET3,C2009,UM,m,UM28742,Control,0.0,,dead,1,530,,,,30.5,37.299999,,,C2009|UM28742
UM-HET3,C2009,UM,m,UM28749,Control,0.0,,dead,1,1001,,,,32.200001,36.400002,,,C2009|UM28749
UM-HET3,C2009,UM,m,UM28756,Control,0.0,,dead,1,1074,,,,36.200001,45.599998,,,C2009|UM28756
UM-HET3,C2009,UM,m,UM28875,Control,0.0,,removed,0,268,,,,,,,,C2009|UM28875
UM-HET3,C2009,UM,m,UM28882,Control,0.0,,removed,0,268,,,,,,,,C2009|UM28882
UM-HET3,C2009,UM,m,UM28889,Control,0.0,,removed,0,268,,,,,,,,C2009|UM28889
UM-HET3,C2009,UM,m,UM28896,Control,0.0,,dead,1,1159,,,,28.200001,30.700001,,,C2009|UM28896
UM-HET3,C2009,UM,m,UM28903,Control,0.0,,dead,1,1091,,,,31.299999,35.200001,,,C2009|UM28903
UM-HET3,C2009,UM,m,UM28910,Control,0.0,,dead,1,978,,,,35.799999,44.700001,,,C2009|UM28910
UM-HET3,C2009,UM,m,UM29218,Control,0.0,,dead,1,1325,,,,28.799999,31.700001,,,C2009|UM29218
UM-HET3,C2009,UM,m,UM29225,Control,0.0,,dead,1,898,,,,28.799999,34.599998,,,C2009|UM29225
UM-HET3,C2009,UM,m,UM29232,Control,0.0,,dead,1,822,,,,26.6,29.5,,,C2009|UM29232
UM-HET3,C2009,UM,m,UM29260,Control,0.0,,dead,1,721,,,,34.900002,36.299999,,,C2009|UM29260
UM-HET3,C2009,UM,m,UM29267,Control,0.0,,dead,1,742,,,,33.599998,37.5,,,C2009|UM29267
UM-HET3,C2009,UM,m,UM29274,Control,0.0,,dead,1,925,,,,39.799999,44.400002,,,C2009|UM29274
UM-HET3,C2009,UM,m,UM29421,Control,0.0,,dead,1,1302,,,,28.799999,33.799999,,,C2009|UM29421
UM-HET3,C2009,UM,m,UM29428,Control,0.0,,dead,1,1105,,,,31.0,41.900002,,,C2009|UM29428
UM-HET3,C2009,UM,m,UM29435,Control,0.0,,dead,1,1059,,,,31.5,37.299999,,,C2009|UM29435
UM-HET3,C2009,UM,m,UM29470,Control,0.0,,dead,1,907,,,,38.599998,48.200001,,,C2009|UM29470
UM-HET3,C2009,UM,m,UM29477,Control,0.0,,dead,1,1036,,,,32.299999,37.5,,,C2009|UM29477
UM-HET3,C2009,UM,m,UM29484,Control,0.0,,dead,1,864,,,,31.9,42.900002,,,C2009|UM29484
UM-HET3,C2009,UM,m,UM29617,Control,0.0,,dead,1,1094,,,,34.5,35.900002,,,C2009|UM29617
UM-HET3,C2009,UM,m,UM29624,Control,0.0,,dead,1,1017,,,,44.299999,50.700001,,,C2009|UM29624
UM-HET3,C2009,UM,m,UM29631,Control,0.0,,dead,1,761,,,,38.299999,45.200001,,,C2009|UM29631
UM-HET3,C2009,UM,m,UM29638,Control,0.0,,dead,1,1089,,,,32.799999,34.900002,,,C2009|UM29638
UM-HET3,C2009,UM,m,UM29645,Control,0.0,,dead,1,799,,,,39.599998,42.599998,,,C2009|UM29645
UM-HET3,C2009,UM,m,UM29652,Control,0.0,,dead,1,1117,,,,41.5,42.5,,,C2009|UM29652
UM-HET3,C2009,UT,f,UT03554,Control,0.0,,dead,1,790,,,,42.200001,52.400002,84.0,2.0,C2009|UT03554
UM-HET3,C2009,UT,f,UT03555,Control,0.0,,dead,1,1062,,,,39.0,53.099998,84.0,2.0,C2009|UT03555
UM-HET3,C2009,UT,f,UT03556,Control,0.0,,dead,1,985,,,,27.1,45.799999,84.0,2.0,C2009|UT03556
UM-HET3,C2009,UT,f,UT03557,Control,0.0,,dead,1,913,,,,33.700001,45.0,84.0,2.0,C2009|UT03557
UM-HET3,C2009,UT,f,UT03571,Control,0.0,,dead,1,796,,,,29.299999,37.5,92.0,2.0,C2009|UT03571
UM-HET3,C2009,UT,f,UT03572,Control,0.0,,dead,1,1021,,,,31.200001,47.299999,92.0,2.0,C2009|UT03572
UM-HET3,C2009,UT,f,UT03573,Control,0.0,,dead,1,753,,,,35.5,46.200001,92.0,2.0,C2009|UT03573
UM-HET3,C2009,UT,f,UT03574,Control,0.0,,dead,1,737,,,,27.299999,27.200001,92.0,2.0,C2009|UT03574
UM-HET3,C2009,UT,f,UT03599,Control,0.0,,dead,1,952,,,,34.200001,38.700001,93.0,2.0,C2009|UT03599
UM-HET3,C2009,UT,f,UT03600,Control,0.0,,dead,1,1072,,,,44.099998,58.599998,93.0,2.0,C2009|UT03600
UM-HET3,C2009,UT,f,UT03601,Control,0.0,,dead,1,999,,,,36.0,44.0,93.0,2.0,C2009|UT03601
UM-HET3,C2009,UT,f,UT03602,Control,0.0,,dead,1,1014,,,,23.799999,28.299999,93.0,2.0,C2009|UT03602
UM-HET3,C2009,UT,f,UT03603,Control,0.0,,dead,1,746,,,,33.200001,45.099998,93.0,2.0,C2009|UT03603
UM-HET3,C2009,UT,f,UT03604,Control,0.0,,dead,1,1005,,,,35.799999,45.599998,93.0,2.0,C2009|UT03604
UM-HET3,C2009,UT,f,UT03605,Control,0.0,,dead,1,853,,,,35.5,55.299999,93.0,2.0,C2009|UT03605
UM-HET3,C2009,UT,f,UT03606,Control,0.0,,dead,1,527,,,,36.299999,45.700001,94.0,2.0,C2009|UT03606
UM-HET3,C2009,UT,f,UT03616,Control,0.0,,dead,1,727,,,,33.599998,47.799999,94.0,2.0,C2009|UT03616
UM-HET3,C2009,UT,f,UT03617,Control,0.0,,dead,1,676,,,,33.5,42.700001,94.0,2.0,C2009|UT03617
UM-HET3,C2009,UT,f,UT03618,Control,0.0,,dead,1,1213,,,,30.5,42.200001,93.0,2.0,C2009|UT03618
UM-HET3,C2009,UT,f,UT03619,Control,0.0,,dead,1,847,,,,29.5,36.0,93.0,2.0,C2009|UT03619
UM-HET3,C2009,UT,f,UT03623,Control,0.0,,dead,1,691,,,,27.5,28.200001,93.0,2.0,C2009|UT03623
UM-HET3,C2009,UT,f,UT03624,Control,0.0,,dead,1,928,,,,39.099998,49.099998,93.0,2.0,C2009|UT03624
UM-HET3,C2009,UT,f,UT03625,Control,0.0,,dead,1,776,,,,27.5,32.700001,93.0,2.0,C2009|UT03625
UM-HET3,C2009,UT,f,UT03626,Control,0.0,,dead,1,740,,,,49.900002,58.700001,93.0,2.0,C2009|UT03626
UM-HET3,C2009,UT,f,UT03682,Control,0.0,,dead,1,596,,,,26.9,32.0,126.0,3.0,C2009|UT03682
UM-HET3,C2009,UT,f,UT03683,Control,0.0,,dead,1,963,,,,26.6,31.299999,126.0,3.0,C2009|UT03683
UM-HET3,C2009,UT,f,UT03684,Control,0.0,,dead,1,610,,,,43.400002,60.200001,126.0,3.0,C2009|UT03684
UM-HET3,C2009,UT,f,UT03685,Control,0.0,,dead,1,648,,,,28.1,34.299999,126.0,3.0,C2009|UT03685
UM-HET3,C2009,UT,f,UT03744,Control,0.0,,dead,1,690,,,,40.599998,49.799999,141.0,4.0,C2009|UT03744
UM-HET3,C2009,UT,f,UT03745,Control,0.0,,dead,1,793,,,,35.599998,51.099998,141.0,4.0,C2009|UT03745
UM-HET3,C2009,UT,f,UT03746,Control,0.0,,dead,1,1057,,,,38.099998,48.5,141.0,4.0,C2009|UT03746
UM-HET3,C2009,UT,f,UT03747,Control,0.0,,dead,1,805,,,,36.299999,52.299999,141.0,4.0,C2009|UT03747
UM-HET3,C2009,UT,f,UT03831,Control,0.0,,dead,1,1020,,,,23.700001,31.6,148.0,4.0,C2009|UT03831
UM-HET3,C2009,UT,f,UT03832,Control,0.0,,dead,1,790,,,,32.599998,37.599998,148.0,4.0,C2009|UT03832
UM-HET3,C2009,UT,f,UT03833,Control,0.0,,dead,1,867,,,,23.1,27.9,148.0,4.0,C2009|UT03833
UM-HET3,C2009,UT,f,UT03834,Control,0.0,,dead,1,928,,,,22.6,24.299999,148.0,4.0,C2009|UT03834
UM-HET3,C2009,UT,f,UT03876,Control,0.0,,dead,1,785,,,,26.5,36.5,154.0,5.0,C2009|UT03876
UM-HET3,C2009,UT,f,UT03877,Control,0.0,,dead,1,854,,,,30.6,45.5,154.0,5.0,C2009|UT03877
UM-HET3,C2009,UT,f,UT03878,Control,0.0,,dead,1,1042,,,,23.1,28.799999,154.0,5.0,C2009|UT03878
UM-HET3,C2009,UT,f,UT03879,Control,0.0,,dead,1,978,,,,28.5,44.099998,155.0,5.0,C2009|UT03879
UM-HET3,C2009,UT,f,UT03953,Control,0.0,,dead,1,870,,,,48.200001,60.599998,170.0,5.0,C2009|UT03953
UM-HET3,C2009,UT,f,UT03954,Control,0.0,,dead,1,968,,,,24.6,29.5,170.0,5.0,C2009|UT03954
UM-HET3,C2009,UT,f,UT03955,Control,0.0,,dead,1,597,,,,34.599998,43.5,170.0,5.0,C2009|UT03955
UM-HET3,C2009,UT,f,UT03956,Control,0.0,,dead,1,1063,,,,33.099998,46.700001,170.0,5.0,C2009|UT03956
UM-HET3,C2009,UT,f,UT03970,Control,0.0,,dead,1,971,,,,31.299999,38.200001,176.0,6.0,C2009|UT03970
UM-HET3,C2009,UT,f,UT03971,Control,0.0,,dead,1,1019,,,,40.0,42.599998,176.0,6.0,C2009|UT03971
UM-HET3,C2009,UT,f,UT03972,Control,0.0,,dead,1,1193,,,,29.0,33.900002,176.0,6.0,C2009|UT03972
UM-HET3,C2009,UT,f,UT03973,Control,0.0,,dead,1,1209,,,,36.299999,46.799999,176.0,6.0,C2009|UT03973
UM-HET3,C2009,UT,f,UT03984,Control,0.0,,dead,1,776,,,,27.799999,31.5,189.0,6.0,C2009|UT03984
UM-HET3,C2009,UT,f,UT03985,Control,0.0,,dead,1,898,,,,31.700001,38.599998,189.0,6.0,C2009|UT03985
UM-HET3,C2009,UT,f,UT03986,Control,0.0,,dead,1,839,,,,39.200001,50.799999,189.0,6.0,C2009|UT03986
UM-HET3,C2009,UT,f,UT03987,Control,0.0,,dead,1,806,,,,26.9,36.700001,189.0,6.0,C2009|UT03987
UM-HET3,C2009,UT,f,UT04005,Control,0.0,,dead,1,993,,,,29.1,32.900002,192.0,6.0,C2009|UT04005
UM-HET3,C2009,UT,f,UT04006,Control,0.0,,dead,1,912,,,,35.900002,41.900002,192.0,6.0,C2009|UT04006
UM-HET3,C2009,UT,f,UT04007,Control,0.0,,dead,1,704,,,,30.6,40.799999,184.0,6.0,C2009|UT04007
UM-HET3,C2009,UT,f,UT04008,Control,0.0,,dead,1,638,,,,35.299999,51.400002,184.0,6.0,C2009|UT04008
UM-HET3,C2009,UT,f,UT04049,Control,0.0,,dead,1,1015,,,,32.200001,42.700001,211.0,7.0,C2009|UT04049
UM-HET3,C2009,UT,f,UT04050,Control,0.0,,dead,1,900,,,,35.400002,44.200001,211.0,7.0,C2009|UT04050
UM-HET3,C2009,UT,f,UT04051,Control,0.0,,dead,1,419,,,,42.099998,44.099998,211.0,7.0,C2009|UT04051
UM-HET3,C2009,UT,f,UT04052,Control,0.0,,dead,1,664,,,,44.599998,56.200001,211.0,7.0,C2009|UT04052
UM-HET3,C2009,UT,f,UT04064,Control,0.0,,dead,1,902,,,,36.299999,40.299999,209.0,7.0,C2009|UT04064
UM-HET3,C2009,UT,f,UT04065,Control,0.0,,dead,1,951,,,,37.799999,41.5,209.0,7.0,C2009|UT04065
UM-HET3,C2009,UT,f,UT04066,Control,0.0,,dead,1,771,,,,35.099998,39.400002,209.0,7.0,C2009|UT04066
UM-HET3,C2009,UT,f,UT04067,Control,0.0,,dead,1,547,,,,44.5,49.700001,209.0,7.0,C2009|UT04067
UM-HET3,C2009,UT,f,UT04089,Control,0.0,,dead,1,820,,,,50.099998,57.5,217.0,6.0,C2009|UT04089
UM-HET3,C2009,UT,f,UT04090,Control,0.0,,dead,1,1117,,,,33.200001,30.700001,217.0,6.0,C2009|UT04090
UM-HET3,C2009,UT,f,UT04091,Control,0.0,,dead,1,892,,,,30.700001,33.700001,217.0,6.0,C2009|UT04091
UM-HET3,C2009,UT,f,UT04092,Control,0.0,,dead,1,805,,,,35.299999,49.5,217.0,6.0,C2009|UT04092
UM-HET3,C2009,UT,f,UT04093,Control,0.0,,dead,1,1039,,,,42.700001,60.799999,217.0,6.0,C2009|UT04093
UM-HET3,C2009,UT,f,UT04094,Control,0.0,,dead,1,500,,,,34.799999,44.099998,217.0,6.0,C2009|UT04094
UM-HET3,C2009,UT,f,UT04095,Control,0.0,,dead,1,1034,,,,32.400002,42.0,217.0,6.0,C2009|UT04095
UM-HET3,C2009,UT,f,UT04096,Control,0.0,,dead,1,1070,,,,41.099998,56.799999,216.0,7.0,C2009|UT04096
UM-HET3,C2009,UT,f,UT04101,Control,0.0,,dead,1,1116,,,,31.799999,39.5,216.0,7.0,C2009|UT04101
UM-HET3,C2009,UT,f,UT04102,Control,0.0,,dead,1,871,,,,26.5,34.5,216.0,7.0,C2009|UT04102
UM-HET3,C2009,UT,f,UT04103,Control,0.0,,dead,1,1209,,,,24.700001,32.0,216.0,7.0,C2009|UT04103
UM-HET3,C2009,UT,f,UT04104,Control,0.0,,dead,1,954,,,,34.700001,46.799999,216.0,7.0,C2009|UT04104
UM-HET3,C2009,UT,f,UT04167,Control,0.0,,dead,1,1055,,,,37.900002,49.700001,236.0,8.0,C2009|UT04167
UM-HET3,C2009,UT,f,UT04168,Control,0.0,,dead,1,870,,,,53.299999,67.0,236.0,8.0,C2009|UT04168
UM-HET3,C2009,UT,f,UT04169,Control,0.0,,dead,1,780,,,,31.299999,40.400002,236.0,8.0,C2009|UT04169
UM-HET3,C2009,UT,f,UT04170,Control,0.0,,dead,1,995,,,,41.200001,60.900002,236.0,8.0,C2009|UT04170
UM-HET3,C2009,UT,f,UT04187,Control,0.0,,dead,1,928,,,,40.700001,54.5,232.0,8.0,C2009|UT04187
UM-HET3,C2009,UT,f,UT04188,Control,0.0,,dead,1,840,,,,39.099998,53.799999,232.0,8.0,C2009|UT04188
UM-HET3,C2009,UT,f,UT04189,Control,0.0,,dead,1,473,,,,32.700001,37.900002,232.0,8.0,C2009|UT04189
UM-HET3,C2009,UT,f,UT04190,Control,0.0,,dead,1,770,,,,25.700001,37.0,232.0,8.0,C2009|UT04190
UM-HET3,C2009,UT,f,UT04218,Control,0.0,,dead,1,864,,,,44.299999,61.799999,243.0,8.0,C2009|UT04218
UM-HET3,C2009,UT,f,UT04219,Control,0.0,,dead,1,819,,,,34.900002,42.599998,243.0,8.0,C2009|UT04219
UM-HET3,C2009,UT,f,UT04220,Control,0.0,,dead,1,708,,,,36.900002,47.400002,236.0,8.0,C2009|UT04220
UM-HET3,C2009,UT,f,UT04221,Control,0.0,,dead,1,815,,,,42.099998,43.200001,235.0,7.0,C2009|UT04221
UM-HET3,C2009,UT,f,UT04232,Control,0.0,,dead,1,667,,,,41.299999,42.099998,238.0,8.0,C2009|UT04232
UM-HET3,C2009,UT,f,UT04233,Control,0.0,,dead,1,587,,,,44.799999,51.200001,244.0,6.0,C2009|UT04233
UM-HET3,C2009,UT,f,UT04234,Control,0.0,,dead,1,871,,,,52.099998,56.400002,244.0,6.0,C2009|UT04234
UM-HET3,C2009,UT,f,UT04235,Control,0.0,,dead,1,616,,,,50.200001,57.900002,244.0,6.0,C2009|UT04235
UM-HET3,C2009,UT,m,UT03533,Control,0.0,,dead,1,855,,,,41.200001,45.5,89.0,2.0,C2009|UT03533
UM-HET3,C2009,UT,m,UT03534,Control,0.0,,dead,1,760,,,,38.400002,45.400002,89.0,2.0,C2009|UT03534
UM-HET3,C2009,UT,m,UT03535,Control,0.0,,dead,1,531,,,,46.200001,53.700001,89.0,2.0,C2009|UT03535
UM-HET3,C2009,UT,m,UT03558,Control,0.0,,dead,1,909,,,,41.400002,50.200001,84.0,2.0,C2009|UT03558
UM-HET3,C2009,UT,m,UT03559,Control,0.0,,dead,1,706,,,,46.700001,46.700001,84.0,2.0,C2009|UT03559
UM-HET3,C2009,UT,m,UT03560,Control,0.0,,dead,1,903,,,,53.200001,55.799999,84.0,2.0,C2009|UT03560
UM-HET3,C2009,UT,m,UT03627,Control,0.0,,dead,1,393,,,,44.599998,50.099998,93.0,2.0,C2009|UT03627
UM-HET3,C2009,UT,m,UT03628,Control,0.0,,dead,1,851,,,,37.5,43.5,93.0,2.0,C2009|UT03628
UM-HET3,C2009,UT,m,UT03629,Control,0.0,,dead,1,949,,,,45.799999,49.0,93.0,2.0,C2009|UT03629
UM-HET3,C2009,UT,m,UT03636,Control,0.0,,dead,1,730,,,,43.0,46.799999,87.0,2.0,C2009|UT03636
UM-HET3,C2009,UT,m,UT03637,Control,0.0,,dead,1,1133,,,,37.5,38.299999,87.0,2.0,C2009|UT03637
UM-HET3,C2009,UT,m,UT03638,Control,0.0,,dead,1,574,,,,39.099998,40.900002,87.0,2.0,C2009|UT03638
UM-HET3,C2009,UT,m,UT03731,Control,0.0,,dead,1,344,,,,44.599998,,131.0,4.0,C2009|UT03731
UM-HET3,C2009,UT,m,UT03732,Control,0.0,,dead,1,917,,,,43.599998,47.799999,131.0,4.0,C2009|UT03732
UM-HET3,C2009,UT,m,UT03733,Control,0.0,,dead,1,456,,,,43.599998,46.599998,131.0,4.0,C2009|UT03733
UM-HET3,C2009,UT,m,UT03751,Control,0.0,,dead,1,623,,,,51.400002,60.299999,141.0,4.0,C2009|UT03751
UM-HET3,C2009,UT,m,UT03752,Control,0.0,,dead,1,312,,,,44.700001,,133.0,4.0,C2009|UT03752
UM-HET3,C2009,UT,m,UT03753,Control,0.0,,dead,1,718,,,,46.099998,48.200001,133.0,4.0,C2009|UT03753
UM-HET3,C2009,UT,m,UT03754,Control,0.0,,dead,1,330,,,,47.599998,,133.0,4.0,C2009|UT03754
UM-HET3,C2009,UT,m,UT03755,Control,0.0,,dead,1,244,,,,46.200001,,133.0,4.0,C2009|UT03755
UM-HET3,C2009,UT,m,UT03756,Control,0.0,,dead,1,810,,,,48.099998,51.099998,133.0,4.0,C2009|UT03756
UM-HET3,C2009,UT,m,UT03801,Control,0.0,,dead,1,918,,,,44.799999,48.5,144.0,4.0,C2009|UT03801
UM-HET3,C2009,UT,m,UT03802,Control,0.0,,dead,1,946,,,,44.400002,51.200001,152.0,4.0,C2009|UT03802
UM-HET3,C2009,UT,m,UT03803,Control,0.0,,dead,1,901,,,,52.900002,64.199997,152.0,4.0,C2009|UT03803
UM-HET3,C2009,UT,m,UT03811,Control,0.0,,dead,1,291,,,,44.700001,,152.0,4.0,C2009|UT03811
UM-HET3,C2009,UT,m,UT03812,Control,0.0,,dead,1,460,,,,45.799999,46.900002,152.0,4.0,C2009|UT03812
UM-HET3,C2009,UT,m,UT03813,Control,0.0,,dead,1,661,,,,45.299999,41.799999,152.0,4.0,C2009|UT03813
UM-HET3,C2009,UT,m,UT03828,Control,0.0,,dead,1,344,,,,52.900002,,148.0,4.0,C2009|UT03828
UM-HET3,C2009,UT,m,UT03829,Control,0.0,,dead,1,974,,,,42.400002,47.599998,148.0,4.0,C2009|UT03829
UM-HET3,C2009,UT,m,UT03830,Control,0.0,,dead,1,968,,,,42.0,46.0,148.0,4.0,C2009|UT03830
UM-HET3,C2009,UT,m,UT03839,Control,0.0,,dead,1,581,,,,50.099998,57.400002,156.0,4.0,C2009|UT03839
UM-HET3,C2009,UT,m,UT03840,Control,0.0,,dead,1,610,,,,47.299999,50.900002,156.0,4.0,C2009|UT03840
UM-HET3,C2009,UT,m,UT03841,Control,0.0,,dead,1,797,,,,46.799999,49.5,156.0,4.0,C2009|UT03841
UM-HET3,C2009,UT,m,UT03846,Control,0.0,,dead,1,698,,,,45.900002,47.900002,156.0,4.0,C2009|UT03846
UM-HET3,C2009,UT,m,UT03847,Control,0.0,,dead,1,641,,,,47.400002,50.400002,156.0,4.0,C2009|UT03847
UM-HET3,C2009,UT,m,UT03848,Control,0.0,,dead,1,676,,,,45.799999,48.799999,156.0,4.0,C2009|UT03848
UM-HET3,C2009,UT,m,UT03852,Control,0.0,,dead,1,481,,,,44.400002,42.0,149.0,4.0,C2009|UT03852
UM-HET3,C2009,UT,m,UT03853,Control,0.0,,dead,1,893,,,,52.599998,44.099998,149.0,4.0,C2009|UT03853
UM-HET3,C2009,UT,m,UT03854,Control,0.0,,dead,1,789,,,,51.5,51.299999,149.0,4.0,C2009|UT03854
UM-HET3,C2009,UT,m,UT03862,Control,0.0,,dead,1,257,,,,49.299999,,155.0,5.0,C2009|UT03862
UM-HET3,C2009,UT,m,UT03863,Control,0.0,,dead,1,1013,,,,50.200001,52.099998,155.0,5.0,C2009|UT03863
UM-HET3,C2009,UT,m,UT03864,Control,0.0,,dead,1,1015,,,,39.200001,44.799999,155.0,5.0,C2009|UT03864
UM-HET3,C2009,UT,m,UT03880,Control,0.0,,dead,1,803,,,,40.5,44.099998,155.0,5.0,C2009|UT03880
UM-HET3,C2009,UT,m,UT03881,Control,0.0,,dead,1,295,,,,53.400002,,155.0,5.0,C2009|UT03881
UM-HET3,C2009,UT,m,UT03882,Control,0.0,,dead,1,612,,,,43.799999,47.0,155.0,5.0,C2009|UT03882
UM-HET3,C2009,UT,m,UT03887,Control,0.0,,dead,1,268,,,,47.0,,163.0,5.0,C2009|UT03887
UM-HET3,C2009,UT,m,UT03888,Control,0.0,,dead,1,637,,,,34.900002,44.599998,163.0,5.0,C2009|UT03888
UM-HET3,C2009,UT,m,UT03889,Control,0.0,,dead,1,851,,,,33.5,42.799999,163.0,5.0,C2009|UT03889
UM-HET3,C2009,UT,m,UT03890,Control,0.0,,dead,1,704,,,,46.200001,50.400002,163.0,5.0,C2009|UT03890
UM-HET3,C2009,UT,m,UT03891,Control,0.0,,dead,1,354,,,,42.5,,163.0,5.0,C2009|UT03891
UM-HET3,C2009,UT,m,UT03892,Control,0.0,,dead,1,861,,,,47.900002,51.700001,163.0,5.0,C2009|UT03892
UM-HET3,C2009,UT,m,UT03900,Control,0.0,,dead,1,783,,,,41.5,46.5,168.0,5.0,C2009|UT03900
UM-HET3,C2009,UT,m,UT03901,Control,0.0,,dead,1,678,,,,46.400002,53.200001,168.0,5.0,C2009|UT03901
UM-HET3,C2009,UT,m,UT03902,Control,0.0,,dead,1,666,,,,41.599998,47.099998,168.0,5.0,C2009|UT03902
UM-HET3,C2009,UT,m,UT03950,Control,0.0,,dead,1,1088,,,,46.0,47.700001,170.0,5.0,C2009|UT03950
UM-HET3,C2009,UT,m,UT03951,Control,0.0,,dead,1,340,,,,47.700001,,170.0,5.0,C2009|UT03951
UM-HET3,C2009,UT,m,UT03952,Control,0.0,,dead,1,432,,,,49.900002,53.400002,170.0,5.0,C2009|UT03952
UM-HET3,C2009,UT,m,UT03957,Control,0.0,,dead,1,978,,,,42.700001,50.799999,170.0,5.0,C2009|UT03957
UM-HET3,C2009,UT,m,UT03958,Control,0.0,,dead,1,877,,,,49.099998,50.799999,170.0,5.0,C2009|UT03958
UM-HET3,C2009,UT,m,UT03959,Control,0.0,,dead,1,441,,,,35.900002,39.599998,170.0,5.0,C2009|UT03959
UM-HET3,C2009,UT,m,UT03981,Control,0.0,,dead,1,1129,,,,38.400002,44.799999,189.0,6.0,C2009|UT03981
UM-HET3,C2009,UT,m,UT03982,Control,0.0,,dead,1,248,,,,44.299999,,189.0,6.0,C2009|UT03982
UM-HET3,C2009,UT,m,UT03983,Control,0.0,,dead,1,1021,,,,40.0,46.0,189.0,6.0,C2009|UT03983
UM-HET3,C2009,UT,m,UT03992,Control,0.0,,dead,1,839,,,,40.700001,44.5,189.0,6.0,C2009|UT03992
UM-HET3,C2009,UT,m,UT03993,Control,0.0,,dead,1,454,,,,48.200001,59.0,189.0,6.0,C2009|UT03993
UM-HET3,C2009,UT,m,UT03994,Control,0.0,,dead,1,381,,,,49.099998,52.099998,189.0,6.0,C2009|UT03994
UM-HET3,C2009,UT,m,UT04029,Control,0.0,,dead,1,681,,,,49.700001,58.200001,200.0,6.0,C2009|UT04029
UM-HET3,C2009,UT,m,UT04030,Control,0.0,,dead,1,497,,,,44.099998,50.299999,200.0,6.0,C2009|UT04030
UM-HET3,C2009,UT,m,UT04031,Control,0.0,,dead,1,987,,,,34.099998,42.5,201.0,6.0,C2009|UT04031
UM-HET3,C2009,UT,m,UT04042,Control,0.0,,dead,1,772,,,,46.299999,46.599998,211.0,7.0,C2009|UT04042
UM-HET3,C2009,UT,m,UT04043,Control,0.0,,dead,1,1070,,,,39.299999,43.700001,211.0,7.0,C2009|UT04043
UM-HET3,C2009,UT,m,UT04044,Control,0.0,,dead,1,523,,,,49.799999,62.599998,211.0,7.0,C2009|UT04044
UM-HET3,C2009,UT,m,UT04071,Control,0.0,,dead,1,811,,,,37.599998,44.0,207.0,7.0,C2009|UT04071
UM-HET3,C2009,UT,m,UT04072,Control,0.0,,dead,1,655,,,,42.5,46.0,207.0,7.0,C2009|UT04072
UM-HET3,C2009,UT,m,UT04073,Control,0.0,,dead,1,1086,,,,40.099998,45.400002,207.0,7.0,C2009|UT04073
UM-HET3,C2009,UT,m,UT04105,Control,0.0,,dead,1,782,,,,38.5,48.299999,216.0,7.0,C2009|UT04105
UM-HET3,C2009,UT,m,UT04106,Control,0.0,,dead,1,961,,,,44.599998,48.200001,216.0,7.0,C2009|UT04106
UM-HET3,C2009,UT,m,UT04107,Control,0.0,,dead,1,836,,,,44.599998,48.400002,216.0,7.0,C2009|UT04107
UM-HET3,C2009,UT,m,UT04112,Control,0.0,,dead,1,626,,,,36.400002,43.700001,219.0,7.0,C2009|UT04112
UM-HET3,C2009,UT,m,UT04113,Control,0.0,,dead,1,909,,,,40.599998,46.599998,219.0,7.0,C2009|UT04113
UM-HET3,C2009,UT,m,UT04114,Control,0.0,,dead,1,1076,,,,36.5,44.400002,219.0,7.0,C2009|UT04114
UM-HET3,C2009,UT,m,UT04134,Control,0.0,,dead,1,1022,,,,36.299999,40.900002,222.0,8.0,C2009|UT04134
UM-HET3,C2009,UT,m,UT04135,Control,0.0,,dead,1,585,,,,53.200001,58.5,222.0,8.0,C2009|UT04135
UM-HET3,C2009,UT,m,UT04136,Control,0.0,,dead,1,905,,,,46.700001,47.799999,222.0,8.0,C2009|UT04136
UM-HET3,C2009,UT,m,UT04181,Control,0.0,,dead,1,284,,,,48.900002,,235.0,8.0,C2009|UT04181
UM-HET3,C2009,UT,m,UT04182,Control,0.0,,dead,1,261,,,,50.599998,,235.0,8.0,C2009|UT04182
UM-HET3,C2009,UT,m,UT04183,Control,0.0,,dead,1,425,,,,45.299999,50.200001,235.0,8.0,C2009|UT04183
UM-HET3,C2009,UT,m,UT04184,Control,0.0,,dead,1,513,,,,48.5,56.299999,232.0,8.0,C2009|UT04184
UM-HET3,C2009,UT,m,UT04185,Control,0.0,,dead,1,850,,,,46.700001,48.700001,232.0,8.0,C2009|UT04185
UM-HET3,C2009,UT,m,UT04186,Control,0.0,,dead,1,884,,,,46.0,50.299999,232.0,8.0,C2009|UT04186
UM-HET3,C2009,UT,m,UT04195,Control,0.0,,dead,1,607,,,,45.900002,54.400002,241.0,7.0,C2009|UT04195
UM-HET3,C2009,UT,m,UT04196,Control,0.0,,dead,1,678,,,,48.0,52.799999,241.0,7.0,C2009|UT04196
UM-HET3,C2009,UT,m,UT04197,Control,0.0,,dead,1,665,,,,51.0,54.0,241.0,7.0,C2009|UT04197
UM-HET3,C2009,UT,m,UT04239,Control,0.0,,dead,1,948,,,,47.200001,50.200001,247.0,8.0,C2009|UT04239
UM-HET3,C2009,UT,m,UT04240,Control,0.0,,dead,1,517,,,,48.400002,55.700001,247.0,8.0,C2009|UT04240
UM-HET3,C2009,UT,m,UT04241,Control,0.0,,dead,1,293,,,,44.599998,,247.0,8.0,C2009|UT04241
UM-HET3,C2009,UT,m,UT04268,Control,0.0,,dead,1,616,,,,39.400002,48.700001,252.0,8.0,C2009|UT04268
UM-HET3,C2009,UT,m,UT04269,Control,0.0,,dead,1,986,,,,39.0,45.900002,245.0,9.0,C2009|UT04269
UM-HET3,C2009,UT,m,UT04270,Control,0.0,,dead,1,767,,,,41.599998,45.799999,245.0,9.0,C2009|UT04270
UM-HET3,C2010,TJL,f,JL06009,Control,0,,dead,1,816,,,,,,,,C2010|JL06009
UM-HET3,C2010,TJL,f,JL06010,Control,0,,dead,1,977,,,,,,,,C2010|JL06010
UM-HET3,C2010,TJL,f,JL06011,Control,0,,dead,1,1200,,,,,,,,C2010|JL06011
UM-HET3,C2010,TJL,f,JL06012,Control,0,,dead,1,837,,,,,,,,C2010|JL06012
UM-HET3,C2010,TJL,f,JL06021,Control,0,,dead,1,774,,,,,,,,C2010|JL06021
UM-HET3,C2010,TJL,f,JL06022,Control,0,,dead,1,846,,,,,,,,C2010|JL06022
UM-HET3,C2010,TJL,f,JL06023,Control,0,,dead,1,690,,,,,,,,C2010|JL06023
UM-HET3,C2010,TJL,f,JL06024,Control,0,,dead,1,969,,,,,,,,C2010|JL06024
UM-HET3,C2010,TJL,f,JL06029,Control,0,,dead,1,262,,,,,,,,C2010|JL06029
UM-HET3,C2010,TJL,f,JL06030,Control,0,,dead,1,1033,,,,,,,,C2010|JL06030
UM-HET3,C2010,TJL,f,JL06031,Control,0,,dead,1,1172,,,,,,,,C2010|JL06031
UM-HET3,C2010,TJL,f,JL06032,Control,0,,dead,1,990,,,,,,,,C2010|JL06032
UM-HET3,C2010,TJL,f,JL06033,Control,0,,dead,1,1035,,,,,,,,C2010|JL06033
UM-HET3,C2010,TJL,f,JL06034,Control,0,,dead,1,873,,,,,,,,C2010|JL06034
UM-HET3,C2010,TJL,f,JL06035,Control,0,,dead,1,677,,,,,,,,C2010|JL06035
UM-HET3,C2010,TJL,f,JL06036,Control,0,,dead,1,726,,,,,,,,C2010|JL06036
UM-HET3,C2010,TJL,f,JL06090,Control,0,,dead,1,1190,,,,,,,,C2010|JL06090
UM-HET3,C2010,TJL,f,JL06091,Control,0,,dead,1,842,,,,,,,,C2010|JL06091
UM-HET3,C2010,TJL,f,JL06092,Control,0,,dead,1,960,,,,,,,,C2010|JL06092
UM-HET3,C2010,TJL,f,JL06093,Control,0,,dead,1,931,,,,,,,,C2010|JL06093
UM-HET3,C2010,TJL,f,JL06103,Control,0,,dead,1,775,,,,,,,,C2010|JL06103
UM-HET3,C2010,TJL,f,JL06104,Control,0,,dead,1,697,,,,,,,,C2010|JL06104
UM-HET3,C2010,TJL,f,JL06105,Control,0,,dead,1,1222,,,,,,,,C2010|JL06105
UM-HET3,C2010,TJL,f,JL06106,Control,0,,dead,1,697,,,,,,,,C2010|JL06106
UM-HET3,C2010,TJL,f,JL06111,Control,0,,dead,1,1174,,,,,,,,C2010|JL06111
UM-HET3,C2010,TJL,f,JL06112,Control,0,,dead,1,1047,,,,,,,,C2010|JL06112
UM-HET3,C2010,TJL,f,JL06113,Control,0,,dead,1,466,,,,,,,,C2010|JL06113
UM-HET3,C2010,TJL,f,JL06114,Control,0,,dead,1,767,,,,,,,,C2010|JL06114
UM-HET3,C2010,TJL,f,JL06145,Control,0,,dead,1,848,,,,,,,,C2010|JL06145
UM-HET3,C2010,TJL,f,JL06146,Control,0,,dead,1,827,,,,,,,,C2010|JL06146
UM-HET3,C2010,TJL,f,JL06147,Control,0,,dead,1,980,,,,,,,,C2010|JL06147
UM-HET3,C2010,TJL,f,JL06148,Control,0,,dead,1,996,,,,,,,,C2010|JL06148
UM-HET3,C2010,TJL,f,JL06157,Control,0,,dead,1,987,,,,,,,,C2010|JL06157
UM-HET3,C2010,TJL,f,JL06158,Control,0,,dead,1,910,,,,,,,,C2010|JL06158
UM-HET3,C2010,TJL,f,JL06159,Control,0,,dead,1,791,,,,,,,,C2010|JL06159
UM-HET3,C2010,TJL,f,JL06160,Control,0,,dead,1,1190,,,,,,,,C2010|JL06160
UM-HET3,C2010,TJL,f,JL06226,Control,0,,dead,1,900,,,,,,,,C2010|JL06226
UM-HET3,C2010,TJL,f,JL06227,Control,0,,dead,1,1123,,,,,,,,C2010|JL06227
UM-HET3,C2010,TJL,f,JL06228,Control,0,,dead,1,719,,,,,,,,C2010|JL06228
UM-HET3,C2010,TJL,f,JL06229,Control,0,,dead,1,838,,,,,,,,C2010|JL06229
UM-HET3,C2010,TJL,f,JL06234,Control,0,,dead,1,690,,,,,,,,C2010|JL06234
UM-HET3,C2010,TJL,f,JL06235,Control,0,,dead,1,859,,,,,,,,C2010|JL06235
UM-HET3,C2010,TJL,f,JL06236,Control,0,,dead,1,875,,,,,,,,C2010|JL06236
UM-HET3,C2010,TJL,f,JL06237,Control,0,,dead,1,558,,,,,,,,C2010|JL06237
UM-HET3,C2010,TJL,f,JL06242,Control,0,,dead,1,1056,,,,,,,,C2010|JL06242
UM-HET3,C2010,TJL,f,JL06243,Control,0,,dead,1,816,,,,,,,,C2010|JL06243
UM-HET3,C2010,TJL,f,JL06244,Control,0,,dead,1,845,,,,,,,,C2010|JL06244
UM-HET3,C2010,TJL,f,JL06245,Control,0,,dead,1,916,,,,,,,,C2010|JL06245
UM-HET3,C2010,TJL,f,JL06273,Control,0,,dead,1,753,,,,,,,,C2010|JL06273
UM-HET3,C2010,TJL,f,JL06274,Control,0,,dead,1,728,,,,,,,,C2010|JL06274
UM-HET3,C2010,TJL,f,JL06275,Control,0,,dead,1,998,,,,,,,,C2010|JL06275
UM-HET3,C2010,TJL,f,JL06276,Control,0,,dead,1,879,,,,,,,,C2010|JL06276
UM-HET3,C2010,TJL,f,JL06280,Control,0,,dead,1,1037,,,,,,,,C2010|JL06280
UM-HET3,C2010,TJL,f,JL06281,Control,0,,dead,1,1071,,,,,,,,C2010|JL06281
UM-HET3,C2010,TJL,f,JL06282,Control,0,,dead,1,925,,,,,,,,C2010|JL06282
UM-HET3,C2010,TJL,f,JL06283,Control,0,,dead,1,1002,,,,,,,,C2010|JL06283
UM-HET3,C2010,TJL,f,JL06293,Control,0,,dead,1,821,,,,,,,,C2010|JL06293
UM-HET3,C2010,TJL,f,JL06294,Control,0,,dead,1,804,,,,,,,,C2010|JL06294
UM-HET3,C2010,TJL,f,JL06295,Control,0,,dead,1,1057,,,,,,,,C2010|JL06295
UM-HET3,C2010,TJL,f,JL06296,Control,0,,dead,1,836,,,,,,,,C2010|JL06296
UM-HET3,C2010,TJL,f,JL06297,Control,0,,dead,1,1197,,,,,,,,C2010|JL06297
UM-HET3,C2010,TJL,f,JL06298,Control,0,,dead,1,707,,,,,,,,C2010|JL06298
UM-HET3,C2010,TJL,f,JL06299,Control,0,,dead,1,763,,,,,,,,C2010|JL06299
UM-HET3,C2010,TJL,f,JL06300,Control,0,,dead,1,798,,,,,,,,C2010|JL06300
UM-HET3,C2010,TJL,f,JL06315,Control,0,,dead,1,656,,,,,,,,C2010|JL06315
UM-HET3,C2010,TJL,f,JL06316,Control,0,,dead,1,1102,,,,,,,,C2010|JL06316
UM-HET3,C2010,TJL,f,JL06317,Control,0,,dead,1,749,,,,,,,,C2010|JL06317
UM-HET3,C2010,TJL,f,JL06318,Control,0,,dead,1,837,,,,,,,,C2010|JL06318
UM-HET3,C2010,TJL,f,JL06395,Control,0,,removed,0,655,,,,,,,,C2010|JL06395
UM-HET3,C2010,TJL,f,JL06396,Control,0,,removed,0,1076,,,,,,,,C2010|JL06396
UM-HET3,C2010,TJL,f,JL06397,Control,0,,removed,0,665,,,,,,,,C2010|JL06397
UM-HET3,C2010,TJL,f,JL06398,Control,0,,removed,0,761,,,,,,,,C2010|JL06398
UM-HET3,C2010,TJL,f,JL06412,Control,0,,dead,1,825,,,,,,,,C2010|JL06412
UM-HET3,C2010,TJL,f,JL06413,Control,0,,dead,1,959,,,,,,,,C2010|JL06413
UM-HET3,C2010,TJL,f,JL06414,Control,0,,dead,1,917,,,,,,,,C2010|JL06414
UM-HET3,C2010,TJL,f,JL06415,Control,0,,dead,1,1044,,,,,,,,C2010|JL06415
UM-HET3,C2010,TJL,f,JL06417,Control,0,,dead,1,799,,,,,,,,C2010|JL06417
UM-HET3,C2010,TJL,f,JL06418,Control,0,,dead,1,833,,,,,,,,C2010|JL06418
UM-HET3,C2010,TJL,f,JL06419,Control,0,,dead,1,1028,,,,,,,,C2010|JL06419
UM-HET3,C2010,TJL,f,JL06424,Control,0,,dead,1,967,,,,,,,,C2010|JL06424
UM-HET3,C2010,TJL,f,JL06425,Control,0,,dead,1,909,,,,,,,,C2010|JL06425
UM-HET3,C2010,TJL,f,JL06426,Control,0,,dead,1,825,,,,,,,,C2010|JL06426
UM-HET3,C2010,TJL,f,JL06427,Control,0,,dead,1,609,,,,,,,,C2010|JL06427
UM-HET3,C2010,TJL,f,JL06428,Control,0,,dead,1,869,,,,,,,,C2010|JL06428
UM-HET3,C2010,TJL,f,JL06429,Control,0,,dead,1,871,,,,,,,,C2010|JL06429
UM-HET3,C2010,TJL,f,JL06430,Control,0,,dead,1,673,,,,,,,,C2010|JL06430
UM-HET3,C2010,TJL,f,JL06431,Control,0,,dead,1,820,,,,,,,,C2010|JL06431
UM-HET3,C2010,TJL,f,JL06467,Control,0,,dead,1,1158,,,,,,,,C2010|JL06467
UM-HET3,C2010,TJL,f,JL06468,Control,0,,dead,1,1069,,,,,,,,C2010|JL06468
UM-HET3,C2010,TJL,f,JL06469,Control,0,,dead,1,739,,,,,,,,C2010|JL06469
UM-HET3,C2010,TJL,f,JL06470,Control,0,,dead,1,844,,,,,,,,C2010|JL06470
UM-HET3,C2010,TJL,f,JL06585,Control,0,,dead,1,975,,,,,,,,C2010|JL06585
UM-HET3,C2010,TJL,f,JL06586,Control,0,,dead,1,721,,,,,,,,C2010|JL06586
UM-HET3,C2010,TJL,f,JL06587,Control,0,,dead,1,609,,,,,,,,C2010|JL06587
UM-HET3,C2010,TJL,f,JL06588,Control,0,,dead,1,969,,,,,,,,C2010|JL06588
UM-HET3,C2010,TJL,f,JLO6416,Control,0,,dead,1,946,,,,,,,,C2010|JLO6416
UM-HET3,C2010,TJL,m,JL06054,Control,0,,dead,1,593,,,,,,,,C2010|JL06054
UM-HET3,C2010,TJL,m,JL06055,Control,0,,dead,1,235,,,,,,,,C2010|JL06055
UM-HET3,C2010,TJL,m,JL06056,Control,0,,dead,1,524,,,,,,,,C2010|JL06056
UM-HET3,C2010,TJL,m,JL06060,Control,0,,dead,1,1092,,,,,,,,C2010|JL06060
UM-HET3,C2010,TJL,m,JL06061,Control,0,,dead,1,272,,,,,,,,C2010|JL06061
UM-HET3,C2010,TJL,m,JL06062,Control,0,,dead,1,1139,,,,,,,,C2010|JL06062
UM-HET3,C2010,TJL,m,JL06078,Control,0,,dead,1,760,,,,,,,,C2010|JL06078
UM-HET3,C2010,TJL,m,JL06079,Control,0,,dead,1,390,,,,,,,,C2010|JL06079
UM-HET3,C2010,TJL,m,JL06080,Control,0,,dead,1,739,,,,,,,,C2010|JL06080
UM-HET3,C2010,TJL,m,JL06084,Control,0,,removed,0,566,,,,,,,,C2010|JL06084
UM-HET3,C2010,TJL,m,JL06085,Control,0,,dead,1,677,,,,,,,,C2010|JL06085
UM-HET3,C2010,TJL,m,JL06086,Control,0,,dead,1,566,,,,,,,,C2010|JL06086
UM-HET3,C2010,TJL,m,JL06094,Control,0,,removed,0,196,,,,,,,,C2010|JL06094
UM-HET3,C2010,TJL,m,JL06095,Control,0,,removed,0,196,,,,,,,,C2010|JL06095
UM-HET3,C2010,TJL,m,JL06096,Control,0,,removed,0,196,,,,,,,,C2010|JL06096
UM-HET3,C2010,TJL,m,JL06122,Control,0,,dead,1,1012,,,,,,,,C2010|JL06122
UM-HET3,C2010,TJL,m,JL06123,Control,0,,dead,1,1067,,,,,,,,C2010|JL06123
UM-HET3,C2010,TJL,m,JL06124,Control,0,,dead,1,683,,,,,,,,C2010|JL06124
UM-HET3,C2010,TJL,m,JL06131,Control,0,,dead,1,688,,,,,,,,C2010|JL06131
UM-HET3,C2010,TJL,m,JL06132,Control,0,,dead,1,683,,,,,,,,C2010|JL06132
UM-HET3,C2010,TJL,m,JL06133,Control,0,,dead,1,795,,,,,,,,C2010|JL06133
UM-HET3,C2010,TJL,m,JL06134,Control,0,,dead,1,340,,,,,,,,C2010|JL06134
UM-HET3,C2010,TJL,m,JL06135,Control,0,,dead,1,887,,,,,,,,C2010|JL06135
UM-HET3,C2010,TJL,m,JL06136,Control,0,,dead,1,425,,,,,,,,C2010|JL06136
UM-HET3,C2010,TJL,m,JL06178,Control,0,,dead,1,840,,,,,,,,C2010|JL06178
UM-HET3,C2010,TJL,m,JL06179,Control,0,,dead,1,629,,,,,,,,C2010|JL06179
UM-HET3,C2010,TJL,m,JL06180,Control,0,,dead,1,839,,,,,,,,C2010|JL06180
UM-HET3,C2010,TJL,m,JL06199,Control,0,,dead,1,350,,,,,,,,C2010|JL06199
UM-HET3,C2010,TJL,m,JL06200,Control,0,,dead,1,714,,,,,,,,C2010|JL06200
UM-HET3,C2010,TJL,m,JL06201,Control,0,,dead,1,595,,,,,,,,C2010|JL06201
UM-HET3,C2010,TJL,m,JL06202,Control,0,,dead,1,393,,,,,,,,C2010|JL06202
UM-HET3,C2010,TJL,m,JL06203,Control,0,,dead,1,344,,,,,,,,C2010|JL06203
UM-HET3,C2010,TJL,m,JL06204,Control,0,,dead,1,434,,,,,,,,C2010|JL06204
UM-HET3,C2010,TJL,m,JL06209,Control,0,,dead,1,448,,,,,,,,C2010|JL06209
UM-HET3,C2010,TJL,m,JL06210,Control,0,,dead,1,574,,,,,,,,C2010|JL06210
UM-HET3,C2010,TJL,m,JL06211,Control,0,,dead,1,455,,,,,,,,C2010|JL06211
UM-HET3,C2010,TJL,m,JL06219,Control,0,,dead,1,250,,,,,,,,C2010|JL06219
UM-HET3,C2010,TJL,m,JL06220,Control,0,,dead,1,833,,,,,,,,C2010|JL06220
UM-HET3,C2010,TJL,m,JL06221,Control,0,,dead,1,514,,,,,,,,C2010|JL06221
UM-HET3,C2010,TJL,m,JL06252,Control,0,,dead,1,823,,,,,,,,C2010|JL06252
UM-HET3,C2010,TJL,m,JL06253,Control,0,,dead,1,640,,,,,,,,C2010|JL06253
UM-HET3,C2010,TJL,m,JL06254,Control,0,,dead,1,906,,,,,,,,C2010|JL06254
UM-HET3,C2010,TJL,m,JL06261,Control,0,,dead,1,780,,,,,,,,C2010|JL06261
UM-HET3,C2010,TJL,m,JL06262,Control,0,,dead,1,341,,,,,,,,C2010|JL06262
UM-HET3,C2010,TJL,m,JL06263,Control,0,,dead,1,787,,,,,,,,C2010|JL06263
UM-HET3,C2010,TJL,m,JL06270,Control,0,,dead,1,586,,,,,,,,C2010|JL06270
UM-HET3,C2010,TJL,m,JL06271,Control,0,,dead,1,634,,,,,,,,C2010|JL06271
UM-HET3,C2010,TJL,m,JL06272,Control,0,,dead,1,725,,,,,,,,C2010|JL06272
UM-HET3,C2010,TJL,m,JL06277,Control,0,,dead,1,523,,,,,,,,C2010|JL06277
UM-HET3,C2010,TJL,m,JL06278,Control,0,,dead,1,516,,,,,,,,C2010|JL06278
UM-HET3,C2010,TJL,m,JL06279,Control,0,,dead,1,810,,,,,,,,C2010|JL06279
UM-HET3,C2010,TJL,m,JL06355,Control,0,,dead,1,741,,,,,,,,C2010|JL06355
UM-HET3,C2010,TJL,m,JL06356,Control,0,,dead,1,295,,,,,,,,C2010|JL06356
UM-HET3,C2010,TJL,m,JL06357,Control,0,,dead,1,595,,,,,,,,C2010|JL06357
UM-HET3,C2010,TJL,m,JL06409,Control,0,,removed,0,620,,,,,,,,C2010|JL06409
UM-HET3,C2010,TJL,m,JL06410,Control,0,,removed,0,840,,,,,,,,C2010|JL06410
UM-HET3,C2010,TJL,m,JL06411,Control,0,,removed,0,718,,,,,,,,C2010|JL06411
UM-HET3,C2010,TJL,m,JL06436,Control,0,,dead,1,958,,,,,,,,C2010|JL06436
UM-HET3,C2010,TJL,m,JL06437,Control,0,,dead,1,568,,,,,,,,C2010|JL06437
UM-HET3,C2010,TJL,m,JL06438,Control,0,,dead,1,728,,,,,,,,C2010|JL06438
UM-HET3,C2010,TJL,m,JL06448,Control,0,,removed,0,157,,,,,,,,C2010|JL06448
UM-HET3,C2010,TJL,m,JL06449,Control,0,,removed,0,157,,,,,,,,C2010|JL06449
UM-HET3,C2010,TJL,m,JL06450,Control,0,,removed,0,157,,,,,,,,C2010|JL06450
UM-HET3,C2010,TJL,m,JL06451,Control,0,,removed,0,1015,,,,,,,,C2010|JL06451
UM-HET3,C2010,TJL,m,JL06452,Control,0,,dead,1,550,,,,,,,,C2010|JL06452
UM-HET3,C2010,TJL,m,JL06453,Control,0,,dead,1,1301,,,,,,,,C2010|JL06453
UM-HET3,C2010,TJL,m,JL06460,Control,0,,dead,1,330,,,,,,,,C2010|JL06460
UM-HET3,C2010,TJL,m,JL06461,Control,0,,dead,1,770,,,,,,,,C2010|JL06461
UM-HET3,C2010,TJL,m,JL06462,Control,0,,dead,1,1130,,,,,,,,C2010|JL06462
UM-HET3,C2010,TJL,m,JL06480,Control,0,,dead,1,1093,,,,,,,,C2010|JL06480
UM-HET3,C2010,TJL,m,JL06481,Control,0,,dead,1,1169,,,,,,,,C2010|JL06481
UM-HET3,C2010,TJL,m,JL06482,Control,0,,dead,1,666,,,,,,,,C2010|JL06482
UM-HET3,C2010,TJL,m,JL06507,Control,0,,dead,1,1207,,,,,,,,C2010|JL06507
UM-HET3,C2010,TJL,m,JL06508,Control,0,,dead,1,173,,,,,,,,C2010|JL06508
UM-HET3,C2010,TJL,m,JL06509,Control,0,,dead,1,727,,,,,,,,C2010|JL06509
UM-HET3,C2010,TJL,m,JL06510,Control,0,,dead,1,1162,,,,,,,,C2010|JL06510
UM-HET3,C2010,TJL,m,JL06511,Control,0,,dead,1,644,,,,,,,,C2010|JL06511
UM-HET3,C2010,TJL,m,JL06512,Control,0,,dead,1,498,,,,,,,,C2010|JL06512
UM-HET3,C2010,TJL,m,JL06519,Control,0,,dead,1,602,,,,,,,,C2010|JL06519
UM-HET3,C2010,TJL,m,JL06520,Control,0,,dead,1,743,,,,,,,,C2010|JL06520
UM-HET3,C2010,TJL,m,JL06521,Control,0,,dead,1,748,,,,,,,,C2010|JL06521
UM-HET3,C2010,TJL,m,JL06525,Control,0,,dead,1,819,,,,,,,,C2010|JL06525
UM-HET3,C2010,TJL,m,JL06526,Control,0,,dead,1,906,,,,,,,,C2010|JL06526
UM-HET3,C2010,TJL,m,JL06527,Control,0,,dead,1,1051,,,,,,,,C2010|JL06527
UM-HET3,C2010,TJL,m,JL06534,Control,0,,dead,1,1309,,,,,,,,C2010|JL06534
UM-HET3,C2010,TJL,m,JL06535,Control,0,,dead,1,764,,,,,,,,C2010|JL06535
UM-HET3,C2010,TJL,m,JL06536,Control,0,,dead,1,853,,,,,,,,C2010|JL06536
UM-HET3,C2010,TJL,m,JL06540,Control,0,,dead,1,327,,,,,,,,C2010|JL06540
UM-HET3,C2010,TJL,m,JL06541,Control,0,,dead,1,405,,,,,,,,C2010|JL06541
UM-HET3,C2010,TJL,m,JL06542,Control,0,,dead,1,782,,,,,,,,C2010|JL06542
UM-HET3,C2010,TJL,m,JL06546,Control,0,,dead,1,872,,,,,,,,C2010|JL06546
UM-HET3,C2010,TJL,m,JL06547,Control,0,,dead,1,592,,,,,,,,C2010|JL06547
UM-HET3,C2010,TJL,m,JL06548,Control,0,,dead,1,610,,,,,,,,C2010|JL06548
UM-HET3,C2010,TJL,m,JL06561,Control,0,,dead,1,819,,,,,,,,C2010|JL06561
UM-HET3,C2010,TJL,m,JL06562,Control,0,,dead,1,686,,,,,,,,C2010|JL06562
UM-HET3,C2010,TJL,m,JL06563,Control,0,,dead,1,470,,,,,,,,C2010|JL06563
UM-HET3,C2010,TJL,m,JL06570,Control,0,,dead,1,477,,,,,,,,C2010|JL06570
UM-HET3,C2010,TJL,m,JL06571,Control,0,,dead,1,805,,,,,,,,C2010|JL06571
UM-HET3,C2010,TJL,m,JL06572,Control,0,,dead,1,394,,,,,,,,C2010|JL06572
UM-HET3,C2010,TJL,m,JL06601,Control,0,,dead,1,729,,,,,,,,C2010|JL06601
UM-HET3,C2010,TJL,m,JL06602,Control,0,,dead,1,483,,,,,,,,C2010|JL06602
UM-HET3,C2010,TJL,m,JL06603,Control,0,,dead,1,679,,,,,,,,C2010|JL06603
UM-HET3,C2010,UM,f,UM29792,Control,0,,dead,1,584,,,,23.200001,28.0,,,C2010|UM29792
UM-HET3,C2010,UM,f,UM29799,Control,0,,dead,1,652,,,,22.0,22.5,,,C2010|UM29799
UM-HET3,C2010,UM,f,UM29806,Control,0,,dead,1,829,,,,30.299999,37.900002,,,C2010|UM29806
UM-HET3,C2010,UM,f,UM29813,Control,0,,dead,1,679,,,,22.9,28.1,,,C2010|UM29813
UM-HET3,C2010,UM,f,UM30016,Control,0,,dead,1,850,,,,21.799999,22.9,,,C2010|UM30016
UM-HET3,C2010,UM,f,UM30023,Control,0,,dead,1,824,,,,21.700001,30.4,,,C2010|UM30023
UM-HET3,C2010,UM,f,UM30030,Control,0,,dead,1,1000,,,,22.5,30.799999,,,C2010|UM30030
UM-HET3,C2010,UM,f,UM30037,Control,0,,dead,1,1051,,,,26.5,31.9,,,C2010|UM30037
UM-HET3,C2010,UM,f,UM30275,Control,0,,dead,1,1051,,,,25.700001,38.599998,,,C2010|UM30275
UM-HET3,C2010,UM,f,UM30282,Control,0,,dead,1,216,,,,19.5,,,,C2010|UM30282
UM-HET3,C2010,UM,f,UM30289,Control,0,,dead,1,774,,,,28.200001,29.4,,,C2010|UM30289
UM-HET3,C2010,UM,f,UM30296,Control,0,,dead,1,498,,,,24.799999,32.0,,,C2010|UM30296
UM-HET3,C2010,UM,f,UM30485,Control,0,,dead,1,1164,,,,22.0,30.5,,,C2010|UM30485
UM-HET3,C2010,UM,f,UM30492,Control,0,,dead,1,859,,,,26.1,38.099998,,,C2010|UM30492
UM-HET3,C2010,UM,f,UM30499,Control,0,,dead,1,1051,,,,23.700001,30.4,,,C2010|UM30499
UM-HET3,C2010,UM,f,UM30506,Control,0,,dead,1,754,,,,27.9,42.599998,,,C2010|UM30506
UM-HET3,C2010,UM,f,UM30646,Control,0,,dead,1,1033,,,,25.0,34.0,,,C2010|UM30646
UM-HET3,C2010,UM,f,UM30653,Control,0,,dead,1,1022,,,,32.099998,42.5,,,C2010|UM30653
UM-HET3,C2010,UM,f,UM30660,Control,0,,dead,1,1077,,,,24.799999,32.599998,,,C2010|UM30660
UM-HET3,C2010,UM,f,UM30667,Control,0,,dead,1,965,,,,24.1,27.9,,,C2010|UM30667
UM-HET3,C2010,UM,f,UM30856,Control,0,,dead,1,834,,,,28.5,44.0,,,C2010|UM30856
UM-HET3,C2010,UM,f,UM30863,Control,0,,dead,1,823,,,,26.4,36.200001,,,C2010|UM30863
UM-HET3,C2010,UM,f,UM30870,Control,0,,dead,1,1043,,,,26.700001,37.099998,,,C2010|UM30870
UM-HET3,C2010,UM,f,UM30877,Control,0,,dead,1,1171,,,,29.9,43.700001,,,C2010|UM30877
UM-HET3,C2010,UM,f,UM30968,Control,0,,dead,1,894,,,,24.9,32.400002,,,C2010|UM30968
UM-HET3,C2010,UM,f,UM30975,Control,0,,dead,1,902,,,,22.700001,26.799999,,,C2010|UM30975
UM-HET3,C2010,UM,f,UM30982,Control,0,,dead,1,1004,,,,22.9,28.799999,,,C2010|UM30982
UM-HET3,C2010,UM,f,UM30989,Control,0,,dead,1,887,,,,25.9,29.299999,,,C2010|UM30989
UM-HET3,C2010,UM,f,UM30996,Control,0,,dead,1,825,,,,26.200001,36.200001,,,C2010|UM30996
UM-HET3,C2010,UM,f,UM31003,Control,0,,dead,1,970,,,,26.4,35.799999,,,C2010|UM31003
UM-HET3,C2010,UM,f,UM31010,Control,0,,dead,1,711,,,,24.9,31.0,,,C2010|UM31010
UM-HET3,C2010,UM,f,UM31017,Control,0,,dead,1,776,,,,24.4,28.799999,,,C2010|UM31017
UM-HET3,C2010,UM,f,UM31066,Control,0,,dead,1,850,,,,24.700001,29.9,,,C2010|UM31066
UM-HET3,C2010,UM,f,UM31073,Control,0,,dead,1,740,,,,27.5,39.5,,,C2010|UM31073
UM-HET3,C2010,UM,f,UM31080,Control,0,,dead,1,1066,,,,24.200001,32.599998,,,C2010|UM31080
UM-HET3,C2010,UM,f,UM31087,Control,0,,dead,1,802,,,,27.6,42.599998,,,C2010|UM31087
UM-HET3,C2010,UM,f,UM31248,Control,0,,dead,1,1094,,,,23.9,29.0,,,C2010|UM31248
UM-HET3,C2010,UM,f,UM31255,Control,0,,removed,0,638,,,,,,,,C2010|UM31255
UM-HET3,C2010,UM,f,UM31262,Control,0,,removed,0,638,,,,,,,,C2010|UM31262
UM-HET3,C2010,UM,f,UM31269,Control,0,,dead,1,515,,,,23.700001,28.9,,,C2010|UM31269
UM-HET3,C2010,UM,f,UM31388,Control,0,,dead,1,1063,,,,26.1,32.099998,,,C2010|UM31388
UM-HET3,C2010,UM,f,UM31395,Control,0,,dead,1,194,,,,23.0,,,,C2010|UM31395
UM-HET3,C2010,UM,f,UM31402,Control,0,,removed,0,43,,,,,,,,C2010|UM31402
UM-HET3,C2010,UM,f,UM31409,Control,0,,dead,1,529,,,,29.9,36.200001,,,C2010|UM31409
UM-HET3,C2010,UM,f,UM31500,Control,0,,dead,1,961,,,,25.299999,30.0,,,C2010|UM31500
UM-HET3,C2010,UM,f,UM31507,Control,0,,dead,1,1112,,,,24.200001,33.700001,,,C2010|UM31507
UM-HET3,C2010,UM,f,UM31514,Control,0,,dead,1,919,,,,28.4,41.400002,,,C2010|UM31514
UM-HET3,C2010,UM,f,UM31521,Control,0,,dead,1,1121,,,,23.0,31.799999,,,C2010|UM31521
UM-HET3,C2010,UM,f,UM31549,Control,0,,dead,1,1058,,,,22.799999,28.6,,,C2010|UM31549
UM-HET3,C2010,UM,f,UM31556,Control,0,,dead,1,991,,,,24.4,31.1,,,C2010|UM31556
UM-HET3,C2010,UM,f,UM31563,Control,0,,dead,1,971,,,,24.9,33.299999,,,C2010|UM31563
UM-HET3,C2010,UM,f,UM31570,Control,0,,dead,1,1068,,,,29.9,37.400002,,,C2010|UM31570
UM-HET3,C2010,UM,f,UM31598,Control,0,,dead,1,1034,,,,26.0,37.200001,,,C2010|UM31598
UM-HET3,C2010,UM,f,UM31605,Control,0,,dead,1,832,,,,24.1,30.799999,,,C2010|UM31605
UM-HET3,C2010,UM,f,UM31612,Control,0,,dead,1,671,,,,25.5,32.400002,,,C2010|UM31612
UM-HET3,C2010,UM,f,UM31619,Control,0,,dead,1,902,,,,24.700001,44.099998,,,C2010|UM31619
UM-HET3,C2010,UM,f,UM31738,Control,0,,dead,1,820,,,,25.6,33.200001,,,C2010|UM31738
UM-HET3,C2010,UM,f,UM31745,Control,0,,dead,1,887,,,,24.200001,28.0,,,C2010|UM31745
UM-HET3,C2010,UM,f,UM31752,Control,0,,dead,1,837,,,,27.200001,40.700001,,,C2010|UM31752
UM-HET3,C2010,UM,f,UM31759,Control,0,,dead,1,797,,,,25.9,38.799999,,,C2010|UM31759
UM-HET3,C2010,UM,f,UM31864,Control,0,,dead,1,821,,,,25.5,40.0,,,C2010|UM31864
UM-HET3,C2010,UM,f,UM31871,Control,0,,dead,1,1022,,,,25.0,41.599998,,,C2010|UM31871
UM-HET3,C2010,UM,f,UM31878,Control,0,,dead,1,946,,,,23.9,32.799999,,,C2010|UM31878
UM-HET3,C2010,UM,f,UM31885,Control,0,,dead,1,1165,,,,28.5,47.299999,,,C2010|UM31885
UM-HET3,C2010,UM,f,UM32032,Control,0,,dead,1,664,,,,23.299999,28.0,,,C2010|UM32032
UM-HET3,C2010,UM,f,UM32039,Control,0,,dead,1,1081,,,,32.599998,44.700001,,,C2010|UM32039
UM-HET3,C2010,UM,f,UM32046,Control,0,,dead,1,1084,,,,26.9,43.599998,,,C2010|UM32046
UM-HET3,C2010,UM,f,UM32053,Control,0,,dead,1,994,,,,28.200001,36.5,,,C2010|UM32053
UM-HET3,C2010,UM,f,UM32060,Control,0,,dead,1,1255,,,,19.299999,22.5,,,C2010|UM32060
UM-HET3,C2010,UM,f,UM32067,Control,0,,dead,1,897,,,,28.799999,38.5,,,C2010|UM32067
UM-HET3,C2010,UM,f,UM32074,Control,0,,dead,1,1095,,,,24.5,34.400002,,,C2010|UM32074
UM-HET3,C2010,UM,f,UM32081,Control,0,,dead,1,414,,,,33.200001,46.900002,,,C2010|UM32081
UM-HET3,C2010,UM,f,UM32977,Control,0,,dead,1,1210,,,,23.4,27.200001,,,C2010|UM32977
UM-HET3,C2010,UM,f,UM32984,Control,0,,dead,1,1182,,,,29.0,42.0,,,C2010|UM32984
UM-HET3,C2010,UM,f,UM32991,Control,0,,dead,1,1093,,,,23.9,31.9,,,C2010|UM32991
UM-HET3,C2010,UM,f,UM32998,Control,0,,dead,1,840,,,,26.700001,37.5,,,C2010|UM32998
UM-HET3,C2010,UM,f,UM33292,Control,0,,dead,1,942,,,,24.6,32.400002,,,C2010|UM33292
UM-HET3,C2010,UM,f,UM33299,Control,0,,dead,1,1066,,,,29.799999,37.400002,,,C2010|UM33299
UM-HET3,C2010,UM,f,UM33306,Control,0,,dead,1,1084,,,,26.5,33.099998,,,C2010|UM33306
UM-HET3,C2010,UM,f,UM33313,Control,0,,dead,1,687,,,,33.799999,47.799999,,,C2010|UM33313
UM-HET3,C2010,UM,f,UM33362,Control,0,,dead,1,713,,,,27.799999,39.0,,,C2010|UM33362
UM-HET3,C2010,UM,f,UM33369,Control,0,,removed,0,1158,,,,,,,,C2010|UM33369
UM-HET3,C2010,UM,f,UM33376,Control,0,,dead,1,913,,,,26.200001,39.299999,,,C2010|UM33376
UM-HET3,C2010,UM,f,UM33383,Control,0,,dead,1,1190,,,,30.299999,41.200001,,,C2010|UM33383
UM-HET3,C2010,UM,f,UM33649,Control,0,,dead,1,765,,,,26.0,33.400002,,,C2010|UM33649
UM-HET3,C2010,UM,f,UM33656,Control,0,,dead,1,887,,,,28.1,40.599998,,,C2010|UM33656
UM-HET3,C2010,UM,f,UM33663,Control,0,,dead,1,1066,,,,26.200001,33.400002,,,C2010|UM33663
UM-HET3,C2010,UM,f,UM33670,Control,0,,dead,1,1138,,,,28.4,33.200001,,,C2010|UM33670
UM-HET3,C2010,UM,f,UM33789,Control,0,,dead,1,1038,,,,26.4,27.4,,,C2010|UM33789
UM-HET3,C2010,UM,f,UM33796,Control,0,,dead,1,991,,,,23.200001,28.299999,,,C2010|UM33796
UM-HET3,C2010,UM,f,UM33803,Control,0,,dead,1,1132,,,,27.4,34.200001,,,C2010|UM33803
UM-HET3,C2010,UM,f,UM33810,Control,0,,dead,1,769,,,,29.5,33.299999,,,C2010|UM33810
UM-HET3,C2010,UM,m,UM29841,Control,0,,removed,0,355,,,,,,,,C2010|UM29841
UM-HET3,C2010,UM,m,UM29848,Control,0,,removed,0,355,,,,,,,,C2010|UM29848
UM-HET3,C2010,UM,m,UM29855,Control,0,,removed,0,355,,,,,,,,C2010|UM29855
UM-HET3,C2010,UM,m,UM29925,Control,0,,dead,1,689,,,,33.700001,41.299999,,,C2010|UM29925
UM-HET3,C2010,UM,m,UM29932,Control,0,,dead,1,868,,,,36.5,44.799999,,,C2010|UM29932
UM-HET3,C2010,UM,m,UM29939,Control,0,,dead,1,831,,,,31.9,37.700001,,,C2010|UM29939
UM-HET3,C2010,UM,m,UM30303,Control,0,,dead,1,673,,,,37.599998,47.299999,,,C2010|UM30303
UM-HET3,C2010,UM,m,UM30310,Control,0,,dead,1,1062,,,,27.200001,31.6,,,C2010|UM30310
UM-HET3,C2010,UM,m,UM30317,Control,0,,dead,1,976,,,,34.0,40.200001,,,C2010|UM30317
UM-HET3,C2010,UM,m,UM30443,Control,0,,dead,1,883,,,,30.799999,42.099998,,,C2010|UM30443
UM-HET3,C2010,UM,m,UM30450,Control,0,,dead,1,840,,,,31.4,44.200001,,,C2010|UM30450
UM-HET3,C2010,UM,m,UM30457,Control,0,,dead,1,733,,,,35.299999,42.200001,,,C2010|UM30457
UM-HET3,C2010,UM,m,UM30555,Control,0,,dead,1,1026,,,,35.099998,41.599998,,,C2010|UM30555
UM-HET3,C2010,UM,m,UM30562,Control,0,,dead,1,547,,,,32.299999,42.799999,,,C2010|UM30562
UM-HET3,C2010,UM,m,UM30569,Control,0,,dead,1,1094,,,,31.9,37.0,,,C2010|UM30569
UM-HET3,C2010,UM,m,UM30625,Control,0,,dead,1,929,,,,35.0,43.900002,,,C2010|UM30625
UM-HET3,C2010,UM,m,UM30632,Control,0,,dead,1,737,,,,31.9,38.799999,,,C2010|UM30632
UM-HET3,C2010,UM,m,UM30639,Control,0,,dead,1,956,,,,39.0,48.799999,,,C2010|UM30639
UM-HET3,C2010,UM,m,UM30716,Control,0,,dead,1,890,,,,31.0,37.799999,,,C2010|UM30716
UM-HET3,C2010,UM,m,UM30723,Control,0,,dead,1,784,,,,31.9,38.0,,,C2010|UM30723
UM-HET3,C2010,UM,m,UM30730,Control,0,,dead,1,880,,,,33.5,38.900002,,,C2010|UM30730
UM-HET3,C2010,UM,m,UM30814,Control,0,,dead,1,1087,,,,32.5,39.599998,,,C2010|UM30814
UM-HET3,C2010,UM,m,UM30821,Control,0,,dead,1,1239,,,,37.400002,46.299999,,,C2010|UM30821
UM-HET3,C2010,UM,m,UM30828,Control,0,,dead,1,646,,,,44.0,50.0,,,C2010|UM30828
UM-HET3,C2010,UM,m,UM31122,Control,0,,dead,1,1265,,,,29.700001,40.799999,,,C2010|UM31122
UM-HET3,C2010,UM,m,UM31129,Control,0,,dead,1,991,,,,25.9,30.5,,,C2010|UM31129
UM-HET3,C2010,UM,m,UM31136,Control,0,,dead,1,1104,,,,28.299999,34.299999,,,C2010|UM31136
UM-HET3,C2010,UM,m,UM31185,Control,0,,dead,1,1053,,,,34.900002,43.099998,,,C2010|UM31185
UM-HET3,C2010,UM,m,UM31192,Control,0,,removed,0,640,,,,,,,,C2010|UM31192
UM-HET3,C2010,UM,m,UM31199,Control,0,,removed,0,641,,,,,,,,C2010|UM31199
UM-HET3,C2010,UM,m,UM31227,Control,0,,dead,1,1016,,,,31.1,37.799999,,,C2010|UM31227
UM-HET3,C2010,UM,m,UM31234,Control,0,,dead,1,861,,,,31.9,38.5,,,C2010|UM31234
UM-HET3,C2010,UM,m,UM31241,Control,0,,dead,1,874,,,,37.099998,46.799999,,,C2010|UM31241
UM-HET3,C2010,UM,m,UM31346,Control,0,,removed,0,242,,,,,,,,C2010|UM31346
UM-HET3,C2010,UM,m,UM31353,Control,0,,removed,0,242,,,,,,,,C2010|UM31353
UM-HET3,C2010,UM,m,UM31360,Control,0,,removed,0,242,,,,,,,,C2010|UM31360
UM-HET3,C2010,UM,m,UM31437,Control,0,,dead,1,975,,,,31.0,41.200001,,,C2010|UM31437
UM-HET3,C2010,UM,m,UM31444,Control,0,,dead,1,1010,,,,34.400002,47.299999,,,C2010|UM31444
UM-HET3,C2010,UM,m,UM31451,Control,0,,dead,1,672,,,,46.900002,56.400002,,,C2010|UM31451
UM-HET3,C2010,UM,m,UM31458,Control,0,,dead,1,950,,,,33.099998,41.299999,,,C2010|UM31458
UM-HET3,C2010,UM,m,UM31465,Control,0,,dead,1,1070,,,,37.700001,48.799999,,,C2010|UM31465
UM-HET3,C2010,UM,m,UM31472,Control,0,,dead,1,422,,,,37.099998,45.200001,,,C2010|UM31472
UM-HET3,C2010,UM,m,UM31647,Control,0,,dead,1,1182,,,,30.0,44.400002,,,C2010|UM31647
UM-HET3,C2010,UM,m,UM31654,Control,0,,dead,1,474,,,,33.400002,48.099998,,,C2010|UM31654
UM-HET3,C2010,UM,m,UM31661,Control,0,,dead,1,815,,,,32.900002,41.5,,,C2010|UM31661
UM-HET3,C2010,UM,m,UM31696,Control,0,,dead,1,1203,,,,37.200001,47.5,,,C2010|UM31696
UM-HET3,C2010,UM,m,UM31703,Control,0,,dead,1,876,,,,36.599998,48.299999,,,C2010|UM31703
UM-HET3,C2010,UM,m,UM31710,Control,0,,dead,1,959,,,,37.5,49.400002,,,C2010|UM31710
UM-HET3,C2010,UM,m,UM31717,Control,0,,dead,1,655,,,,29.1,37.0,,,C2010|UM31717
UM-HET3,C2010,UM,m,UM31724,Control,0,,dead,1,873,,,,34.700001,41.099998,,,C2010|UM31724
UM-HET3,C2010,UM,m,UM31731,Control,0,,dead,1,1087,,,,36.400002,43.700001,,,C2010|UM31731
UM-HET3,C2010,UM,m,UM32011,Control,0,,dead,1,1044,,,,31.1,35.5,,,C2010|UM32011
UM-HET3,C2010,UM,m,UM32018,Control,0,,dead,1,612,,,,31.5,41.0,,,C2010|UM32018
UM-HET3,C2010,UM,m,UM32025,Control,0,,dead,1,1041,,,,32.400002,42.400002,,,C2010|UM32025
UM-HET3,C2010,UM,m,UM32116,Control,0,,dead,1,937,,,,31.799999,33.599998,,,C2010|UM32116
UM-HET3,C2010,UM,m,UM32123,Control,0,,dead,1,903,,,,37.200001,40.900002,,,C2010|UM32123
UM-HET3,C2010,UM,m,UM32130,Control,0,,dead,1,819,,,,35.0,35.799999,,,C2010|UM32130
UM-HET3,C2010,UM,m,UM32137,Control,0,,dead,1,803,,,,37.599998,45.900002,,,C2010|UM32137
UM-HET3,C2010,UM,m,UM32144,Control,0,,dead,1,927,,,,35.799999,42.900002,,,C2010|UM32144
UM-HET3,C2010,UM,m,UM32151,Control,0,,dead,1,1047,,,,31.5,42.0,,,C2010|UM32151
UM-HET3,C2010,UM,m,UM32256,Control,0,,removed,0,535,,,,,,,,C2010|UM32256
UM-HET3,C2010,UM,m,UM32263,Control,0,,removed,0,535,,,,,,,,C2010|UM32263
UM-HET3,C2010,UM,m,UM32270,Control,0,,removed,0,536,,,,,,,,C2010|UM32270
UM-HET3,C2010,UM,m,UM32410,Control,0,,dead,1,506,,,,29.700001,40.799999,,,C2010|UM32410
UM-HET3,C2010,UM,m,UM32417,Control,0,,dead,1,715,,,,30.299999,46.099998,,,C2010|UM32417
UM-HET3,C2010,UM,m,UM32424,Control,0,,dead,1,925,,,,35.299999,48.700001,,,C2010|UM32424
UM-HET3,C2010,UM,m,UM32704,Control,0,,dead,1,1294,,,,35.0,45.900002,,,C2010|UM32704
UM-HET3,C2010,UM,m,UM32711,Control,0,,dead,1,1057,,,,37.299999,46.799999,,,C2010|UM32711
UM-HET3,C2010,UM,m,UM32718,Control,0,,dead,1,647,,,,36.799999,45.299999,,,C2010|UM32718
UM-HET3,C2010,UM,m,UM32725,Control,0,,dead,1,1066,,,,30.1,32.0,,,C2010|UM32725
UM-HET3,C2010,UM,m,UM32732,Control,0,,dead,1,908,,,,30.200001,36.599998,,,C2010|UM32732
UM-HET3,C2010,UM,m,UM32739,Control,0,,dead,1,768,,,,31.200001,35.400002,,,C2010|UM32739
UM-HET3,C2010,UM,m,UM32795,Control,0,,dead,1,1146,,,,31.700001,40.700001,,,C2010|UM32795
UM-HET3,C2010,UM,m,UM32802,Control,0,,dead,1,837,,,,27.799999,31.9,,,C2010|UM32802
UM-HET3,C2010,UM,m,UM32809,Control,0,,dead,1,724,,,,38.900002,45.400002,,,C2010|UM32809
UM-HET3,C2010,UM,m,UM32816,Control,0,,dead,1,1146,,,,33.5,42.200001,,,C2010|UM32816
UM-HET3,C2010,UM,m,UM32823,Control,0,,dead,1,1176,,,,28.700001,33.200001,,,C2010|UM32823
UM-HET3,C2010,UM,m,UM32830,Control,0,,dead,1,609,,,,30.299999,36.299999,,,C2010|UM32830
UM-HET3,C2010,UM,m,UM33005,Control,0,,dead,1,809,,,,33.299999,47.099998,,,C2010|UM33005
UM-HET3,C2010,UM,m,UM33012,Control,0,,dead,1,1125,,,,33.5,43.799999,,,C2010|UM33012
UM-HET3,C2010,UM,m,UM33019,Control,0,,dead,1,835,,,,32.200001,41.0,,,C2010|UM33019
UM-HET3,C2010,UM,m,UM33208,Control,0,,dead,1,1168,,,,32.0,42.599998,,,C2010|UM33208
UM-HET3,C2010,UM,m,UM33215,Control,0,,dead,1,1065,,,,34.700001,43.099998,,,C2010|UM33215
UM-HET3,C2010,UM,m,UM33222,Control,0,,dead,1,993,,,,41.700001,47.900002,,,C2010|UM33222
UM-HET3,C2010,UM,m,UM33271,Control,0,,dead,1,1026,,,,31.5,31.700001,,,C2010|UM33271
UM-HET3,C2010,UM,m,UM33278,Control,0,,dead,1,1041,,,,31.0,32.5,,,C2010|UM33278
UM-HET3,C2010,UM,m,UM33285,Control,0,,dead,1,326,,,,30.4,,,,C2010|UM33285
UM-HET3,C2010,UM,m,UM33390,Control,0,,dead,1,681,,,,31.6,38.099998,,,C2010|UM33390
UM-HET3,C2010,UM,m,UM33397,Control,0,,dead,1,626,,,,34.599998,42.799999,,,C2010|UM33397
UM-HET3,C2010,UM,m,UM33404,Control,0,,dead,1,697,,,,30.200001,47.799999,,,C2010|UM33404
UM-HET3,C2010,UM,m,UM33509,Control,0,,dead,1,1033,,,,30.6,33.0,,,C2010|UM33509
UM-HET3,C2010,UM,m,UM33516,Control,0,,dead,1,904,,,,33.0,38.799999,,,C2010|UM33516
UM-HET3,C2010,UM,m,UM33523,Control,0,,dead,1,967,,,,32.299999,38.099998,,,C2010|UM33523
UM-HET3,C2010,UM,m,UM33628,Control,0,,dead,1,1083,,,,34.299999,38.200001,,,C2010|UM33628
UM-HET3,C2010,UM,m,UM33635,Control,0,,dead,1,880,,,,33.400002,38.200001,,,C2010|UM33635
UM-HET3,C2010,UM,m,UM33642,Control,0,,dead,1,880,,,,33.700001,34.299999,,,C2010|UM33642
UM-HET3,C2010,UM,m,UM33719,Control,0,,dead,1,1029,,,,32.099998,36.299999,,,C2010|UM33719
UM-HET3,C2010,UM,m,UM33726,Control,0,,dead,1,962,,,,36.900002,40.299999,,,C2010|UM33726
UM-HET3,C2010,UM,m,UM33733,Control,0,,dead,1,1053,,,,37.799999,44.700001,,,C2010|UM33733
UM-HET3,C2010,UT,f,UT04305,Control,0,,dead,1,680,,,,33.900002,55.900002,86.0,2.0,C2010|UT04305
UM-HET3,C2010,UT,f,UT04306,Control,0,,dead,1,656,,,,39.299999,59.099998,86.0,2.0,C2010|UT04306
UM-HET3,C2010,UT,f,UT04307,Control,0,,dead,1,923,,,,31.6,49.5,86.0,2.0,C2010|UT04307
UM-HET3,C2010,UT,f,UT04308,Control,0,,dead,1,761,,,,29.0,39.700001,86.0,2.0,C2010|UT04308
UM-HET3,C2010,UT,f,UT04325,Control,0,,dead,1,1100,,,,39.299999,53.900002,86.0,2.0,C2010|UT04325
UM-HET3,C2010,UT,f,UT04326,Control,0,,dead,1,882,,,,30.700001,48.099998,86.0,2.0,C2010|UT04326
UM-HET3,C2010,UT,f,UT04327,Control,0,,dead,1,628,,,,33.400002,45.799999,86.0,2.0,C2010|UT04327
UM-HET3,C2010,UT,f,UT04328,Control,0,,dead,1,807,,,,25.799999,34.599998,86.0,2.0,C2010|UT04328
UM-HET3,C2010,UT,f,UT04329,Control,0,,dead,1,1181,,,,27.0,42.799999,87.0,2.0,C2010|UT04329
UM-HET3,C2010,UT,f,UT04330,Control,0,,dead,1,953,,,,30.299999,37.700001,87.0,2.0,C2010|UT04330
UM-HET3,C2010,UT,f,UT04331,Control,0,,dead,1,1057,,,,34.5,50.5,87.0,2.0,C2010|UT04331
UM-HET3,C2010,UT,f,UT04332,Control,0,,dead,1,458,,,,25.200001,41.900002,87.0,2.0,C2010|UT04332
UM-HET3,C2010,UT,f,UT04343,Control,0,,dead,1,1064,,,,26.200001,36.5,89.0,2.0,C2010|UT04343
UM-HET3,C2010,UT,f,UT04344,Control,0,,dead,1,738,,,,24.4,36.299999,89.0,2.0,C2010|UT04344
UM-HET3,C2010,UT,f,UT04345,Control,0,,dead,1,824,,,,27.5,43.400002,89.0,2.0,C2010|UT04345
UM-HET3,C2010,UT,f,UT04346,Control,0,,dead,1,896,,,,25.5,30.799999,89.0,2.0,C2010|UT04346
UM-HET3,C2010,UT,f,UT04383,Control,0,,dead,1,930,,,,43.200001,56.900002,112.0,3.0,C2010|UT04383
UM-HET3,C2010,UT,f,UT04384,Control,0,,dead,1,748,,,,27.6,32.099998,112.0,3.0,C2010|UT04384
UM-HET3,C2010,UT,f,UT04385,Control,0,,dead,1,1016,,,,29.799999,40.299999,112.0,3.0,C2010|UT04385
UM-HET3,C2010,UT,f,UT04386,Control,0,,dead,1,1298,,,,32.400002,44.900002,112.0,3.0,C2010|UT04386
UM-HET3,C2010,UT,f,UT04390,Control,0,,dead,1,1116,,,,30.799999,37.200001,111.0,3.0,C2010|UT04390
UM-HET3,C2010,UT,f,UT04391,Control,0,,dead,1,970,,,,46.400002,56.5,111.0,3.0,C2010|UT04391
UM-HET3,C2010,UT,f,UT04392,Control,0,,dead,1,873,,,,36.799999,44.400002,112.0,3.0,C2010|UT04392
UM-HET3,C2010,UT,f,UT04393,Control,0,,dead,1,883,,,,29.200001,35.900002,112.0,3.0,C2010|UT04393
UM-HET3,C2010,UT,f,UT04414,Control,0,,dead,1,786,,,,23.9,34.0,124.0,3.0,C2010|UT04414
UM-HET3,C2010,UT,f,UT04415,Control,0,,dead,1,851,,,,36.599998,59.599998,124.0,3.0,C2010|UT04415
UM-HET3,C2010,UT,f,UT04416,Control,0,,dead,1,982,,,,28.1,39.599998,124.0,3.0,C2010|UT04416
UM-HET3,C2010,UT,f,UT04417,Control,0,,dead,1,694,,,,26.799999,39.5,124.0,3.0,C2010|UT04417
UM-HET3,C2010,UT,f,UT04479,Control,0,,dead,1,1090,,,,31.700001,39.400002,133.0,4.0,C2010|UT04479
UM-HET3,C2010,UT,f,UT04480,Control,0,,dead,1,794,,,,28.799999,43.299999,133.0,4.0,C2010|UT04480
UM-HET3,C2010,UT,f,UT04481,Control,0,,dead,1,660,,,,40.599998,55.599998,133.0,4.0,C2010|UT04481
UM-HET3,C2010,UT,f,UT04482,Control,0,,dead,1,649,,,,27.4,39.200001,133.0,4.0,C2010|UT04482
UM-HET3,C2010,UT,f,UT04526,Control,0,,dead,1,1143,,,,27.299999,32.5,151.0,5.0,C2010|UT04526
UM-HET3,C2010,UT,f,UT04527,Control,0,,dead,1,625,,,,27.799999,37.5,151.0,5.0,C2010|UT04527
UM-HET3,C2010,UT,f,UT04528,Control,0,,dead,1,1142,,,,38.599998,53.299999,151.0,5.0,C2010|UT04528
UM-HET3,C2010,UT,f,UT04529,Control,0,,dead,1,1048,,,,31.200001,40.5,151.0,5.0,C2010|UT04529
UM-HET3,C2010,UT,f,UT04539,Control,0,,removed,0,630,,,,,,,,C2010|UT04539
UM-HET3,C2010,UT,f,UT04540,Control,0,,removed,0,1121,,,,,,,,C2010|UT04540
UM-HET3,C2010,UT,f,UT04541,Control,0,,removed,0,1090,,,,,,,,C2010|UT04541
UM-HET3,C2010,UT,f,UT04542,Control,0,,removed,0,961,,,,,,,,C2010|UT04542
UM-HET3,C2010,UT,f,UT04597,Control,0,,dead,1,940,,,,34.5,43.5,171.0,6.0,C2010|UT04597
UM-HET3,C2010,UT,f,UT04598,Control,0,,dead,1,920,,,,34.599998,46.599998,171.0,6.0,C2010|UT04598
UM-HET3,C2010,UT,f,UT04599,Control,0,,dead,1,834,,,,38.799999,55.200001,171.0,6.0,C2010|UT04599
UM-HET3,C2010,UT,f,UT04600,Control,0,,dead,1,803,,,,33.099998,39.0,171.0,5.0,C2010|UT04600
UM-HET3,C2010,UT,f,UT04601,Control,0,,dead,1,730,,,,27.200001,39.599998,172.0,6.0,C2010|UT04601
UM-HET3,C2010,UT,f,UT04602,Control,0,,dead,1,917,,,,29.700001,37.099998,172.0,6.0,C2010|UT04602
UM-HET3,C2010,UT,f,UT04603,Control,0,,dead,1,836,,,,32.599998,42.799999,172.0,6.0,C2010|UT04603
UM-HET3,C2010,UT,f,UT04604,Control,0,,dead,1,681,,,,32.200001,43.700001,172.0,6.0,C2010|UT04604
UM-HET3,C2010,UT,f,UT04605,Control,0,,dead,1,922,,,,33.700001,45.599998,172.0,6.0,C2010|UT04605
UM-HET3,C2010,UT,f,UT04606,Control,0,,dead,1,926,,,,47.299999,60.5,172.0,6.0,C2010|UT04606
UM-HET3,C2010,UT,f,UT04607,Control,0,,dead,1,992,,,,29.700001,41.099998,172.0,6.0,C2010|UT04607
UM-HET3,C2010,UT,f,UT04608,Control,0,,dead,1,945,,,,28.799999,42.200001,172.0,6.0,C2010|UT04608
UM-HET3,C2010,UT,f,UT04619,Control,0,,dead,1,997,,,,28.1,37.599998,174.0,4.0,C2010|UT04619
UM-HET3,C2010,UT,f,UT04620,Control,0,,dead,1,815,,,,34.099998,47.400002,174.0,4.0,C2010|UT04620
UM-HET3,C2010,UT,f,UT04621,Control,0,,dead,1,646,,,,27.1,39.099998,174.0,4.0,C2010|UT04621
UM-HET3,C2010,UT,f,UT04622,Control,0,,dead,1,1190,,,,27.0,37.400002,174.0,6.0,C2010|UT04622
UM-HET3,C2010,UT,f,UT04667,Control,0,,dead,1,1121,,,,25.5,28.700001,192.0,6.0,C2010|UT04667
UM-HET3,C2010,UT,f,UT04668,Control,0,,dead,1,978,,,,28.5,34.0,192.0,6.0,C2010|UT04668
UM-HET3,C2010,UT,f,UT04669,Control,0,,dead,1,1086,,,,24.4,30.5,192.0,6.0,C2010|UT04669
UM-HET3,C2010,UT,f,UT04670,Control,0,,dead,1,826,,,,27.299999,36.0,192.0,6.0,C2010|UT04670
UM-HET3,C2010,UT,f,UT04686,Control,0,,dead,1,954,,,,32.900002,49.700001,195.0,7.0,C2010|UT04686
UM-HET3,C2010,UT,f,UT04687,Control,0,,dead,1,1052,,,,24.799999,35.400002,195.0,7.0,C2010|UT04687
UM-HET3,C2010,UT,f,UT04688,Control,0,,dead,1,1016,,,,36.700001,57.5,195.0,7.0,C2010|UT04688
UM-HET3,C2010,UT,f,UT04689,Control,0,,dead,1,995,,,,26.1,34.900002,195.0,7.0,C2010|UT04689
UM-HET3,C2010,UT,f,UT04709,Control,0,,dead,1,894,,,,31.9,44.400002,198.0,7.0,C2010|UT04709
UM-HET3,C2010,UT,f,UT04710,Control,0,,dead,1,639,,,,35.799999,48.200001,198.0,7.0,C2010|UT04710
UM-HET3,C2010,UT,f,UT04711,Control,0,,dead,1,434,,,,30.799999,38.299999,198.0,7.0,C2010|UT04711
UM-HET3,C2010,UT,f,UT04712,Control,0,,dead,1,1026,,,,35.599998,46.599998,198.0,7.0,C2010|UT04712
UM-HET3,C2010,UT,f,UT04725,Control,0,,removed,0,595,,,,,,,,C2010|UT04725
UM-HET3,C2010,UT,f,UT04726,Control,0,,removed,0,595,,,,,,,,C2010|UT04726
UM-HET3,C2010,UT,f,UT04727,Control,0,,removed,0,508,,,,,,,,C2010|UT04727
UM-HET3,C2010,UT,f,UT04728,Control,0,,removed,0,595,,,,,,,,C2010|UT04728
UM-HET3,C2010,UT,f,UT04735,Control,0,,dead,1,1117,,,,26.9,42.700001,205.0,7.0,C2010|UT04735
UM-HET3,C2010,UT,f,UT04736,Control,0,,dead,1,833,,,,32.400002,43.599998,205.0,7.0,C2010|UT04736
UM-HET3,C2010,UT,f,UT04737,Control,0,,dead,1,785,,,,31.299999,40.099998,205.0,7.0,C2010|UT04737
UM-HET3,C2010,UT,f,UT04738,Control,0,,dead,1,818,,,,35.799999,51.099998,205.0,7.0,C2010|UT04738
UM-HET3,C2010,UT,f,UT04742,Control,0,,dead,1,948,,,,29.200001,46.200001,209.0,7.0,C2010|UT04742
UM-HET3,C2010,UT,f,UT04743,Control,0,,dead,1,995,,,,32.299999,46.5,209.0,7.0,C2010|UT04743
UM-HET3,C2010,UT,f,UT04744,Control,0,,dead,1,666,,,,39.900002,52.400002,209.0,7.0,C2010|UT04744
UM-HET3,C2010,UT,f,UT04745,Control,0,,dead,1,1053,,,,27.5,41.700001,209.0,7.0,C2010|UT04745
UM-HET3,C2010,UT,f,UT04758,Control,0,,dead,1,803,,,,37.700001,55.900002,218.0,8.0,C2010|UT04758
UM-HET3,C2010,UT,f,UT04759,Control,0,,dead,1,499,,,,26.299999,38.400002,218.0,8.0,C2010|UT04759
UM-HET3,C2010,UT,f,UT04760,Control,0,,dead,1,1058,,,,30.5,44.400002,218.0,8.0,C2010|UT04760
UM-HET3,C2010,UT,f,UT04761,Control,0,,dead,1,1030,,,,30.200001,42.299999,217.0,8.0,C2010|UT04761
UM-HET3,C2010,UT,f,UT04772,Control,0,,dead,1,868,,,,29.700001,39.599998,219.0,8.0,C2010|UT04772
UM-HET3,C2010,UT,f,UT04773,Control,0,,dead,1,915,,,,25.700001,47.599998,219.0,8.0,C2010|UT04773
UM-HET3,C2010,UT,f,UT04774,Control,0,,dead,1,742,,,,29.0,39.099998,219.0,8.0,C2010|UT04774
UM-HET3,C2010,UT,f,UT04775,Control,0,,dead,1,723,,,,27.4,37.200001,219.0,8.0,C2010|UT04775
UM-HET3,C2010,UT,f,UT04847,Control,0,,dead,1,735,,,,30.5,39.099998,240.0,9.0,C2010|UT04847
UM-HET3,C2010,UT,f,UT04848,Control,0,,dead,1,1046,,,,31.299999,43.799999,240.0,9.0,C2010|UT04848
UM-HET3,C2010,UT,f,UT04849,Control,0,,dead,1,1026,,,,30.0,45.799999,241.0,9.0,C2010|UT04849
UM-HET3,C2010,UT,f,UT04850,Control,0,,dead,1,880,,,,35.799999,48.0,241.0,9.0,C2010|UT04850
UM-HET3,C2010,UT,m,UT04289,Control,0,,dead,1,734,,,,40.799999,46.200001,86.0,2.0,C2010|UT04289
UM-HET3,C2010,UT,m,UT04290,Control,0,,dead,1,854,,,,41.200001,45.099998,86.0,2.0,C2010|UT04290
UM-HET3,C2010,UT,m,UT04291,Control,0,,dead,1,384,,,,47.799999,,86.0,2.0,C2010|UT04291
UM-HET3,C2010,UT,m,UT04292,Control,0,,dead,1,721,,,,33.099998,47.5,86.0,2.0,C2010|UT04292
UM-HET3,C2010,UT,m,UT04293,Control,0,,dead,1,585,,,,43.900002,53.599998,86.0,2.0,C2010|UT04293
UM-HET3,C2010,UT,m,UT04294,Control,0,,dead,1,1125,,,,41.299999,48.0,86.0,2.0,C2010|UT04294
UM-HET3,C2010,UT,m,UT04319,Control,0,,dead,1,224,,,,47.200001,,86.0,2.0,C2010|UT04319
UM-HET3,C2010,UT,m,UT04320,Control,0,,dead,1,600,,,,43.5,51.700001,86.0,2.0,C2010|UT04320
UM-HET3,C2010,UT,m,UT04321,Control,0,,dead,1,732,,,,42.799999,52.200001,86.0,2.0,C2010|UT04321
UM-HET3,C2010,UT,m,UT04337,Control,0,,dead,1,446,,,,49.5,55.099998,88.0,2.0,C2010|UT04337
UM-HET3,C2010,UT,m,UT04338,Control,0,,dead,1,905,,,,41.700001,46.700001,88.0,2.0,C2010|UT04338
UM-HET3,C2010,UT,m,UT04339,Control,0,,dead,1,774,,,,40.700001,48.400002,89.0,2.0,C2010|UT04339
UM-HET3,C2010,UT,m,UT04340,Control,0,,dead,1,842,,,,35.299999,45.900002,89.0,2.0,C2010|UT04340
UM-HET3,C2010,UT,m,UT04341,Control,0,,dead,1,794,,,,32.0,44.0,89.0,2.0,C2010|UT04341
UM-HET3,C2010,UT,m,UT04342,Control,0,,dead,1,739,,,,29.299999,40.200001,89.0,2.0,C2010|UT04342
UM-HET3,C2010,UT,m,UT04347,Control,0,,dead,1,326,,,,36.0,,89.0,2.0,C2010|UT04347
UM-HET3,C2010,UT,m,UT04348,Control,0,,dead,1,796,,,,44.900002,52.099998,89.0,2.0,C2010|UT04348
UM-HET3,C2010,UT,m,UT04349,Control,0,,dead,1,318,,,,44.0,,89.0,2.0,C2010|UT04349
UM-HET3,C2010,UT,m,UT04373,Control,0,,dead,1,819,,,,35.5,41.099998,109.0,3.0,C2010|UT04373
UM-HET3,C2010,UT,m,UT04374,Control,0,,dead,1,488,,,,38.0,45.099998,109.0,3.0,C2010|UT04374
UM-HET3,C2010,UT,m,UT04375,Control,0,,dead,1,389,,,,43.900002,,109.0,3.0,C2010|UT04375
UM-HET3,C2010,UT,m,UT04376,Control,0,,dead,1,271,,,,47.700001,,109.0,3.0,C2010|UT04376
UM-HET3,C2010,UT,m,UT04377,Control,0,,dead,1,1024,,,,43.5,45.799999,109.0,3.0,C2010|UT04377
UM-HET3,C2010,UT,m,UT04378,Control,0,,dead,1,331,,,,45.099998,,109.0,3.0,C2010|UT04378
UM-HET3,C2010,UT,m,UT04411,Control,0,,dead,1,396,,,,38.400002,45.099998,124.0,3.0,C2010|UT04411
UM-HET3,C2010,UT,m,UT04412,Control,0,,dead,1,952,,,,37.900002,49.5,124.0,3.0,C2010|UT04412
UM-HET3,C2010,UT,m,UT04413,Control,0,,dead,1,896,,,,44.900002,52.099998,124.0,3.0,C2010|UT04413
UM-HET3,C2010,UT,m,UT04418,Control,0,,dead,1,440,,,,39.299999,42.700001,128.0,4.0,C2010|UT04418
UM-HET3,C2010,UT,m,UT04419,Control,0,,dead,1,635,,,,48.400002,53.099998,128.0,4.0,C2010|UT04419
UM-HET3,C2010,UT,m,UT04420,Control,0,,dead,1,984,,,,44.099998,49.799999,128.0,4.0,C2010|UT04420
UM-HET3,C2010,UT,m,UT04441,Control,0,,dead,1,821,,,,52.099998,55.099998,129.0,4.0,C2010|UT04441
UM-HET3,C2010,UT,m,UT04442,Control,0,,dead,1,1090,,,,40.900002,46.599998,128.0,4.0,C2010|UT04442
UM-HET3,C2010,UT,m,UT04443,Control,0,,dead,1,1155,,,,37.900002,43.200001,128.0,4.0,C2010|UT04443
UM-HET3,C2010,UT,m,UT04444,Control,0,,dead,1,613,,,,29.9,40.0,130.0,4.0,C2010|UT04444
UM-HET3,C2010,UT,m,UT04445,Control,0,,dead,1,1090,,,,35.900002,50.900002,130.0,4.0,C2010|UT04445
UM-HET3,C2010,UT,m,UT04446,Control,0,,dead,1,1100,,,,27.200001,32.599998,130.0,4.0,C2010|UT04446
UM-HET3,C2010,UT,m,UT04467,Control,0,,dead,1,554,,,,39.400002,44.5,131.0,3.0,C2010|UT04467
UM-HET3,C2010,UT,m,UT04468,Control,0,,dead,1,585,,,,44.700001,49.5,131.0,3.0,C2010|UT04468
UM-HET3,C2010,UT,m,UT04469,Control,0,,dead,1,718,,,,42.400002,45.900002,131.0,3.0,C2010|UT04469
UM-HET3,C2010,UT,m,UT04500,Control,0,,dead,1,375,,,,45.599998,57.599998,145.0,4.0,C2010|UT04500
UM-HET3,C2010,UT,m,UT04501,Control,0,,removed,0,961,,,,,,,,C2010|UT04501
UM-HET3,C2010,UT,m,UT04502,Control,0,,removed,0,901,,,,,,,,C2010|UT04502
UM-HET3,C2010,UT,m,UT04533,Control,0,,dead,1,798,,,,38.099998,51.099998,152.0,4.0,C2010|UT04533
UM-HET3,C2010,UT,m,UT04534,Control,0,,dead,1,432,,,,49.900002,58.900002,152.0,4.0,C2010|UT04534
UM-HET3,C2010,UT,m,UT04535,Control,0,,dead,1,1071,,,,38.200001,45.400002,153.0,5.0,C2010|UT04535
UM-HET3,C2010,UT,m,UT04543,Control,0,,dead,1,887,,,,36.0,44.099998,153.0,5.0,C2010|UT04543
UM-HET3,C2010,UT,m,UT04544,Control,0,,dead,1,622,,,,44.599998,52.400002,153.0,5.0,C2010|UT04544
UM-HET3,C2010,UT,m,UT04545,Control,0,,dead,1,894,,,,39.700001,47.599998,153.0,5.0,C2010|UT04545
UM-HET3,C2010,UT,m,UT04567,Control,0,,dead,1,540,,,,39.0,46.0,155.0,5.0,C2010|UT04567
UM-HET3,C2010,UT,m,UT04568,Control,0,,dead,1,472,,,,41.5,48.099998,155.0,5.0,C2010|UT04568
UM-HET3,C2010,UT,m,UT04569,Control,0,,dead,1,1013,,,,41.599998,46.099998,155.0,5.0,C2010|UT04569
UM-HET3,C2010,UT,m,UT04632,Control,0,,dead,1,541,,,,42.5,49.099998,176.0,6.0,C2010|UT04632
UM-HET3,C2010,UT,m,UT04633,Control,0,,dead,1,783,,,,43.599998,47.900002,176.0,6.0,C2010|UT04633
UM-HET3,C2010,UT,m,UT04634,Control,0,,dead,1,974,,,,35.200001,43.599998,176.0,6.0,C2010|UT04634
UM-HET3,C2010,UT,m,UT04638,Control,0,,dead,1,1113,,,,44.5,47.5,176.0,5.0,C2010|UT04638
UM-HET3,C2010,UT,m,UT04639,Control,0,,dead,1,1134,,,,45.200001,49.099998,176.0,5.0,C2010|UT04639
UM-HET3,C2010,UT,m,UT04640,Control,0,,dead,1,345,,,,43.799999,,176.0,5.0,C2010|UT04640
UM-HET3,C2010,UT,m,UT04641,Control,0,,dead,1,705,,,,45.5,51.900002,178.0,6.0,C2010|UT04641
UM-HET3,C2010,UT,m,UT04642,Control,0,,dead,1,656,,,,47.0,53.099998,178.0,6.0,C2010|UT04642
UM-HET3,C2010,UT,m,UT04643,Control,0,,dead,1,809,,,,37.400002,49.900002,178.0,6.0,C2010|UT04643
UM-HET3,C2010,UT,m,UT04644,Control,0,,dead,1,609,,,,36.799999,45.200001,183.0,6.0,C2010|UT04644
UM-HET3,C2010,UT,m,UT04645,Control,0,,dead,1,482,,,,49.900002,61.299999,183.0,6.0,C2010|UT04645
UM-HET3,C2010,UT,m,UT04646,Control,0,,dead,1,759,,,,56.299999,67.5,183.0,6.0,C2010|UT04646
UM-HET3,C2010,UT,m,UT04651,Control,0,,dead,1,465,,,,44.200001,48.799999,184.0,5.0,C2010|UT04651
UM-HET3,C2010,UT,m,UT04652,Control,0,,dead,1,1041,,,,48.799999,39.799999,184.0,5.0,C2010|UT04652
UM-HET3,C2010,UT,m,UT04653,Control,0,,dead,1,556,,,,40.5,40.0,184.0,5.0,C2010|UT04653
UM-HET3,C2010,UT,m,UT04694,Control,0,,dead,1,924,,,,42.0,52.799999,196.0,7.0,C2010|UT04694
UM-HET3,C2010,UT,m,UT04695,Control,0,,dead,1,823,,,,35.099998,42.400002,196.0,7.0,C2010|UT04695
UM-HET3,C2010,UT,m,UT04696,Control,0,,dead,1,428,,,,45.599998,51.599998,196.0,7.0,C2010|UT04696
UM-HET3,C2010,UT,m,UT04697,Control,0,,dead,1,573,,,,33.700001,40.799999,196.0,7.0,C2010|UT04697
UM-HET3,C2010,UT,m,UT04698,Control,0,,dead,1,395,,,,39.5,52.700001,196.0,7.0,C2010|UT04698
UM-HET3,C2010,UT,m,UT04699,Control,0,,dead,1,687,,,,32.599998,44.0,196.0,7.0,C2010|UT04699
UM-HET3,C2010,UT,m,UT04716,Control,0,,dead,1,371,,,,47.599998,51.200001,199.0,7.0,C2010|UT04716
UM-HET3,C2010,UT,m,UT04717,Control,0,,dead,1,751,,,,43.5,48.599998,199.0,7.0,C2010|UT04717
UM-HET3,C2010,UT,m,UT04718,Control,0,,dead,1,807,,,,45.0,53.200001,199.0,7.0,C2010|UT04718
UM-HET3,C2010,UT,m,UT04749,Control,0,,dead,1,662,,,,45.700001,50.700001,213.0,7.0,C2010|UT04749
UM-HET3,C2010,UT,m,UT04750,Control,0,,dead,1,735,,,,43.0,49.700001,213.0,7.0,C2010|UT04750
UM-HET3,C2010,UT,m,UT04751,Control,0,,dead,1,659,,,,37.299999,46.599998,213.0,7.0,C2010|UT04751
UM-HET3,C2010,UT,m,UT04752,Control,0,,dead,1,863,,,,40.900002,45.700001,218.0,8.0,C2010|UT04752
UM-HET3,C2010,UT,m,UT04753,Control,0,,dead,1,912,,,,28.299999,34.900002,218.0,8.0,C2010|UT04753
UM-HET3,C2010,UT,m,UT04754,Control,0,,dead,1,649,,,,45.700001,52.599998,218.0,8.0,C2010|UT04754
UM-HET3,C2010,UT,m,UT04755,Control,0,,dead,1,808,,,,39.200001,46.5,218.0,8.0,C2010|UT04755
UM-HET3,C2010,UT,m,UT04756,Control,0,,dead,1,919,,,,32.299999,43.5,218.0,8.0,C2010|UT04756
UM-HET3,C2010,UT,m,UT04757,Control,0,,dead,1,1054,,,,40.900002,47.599998,218.0,8.0,C2010|UT04757
UM-HET3,C2010,UT,m,UT04769,Control,0,,dead,1,628,,,,44.799999,56.0,219.0,8.0,C2010|UT04769
UM-HET3,C2010,UT,m,UT04770,Control,0,,dead,1,459,,,,44.099998,49.900002,219.0,8.0,C2010|UT04770
UM-HET3,C2010,UT,m,UT04771,Control,0,,dead,1,308,,,,46.299999,,219.0,8.0,C2010|UT04771
UM-HET3,C2010,UT,m,UT04783,Control,0,,dead,1,953,,,,39.099998,42.200001,219.0,8.0,C2010|UT04783
UM-HET3,C2010,UT,m,UT04784,Control,0,,dead,1,694,,,,42.700001,46.400002,219.0,8.0,C2010|UT04784
UM-HET3,C2010,UT,m,UT04785,Control,0,,dead,1,1006,,,,45.200001,50.299999,220.0,8.0,C2010|UT04785
UM-HET3,C2010,UT,m,UT04802,Control,0,,removed,0,587,,,,,,,,C2010|UT04802
UM-HET3,C2010,UT,m,UT04803,Control,0,,removed,0,587,,,,,,,,C2010|UT04803
UM-HET3,C2010,UT,m,UT04804,Control,0,,dead,1,527,,,,45.900002,48.5,227.0,7.0,C2010|UT04804
UM-HET3,C2010,UT,m,UT04838,Control,0,,dead,1,856,,,,39.0,45.5,240.0,9.0,C2010|UT04838
UM-HET3,C2010,UT,m,UT04839,Control,0,,dead,1,539,,,,44.599998,49.5,240.0,9.0,C2010|UT04839
UM-HET3,C2010,UT,m,UT04840,Control,0,,dead,1,737,,,,43.5,47.400002,240.0,9.0,C2010|UT04840
UM-HET3,C2010,UT,m,UT04844,Control,0,,dead,1,820,,,,39.599998,45.799999,240.0,9.0,C2010|UT04844
UM-HET3,C2010,UT,m,UT04845,Control,0,,dead,1,889,,,,30.6,39.700001,241.0,9.0,C2010|UT04845
UM-HET3,C2010,UT,m,UT04846,Control,0,,dead,1,517,,,,41.900002,50.099998,241.0,9.0,C2010|UT04846
UM-HET3,C2011,TJL,f,JL07009,Control,0,,dead,1,898,,,,,,,,C2011|JL07009
UM-HET3,C2011,TJL,f,JL07010,Control,0,,dead,1,1170,,,,,,,,C2011|JL07010
UM-HET3,C2011,TJL,f,JL07011,Control,0,,dead,1,900,,,,,,,,C2011|JL07011
UM-HET3,C2011,TJL,f,JL07012,Control,0,,dead,1,1015,,,,,,,,C2011|JL07012
UM-HET3,C2011,TJL,f,JL07033,Control,0,,dead,1,800,,,,,,,,C2011|JL07033
UM-HET3,C2011,TJL,f,JL07034,Control,0,,dead,1,785,,,,,,,,C2011|JL07034
UM-HET3,C2011,TJL,f,JL07035,Control,0,,dead,1,751,,,,,,,,C2011|JL07035
UM-HET3,C2011,TJL,f,JL07036,Control,0,,dead,1,673,,,,,,,,C2011|JL07036
UM-HET3,C2011,TJL,f,JL07103,Control,0,,dead,1,1087,,,,,,,,C2011|JL07103
UM-HET3,C2011,TJL,f,JL07104,Control,0,,dead,1,805,,,,,,,,C2011|JL07104
UM-HET3,C2011,TJL,f,JL07105,Control,0,,dead,1,1106,,,,,,,,C2011|JL07105
UM-HET3,C2011,TJL,f,JL07106,Control,0,,dead,1,861,,,,,,,,C2011|JL07106
UM-HET3,C2011,TJL,f,JL07107,Control,0,,dead,1,958,,,,,,,,C2011|JL07107
UM-HET3,C2011,TJL,f,JL07108,Control,0,,dead,1,1017,,,,,,,,C2011|JL07108
UM-HET3,C2011,TJL,f,JL07109,Control,0,,dead,1,896,,,,,,,,C2011|JL07109
UM-HET3,C2011,TJL,f,JL07110,Control,0,,dead,1,702,,,,,,,,C2011|JL07110
UM-HET3,C2011,TJL,f,JL07111,Control,0,,dead,1,888,,,,,,,,C2011|JL07111
UM-HET3,C2011,TJL,f,JL07112,Control,0,,dead,1,888,,,,,,,,C2011|JL07112
UM-HET3,C2011,TJL,f,JL07113,Control,0,,dead,1,910,,,,,,,,C2011|JL07113
UM-HET3,C2011,TJL,f,JL07114,Control,0,,dead,1,1057,,,,,,,,C2011|JL07114
UM-HET3,C2011,TJL,f,JL07178,Control,0,,dead,1,775,,,,,,,,C2011|JL07178
UM-HET3,C2011,TJL,f,JL07179,Control,0,,dead,1,978,,,,,,,,C2011|JL07179
UM-HET3,C2011,TJL,f,JL07180,Control,0,,dead,1,746,,,,,,,,C2011|JL07180
UM-HET3,C2011,TJL,f,JL07181,Control,0,,dead,1,875,,,,,,,,C2011|JL07181
UM-HET3,C2011,TJL,f,JL07186,Control,0,,dead,1,1120,,,,,,,,C2011|JL07186
UM-HET3,C2011,TJL,f,JL07187,Control,0,,dead,1,935,,,,,,,,C2011|JL07187
UM-HET3,C2011,TJL,f,JL07188,Control,0,,dead,1,861,,,,,,,,C2011|JL07188
UM-HET3,C2011,TJL,f,JL07189,Control,0,,dead,1,1006,,,,,,,,C2011|JL07189
UM-HET3,C2011,TJL,f,JL07243,Control,0,,dead,1,1036,,,,,,,,C2011|JL07243
UM-HET3,C2011,TJL,f,JL07244,Control,0,,dead,1,757,,,,,,,,C2011|JL07244
UM-HET3,C2011,TJL,f,JL07245,Control,0,,dead,1,1085,,,,,,,,C2011|JL07245
UM-HET3,C2011,TJL,f,JL07246,Control,0,,dead,1,798,,,,,,,,C2011|JL07246
UM-HET3,C2011,TJL,f,JL07292,Control,0,,dead,1,788,,,,,,,,C2011|JL07292
UM-HET3,C2011,TJL,f,JL07293,Control,0,,dead,1,892,,,,,,,,C2011|JL07293
UM-HET3,C2011,TJL,f,JL07294,Control,0,,dead,1,832,,,,,,,,C2011|JL07294
UM-HET3,C2011,TJL,f,JL07295,Control,0,,dead,1,1040,,,,,,,,C2011|JL07295
UM-HET3,C2011,TJL,f,JL07419,Control,0,,dead,1,1249,,,,,,,,C2011|JL07419
UM-HET3,C2011,TJL,f,JL07420,Control,0,,dead,1,818,,,,,,,,C2011|JL07420
UM-HET3,C2011,TJL,f,JL07421,Control,0,,dead,1,725,,,,,,,,C2011|JL07421
UM-HET3,C2011,TJL,f,JL07422,Control,0,,dead,1,886,,,,,,,,C2011|JL07422
UM-HET3,C2011,TJL,f,JL07443,Control,0,,dead,1,917,,,,,,,,C2011|JL07443
UM-HET3,C2011,TJL,f,JL07444,Control,0,,dead,1,798,,,,,,,,C2011|JL07444
UM-HET3,C2011,TJL,f,JL07445,Control,0,,dead,1,735,,,,,,,,C2011|JL07445
UM-HET3,C2011,TJL,f,JL07446,Control,0,,dead,1,742,,,,,,,,C2011|JL07446
UM-HET3,C2011,TJL,f,JL07451,Control,0,,dead,1,708,,,,,,,,C2011|JL07451
UM-HET3,C2011,TJL,f,JL07452,Control,0,,dead,1,819,,,,,,,,C2011|JL07452
UM-HET3,C2011,TJL,f,JL07453,Control,0,,dead,1,805,,,,,,,,C2011|JL07453
UM-HET3,C2011,TJL,f,JL07454,Control,0,,dead,1,644,,,,,,,,C2011|JL07454
UM-HET3,C2011,TJL,f,JL07455,Control,0,,dead,1,895,,,,,,,,C2011|JL07455
UM-HET3,C2011,TJL,f,JL07456,Control,0,,dead,1,861,,,,,,,,C2011|JL07456
UM-HET3,C2011,TJL,f,JL07457,Control,0,,dead,1,752,,,,,,,,C2011|JL07457
UM-HET3,C2011,TJL,f,JL07458,Control,0,,removed,0,650,,,,,,,,C2011|JL07458
UM-HET3,C2011,TJL,f,JL07544,Control,0,,dead,1,379,,,,,,,,C2011|JL07544
UM-HET3,C2011,TJL,f,JL07545,Control,0,,dead,1,875,,,,,,,,C2011|JL07545
UM-HET3,C2011,TJL,f,JL07546,Control,0,,dead,1,1057,,,,,,,,C2011|JL07546
UM-HET3,C2011,TJL,f,JL07547,Control,0,,dead,1,749,,,,,,,,C2011|JL07547
UM-HET3,C2011,TJL,f,JL07587,Control,0,,dead,1,1207,,,,,,,,C2011|JL07587
UM-HET3,C2011,TJL,f,JL07588,Control,0,,dead,1,1152,,,,,,,,C2011|JL07588
UM-HET3,C2011,TJL,f,JL07589,Control,0,,dead,1,1195,,,,,,,,C2011|JL07589
UM-HET3,C2011,TJL,f,JL07590,Control,0,,dead,1,837,,,,,,,,C2011|JL07590
UM-HET3,C2011,TJL,f,JL07595,Control,0,,dead,1,1267,,,,,,,,C2011|JL07595
UM-HET3,C2011,TJL,f,JL07596,Control,0,,dead,1,805,,,,,,,,C2011|JL07596
UM-HET3,C2011,TJL,f,JL07597,Control,0,,dead,1,1003,,,,,,,,C2011|JL07597
UM-HET3,C2011,TJL,f,JL07598,Control,0,,dead,1,304,,,,,,,,C2011|JL07598
UM-HET3,C2011,TJL,f,JL07599,Control,0,,dead,1,855,,,,,,,,C2011|JL07599
UM-HET3,C2011,TJL,f,JL07600,Control,0,,dead,1,896,,,,,,,,C2011|JL07600
UM-HET3,C2011,TJL,f,JL07601,Control,0,,dead,1,756,,,,,,,,C2011|JL07601
UM-HET3,C2011,TJL,f,JL07602,Control,0,,dead,1,1170,,,,,,,,C2011|JL07602
UM-HET3,C2011,TJL,f,JL07615,Control,0,,dead,1,794,,,,,,,,C2011|JL07615
UM-HET3,C2011,TJL,f,JL07616,Control,0,,dead,1,865,,,,,,,,C2011|JL07616
UM-HET3,C2011,TJL,f,JL07617,Control,0,,dead,1,907,,,,,,,,C2011|JL07617
UM-HET3,C2011,TJL,f,JL07618,Control,0,,dead,1,634,,,,,,,,C2011|JL07618
UM-HET3,C2011,TJL,f,JL07619,Control,0,,dead,1,594,,,,,,,,C2011|JL07619
UM-HET3,C2011,TJL,f,JL07620,Control,0,,dead,1,1019,,,,,,,,C2011|JL07620
UM-HET3,C2011,TJL,f,JL07621,Control,0,,dead,1,1062,,,,,,,,C2011|JL07621
UM-HET3,C2011,TJL,f,JL07622,Control,0,,dead,1,746,,,,,,,,C2011|JL07622
UM-HET3,C2011,TJL,f,JL07623,Control,0,,dead,1,894,,,,,,,,C2011|JL07623
UM-HET3,C2011,TJL,f,JL07624,Control,0,,dead,1,1077,,,,,,,,C2011|JL07624
UM-HET3,C2011,TJL,f,JL07625,Control,0,,dead,1,907,,,,,,,,C2011|JL07625
UM-HET3,C2011,TJL,f,JL07626,Control,0,,dead,1,613,,,,,,,,C2011|JL07626
UM-HET3,C2011,TJL,f,JL07635,Control,0,,dead,1,1142,,,,,,,,C2011|JL07635
UM-HET3,C2011,TJL,f,JL07636,Control,0,,dead,1,975,,,,,,,,C2011|JL07636
UM-HET3,C2011,TJL,f,JL07637,Control,0,,dead,1,1086,,,,,,,,C2011|JL07637
UM-HET3,C2011,TJL,f,JL07638,Control,0,,dead,1,975,,,,,,,,C2011|JL07638
UM-HET3,C2011,TJL,f,JL07717,Control,0,,dead,1,991,,,,,,,,C2011|JL07717
UM-HET3,C2011,TJL,f,JL07718,Control,0,,dead,1,997,,,,,,,,C2011|JL07718
UM-HET3,C2011,TJL,f,JL07719,Control,0,,dead,1,924,,,,,,,,C2011|JL07719
UM-HET3,C2011,TJL,f,JL07720,Control,0,,dead,1,620,,,,,,,,C2011|JL07720
UM-HET3,C2011,TJL,f,JL07743,Control,0,,dead,1,964,,,,,,,,C2011|JL07743
UM-HET3,C2011,TJL,f,JL07744,Control,0,,dead,1,731,,,,,,,,C2011|JL07744
UM-HET3,C2011,TJL,f,JL07745,Control,0,,dead,1,906,,,,,,,,C2011|JL07745
UM-HET3,C2011,TJL,f,JL07746,Control,0,,dead,1,1091,,,,,,,,C2011|JL07746
UM-HET3,C2011,TJL,f,JL07769,Control,0,,dead,1,829,,,,,,,,C2011|JL07769
UM-HET3,C2011,TJL,f,JL07770,Control,0,,dead,1,928,,,,,,,,C2011|JL07770
UM-HET3,C2011,TJL,f,JL07771,Control,0,,dead,1,1028,,,,,,,,C2011|JL07771
UM-HET3,C2011,TJL,f,JL07772,Control,0,,dead,1,879,,,,,,,,C2011|JL07772
UM-HET3,C2011,TJL,m,JL07023,Control,0,,dead,1,1049,,,,,,,,C2011|JL07023
UM-HET3,C2011,TJL,m,JL07024,Control,0,,dead,1,494,,,,,,,,C2011|JL07024
UM-HET3,C2011,TJL,m,JL07025,Control,0,,dead,1,853,,,,,,,,C2011|JL07025
UM-HET3,C2011,TJL,m,JL07053,Control,0,,dead,1,1101,,,,,,,,C2011|JL07053
UM-HET3,C2011,TJL,m,JL07054,Control,0,,dead,1,534,,,,,,,,C2011|JL07054
UM-HET3,C2011,TJL,m,JL07055,Control,0,,dead,1,1008,,,,,,,,C2011|JL07055
UM-HET3,C2011,TJL,m,JL07056,Control,0,,dead,1,266,,,,,,,,C2011|JL07056
UM-HET3,C2011,TJL,m,JL07057,Control,0,,dead,1,886,,,,,,,,C2011|JL07057
UM-HET3,C2011,TJL,m,JL07058,Control,0,,dead,1,792,,,,,,,,C2011|JL07058
UM-HET3,C2011,TJL,m,JL07059,Control,0,,dead,1,645,,,,,,,,C2011|JL07059
UM-HET3,C2011,TJL,m,JL07060,Control,0,,dead,1,954,,,,,,,,C2011|JL07060
UM-HET3,C2011,TJL,m,JL07061,Control,0,,dead,1,792,,,,,,,,C2011|JL07061
UM-HET3,C2011,TJL,m,JL07065,Control,0,,dead,1,464,,,,,,,,C2011|JL07065
UM-HET3,C2011,TJL,m,JL07066,Control,0,,dead,1,603,,,,,,,,C2011|JL07066
UM-HET3,C2011,TJL,m,JL07067,Control,0,,dead,1,380,,,,,,,,C2011|JL07067
UM-HET3,C2011,TJL,m,JL07071,Control,0,,dead,1,848,,,,,,,,C2011|JL07071
UM-HET3,C2011,TJL,m,JL07072,Control,0,,dead,1,387,,,,,,,,C2011|JL07072
UM-HET3,C2011,TJL,m,JL07073,Control,0,,dead,1,268,,,,,,,,C2011|JL07073
UM-HET3,C2011,TJL,m,JL07124,Control,0,,dead,1,665,,,,,,,,C2011|JL07124
UM-HET3,C2011,TJL,m,JL07125,Control,0,,dead,1,554,,,,,,,,C2011|JL07125
UM-HET3,C2011,TJL,m,JL07126,Control,0,,dead,1,749,,,,,,,,C2011|JL07126
UM-HET3,C2011,TJL,m,JL07130,Control,0,,dead,1,1178,,,,,,,,C2011|JL07130
UM-HET3,C2011,TJL,m,JL07131,Control,0,,dead,1,771,,,,,,,,C2011|JL07131
UM-HET3,C2011,TJL,m,JL07132,Control,0,,dead,1,861,,,,,,,,C2011|JL07132
UM-HET3,C2011,TJL,m,JL07136,Control,0,,dead,1,1144,,,,,,,,C2011|JL07136
UM-HET3,C2011,TJL,m,JL07137,Control,0,,dead,1,826,,,,,,,,C2011|JL07137
UM-HET3,C2011,TJL,m,JL07138,Control,0,,dead,1,752,,,,,,,,C2011|JL07138
UM-HET3,C2011,TJL,m,JL07166,Control,0,,dead,1,812,,,,,,,,C2011|JL07166
UM-HET3,C2011,TJL,m,JL07167,Control,0,,dead,1,1084,,,,,,,,C2011|JL07167
UM-HET3,C2011,TJL,m,JL07168,Control,0,,dead,1,616,,,,,,,,C2011|JL07168
UM-HET3,C2011,TJL,m,JL07175,Control,0,,dead,1,995,,,,,,,,C2011|JL07175
UM-HET3,C2011,TJL,m,JL07176,Control,0,,removed,0,995,,,,,,,,C2011|JL07176
UM-HET3,C2011,TJL,m,JL07177,Control,0,,dead,1,1002,,,,,,,,C2011|JL07177
UM-HET3,C2011,TJL,m,JL07209,Control,0,,dead,1,889,,,,,,,,C2011|JL07209
UM-HET3,C2011,TJL,m,JL07210,Control,0,,dead,1,446,,,,,,,,C2011|JL07210
UM-HET3,C2011,TJL,m,JL07211,Control,0,,dead,1,697,,,,,,,,C2011|JL07211
UM-HET3,C2011,TJL,m,JL07218,Control,0,,dead,1,781,,,,,,,,C2011|JL07218
UM-HET3,C2011,TJL,m,JL07219,Control,0,,dead,1,301,,,,,,,,C2011|JL07219
UM-HET3,C2011,TJL,m,JL07220,Control,0,,dead,1,243,,,,,,,,C2011|JL07220
UM-HET3,C2011,TJL,m,JL07263,Control,0,,dead,1,711,,,,,,,,C2011|JL07263
UM-HET3,C2011,TJL,m,JL07264,Control,0,,dead,1,543,,,,,,,,C2011|JL07264
UM-HET3,C2011,TJL,m,JL07265,Control,0,,dead,1,377,,,,,,,,C2011|JL07265
UM-HET3,C2011,TJL,m,JL07266,Control,0,,dead,1,872,,,,,,,,C2011|JL07266
UM-HET3,C2011,TJL,m,JL07267,Control,0,,dead,1,795,,,,,,,,C2011|JL07267
UM-HET3,C2011,TJL,m,JL07268,Control,0,,dead,1,886,,,,,,,,C2011|JL07268
UM-HET3,C2011,TJL,m,JL07308,Control,0,,dead,1,1082,,,,,,,,C2011|JL07308
UM-HET3,C2011,TJL,m,JL07309,Control,0,,dead,1,587,,,,,,,,C2011|JL07309
UM-HET3,C2011,TJL,m,JL07310,Control,0,,dead,1,676,,,,,,,,C2011|JL07310
UM-HET3,C2011,TJL,m,JL07311,Control,0,,dead,1,613,,,,,,,,C2011|JL07311
UM-HET3,C2011,TJL,m,JL07312,Control,0,,dead,1,657,,,,,,,,C2011|JL07312
UM-HET3,C2011,TJL,m,JL07313,Control,0,,dead,1,587,,,,,,,,C2011|JL07313
UM-HET3,C2011,TJL,m,JL07364,Control,0,,dead,1,791,,,,,,,,C2011|JL07364
UM-HET3,C2011,TJL,m,JL07365,Control,0,,dead,1,805,,,,,,,,C2011|JL07365
UM-HET3,C2011,TJL,m,JL07366,Control,0,,dead,1,763,,,,,,,,C2011|JL07366
UM-HET3,C2011,TJL,m,JL07370,Control,0,,dead,1,498,,,,,,,,C2011|JL07370
UM-HET3,C2011,TJL,m,JL07371,Control,0,,dead,1,972,,,,,,,,C2011|JL07371
UM-HET3,C2011,TJL,m,JL07372,Control,0,,dead,1,874,,,,,,,,C2011|JL07372
UM-HET3,C2011,TJL,m,JL07403,Control,0,,dead,1,616,,,,,,,,C2011|JL07403
UM-HET3,C2011,TJL,m,JL07404,Control,0,,dead,1,842,,,,,,,,C2011|JL07404
UM-HET3,C2011,TJL,m,JL07405,Control,0,,dead,1,731,,,,,,,,C2011|JL07405
UM-HET3,C2011,TJL,m,JL07430,Control,0,,dead,1,1057,,,,,,,,C2011|JL07430
UM-HET3,C2011,TJL,m,JL07431,Control,0,,dead,1,763,,,,,,,,C2011|JL07431
UM-HET3,C2011,TJL,m,JL07432,Control,0,,dead,1,932,,,,,,,,C2011|JL07432
UM-HET3,C2011,TJL,m,JL07468,Control,0,,dead,1,296,,,,,,,,C2011|JL07468
UM-HET3,C2011,TJL,m,JL07469,Control,0,,dead,1,1085,,,,,,,,C2011|JL07469
UM-HET3,C2011,TJL,m,JL07470,Control,0,,dead,1,995,,,,,,,,C2011|JL07470
UM-HET3,C2011,TJL,m,JL07572,Control,0,,dead,1,875,,,,,,,,C2011|JL07572
UM-HET3,C2011,TJL,m,JL07573,Control,0,,dead,1,959,,,,,,,,C2011|JL07573
UM-HET3,C2011,TJL,m,JL07574,Control,0,,dead,1,644,,,,,,,,C2011|JL07574
UM-HET3,C2011,TJL,m,JL07670,Control,0,,dead,1,607,,,,,,,,C2011|JL07670
UM-HET3,C2011,TJL,m,JL07671,Control,0,,dead,1,557,,,,,,,,C2011|JL07671
UM-HET3,C2011,TJL,m,JL07672,Control,0,,dead,1,1041,,,,,,,,C2011|JL07672
UM-HET3,C2011,TJL,m,JL07685,Control,0,,dead,1,637,,,,,,,,C2011|JL07685
UM-HET3,C2011,TJL,m,JL07686,Control,0,,dead,1,813,,,,,,,,C2011|JL07686
UM-HET3,C2011,TJL,m,JL07687,Control,0,,dead,1,798,,,,,,,,C2011|JL07687
UM-HET3,C2011,TJL,m,JL07688,Control,0,,dead,1,619,,,,,,,,C2011|JL07688
UM-HET3,C2011,TJL,m,JL07689,Control,0,,dead,1,925,,,,,,,,C2011|JL07689
UM-HET3,C2011,TJL,m,JL07690,Control,0,,dead,1,847,,,,,,,,C2011|JL07690
UM-HET3,C2011,TJL,m,JL07728,Control,0,,dead,1,388,,,,,,,,C2011|JL07728
UM-HET3,C2011,TJL,m,JL07729,Control,0,,dead,1,830,,,,,,,,C2011|JL07729
UM-HET3,C2011,TJL,m,JL07730,Control,0,,dead,1,564,,,,,,,,C2011|JL07730
UM-HET3,C2011,TJL,m,JL07731,Control,0,,dead,1,221,,,,,,,,C2011|JL07731
UM-HET3,C2011,TJL,m,JL07732,Control,0,,dead,1,620,,,,,,,,C2011|JL07732
UM-HET3,C2011,TJL,m,JL07733,Control,0,,dead,1,648,,,,,,,,C2011|JL07733
UM-HET3,C2011,TJL,m,JL07737,Control,0,,dead,1,319,,,,,,,,C2011|JL07737
UM-HET3,C2011,TJL,m,JL07738,Control,0,,dead,1,660,,,,,,,,C2011|JL07738
UM-HET3,C2011,TJL,m,JL07739,Control,0,,dead,1,634,,,,,,,,C2011|JL07739
UM-HET3,C2011,TJL,m,JL07751,Control,0,,dead,1,371,,,,,,,,C2011|JL07751
UM-HET3,C2011,TJL,m,JL07752,Control,0,,dead,1,1127,,,,,,,,C2011|JL07752
UM-HET3,C2011,TJL,m,JL07753,Control,0,,dead,1,602,,,,,,,,C2011|JL07753
UM-HET3,C2011,TJL,m,JL07777,Control,0,,dead,1,1256,,,,,,,,C2011|JL07777
UM-HET3,C2011,TJL,m,JL07778,Control,0,,dead,1,776,,,,,,,,C2011|JL07778
UM-HET3,C2011,TJL,m,JL07779,Control,0,,dead,1,438,,,,,,,,C2011|JL07779
UM-HET3,C2011,TJL,m,JL07786,Control,0,,dead,1,718,,,,,,,,C2011|JL07786
UM-HET3,C2011,TJL,m,JL07787,Control,0,,dead,1,397,,,,,,,,C2011|JL07787
UM-HET3,C2011,TJL,m,JL07788,Control,0,,dead,1,1258,,,,,,,,C2011|JL07788
UM-HET3,C2011,TJL,m,JL07795,Control,0,,dead,1,1043,,,,,,,,C2011|JL07795
UM-HET3,C2011,TJL,m,JL07796,Control,0,,dead,1,1076,,,,,,,,C2011|JL07796
UM-HET3,C2011,TJL,m,JL07797,Control,0,,dead,1,773,,,,,,,,C2011|JL07797
UM-HET3,C2011,TJL,m,JL07822,Control,0,,dead,1,937,,,,,,,,C2011|JL07822
UM-HET3,C2011,TJL,m,JL07823,Control,0,,dead,1,812,,,,,,,,C2011|JL07823
UM-HET3,C2011,TJL,m,JL07824,Control,0,,dead,1,435,,,,,,,,C2011|JL07824
UM-HET3,C2011,UM,f,UM34062,Control,0,,dead,1,486,,,,,,,,C2011|UM34062
UM-HET3,C2011,UM,f,UM34069,Control,0,,removed,0,893,,,,,,,,C2011|UM34069
UM-HET3,C2011,UM,f,UM34076,Control,0,,dead,1,904,,,,,,,,C2011|UM34076
UM-HET3,C2011,UM,f,UM34083,Control,0,,dead,1,806,,,,,,,,C2011|UM34083
UM-HET3,C2011,UM,f,UM34412,Control,0,,dead,1,960,,,,,,,,C2011|UM34412
UM-HET3,C2011,UM,f,UM34419,Control,0,,dead,1,953,,,,,,,,C2011|UM34419
UM-HET3,C2011,UM,f,UM34426,Control,0,,dead,1,771,,,,,,,,C2011|UM34426
UM-HET3,C2011,UM,f,UM34433,Control,0,,dead,1,896,,,,,,,,C2011|UM34433
UM-HET3,C2011,UM,f,UM34482,Control,0,,dead,1,689,,,,,,,,C2011|UM34482
UM-HET3,C2011,UM,f,UM34489,Control,0,,dead,1,743,,,,,,,,C2011|UM34489
UM-HET3,C2011,UM,f,UM34496,Control,0,,dead,1,841,,,,,,,,C2011|UM34496
UM-HET3,C2011,UM,f,UM34503,Control,0,,dead,1,821,,,,,,,,C2011|UM34503
UM-HET3,C2011,UM,f,UM34622,Control,0,,dead,1,1023,,,,,,,,C2011|UM34622
UM-HET3,C2011,UM,f,UM34629,Control,0,,dead,1,900,,,,,,,,C2011|UM34629
UM-HET3,C2011,UM,f,UM34636,Control,0,,dead,1,833,,,,,,,,C2011|UM34636
UM-HET3,C2011,UM,f,UM34643,Control,0,,removed,0,795,,,,,,,,C2011|UM34643
UM-HET3,C2011,UM,f,UM34937,Control,0,,dead,1,1190,,,,,,,,C2011|UM34937
UM-HET3,C2011,UM,f,UM34944,Control,0,,dead,1,931,,,,,,,,C2011|UM34944
UM-HET3,C2011,UM,f,UM34951,Control,0,,dead,1,1068,,,,,,,,C2011|UM34951
UM-HET3,C2011,UM,f,UM34958,Control,0,,dead,1,871,,,,,,,,C2011|UM34958
UM-HET3,C2011,UM,f,UM34986,Control,0,,dead,1,1039,,,,,,,,C2011|UM34986
UM-HET3,C2011,UM,f,UM34993,Control,0,,dead,1,866,,,,,,,,C2011|UM34993
UM-HET3,C2011,UM,f,UM35000,Control,0,,dead,1,971,,,,,,,,C2011|UM35000
UM-HET3,C2011,UM,f,UM35007,Control,0,,dead,1,870,,,,,,,,C2011|UM35007
UM-HET3,C2011,UM,f,UM35378,Control,0,,dead,1,873,,,,,,,,C2011|UM35378
UM-HET3,C2011,UM,f,UM35385,Control,0,,dead,1,801,,,,,,,,C2011|UM35385
UM-HET3,C2011,UM,f,UM35392,Control,0,,dead,1,719,,,,,,,,C2011|UM35392
UM-HET3,C2011,UM,f,UM35399,Control,0,,dead,1,823,,,,,,,,C2011|UM35399
UM-HET3,C2011,UM,f,UM35756,Control,0,,dead,1,1165,,,,,,,,C2011|UM35756
UM-HET3,C2011,UM,f,UM35763,Control,0,,dead,1,921,,,,,,,,C2011|UM35763
UM-HET3,C2011,UM,f,UM35770,Control,0,,dead,1,1022,,,,,,,,C2011|UM35770
UM-HET3,C2011,UM,f,UM35777,Control,0,,dead,1,895,,,,,,,,C2011|UM35777
UM-HET3,C2011,UM,f,UM36190,Control,0,,dead,1,597,,,,,,,,C2011|UM36190
UM-HET3,C2011,UM,f,UM36197,Control,0,,dead,1,997,,,,,,,,C2011|UM36197
UM-HET3,C2011,UM,f,UM36204,Control,0,,dead,1,888,,,,,,,,C2011|UM36204
UM-HET3,C2011,UM,f,UM36211,Control,0,,dead,1,555,,,,,,,,C2011|UM36211
UM-HET3,C2011,UM,f,UM36379,Control,0,,dead,1,1120,,,,,,,,C2011|UM36379
UM-HET3,C2011,UM,f,UM36386,Control,0,,dead,1,884,,,,,,,,C2011|UM36386
UM-HET3,C2011,UM,f,UM36393,Control,0,,dead,1,561,,,,,,,,C2011|UM36393
UM-HET3,C2011,UM,f,UM36400,Control,0,,dead,1,933,,,,,,,,C2011|UM36400
UM-HET3,C2011,UM,f,UM36631,Control,0,,dead,1,848,,,,,,,,C2011|UM36631
UM-HET3,C2011,UM,f,UM36638,Control,0,,dead,1,902,,,,,,,,C2011|UM36638
UM-HET3,C2011,UM,f,UM36645,Control,0,,dead,1,930,,,,,,,,C2011|UM36645
UM-HET3,C2011,UM,f,UM36652,Control,0,,dead,1,731,,,,,,,,C2011|UM36652
UM-HET3,C2011,UM,f,UM36708,Control,0,,dead,1,722,,,,,,,,C2011|UM36708
UM-HET3,C2011,UM,f,UM36715,Control,0,,dead,1,1007,,,,,,,,C2011|UM36715
UM-HET3,C2011,UM,f,UM36722,Control,0,,dead,1,1020,,,,,,,,C2011|UM36722
UM-HET3,C2011,UM,f,UM36729,Control,0,,dead,1,1021,,,,,,,,C2011|UM36729
UM-HET3,C2011,UM,f,UM36736,Control,0,,dead,1,1034,,,,,,,,C2011|UM36736
UM-HET3,C2011,UM,f,UM36743,Control,0,,dead,1,788,,,,,,,,C2011|UM36743
UM-HET3,C2011,UM,f,UM36750,Control,0,,dead,1,954,,,,,,,,C2011|UM36750
UM-HET3,C2011,UM,f,UM36757,Control,0,,dead,1,863,,,,,,,,C2011|UM36757
UM-HET3,C2011,UM,f,UM37121,Control,0,,dead,1,960,,,,,,,,C2011|UM37121
UM-HET3,C2011,UM,f,UM37128,Control,0,,dead,1,914,,,,,,,,C2011|UM37128
UM-HET3,C2011,UM,f,UM37135,Control,0,,dead,1,800,,,,,,,,C2011|UM37135
UM-HET3,C2011,UM,f,UM37142,Control,0,,dead,1,638,,,,,,,,C2011|UM37142
UM-HET3,C2011,UM,f,UM37149,Control,0,,dead,1,996,,,,,,,,C2011|UM37149
UM-HET3,C2011,UM,f,UM37156,Control,0,,dead,1,865,,,,,,,,C2011|UM37156
UM-HET3,C2011,UM,f,UM37163,Control,0,,dead,1,623,,,,,,,,C2011|UM37163
UM-HET3,C2011,UM,f,UM37170,Control,0,,dead,1,996,,,,,,,,C2011|UM37170
UM-HET3,C2011,UM,f,UM37359,Control,0,,dead,1,1179,,,,,,,,C2011|UM37359
UM-HET3,C2011,UM,f,UM37366,Control,0,,dead,1,649,,,,,,,,C2011|UM37366
UM-HET3,C2011,UM,f,UM37373,Control,0,,dead,1,1152,,,,,,,,C2011|UM37373
UM-HET3,C2011,UM,f,UM37380,Control,0,,dead,1,667,,,,,,,,C2011|UM37380
UM-HET3,C2011,UM,f,UM37709,Control,0,,dead,1,689,,,,,,,,C2011|UM37709
UM-HET3,C2011,UM,f,UM37716,Control,0,,dead,1,872,,,,,,,,C2011|UM37716
UM-HET3,C2011,UM,f,UM37723,Control,0,,dead,1,923,,,,,,,,C2011|UM37723
UM-HET3,C2011,UM,f,UM37730,Control,0,,dead,1,866,,,,,,,,C2011|UM37730
UM-HET3,C2011,UM,f,UM37758,Control,0,,dead,1,748,,,,,,,,C2011|UM37758
UM-HET3,C2011,UM,f,UM37765,Control,0,,dead,1,672,,,,,,,,C2011|UM37765
UM-HET3,C2011,UM,f,UM37772,Control,0,,dead,1,1105,,,,,,,,C2011|UM37772
UM-HET3,C2011,UM,f,UM37779,Control,0,,dead,1,976,,,,,,,,C2011|UM37779
UM-HET3,C2011,UM,f,UM38017,Control,0,,dead,1,579,,,,,,,,C2011|UM38017
UM-HET3,C2011,UM,f,UM38024,Control,0,,dead,1,827,,,,,,,,C2011|UM38024
UM-HET3,C2011,UM,f,UM38031,Control,0,,dead,1,849,,,,,,,,C2011|UM38031
UM-HET3,C2011,UM,f,UM38038,Control,0,,dead,1,906,,,,,,,,C2011|UM38038
UM-HET3,C2011,UM,f,UM38178,Control,0,,dead,1,956,,,,,,,,C2011|UM38178
UM-HET3,C2011,UM,f,UM38185,Control,0,,dead,1,746,,,,,,,,C2011|UM38185
UM-HET3,C2011,UM,f,UM38192,Control,0,,dead,1,750,,,,,,,,C2011|UM38192
UM-HET3,C2011,UM,f,UM38199,Control,0,,dead,1,1188,,,,,,,,C2011|UM38199
UM-HET3,C2011,UM,f,UM38353,Control,0,,dead,1,979,,,,,,,,C2011|UM38353
UM-HET3,C2011,UM,f,UM38360,Control,0,,dead,1,689,,,,,,,,C2011|UM38360
UM-HET3,C2011,UM,f,UM38367,Control,0,,dead,1,870,,,,,,,,C2011|UM38367
UM-HET3,C2011,UM,f,UM38374,Control,0,,dead,1,822,,,,,,,,C2011|UM38374
UM-HET3,C2011,UM,f,UM38402,Control,0,,dead,1,1065,,,,,,,,C2011|UM38402
UM-HET3,C2011,UM,f,UM38409,Control,0,,dead,1,1130,,,,,,,,C2011|UM38409
UM-HET3,C2011,UM,f,UM38416,Control,0,,dead,1,1081,,,,,,,,C2011|UM38416
UM-HET3,C2011,UM,f,UM38423,Control,0,,dead,1,644,,,,,,,,C2011|UM38423
UM-HET3,C2011,UM,f,UM38472,Control,0,,dead,1,852,,,,,,,,C2011|UM38472
UM-HET3,C2011,UM,f,UM38479,Control,0,,dead,1,988,,,,,,,,C2011|UM38479
UM-HET3,C2011,UM,f,UM38486,Control,0,,dead,1,784,,,,,,,,C2011|UM38486
UM-HET3,C2011,UM,f,UM38493,Control,0,,dead,1,807,,,,,,,,C2011|UM38493
UM-HET3,C2011,UM,f,UM38647,Control,0,,dead,1,875,,,,,,,,C2011|UM38647
UM-HET3,C2011,UM,f,UM38654,Control,0,,dead,1,633,,,,,,,,C2011|UM38654
UM-HET3,C2011,UM,f,UM38661,Control,0,,dead,1,625,,,,,,,,C2011|UM38661
UM-HET3,C2011,UM,f,UM38668,Control,0,,dead,1,693,,,,,,,,C2011|UM38668
UM-HET3,C2011,UM,f,UM38745,Control,0,,dead,1,1456,,,,,,,,C2011|UM38745
UM-HET3,C2011,UM,f,UM38752,Control,0,,removed,0,565,,,,,,,,C2011|UM38752
UM-HET3,C2011,UM,f,UM38759,Control,0,,removed,0,565,,,,,,,,C2011|UM38759
UM-HET3,C2011,UM,f,UM38766,Control,0,,removed,0,565,,,,,,,,C2011|UM38766
UM-HET3,C2011,UM,m,UM33915,Control,0,,dead,1,927,,,,,,,,C2011|UM33915
UM-HET3,C2011,UM,m,UM33922,Control,0,,dead,1,847,,,,,,,,C2011|UM33922
UM-HET3,C2011,UM,m,UM33929,Control,0,,dead,1,587,,,,,,,,C2011|UM33929
UM-HET3,C2011,UM,m,UM34258,Control,0,,dead,1,659,,,,,,,,C2011|UM34258
UM-HET3,C2011,UM,m,UM34265,Control,0,,dead,1,458,,,,,,,,C2011|UM34265
UM-HET3,C2011,UM,m,UM34272,Control,0,,dead,1,810,,,,,,,,C2011|UM34272
UM-HET3,C2011,UM,m,UM34461,Control,0,,dead,1,850,,,,,,,,C2011|UM34461
UM-HET3,C2011,UM,m,UM34468,Control,0,,dead,1,938,,,,,,,,C2011|UM34468
UM-HET3,C2011,UM,m,UM34475,Control,0,,dead,1,853,,,,,,,,C2011|UM34475
UM-HET3,C2011,UM,m,UM34510,Control,0,,removed,0,233,,,,,,,,C2011|UM34510
UM-HET3,C2011,UM,m,UM34517,Control,0,,removed,0,233,,,,,,,,C2011|UM34517
UM-HET3,C2011,UM,m,UM34524,Control,0,,removed,0,233,,,,,,,,C2011|UM34524
UM-HET3,C2011,UM,m,UM34650,Control,0,,dead,1,446,,,,,,,,C2011|UM34650
UM-HET3,C2011,UM,m,UM34657,Control,0,,dead,1,1228,,,,,,,,C2011|UM34657
UM-HET3,C2011,UM,m,UM34664,Control,0,,dead,1,938,,,,,,,,C2011|UM34664
UM-HET3,C2011,UM,m,UM34839,Control,0,,dead,1,1117,,,,,,,,C2011|UM34839
UM-HET3,C2011,UM,m,UM34846,Control,0,,dead,1,471,,,,,,,,C2011|UM34846
UM-HET3,C2011,UM,m,UM34853,Control,0,,dead,1,930,,,,,,,,C2011|UM34853
UM-HET3,C2011,UM,m,UM35014,Control,0,,removed,0,584,,,,,,,,C2011|UM35014
UM-HET3,C2011,UM,m,UM35021,Control,0,,removed,0,584,,,,,,,,C2011|UM35021
UM-HET3,C2011,UM,m,UM35028,Control,0,,dead,1,551,,,,,,,,C2011|UM35028
UM-HET3,C2011,UM,m,UM35133,Control,0,,dead,1,1034,,,,,,,,C2011|UM35133
UM-HET3,C2011,UM,m,UM35140,Control,0,,dead,1,1103,,,,,,,,C2011|UM35140
UM-HET3,C2011,UM,m,UM35147,Control,0,,dead,1,1198,,,,,,,,C2011|UM35147
UM-HET3,C2011,UM,m,UM35196,Control,0,,removed,0,355,,,,,,,,C2011|UM35196
UM-HET3,C2011,UM,m,UM35203,Control,0,,removed,0,355,,,,,,,,C2011|UM35203
UM-HET3,C2011,UM,m,UM35210,Control,0,,removed,0,355,,,,,,,,C2011|UM35210
UM-HET3,C2011,UM,m,UM35357,Control,0,,dead,1,1177,,,,,,,,C2011|UM35357
UM-HET3,C2011,UM,m,UM35364,Control,0,,dead,1,898,,,,,,,,C2011|UM35364
UM-HET3,C2011,UM,m,UM35371,Control,0,,dead,1,1127,,,,,,,,C2011|UM35371
UM-HET3,C2011,UM,m,UM35476,Control,0,,dead,1,1006,,,,,,,,C2011|UM35476
UM-HET3,C2011,UM,m,UM35483,Control,0,,dead,1,948,,,,,,,,C2011|UM35483
UM-HET3,C2011,UM,m,UM35490,Control,0,,dead,1,1121,,,,,,,,C2011|UM35490
UM-HET3,C2011,UM,m,UM35546,Control,0,,dead,1,936,,,,,,,,C2011|UM35546
UM-HET3,C2011,UM,m,UM35553,Control,0,,dead,1,554,,,,,,,,C2011|UM35553
UM-HET3,C2011,UM,m,UM35560,Control,0,,removed,0,42,,,,,,,,C2011|UM35560
UM-HET3,C2011,UM,m,UM35616,Control,0,,dead,1,807,,,,,,,,C2011|UM35616
UM-HET3,C2011,UM,m,UM35623,Control,0,,dead,1,829,,,,,,,,C2011|UM35623
UM-HET3,C2011,UM,m,UM35630,Control,0,,dead,1,823,,,,,,,,C2011|UM35630
UM-HET3,C2011,UM,m,UM35805,Control,0,,dead,1,1182,,,,,,,,C2011|UM35805
UM-HET3,C2011,UM,m,UM35812,Control,0,,dead,1,868,,,,,,,,C2011|UM35812
UM-HET3,C2011,UM,m,UM35819,Control,0,,dead,1,907,,,,,,,,C2011|UM35819
UM-HET3,C2011,UM,m,UM35854,Control,0,,dead,1,810,,,,,,,,C2011|UM35854
UM-HET3,C2011,UM,m,UM35861,Control,0,,dead,1,1199,,,,,,,,C2011|UM35861
UM-HET3,C2011,UM,m,UM35868,Control,0,,dead,1,946,,,,,,,,C2011|UM35868
UM-HET3,C2011,UM,m,UM36022,Control,0,,dead,1,921,,,,,,,,C2011|UM36022
UM-HET3,C2011,UM,m,UM36029,Control,0,,dead,1,917,,,,,,,,C2011|UM36029
UM-HET3,C2011,UM,m,UM36036,Control,0,,dead,1,936,,,,,,,,C2011|UM36036
UM-HET3,C2011,UM,m,UM36092,Control,0,,dead,1,1024,,,,,,,,C2011|UM36092
UM-HET3,C2011,UM,m,UM36099,Control,0,,dead,1,750,,,,,,,,C2011|UM36099
UM-HET3,C2011,UM,m,UM36106,Control,0,,dead,1,921,,,,,,,,C2011|UM36106
UM-HET3,C2011,UM,m,UM36519,Control,0,,dead,1,1180,,,,,,,,C2011|UM36519
UM-HET3,C2011,UM,m,UM36526,Control,0,,dead,1,804,,,,,,,,C2011|UM36526
UM-HET3,C2011,UM,m,UM36533,Control,0,,dead,1,1054,,,,,,,,C2011|UM36533
UM-HET3,C2011,UM,m,UM36540,Control,0,,dead,1,997,,,,,,,,C2011|UM36540
UM-HET3,C2011,UM,m,UM36547,Control,0,,dead,1,1033,,,,,,,,C2011|UM36547
UM-HET3,C2011,UM,m,UM36554,Control,0,,dead,1,754,,,,,,,,C2011|UM36554
UM-HET3,C2011,UM,m,UM36610,Control,0,,dead,1,897,,,,,,,,C2011|UM36610
UM-HET3,C2011,UM,m,UM36617,Control,0,,dead,1,845,,,,,,,,C2011|UM36617
UM-HET3,C2011,UM,m,UM36624,Control,0,,removed,0,43,,,,,,,,C2011|UM36624
UM-HET3,C2011,UM,m,UM36659,Control,0,,dead,1,712,,,,,,,,C2011|UM36659
UM-HET3,C2011,UM,m,UM36666,Control,0,,dead,1,183,,,,,,,,C2011|UM36666
UM-HET3,C2011,UM,m,UM36673,Control,0,,dead,1,896,,,,,,,,C2011|UM36673
UM-HET3,C2011,UM,m,UM36827,Control,0,,dead,1,1066,,,,,,,,C2011|UM36827
UM-HET3,C2011,UM,m,UM36834,Control,0,,removed,0,40,,,,,,,,C2011|UM36834
UM-HET3,C2011,UM,m,UM36841,Control,0,,dead,1,712,,,,,,,,C2011|UM36841
UM-HET3,C2011,UM,m,UM37072,Control,0,,dead,1,747,,,,,,,,C2011|UM37072
UM-HET3,C2011,UM,m,UM37079,Control,0,,dead,1,1156,,,,,,,,C2011|UM37079
UM-HET3,C2011,UM,m,UM37086,Control,0,,dead,1,537,,,,,,,,C2011|UM37086
UM-HET3,C2011,UM,m,UM37247,Control,0,,dead,1,1251,,,,,,,,C2011|UM37247
UM-HET3,C2011,UM,m,UM37254,Control,0,,dead,1,888,,,,,,,,C2011|UM37254
UM-HET3,C2011,UM,m,UM37261,Control,0,,dead,1,615,,,,,,,,C2011|UM37261
UM-HET3,C2011,UM,m,UM37289,Control,0,,dead,1,708,,,,,,,,C2011|UM37289
UM-HET3,C2011,UM,m,UM37296,Control,0,,dead,1,891,,,,,,,,C2011|UM37296
UM-HET3,C2011,UM,m,UM37303,Control,0,,dead,1,869,,,,,,,,C2011|UM37303
UM-HET3,C2011,UM,m,UM37646,Control,0,,dead,1,741,,,,,,,,C2011|UM37646
UM-HET3,C2011,UM,m,UM37653,Control,0,,dead,1,516,,,,,,,,C2011|UM37653
UM-HET3,C2011,UM,m,UM37660,Control,0,,dead,1,798,,,,,,,,C2011|UM37660
UM-HET3,C2011,UM,m,UM37919,Control,0,,dead,1,804,,,,,,,,C2011|UM37919
UM-HET3,C2011,UM,m,UM37926,Control,0,,dead,1,989,,,,,,,,C2011|UM37926
UM-HET3,C2011,UM,m,UM37933,Control,0,,dead,1,628,,,,,,,,C2011|UM37933
UM-HET3,C2011,UM,m,UM37940,Control,0,,dead,1,714,,,,,,,,C2011|UM37940
UM-HET3,C2011,UM,m,UM37947,Control,0,,dead,1,376,,,,,,,,C2011|UM37947
UM-HET3,C2011,UM,m,UM37954,Control,0,,dead,1,983,,,,,,,,C2011|UM37954
UM-HET3,C2011,UM,m,UM38066,Control,0,,dead,1,1043,,,,,,,,C2011|UM38066
UM-HET3,C2011,UM,m,UM38073,Control,0,,dead,1,743,,,,,,,,C2011|UM38073
UM-HET3,C2011,UM,m,UM38080,Control,0,,dead,1,326,,,,,,,,C2011|UM38080
UM-HET3,C2011,UM,m,UM38108,Control,0,,dead,1,528,,,,,,,,C2011|UM38108
UM-HET3,C2011,UM,m,UM38115,Control,0,,dead,1,880,,,,,,,,C2011|UM38115
UM-HET3,C2011,UM,m,UM38122,Control,0,,dead,1,671,,,,,,,,C2011|UM38122
UM-HET3,C2011,UM,m,UM38157,Control,0,,dead,1,677,,,,,,,,C2011|UM38157
UM-HET3,C2011,UM,m,UM38164,Control,0,,dead,1,788,,,,,,,,C2011|UM38164
UM-HET3,C2011,UM,m,UM38171,Control,0,,dead,1,760,,,,,,,,C2011|UM38171
UM-HET3,C2011,UM,m,UM38276,Control,0,,dead,1,728,,,,,,,,C2011|UM38276
UM-HET3,C2011,UM,m,UM38283,Control,0,,dead,1,552,,,,,,,,C2011|UM38283
UM-HET3,C2011,UM,m,UM38290,Control,0,,dead,1,954,,,,,,,,C2011|UM38290
UM-HET3,C2011,UM,m,UM38451,Control,0,,dead,1,1116,,,,,,,,C2011|UM38451
UM-HET3,C2011,UM,m,UM38458,Control,0,,dead,1,909,,,,,,,,C2011|UM38458
UM-HET3,C2011,UM,m,UM38465,Control,0,,dead,1,838,,,,,,,,C2011|UM38465
UM-HET3,C2011,UM,m,UM38500,Control,0,,dead,1,1048,,,,,,,,C2011|UM38500
UM-HET3,C2011,UM,m,UM38507,Control,0,,dead,1,934,,,,,,,,C2011|UM38507
UM-HET3,C2011,UM,m,UM38514,Control,0,,dead,1,688,,,,,,,,C2011|UM38514
UM-HET3,C2011,UM,m,UM38570,Control,0,,dead,1,457,,,,,,,,C2011|UM38570
UM-HET3,C2011,UM,m,UM38577,Control,0,,dead,1,281,,,,,,,,C2011|UM38577
UM-HET3,C2011,UM,m,UM38584,Control,0,,dead,1,410,,,,,,,,C2011|UM38584
UM-HET3,C2011,UT,f,UT04880,Control,0,,dead,1,1048,,,,,,131.0,2.0,C2011|UT04880
UM-HET3,C2011,UT,f,UT04881,Control,0,,dead,1,857,,,,,,131.0,2.0,C2011|UT04881
UM-HET3,C2011,UT,f,UT04882,Control,0,,dead,1,889,,,,,,131.0,2.0,C2011|UT04882
UM-HET3,C2011,UT,f,UT04883,Control,0,,dead,1,808,,,,,,131.0,2.0,C2011|UT04883
UM-HET3,C2011,UT,f,UT04955,Control,0,,dead,1,713,,,,,,154.0,3.0,C2011|UT04955
UM-HET3,C2011,UT,f,UT04956,Control,0,,dead,1,668,,,,,,154.0,3.0,C2011|UT04956
UM-HET3,C2011,UT,f,UT04957,Control,0,,dead,1,665,,,,,,154.0,3.0,C2011|UT04957
UM-HET3,C2011,UT,f,UT04958,Control,0,,dead,1,654,,,,,,154.0,3.0,C2011|UT04958
UM-HET3,C2011,UT,f,UT04965,Control,0,,dead,1,754,,,,,,157.0,3.0,C2011|UT04965
UM-HET3,C2011,UT,f,UT04966,Control,0,,dead,1,1114,,,,,,157.0,3.0,C2011|UT04966
UM-HET3,C2011,UT,f,UT04967,Control,0,,dead,1,844,,,,,,157.0,3.0,C2011|UT04967
UM-HET3,C2011,UT,f,UT04968,Control,0,,dead,1,1089,,,,,,157.0,3.0,C2011|UT04968
UM-HET3,C2011,UT,f,UT05030,Control,0,,dead,1,803,,,,,,177.0,4.0,C2011|UT05030
UM-HET3,C2011,UT,f,UT05031,Control,0,,dead,1,1193,,,,,,177.0,4.0,C2011|UT05031
UM-HET3,C2011,UT,f,UT05032,Control,0,,dead,1,962,,,,,,177.0,4.0,C2011|UT05032
UM-HET3,C2011,UT,f,UT05033,Control,0,,dead,1,717,,,,,,177.0,4.0,C2011|UT05033
UM-HET3,C2011,UT,f,UT05040,Control,0,,dead,1,1097,,,,,,179.0,4.0,C2011|UT05040
UM-HET3,C2011,UT,f,UT05041,Control,0,,dead,1,918,,,,,,179.0,4.0,C2011|UT05041
UM-HET3,C2011,UT,f,UT05042,Control,0,,dead,1,834,,,,,,179.0,4.0,C2011|UT05042
UM-HET3,C2011,UT,f,UT05043,Control,0,,dead,1,892,,,,,,179.0,4.0,C2011|UT05043
UM-HET3,C2011,UT,f,UT05082,Control,0,,dead,1,680,,,,,,183.0,4.0,C2011|UT05082
UM-HET3,C2011,UT,f,UT05083,Control,0,,dead,1,1089,,,,,,183.0,4.0,C2011|UT05083
UM-HET3,C2011,UT,f,UT05084,Control,0,,dead,1,1011,,,,,,183.0,4.0,C2011|UT05084
UM-HET3,C2011,UT,f,UT05085,Control,0,,dead,1,1047,,,,,,183.0,4.0,C2011|UT05085
UM-HET3,C2011,UT,f,UT05092,Control,0,,dead,1,780,,,,,,198.0,5.0,C2011|UT05092
UM-HET3,C2011,UT,f,UT05093,Control,0,,dead,1,714,,,,,,198.0,5.0,C2011|UT05093
UM-HET3,C2011,UT,f,UT05094,Control,0,,dead,1,780,,,,,,198.0,5.0,C2011|UT05094
UM-HET3,C2011,UT,f,UT05095,Control,0,,dead,1,941,,,,,,198.0,5.0,C2011|UT05095
UM-HET3,C2011,UT,f,UT05125,Control,0,,dead,1,758,,,,,,202.0,5.0,C2011|UT05125
UM-HET3,C2011,UT,f,UT05126,Control,0,,dead,1,928,,,,,,202.0,5.0,C2011|UT05126
UM-HET3,C2011,UT,f,UT05127,Control,0,,dead,1,774,,,,,,202.0,5.0,C2011|UT05127
UM-HET3,C2011,UT,f,UT05128,Control,0,,dead,1,603,,,,,,202.0,5.0,C2011|UT05128
UM-HET3,C2011,UT,f,UT05132,Control,0,,dead,1,1142,,,,,,203.0,5.0,C2011|UT05132
UM-HET3,C2011,UT,f,UT05133,Control,0,,dead,1,978,,,,,,203.0,5.0,C2011|UT05133
UM-HET3,C2011,UT,f,UT05134,Control,0,,dead,1,623,,,,,,203.0,5.0,C2011|UT05134
UM-HET3,C2011,UT,f,UT05135,Control,0,,dead,1,982,,,,,,203.0,5.0,C2011|UT05135
UM-HET3,C2011,UT,f,UT05145,Control,0,,dead,1,1050,,,,,,205.0,5.0,C2011|UT05145
UM-HET3,C2011,UT,f,UT05146,Control,0,,dead,1,1038,,,,,,205.0,5.0,C2011|UT05146
UM-HET3,C2011,UT,f,UT05147,Control,0,,dead,1,977,,,,,,205.0,5.0,C2011|UT05147
UM-HET3,C2011,UT,f,UT05148,Control,0,,dead,1,747,,,,,,205.0,5.0,C2011|UT05148
UM-HET3,C2011,UT,f,UT05149,Control,0,,dead,1,710,,,,,,205.0,5.0,C2011|UT05149
UM-HET3,C2011,UT,f,UT05150,Control,0,,dead,1,629,,,,,,205.0,5.0,C2011|UT05150
UM-HET3,C2011,UT,f,UT05151,Control,0,,dead,1,812,,,,,,205.0,5.0,C2011|UT05151
UM-HET3,C2011,UT,f,UT05152,Control,0,,removed,0,1002,,,,,,,,C2011|UT05152
UM-HET3,C2011,UT,f,UT05156,Control,0,,dead,1,995,,,,,,205.0,5.0,C2011|UT05156
UM-HET3,C2011,UT,f,UT05157,Control,0,,dead,1,1014,,,,,,205.0,5.0,C2011|UT05157
UM-HET3,C2011,UT,f,UT05158,Control,0,,dead,1,888,,,,,,205.0,5.0,C2011|UT05158
UM-HET3,C2011,UT,f,UT05159,Control,0,,dead,1,941,,,,,,205.0,5.0,C2011|UT05159
UM-HET3,C2011,UT,f,UT05197,Control,0,,dead,1,985,,,,,,221.0,6.0,C2011|UT05197
UM-HET3,C2011,UT,f,UT05198,Control,0,,dead,1,870,,,,,,221.0,6.0,C2011|UT05198
UM-HET3,C2011,UT,f,UT05199,Control,0,,dead,1,803,,,,,,221.0,6.0,C2011|UT05199
UM-HET3,C2011,UT,f,UT05200,Control,0,,dead,1,1301,,,,,,221.0,6.0,C2011|UT05200
UM-HET3,C2011,UT,f,UT05241,Control,0,,dead,1,776,,,,,,227.0,6.0,C2011|UT05241
UM-HET3,C2011,UT,f,UT05242,Control,0,,dead,1,503,,,,,,227.0,6.0,C2011|UT05242
UM-HET3,C2011,UT,f,UT05243,Control,0,,dead,1,851,,,,,,227.0,6.0,C2011|UT05243
UM-HET3,C2011,UT,f,UT05244,Control,0,,dead,1,874,,,,,,227.0,6.0,C2011|UT05244
UM-HET3,C2011,UT,f,UT05251,Control,0,,dead,1,827,,,,,,227.0,6.0,C2011|UT05251
UM-HET3,C2011,UT,f,UT05252,Control,0,,dead,1,866,,,,,,227.0,6.0,C2011|UT05252
UM-HET3,C2011,UT,f,UT05253,Control,0,,dead,1,757,,,,,,227.0,6.0,C2011|UT05253
UM-HET3,C2011,UT,f,UT05254,Control,0,,dead,1,917,,,,,,227.0,6.0,C2011|UT05254
UM-HET3,C2011,UT,f,UT05274,Control,0,,dead,1,931,,,,,,229.0,6.0,C2011|UT05274
UM-HET3,C2011,UT,f,UT05275,Control,0,,dead,1,833,,,,,,229.0,6.0,C2011|UT05275
UM-HET3,C2011,UT,f,UT05276,Control,0,,dead,1,658,,,,,,229.0,6.0,C2011|UT05276
UM-HET3,C2011,UT,f,UT05277,Control,0,,dead,1,639,,,,,,229.0,6.0,C2011|UT05277
UM-HET3,C2011,UT,f,UT05281,Control,0,,dead,1,787,,,,,,230.0,6.0,C2011|UT05281
UM-HET3,C2011,UT,f,UT05282,Control,0,,dead,1,697,,,,,,230.0,6.0,C2011|UT05282
UM-HET3,C2011,UT,f,UT05283,Control,0,,dead,1,822,,,,,,230.0,6.0,C2011|UT05283
UM-HET3,C2011,UT,f,UT05284,Control,0,,dead,1,933,,,,,,230.0,6.0,C2011|UT05284
UM-HET3,C2011,UT,f,UT05387,Control,0,,dead,1,1234,,,,,,261.0,7.0,C2011|UT05387
UM-HET3,C2011,UT,f,UT05388,Control,0,,dead,1,862,,,,,,261.0,7.0,C2011|UT05388
UM-HET3,C2011,UT,f,UT05389,Control,0,,dead,1,832,,,,,,261.0,7.0,C2011|UT05389
UM-HET3,C2011,UT,f,UT05390,Control,0,,dead,1,1193,,,,,,261.0,7.0,C2011|UT05390
UM-HET3,C2011,UT,f,UT05408,Control,0,,dead,1,827,,,,,,268.0,7.0,C2011|UT05408
UM-HET3,C2011,UT,f,UT05409,Control,0,,dead,1,952,,,,,,268.0,7.0,C2011|UT05409
UM-HET3,C2011,UT,f,UT05410,Control,0,,dead,1,956,,,,,,268.0,7.0,C2011|UT05410
UM-HET3,C2011,UT,f,UT05411,Control,0,,dead,1,862,,,,,,268.0,7.0,C2011|UT05411
UM-HET3,C2011,UT,f,UT05455,Control,0,,dead,1,857,,,,,,280.0,8.0,C2011|UT05455
UM-HET3,C2011,UT,f,UT05456,Control,0,,dead,1,926,,,,,,280.0,8.0,C2011|UT05456
UM-HET3,C2011,UT,f,UT05457,Control,0,,dead,1,647,,,,,,280.0,8.0,C2011|UT05457
UM-HET3,C2011,UT,f,UT05458,Control,0,,dead,1,868,,,,,,280.0,8.0,C2011|UT05458
UM-HET3,C2011,UT,f,UT05492,Control,0,,dead,1,1005,,,,,,289.0,8.0,C2011|UT05492
UM-HET3,C2011,UT,f,UT05493,Control,0,,dead,1,1050,,,,,,289.0,8.0,C2011|UT05493
UM-HET3,C2011,UT,f,UT05494,Control,0,,dead,1,564,,,,,,289.0,8.0,C2011|UT05494
UM-HET3,C2011,UT,f,UT05495,Control,0,,dead,1,791,,,,,,289.0,8.0,C2011|UT05495
UM-HET3,C2011,UT,f,UT05513,Control,0,,dead,1,729,,,,,,294.0,8.0,C2011|UT05513
UM-HET3,C2011,UT,f,UT05514,Control,0,,dead,1,628,,,,,,294.0,8.0,C2011|UT05514
UM-HET3,C2011,UT,f,UT05515,Control,0,,dead,1,955,,,,,,294.0,8.0,C2011|UT05515
UM-HET3,C2011,UT,f,UT05516,Control,0,,dead,1,518,,,,,,294.0,8.0,C2011|UT05516
UM-HET3,C2011,UT,f,UT05523,Control,0,,dead,1,796,,,,,,296.0,9.0,C2011|UT05523
UM-HET3,C2011,UT,f,UT05524,Control,0,,dead,1,1094,,,,,,296.0,9.0,C2011|UT05524
UM-HET3,C2011,UT,f,UT05525,Control,0,,dead,1,938,,,,,,296.0,9.0,C2011|UT05525
UM-HET3,C2011,UT,f,UT05526,Control,0,,dead,1,680,,,,,,296.0,9.0,C2011|UT05526
UM-HET3,C2011,UT,m,UT04936,Control,0,,dead,1,664,,,,,,136.0,2.0,C2011|UT04936
UM-HET3,C2011,UT,m,UT04937,Control,0,,dead,1,595,,,,,,136.0,2.0,C2011|UT04937
UM-HET3,C2011,UT,m,UT04938,Control,0,,dead,1,693,,,,,,136.0,2.0,C2011|UT04938
UM-HET3,C2011,UT,m,UT04942,Control,0,,dead,1,790,,,,,,152.0,3.0,C2011|UT04942
UM-HET3,C2011,UT,m,UT04943,Control,0,,dead,1,1031,,,,,,152.0,3.0,C2011|UT04943
UM-HET3,C2011,UT,m,UT04944,Control,0,,dead,1,816,,,,,,152.0,3.0,C2011|UT04944
UM-HET3,C2011,UT,m,UT04949,Control,0,,dead,1,1011,,,,,,153.0,3.0,C2011|UT04949
UM-HET3,C2011,UT,m,UT04950,Control,0,,dead,1,881,,,,,,153.0,3.0,C2011|UT04950
UM-HET3,C2011,UT,m,UT04951,Control,0,,dead,1,895,,,,,,153.0,3.0,C2011|UT04951
UM-HET3,C2011,UT,m,UT04983,Control,0,,dead,1,616,,,,,,176.0,4.0,C2011|UT04983
UM-HET3,C2011,UT,m,UT04984,Control,0,,dead,1,712,,,,,,176.0,4.0,C2011|UT04984
UM-HET3,C2011,UT,m,UT04985,Control,0,,dead,1,581,,,,,,176.0,4.0,C2011|UT04985
UM-HET3,C2011,UT,m,UT05001,Control,0,,dead,1,917,,,,,,175.0,4.0,C2011|UT05001
UM-HET3,C2011,UT,m,UT05002,Control,0,,dead,1,973,,,,,,175.0,4.0,C2011|UT05002
UM-HET3,C2011,UT,m,UT05003,Control,0,,dead,1,887,,,,,,175.0,4.0,C2011|UT05003
UM-HET3,C2011,UT,m,UT05018,Control,0,,dead,1,1081,,,,,,177.0,4.0,C2011|UT05018
UM-HET3,C2011,UT,m,UT05019,Control,0,,dead,1,673,,,,,,177.0,4.0,C2011|UT05019
UM-HET3,C2011,UT,m,UT05020,Control,0,,dead,1,1186,,,,,,177.0,4.0,C2011|UT05020
UM-HET3,C2011,UT,m,UT05027,Control,0,,dead,1,803,,,,,,177.0,4.0,C2011|UT05027
UM-HET3,C2011,UT,m,UT05028,Control,0,,dead,1,791,,,,,,177.0,4.0,C2011|UT05028
UM-HET3,C2011,UT,m,UT05029,Control,0,,dead,1,690,,,,,,177.0,4.0,C2011|UT05029
UM-HET3,C2011,UT,m,UT05034,Control,0,,dead,1,1077,,,,,,179.0,4.0,C2011|UT05034
UM-HET3,C2011,UT,m,UT05035,Control,0,,dead,1,412,,,,,,179.0,4.0,C2011|UT05035
UM-HET3,C2011,UT,m,UT05036,Control,0,,dead,1,765,,,,,,179.0,4.0,C2011|UT05036
UM-HET3,C2011,UT,m,UT05037,Control,0,,dead,1,388,,,,,,179.0,4.0,C2011|UT05037
UM-HET3,C2011,UT,m,UT05038,Control,0,,dead,1,675,,,,,,179.0,4.0,C2011|UT05038
UM-HET3,C2011,UT,m,UT05039,Control,0,,dead,1,569,,,,,,179.0,4.0,C2011|UT05039
UM-HET3,C2011,UT,m,UT05062,Control,0,,dead,1,857,,,,,,180.0,4.0,C2011|UT05062
UM-HET3,C2011,UT,m,UT05063,Control,0,,dead,1,605,,,,,,180.0,4.0,C2011|UT05063
UM-HET3,C2011,UT,m,UT05064,Control,0,,dead,1,463,,,,,,180.0,4.0,C2011|UT05064
UM-HET3,C2011,UT,m,UT05071,Control,0,,dead,1,585,,,,,,181.0,4.0,C2011|UT05071
UM-HET3,C2011,UT,m,UT05072,Control,0,,dead,1,266,,,,,,181.0,4.0,C2011|UT05072
UM-HET3,C2011,UT,m,UT05073,Control,0,,dead,1,789,,,,,,181.0,4.0,C2011|UT05073
UM-HET3,C2011,UT,m,UT05086,Control,0,,dead,1,746,,,,,,181.0,4.0,C2011|UT05086
UM-HET3,C2011,UT,m,UT05087,Control,0,,dead,1,325,,,,,,181.0,4.0,C2011|UT05087
UM-HET3,C2011,UT,m,UT05088,Control,0,,dead,1,629,,,,,,181.0,4.0,C2011|UT05088
UM-HET3,C2011,UT,m,UT05106,Control,0,,dead,1,335,,,,,,200.0,5.0,C2011|UT05106
UM-HET3,C2011,UT,m,UT05107,Control,0,,dead,1,880,,,,,,200.0,5.0,C2011|UT05107
UM-HET3,C2011,UT,m,UT05108,Control,0,,dead,1,354,,,,,,200.0,5.0,C2011|UT05108
UM-HET3,C2011,UT,m,UT05109,Control,0,,dead,1,1014,,,,,,200.0,5.0,C2011|UT05109
UM-HET3,C2011,UT,m,UT05110,Control,0,,dead,1,395,,,,,,200.0,5.0,C2011|UT05110
UM-HET3,C2011,UT,m,UT05111,Control,0,,dead,1,879,,,,,,200.0,5.0,C2011|UT05111
UM-HET3,C2011,UT,m,UT05122,Control,0,,dead,1,372,,,,,,202.0,5.0,C2011|UT05122
UM-HET3,C2011,UT,m,UT05123,Control,0,,dead,1,385,,,,,,202.0,5.0,C2011|UT05123
UM-HET3,C2011,UT,m,UT05124,Control,0,,dead,1,382,,,,,,202.0,5.0,C2011|UT05124
UM-HET3,C2011,UT,m,UT05136,Control,0,,dead,1,928,,,,,,204.0,5.0,C2011|UT05136
UM-HET3,C2011,UT,m,UT05137,Control,0,,dead,1,1026,,,,,,204.0,5.0,C2011|UT05137
UM-HET3,C2011,UT,m,UT05138,Control,0,,dead,1,868,,,,,,204.0,5.0,C2011|UT05138
UM-HET3,C2011,UT,m,UT05170,Control,0,,dead,1,448,,,,,,205.0,5.0,C2011|UT05170
UM-HET3,C2011,UT,m,UT05171,Control,0,,dead,1,630,,,,,,205.0,5.0,C2011|UT05171
UM-HET3,C2011,UT,m,UT05172,Control,0,,dead,1,214,,,,,,205.0,5.0,C2011|UT05172
UM-HET3,C2011,UT,m,UT05201,Control,0,,dead,1,421,,,,,,221.0,6.0,C2011|UT05201
UM-HET3,C2011,UT,m,UT05202,Control,0,,dead,1,831,,,,,,221.0,6.0,C2011|UT05202
UM-HET3,C2011,UT,m,UT05203,Control,0,,dead,1,639,,,,,,221.0,6.0,C2011|UT05203
UM-HET3,C2011,UT,m,UT05229,Control,0,,dead,1,972,,,,,,225.0,6.0,C2011|UT05229
UM-HET3,C2011,UT,m,UT05230,Control,0,,dead,1,299,,,,,,225.0,6.0,C2011|UT05230
UM-HET3,C2011,UT,m,UT05231,Control,0,,dead,1,492,,,,,,225.0,6.0,C2011|UT05231
UM-HET3,C2011,UT,m,UT05255,Control,0,,dead,1,646,,,,,,227.0,6.0,C2011|UT05255
UM-HET3,C2011,UT,m,UT05256,Control,0,,dead,1,738,,,,,,227.0,6.0,C2011|UT05256
UM-HET3,C2011,UT,m,UT05257,Control,0,,dead,1,463,,,,,,227.0,6.0,C2011|UT05257
UM-HET3,C2011,UT,m,UT05271,Control,0,,dead,1,550,,,,,,229.0,6.0,C2011|UT05271
UM-HET3,C2011,UT,m,UT05272,Control,0,,dead,1,1057,,,,,,229.0,6.0,C2011|UT05272
UM-HET3,C2011,UT,m,UT05273,Control,0,,dead,1,821,,,,,,229.0,6.0,C2011|UT05273
UM-HET3,C2011,UT,m,UT05278,Control,0,,dead,1,1013,,,,,,230.0,6.0,C2011|UT05278
UM-HET3,C2011,UT,m,UT05279,Control,0,,dead,1,802,,,,,,230.0,6.0,C2011|UT05279
UM-HET3,C2011,UT,m,UT05280,Control,0,,dead,1,1063,,,,,,230.0,6.0,C2011|UT05280
UM-HET3,C2011,UT,m,UT05321,Control,0,,dead,1,334,,,,,,245.0,7.0,C2011|UT05321
UM-HET3,C2011,UT,m,UT05322,Control,0,,dead,1,653,,,,,,245.0,7.0,C2011|UT05322
UM-HET3,C2011,UT,m,UT05323,Control,0,,dead,1,603,,,,,,245.0,7.0,C2011|UT05323
UM-HET3,C2011,UT,m,UT05340,Control,0,,dead,1,750,,,,,,248.0,7.0,C2011|UT05340
UM-HET3,C2011,UT,m,UT05341,Control,0,,dead,1,761,,,,,,248.0,7.0,C2011|UT05341
UM-HET3,C2011,UT,m,UT05342,Control,0,,dead,1,674,,,,,,248.0,7.0,C2011|UT05342
UM-HET3,C2011,UT,m,UT05367,Control,0,,dead,1,810,,,,,,252.0,7.0,C2011|UT05367
UM-HET3,C2011,UT,m,UT05368,Control,0,,dead,1,1129,,,,,,252.0,7.0,C2011|UT05368
UM-HET3,C2011,UT,m,UT05369,Control,0,,dead,1,622,,,,,,252.0,7.0,C2011|UT05369
UM-HET3,C2011,UT,m,UT05384,Control,0,,dead,1,918,,,,,,261.0,7.0,C2011|UT05384
UM-HET3,C2011,UT,m,UT05385,Control,0,,dead,1,737,,,,,,261.0,7.0,C2011|UT05385
UM-HET3,C2011,UT,m,UT05386,Control,0,,dead,1,530,,,,,,261.0,7.0,C2011|UT05386
UM-HET3,C2011,UT,m,UT05405,Control,0,,dead,1,785,,,,,,268.0,7.0,C2011|UT05405
UM-HET3,C2011,UT,m,UT05406,Control,0,,dead,1,820,,,,,,268.0,7.0,C2011|UT05406
UM-HET3,C2011,UT,m,UT05407,Control,0,,dead,1,851,,,,,,268.0,7.0,C2011|UT05407
UM-HET3,C2011,UT,m,UT05412,Control,0,,dead,1,495,,,,,,268.0,7.0,C2011|UT05412
UM-HET3,C2011,UT,m,UT05413,Control,0,,dead,1,604,,,,,,269.0,8.0,C2011|UT05413
UM-HET3,C2011,UT,m,UT05414,Control,0,,dead,1,404,,,,,,269.0,8.0,C2011|UT05414
UM-HET3,C2011,UT,m,UT05452,Control,0,,dead,1,542,,,,,,280.0,8.0,C2011|UT05452
UM-HET3,C2011,UT,m,UT05453,Control,0,,dead,1,371,,,,,,280.0,8.0,C2011|UT05453
UM-HET3,C2011,UT,m,UT05454,Control,0,,dead,1,969,,,,,,280.0,8.0,C2011|UT05454
UM-HET3,C2011,UT,m,UT05472,Control,0,,dead,1,715,,,,,,284.0,8.0,C2011|UT05472
UM-HET3,C2011,UT,m,UT05473,Control,0,,dead,1,828,,,,,,284.0,8.0,C2011|UT05473
UM-HET3,C2011,UT,m,UT05474,Control,0,,dead,1,348,,,,,,284.0,8.0,C2011|UT05474
UM-HET3,C2011,UT,m,UT05534,Control,0,,dead,1,840,,,,,,305.0,9.0,C2011|UT05534
UM-HET3,C2011,UT,m,UT05535,Control,0,,dead,1,577,,,,,,305.0,9.0,C2011|UT05535
UM-HET3,C2011,UT,m,UT05536,Control,0,,dead,1,715,,,,,,305.0,9.0,C2011|UT05536
UM-HET3,C2011,UT,m,UT05540,Control,0,,dead,1,904,,,,,,312.0,10.0,C2011|UT05540
UM-HET3,C2011,UT,m,UT05541,Control,0,,dead,1,716,,,,,,312.0,10.0,C2011|UT05541
UM-HET3,C2011,UT,m,UT05542,Control,0,,dead,1,826,,,,,,313.0,9.0,C2011|UT05542
UM-HET3,C2011,UT,m,UT05543,Control,0,,dead,1,447,,,,,,318.0,9.0,C2011|UT05543
UM-HET3,C2011,UT,m,UT05544,Control,0,,dead,1,587,,,,,,318.0,9.0,C2011|UT05544
UM-HET3,C2011,UT,m,UT05545,Control,0,,dead,1,753,,,,,,318.0,9.0,C2011|UT05545
UM-HET3,C2012,TJL,f,JL09038,Control,0,,dead,1,1080,,,,,,,,C2012|JL09038
UM-HET3,C2012,TJL,f,JL09039,Control,0,,dead,1,858,,,,,,,,C2012|JL09039
UM-HET3,C2012,TJL,f,JL09040,Control,0,,dead,1,830,,,,,,,,C2012|JL09040
UM-HET3,C2012,TJL,f,JL09041,Control,0,,dead,1,877,,,,,,,,C2012|JL09041
UM-HET3,C2012,TJL,f,JL09131,Control,0,,dead,1,826,,,,,,,,C2012|JL09131
UM-HET3,C2012,TJL,f,JL09132,Control,0,,dead,1,844,,,,,,,,C2012|JL09132
UM-HET3,C2012,TJL,f,JL09133,Control,0,,dead,1,935,,,,,,,,C2012|JL09133
UM-HET3,C2012,TJL,f,JL09134,Control,0,,dead,1,999,,,,,,,,C2012|JL09134
UM-HET3,C2012,TJL,f,JL09139,Control,0,,dead,1,914,,,,,,,,C2012|JL09139
UM-HET3,C2012,TJL,f,JL09140,Control,0,,dead,1,1046,,,,,,,,C2012|JL09140
UM-HET3,C2012,TJL,f,JL09141,Control,0,,dead,1,740,,,,,,,,C2012|JL09141
UM-HET3,C2012,TJL,f,JL09142,Control,0,,dead,1,985,,,,,,,,C2012|JL09142
UM-HET3,C2012,TJL,f,JL09162,Control,0,,dead,1,546,,,,,,,,C2012|JL09162
UM-HET3,C2012,TJL,f,JL09163,Control,0,,dead,1,1016,,,,,,,,C2012|JL09163
UM-HET3,C2012,TJL,f,JL09164,Control,0,,dead,1,799,,,,,,,,C2012|JL09164
UM-HET3,C2012,TJL,f,JL09165,Control,0,,dead,1,1016,,,,,,,,C2012|JL09165
UM-HET3,C2012,TJL,f,JL09232,Control,0,,dead,1,1100,,,,,,,,C2012|JL09232
UM-HET3,C2012,TJL,f,JL09233,Control,0,,dead,1,938,,,,,,,,C2012|JL09233
UM-HET3,C2012,TJL,f,JL09234,Control,0,,dead,1,889,,,,,,,,C2012|JL09234
UM-HET3,C2012,TJL,f,JL09235,Control,0,,dead,1,794,,,,,,,,C2012|JL09235
UM-HET3,C2012,TJL,f,JL09272,Control,0,,dead,1,209,,,,,,,,C2012|JL09272
UM-HET3,C2012,TJL,f,JL09273,Control,0,,dead,1,1137,,,,,,,,C2012|JL09273
UM-HET3,C2012,TJL,f,JL09274,Control,0,,dead,1,1084,,,,,,,,C2012|JL09274
UM-HET3,C2012,TJL,f,JL09275,Control,0,,dead,1,732,,,,,,,,C2012|JL09275
UM-HET3,C2012,TJL,f,JL09288,Control,0,,dead,1,1092,,,,,,,,C2012|JL09288
UM-HET3,C2012,TJL,f,JL09289,Control,0,,dead,1,737,,,,,,,,C2012|JL09289
UM-HET3,C2012,TJL,f,JL09290,Control,0,,dead,1,1301,,,,,,,,C2012|JL09290
UM-HET3,C2012,TJL,f,JL09291,Control,0,,dead,1,792,,,,,,,,C2012|JL09291
UM-HET3,C2012,TJL,f,JL09292,Control,0,,dead,1,950,,,,,,,,C2012|JL09292
UM-HET3,C2012,TJL,f,JL09293,Control,0,,dead,1,842,,,,,,,,C2012|JL09293
UM-HET3,C2012,TJL,f,JL09294,Control,0,,dead,1,1037,,,,,,,,C2012|JL09294
UM-HET3,C2012,TJL,f,JL09295,Control,0,,dead,1,835,,,,,,,,C2012|JL09295
UM-HET3,C2012,TJL,f,JL09322,Control,0,,dead,1,940,,,,,,,,C2012|JL09322
UM-HET3,C2012,TJL,f,JL09323,Control,0,,dead,1,826,,,,,,,,C2012|JL09323
UM-HET3,C2012,TJL,f,JL09324,Control,0,,dead,1,1090,,,,,,,,C2012|JL09324
UM-HET3,C2012,TJL,f,JL09325,Control,0,,dead,1,872,,,,,,,,C2012|JL09325
UM-HET3,C2012,TJL,f,JL09373,Control,0,,dead,1,1128,,,,,,,,C2012|JL09373
UM-HET3,C2012,TJL,f,JL09374,Control,0,,dead,1,644,,,,,,,,C2012|JL09374
UM-HET3,C2012,TJL,f,JL09375,Control,0,,dead,1,932,,,,,,,,C2012|JL09375
UM-HET3,C2012,TJL,f,JL09376,Control,0,,dead,1,1071,,,,,,,,C2012|JL09376
UM-HET3,C2012,TJL,f,JL09385,Control,0,,dead,1,827,,,,,,,,C2012|JL09385
UM-HET3,C2012,TJL,f,JL09386,Control,0,,dead,1,925,,,,,,,,C2012|JL09386
UM-HET3,C2012,TJL,f,JL09387,Control,0,,dead,1,946,,,,,,,,C2012|JL09387
UM-HET3,C2012,TJL,f,JL09388,Control,0,,dead,1,854,,,,,,,,C2012|JL09388
UM-HET3,C2012,TJL,f,JL09443,Control,0,,dead,1,910,,,,,,,,C2012|JL09443
UM-HET3,C2012,TJL,f,JL09444,Control,0,,dead,1,789,,,,,,,,C2012|JL09444
UM-HET3,C2012,TJL,f,JL09445,Control,0,,dead,1,1161,,,,,,,,C2012|JL09445
UM-HET3,C2012,TJL,f,JL09446,Control,0,,dead,1,931,,,,,,,,C2012|JL09446
UM-HET3,C2012,TJL,f,JL09469,Control,0,,dead,1,764,,,,,,,,C2012|JL09469
UM-HET3,C2012,TJL,f,JL09470,Control,0,,dead,1,973,,,,,,,,C2012|JL09470
UM-HET3,C2012,TJL,f,JL09471,Control,0,,dead,1,764,,,,,,,,C2012|JL09471
UM-HET3,C2012,TJL,f,JL09472,Control,0,,dead,1,1226,,,,,,,,C2012|JL09472
UM-HET3,C2012,TJL,f,JL09521,Control,0,,dead,1,632,,,,,,,,C2012|JL09521
UM-HET3,C2012,TJL,f,JL09522,Control,0,,dead,1,1002,,,,,,,,C2012|JL09522
UM-HET3,C2012,TJL,f,JL09523,Control,0,,dead,1,966,,,,,,,,C2012|JL09523
UM-HET3,C2012,TJL,f,JL09524,Control,0,,dead,1,799,,,,,,,,C2012|JL09524
UM-HET3,C2012,TJL,f,JL09538,Control,0,,dead,1,840,,,,,,,,C2012|JL09538
UM-HET3,C2012,TJL,f,JL09539,Control,0,,dead,1,673,,,,,,,,C2012|JL09539
UM-HET3,C2012,TJL,f,JL09540,Control,0,,dead,1,731,,,,,,,,C2012|JL09540
UM-HET3,C2012,TJL,f,JL09541,Control,0,,dead,1,904,,,,,,,,C2012|JL09541
UM-HET3,C2012,TJL,f,JL09542,Control,0,,dead,1,1191,,,,,,,,C2012|JL09542
UM-HET3,C2012,TJL,f,JL09543,Control,0,,dead,1,1016,,,,,,,,C2012|JL09543
UM-HET3,C2012,TJL,f,JL09544,Control,0,,dead,1,652,,,,,,,,C2012|JL09544
UM-HET3,C2012,TJL,f,JL09545,Control,0,,dead,1,750,,,,,,,,C2012|JL09545
UM-HET3,C2012,TJL,f,JL09574,Control,0,,dead,1,922,,,,,,,,C2012|JL09574
UM-HET3,C2012,TJL,f,JL09575,Control,0,,dead,1,830,,,,,,,,C2012|JL09575
UM-HET3,C2012,TJL,f,JL09576,Control,0,,dead,1,809,,,,,,,,C2012|JL09576
UM-HET3,C2012,TJL,f,JL09577,Control,0,,dead,1,830,,,,,,,,C2012|JL09577
UM-HET3,C2012,TJL,f,JL09605,Control,0,,dead,1,1072,,,,,,,,C2012|JL09605
UM-HET3,C2012,TJL,f,JL09606,Control,0,,dead,1,1254,,,,,,,,C2012|JL09606
UM-HET3,C2012,TJL,f,JL09607,Control,0,,dead,1,1009,,,,,,,,C2012|JL09607
UM-HET3,C2012,TJL,f,JL09608,Control,0,,dead,1,890,,,,,,,,C2012|JL09608
UM-HET3,C2012,TJL,f,JL09621,Control,0,,dead,1,988,,,,,,,,C2012|JL09621
UM-HET3,C2012,TJL,f,JL09622,Control,0,,dead,1,988,,,,,,,,C2012|JL09622
UM-HET3,C2012,TJL,f,JL09623,Control,0,,dead,1,784,,,,,,,,C2012|JL09623
UM-HET3,C2012,TJL,f,JL09624,Control,0,,dead,1,687,,,,,,,,C2012|JL09624
UM-HET3,C2012,TJL,f,JL09625,Control,0,,dead,1,1002,,,,,,,,C2012|JL09625
UM-HET3,C2012,TJL,f,JL09626,Control,0,,dead,1,715,,,,,,,,C2012|JL09626
UM-HET3,C2012,TJL,f,JL09627,Control,0,,dead,1,967,,,,,,,,C2012|JL09627
UM-HET3,C2012,TJL,f,JL09628,Control,0,,dead,1,1047,,,,,,,,C2012|JL09628
UM-HET3,C2012,TJL,f,JL09645,Control,0,,dead,1,1027,,,,,,,,C2012|JL09645
UM-HET3,C2012,TJL,f,JL09646,Control,0,,dead,1,922,,,,,,,,C2012|JL09646
UM-HET3,C2012,TJL,f,JL09647,Control,0,,dead,1,1006,,,,,,,,C2012|JL09647
UM-HET3,C2012,TJL,f,JL09648,Control,0,,dead,1,1075,,,,,,,,C2012|JL09648
UM-HET3,C2012,TJL,f,JL09649,Control,0,,dead,1,1012,,,,,,,,C2012|JL09649
UM-HET3,C2012,TJL,f,JL09650,Control,0,,dead,1,1006,,,,,,,,C2012|JL09650
UM-HET3,C2012,TJL,f,JL09651,Control,0,,dead,1,913,,,,,,,,C2012|JL09651
UM-HET3,C2012,TJL,f,JL09652,Control,0,,dead,1,1116,,,,,,,,C2012|JL09652
UM-HET3,C2012,TJL,f,JL09737,Control,0,,dead,1,995,,,,,,,,C2012|JL09737
UM-HET3,C2012,TJL,f,JL09738,Control,0,,dead,1,1037,,,,,,,,C2012|JL09738
UM-HET3,C2012,TJL,f,JL09739,Control,0,,dead,1,744,,,,,,,,C2012|JL09739
UM-HET3,C2012,TJL,f,JL09740,Control,0,,dead,1,794,,,,,,,,C2012|JL09740
UM-HET3,C2012,TJL,f,JL09784,Control,0,,dead,1,992,,,,,,,,C2012|JL09784
UM-HET3,C2012,TJL,f,JL09785,Control,0,,dead,1,788,,,,,,,,C2012|JL09785
UM-HET3,C2012,TJL,f,JL09786,Control,0,,dead,1,803,,,,,,,,C2012|JL09786
UM-HET3,C2012,TJL,f,JL09787,Control,0,,dead,1,929,,,,,,,,C2012|JL09787
UM-HET3,C2012,TJL,m,JL09016,Control,0,,dead,1,624,,,,,,,,C2012|JL09016
UM-HET3,C2012,TJL,m,JL09017,Control,0,,dead,1,1130,,,,,,,,C2012|JL09017
UM-HET3,C2012,TJL,m,JL09018,Control,0,,dead,1,986,,,,,,,,C2012|JL09018
UM-HET3,C2012,TJL,m,JL09042,Control,0,,dead,1,627,,,,,,,,C2012|JL09042
UM-HET3,C2012,TJL,m,JL09043,Control,0,,dead,1,683,,,,,,,,C2012|JL09043
UM-HET3,C2012,TJL,m,JL09044,Control,0,,dead,1,1006,,,,,,,,C2012|JL09044
UM-HET3,C2012,TJL,m,JL09089,Control,0,,dead,1,897,,,,,,,,C2012|JL09089
UM-HET3,C2012,TJL,m,JL09090,Control,0,,dead,1,845,,,,,,,,C2012|JL09090
UM-HET3,C2012,TJL,m,JL09091,Control,0,,dead,1,1018,,,,,,,,C2012|JL09091
UM-HET3,C2012,TJL,m,JL09092,Control,0,,dead,1,718,,,,,,,,C2012|JL09092
UM-HET3,C2012,TJL,m,JL09093,Control,0,,dead,1,396,,,,,,,,C2012|JL09093
UM-HET3,C2012,TJL,m,JL09094,Control,0,,dead,1,361,,,,,,,,C2012|JL09094
UM-HET3,C2012,TJL,m,JL09101,Control,0,,dead,1,696,,,,,,,,C2012|JL09101
UM-HET3,C2012,TJL,m,JL09102,Control,0,,dead,1,964,,,,,,,,C2012|JL09102
UM-HET3,C2012,TJL,m,JL09103,Control,0,,dead,1,783,,,,,,,,C2012|JL09103
UM-HET3,C2012,TJL,m,JL09159,Control,0,,dead,1,1053,,,,,,,,C2012|JL09159
UM-HET3,C2012,TJL,m,JL09160,Control,0,,dead,1,327,,,,,,,,C2012|JL09160
UM-HET3,C2012,TJL,m,JL09161,Control,0,,dead,1,200,,,,,,,,C2012|JL09161
UM-HET3,C2012,TJL,m,JL09208,Control,0,,dead,1,903,,,,,,,,C2012|JL09208
UM-HET3,C2012,TJL,m,JL09209,Control,0,,dead,1,924,,,,,,,,C2012|JL09209
UM-HET3,C2012,TJL,m,JL09210,Control,0,,dead,1,967,,,,,,,,C2012|JL09210
UM-HET3,C2012,TJL,m,JL09220,Control,0,,dead,1,692,,,,,,,,C2012|JL09220
UM-HET3,C2012,TJL,m,JL09221,Control,0,,dead,1,613,,,,,,,,C2012|JL09221
UM-HET3,C2012,TJL,m,JL09222,Control,0,,dead,1,426,,,,,,,,C2012|JL09222
UM-HET3,C2012,TJL,m,JL09253,Control,0,,dead,1,413,,,,,,,,C2012|JL09253
UM-HET3,C2012,TJL,m,JL09254,Control,0,,dead,1,974,,,,,,,,C2012|JL09254
UM-HET3,C2012,TJL,m,JL09255,Control,0,,dead,1,1070,,,,,,,,C2012|JL09255
UM-HET3,C2012,TJL,m,JL09307,Control,0,,dead,1,665,,,,,,,,C2012|JL09307
UM-HET3,C2012,TJL,m,JL09308,Control,0,,dead,1,994,,,,,,,,C2012|JL09308
UM-HET3,C2012,TJL,m,JL09309,Control,0,,dead,1,994,,,,,,,,C2012|JL09309
UM-HET3,C2012,TJL,m,JL09310,Control,0,,dead,1,1163,,,,,,,,C2012|JL09310
UM-HET3,C2012,TJL,m,JL09311,Control,0,,dead,1,994,,,,,,,,C2012|JL09311
UM-HET3,C2012,TJL,m,JL09312,Control,0,,dead,1,835,,,,,,,,C2012|JL09312
UM-HET3,C2012,TJL,m,JL09319,Control,0,,dead,1,744,,,,,,,,C2012|JL09319
UM-HET3,C2012,TJL,m,JL09320,Control,0,,dead,1,636,,,,,,,,C2012|JL09320
UM-HET3,C2012,TJL,m,JL09321,Control,0,,dead,1,371,,,,,,,,C2012|JL09321
UM-HET3,C2012,TJL,m,JL09329,Control,0,,dead,1,832,,,,,,,,C2012|JL09329
UM-HET3,C2012,TJL,m,JL09330,Control,0,,dead,1,390,,,,,,,,C2012|JL09330
UM-HET3,C2012,TJL,m,JL09331,Control,0,,dead,1,901,,,,,,,,C2012|JL09331
UM-HET3,C2012,TJL,m,JL09339,Control,0,,dead,1,274,,,,,,,,C2012|JL09339
UM-HET3,C2012,TJL,m,JL09340,Control,0,,dead,1,1128,,,,,,,,C2012|JL09340
UM-HET3,C2012,TJL,m,JL09341,Control,0,,dead,1,899,,,,,,,,C2012|JL09341
UM-HET3,C2012,TJL,m,JL09399,Control,0,,dead,1,965,,,,,,,,C2012|JL09399
UM-HET3,C2012,TJL,m,JL09400,Control,0,,dead,1,280,,,,,,,,C2012|JL09400
UM-HET3,C2012,TJL,m,JL09401,Control,0,,dead,1,973,,,,,,,,C2012|JL09401
UM-HET3,C2012,TJL,m,JL09402,Control,0,,dead,1,969,,,,,,,,C2012|JL09402
UM-HET3,C2012,TJL,m,JL09403,Control,0,,dead,1,821,,,,,,,,C2012|JL09403
UM-HET3,C2012,TJL,m,JL09404,Control,0,,dead,1,598,,,,,,,,C2012|JL09404
UM-HET3,C2012,TJL,m,JL09420,Control,0,,dead,1,942,,,,,,,,C2012|JL09420
UM-HET3,C2012,TJL,m,JL09421,Control,0,,dead,1,852,,,,,,,,C2012|JL09421
UM-HET3,C2012,TJL,m,JL09422,Control,0,,dead,1,916,,,,,,,,C2012|JL09422
UM-HET3,C2012,TJL,m,JL09480,Control,0,,dead,1,944,,,,,,,,C2012|JL09480
UM-HET3,C2012,TJL,m,JL09481,Control,0,,dead,1,882,,,,,,,,C2012|JL09481
UM-HET3,C2012,TJL,m,JL09482,Control,0,,dead,1,1032,,,,,,,,C2012|JL09482
UM-HET3,C2012,TJL,m,JL09483,Control,0,,dead,1,864,,,,,,,,C2012|JL09483
UM-HET3,C2012,TJL,m,JL09484,Control,0,,dead,1,772,,,,,,,,C2012|JL09484
UM-HET3,C2012,TJL,m,JL09485,Control,0,,dead,1,973,,,,,,,,C2012|JL09485
UM-HET3,C2012,TJL,m,JL09486,Control,0,,dead,1,366,,,,,,,,C2012|JL09486
UM-HET3,C2012,TJL,m,JL09487,Control,0,,dead,1,841,,,,,,,,C2012|JL09487
UM-HET3,C2012,TJL,m,JL09488,Control,0,,dead,1,1135,,,,,,,,C2012|JL09488
UM-HET3,C2012,TJL,m,JL09489,Control,0,,dead,1,946,,,,,,,,C2012|JL09489
UM-HET3,C2012,TJL,m,JL09490,Control,0,,dead,1,960,,,,,,,,C2012|JL09490
UM-HET3,C2012,TJL,m,JL09491,Control,0,,dead,1,665,,,,,,,,C2012|JL09491
UM-HET3,C2012,TJL,m,JL09501,Control,0,,dead,1,848,,,,,,,,C2012|JL09501
UM-HET3,C2012,TJL,m,JL09502,Control,0,,dead,1,966,,,,,,,,C2012|JL09502
UM-HET3,C2012,TJL,m,JL09503,Control,0,,dead,1,786,,,,,,,,C2012|JL09503
UM-HET3,C2012,TJL,m,JL09529,Control,0,,dead,1,807,,,,,,,,C2012|JL09529
UM-HET3,C2012,TJL,m,JL09530,Control,0,,dead,1,394,,,,,,,,C2012|JL09530
UM-HET3,C2012,TJL,m,JL09531,Control,0,,dead,1,939,,,,,,,,C2012|JL09531
UM-HET3,C2012,TJL,m,JL09552,Control,0,,dead,1,667,,,,,,,,C2012|JL09552
UM-HET3,C2012,TJL,m,JL09553,Control,0,,dead,1,274,,,,,,,,C2012|JL09553
UM-HET3,C2012,TJL,m,JL09554,Control,0,,dead,1,934,,,,,,,,C2012|JL09554
UM-HET3,C2012,TJL,m,JL09593,Control,0,,dead,1,1088,,,,,,,,C2012|JL09593
UM-HET3,C2012,TJL,m,JL09594,Control,0,,dead,1,964,,,,,,,,C2012|JL09594
UM-HET3,C2012,TJL,m,JL09595,Control,0,,dead,1,908,,,,,,,,C2012|JL09595
UM-HET3,C2012,TJL,m,JL09596,Control,0,,dead,1,776,,,,,,,,C2012|JL09596
UM-HET3,C2012,TJL,m,JL09597,Control,0,,dead,1,928,,,,,,,,C2012|JL09597
UM-HET3,C2012,TJL,m,JL09598,Control,0,,dead,1,512,,,,,,,,C2012|JL09598
UM-HET3,C2012,TJL,m,JL09609,Control,0,,dead,1,519,,,,,,,,C2012|JL09609
UM-HET3,C2012,TJL,m,JL09610,Control,0,,dead,1,813,,,,,,,,C2012|JL09610
UM-HET3,C2012,TJL,m,JL09611,Control,0,,dead,1,672,,,,,,,,C2012|JL09611
UM-HET3,C2012,TJL,m,JL09615,Control,0,,dead,1,357,,,,,,,,C2012|JL09615
UM-HET3,C2012,TJL,m,JL09616,Control,0,,dead,1,681,,,,,,,,C2012|JL09616
UM-HET3,C2012,TJL,m,JL09617,Control,0,,dead,1,428,,,,,,,,C2012|JL09617
UM-HET3,C2012,TJL,m,JL09642,Control,0,,dead,1,932,,,,,,,,C2012|JL09642
UM-HET3,C2012,TJL,m,JL09643,Control,0,,dead,1,414,,,,,,,,C2012|JL09643
UM-HET3,C2012,TJL,m,JL09644,Control,0,,dead,1,344,,,,,,,,C2012|JL09644
UM-HET3,C2012,TJL,m,JL09653,Control,0,,dead,1,844,,,,,,,,C2012|JL09653
UM-HET3,C2012,TJL,m,JL09654,Control,0,,removed,0,679,,,,,,,,C2012|JL09654
UM-HET3,C2012,TJL,m,JL09655,Control,0,,dead,1,847,,,,,,,,C2012|JL09655
UM-HET3,C2012,TJL,m,JL09667,Control,0,,dead,1,941,,,,,,,,C2012|JL09667
UM-HET3,C2012,TJL,m,JL09668,Control,0,,dead,1,650,,,,,,,,C2012|JL09668
UM-HET3,C2012,TJL,m,JL09669,Control,0,,dead,1,502,,,,,,,,C2012|JL09669
UM-HET3,C2012,TJL,m,JL09685,Control,0,,dead,1,952,,,,,,,,C2012|JL09685
UM-HET3,C2012,TJL,m,JL09686,Control,0,,dead,1,960,,,,,,,,C2012|JL09686
UM-HET3,C2012,TJL,m,JL09687,Control,0,,dead,1,295,,,,,,,,C2012|JL09687
UM-HET3,C2012,TJL,m,JL09700,Control,0,,dead,1,327,,,,,,,,C2012|JL09700
UM-HET3,C2012,TJL,m,JL09701,Control,0,,dead,1,928,,,,,,,,C2012|JL09701
UM-HET3,C2012,TJL,m,JL09702,Control,0,,dead,1,748,,,,,,,,C2012|JL09702
UM-HET3,C2012,TJL,m,JL09771,Control,0,,dead,1,357,,,,,,,,C2012|JL09771
UM-HET3,C2012,TJL,m,JL09772,Control,0,,dead,1,995,,,,,,,,C2012|JL09772
UM-HET3,C2012,TJL,m,JL09773,Control,0,,dead,1,1030,,,,,,,,C2012|JL09773
UM-HET3,C2012,UM,f,UM39200,Control,0,,dead,1,1053,,,,,,,,C2012|UM39200
UM-HET3,C2012,UM,f,UM39207,Control,0,,dead,1,1084,,,,,,,,C2012|UM39207
UM-HET3,C2012,UM,f,UM39214,Control,0,,dead,1,774,,,,,,,,C2012|UM39214
UM-HET3,C2012,UM,f,UM39221,Control,0,,dead,1,672,,,,,,,,C2012|UM39221
UM-HET3,C2012,UM,f,UM39599,Control,0,,dead,1,794,,,,,,,,C2012|UM39599
UM-HET3,C2012,UM,f,UM39606,Control,0,,dead,1,1056,,,,,,,,C2012|UM39606
UM-HET3,C2012,UM,f,UM39613,Control,0,,dead,1,695,,,,,,,,C2012|UM39613
UM-HET3,C2012,UM,f,UM39620,Control,0,,dead,1,769,,,,,,,,C2012|UM39620
UM-HET3,C2012,UM,f,UM39627,Control,0,,dead,1,856,,,,,,,,C2012|UM39627
UM-HET3,C2012,UM,f,UM39634,Control,0,,dead,1,940,,,,,,,,C2012|UM39634
UM-HET3,C2012,UM,f,UM39641,Control,0,,dead,1,854,,,,,,,,C2012|UM39641
UM-HET3,C2012,UM,f,UM39648,Control,0,,dead,1,717,,,,,,,,C2012|UM39648
UM-HET3,C2012,UM,f,UM39704,Control,0,,dead,1,1100,,,,,,,,C2012|UM39704
UM-HET3,C2012,UM,f,UM39711,Control,0,,dead,1,958,,,,,,,,C2012|UM39711
UM-HET3,C2012,UM,f,UM39718,Control,0,,dead,1,588,,,,,,,,C2012|UM39718
UM-HET3,C2012,UM,f,UM39725,Control,0,,dead,1,737,,,,,,,,C2012|UM39725
UM-HET3,C2012,UM,f,UM39858,Control,0,,removed,0,924,,,,,,,,C2012|UM39858
UM-HET3,C2012,UM,f,UM39865,Control,0,,dead,1,739,,,,,,,,C2012|UM39865
UM-HET3,C2012,UM,f,UM39872,Control,0,,dead,1,613,,,,,,,,C2012|UM39872
UM-HET3,C2012,UM,f,UM39879,Control,0,,dead,1,833,,,,,,,,C2012|UM39879
UM-HET3,C2012,UM,f,UM40243,Control,0,,dead,1,431,,,,,,,,C2012|UM40243
UM-HET3,C2012,UM,f,UM40250,Control,0,,dead,1,973,,,,,,,,C2012|UM40250
UM-HET3,C2012,UM,f,UM40257,Control,0,,dead,1,773,,,,,,,,C2012|UM40257
UM-HET3,C2012,UM,f,UM40264,Control,0,,dead,1,1075,,,,,,,,C2012|UM40264
UM-HET3,C2012,UM,f,UM40334,Control,0,,dead,1,957,,,,,,,,C2012|UM40334
UM-HET3,C2012,UM,f,UM40341,Control,0,,dead,1,911,,,,,,,,C2012|UM40341
UM-HET3,C2012,UM,f,UM40348,Control,0,,dead,1,834,,,,,,,,C2012|UM40348
UM-HET3,C2012,UM,f,UM40355,Control,0,,dead,1,991,,,,,,,,C2012|UM40355
UM-HET3,C2012,UM,f,UM40404,Control,0,,dead,1,841,,,,,,,,C2012|UM40404
UM-HET3,C2012,UM,f,UM40411,Control,0,,dead,1,845,,,,,,,,C2012|UM40411
UM-HET3,C2012,UM,f,UM40418,Control,0,,dead,1,812,,,,,,,,C2012|UM40418
UM-HET3,C2012,UM,f,UM40425,Control,0,,dead,1,1085,,,,,,,,C2012|UM40425
UM-HET3,C2012,UM,f,UM40684,Control,0,,dead,1,1005,,,,,,,,C2012|UM40684
UM-HET3,C2012,UM,f,UM40691,Control,0,,dead,1,791,,,,,,,,C2012|UM40691
UM-HET3,C2012,UM,f,UM40698,Control,0,,dead,1,904,,,,,,,,C2012|UM40698
UM-HET3,C2012,UM,f,UM40705,Control,0,,dead,1,871,,,,,,,,C2012|UM40705
UM-HET3,C2012,UM,f,UM40824,Control,0,,dead,1,1040,,,,,,,,C2012|UM40824
UM-HET3,C2012,UM,f,UM40831,Control,0,,dead,1,993,,,,,,,,C2012|UM40831
UM-HET3,C2012,UM,f,UM40838,Control,0,,dead,1,776,,,,,,,,C2012|UM40838
UM-HET3,C2012,UM,f,UM40845,Control,0,,dead,1,866,,,,,,,,C2012|UM40845
UM-HET3,C2012,UM,f,UM41090,Control,0,,dead,1,1048,,,,,,,,C2012|UM41090
UM-HET3,C2012,UM,f,UM41097,Control,0,,dead,1,875,,,,,,,,C2012|UM41097
UM-HET3,C2012,UM,f,UM41104,Control,0,,dead,1,1019,,,,,,,,C2012|UM41104
UM-HET3,C2012,UM,f,UM41111,Control,0,,dead,1,987,,,,,,,,C2012|UM41111
UM-HET3,C2012,UM,f,UM41118,Control,0,,dead,1,1106,,,,,,,,C2012|UM41118
UM-HET3,C2012,UM,f,UM41125,Control,0,,dead,1,1085,,,,,,,,C2012|UM41125
UM-HET3,C2012,UM,f,UM41132,Control,0,,dead,1,844,,,,,,,,C2012|UM41132
UM-HET3,C2012,UM,f,UM41139,Control,0,,dead,1,1103,,,,,,,,C2012|UM41139
UM-HET3,C2012,UM,f,UM41265,Control,0,,dead,1,935,,,,,,,,C2012|UM41265
UM-HET3,C2012,UM,f,UM41272,Control,0,,dead,1,1243,,,,,,,,C2012|UM41272
UM-HET3,C2012,UM,f,UM41279,Control,0,,dead,1,745,,,,,,,,C2012|UM41279
UM-HET3,C2012,UM,f,UM41286,Control,0,,dead,1,428,,,,,,,,C2012|UM41286
UM-HET3,C2012,UM,f,UM41804,Control,0,,dead,1,928,,,,,,,,C2012|UM41804
UM-HET3,C2012,UM,f,UM41811,Control,0,,dead,1,773,,,,,,,,C2012|UM41811
UM-HET3,C2012,UM,f,UM41818,Control,0,,dead,1,969,,,,,,,,C2012|UM41818
UM-HET3,C2012,UM,f,UM41825,Control,0,,dead,1,779,,,,,,,,C2012|UM41825
UM-HET3,C2012,UM,f,UM41902,Control,0,,dead,1,982,,,,,,,,C2012|UM41902
UM-HET3,C2012,UM,f,UM41909,Control,0,,dead,1,592,,,,,,,,C2012|UM41909
UM-HET3,C2012,UM,f,UM41916,Control,0,,dead,1,745,,,,,,,,C2012|UM41916
UM-HET3,C2012,UM,f,UM41923,Control,0,,dead,1,816,,,,,,,,C2012|UM41923
UM-HET3,C2012,UM,f,UM42161,Control,0,,dead,1,931,,,,,,,,C2012|UM42161
UM-HET3,C2012,UM,f,UM42168,Control,0,,dead,1,842,,,,,,,,C2012|UM42168
UM-HET3,C2012,UM,f,UM42175,Control,0,,dead,1,988,,,,,,,,C2012|UM42175
UM-HET3,C2012,UM,f,UM42182,Control,0,,dead,1,862,,,,,,,,C2012|UM42182
UM-HET3,C2012,UM,f,UM42448,Control,0,,dead,1,606,,,,,,,,C2012|UM42448
UM-HET3,C2012,UM,f,UM42455,Control,0,,dead,1,789,,,,,,,,C2012|UM42455
UM-HET3,C2012,UM,f,UM42462,Control,0,,dead,1,998,,,,,,,,C2012|UM42462
UM-HET3,C2012,UM,f,UM42469,Control,0,,dead,1,828,,,,,,,,C2012|UM42469
UM-HET3,C2012,UM,f,UM42476,Control,0,,dead,1,808,,,,,,,,C2012|UM42476
UM-HET3,C2012,UM,f,UM42483,Control,0,,dead,1,729,,,,,,,,C2012|UM42483
UM-HET3,C2012,UM,f,UM42490,Control,0,,dead,1,1191,,,,,,,,C2012|UM42490
UM-HET3,C2012,UM,f,UM42497,Control,0,,dead,1,1029,,,,,,,,C2012|UM42497
UM-HET3,C2012,UM,f,UM42574,Control,0,,dead,1,877,,,,,,,,C2012|UM42574
UM-HET3,C2012,UM,f,UM42581,Control,0,,dead,1,1017,,,,,,,,C2012|UM42581
UM-HET3,C2012,UM,f,UM42588,Control,0,,dead,1,723,,,,,,,,C2012|UM42588
UM-HET3,C2012,UM,f,UM42595,Control,0,,dead,1,633,,,,,,,,C2012|UM42595
UM-HET3,C2012,UM,f,UM42812,Control,0,,dead,1,1232,,,,,,,,C2012|UM42812
UM-HET3,C2012,UM,f,UM42819,Control,0,,dead,1,882,,,,,,,,C2012|UM42819
UM-HET3,C2012,UM,f,UM42826,Control,0,,dead,1,742,,,,,,,,C2012|UM42826
UM-HET3,C2012,UM,f,UM42833,Control,0,,removed,0,44,,,,,,,,C2012|UM42833
UM-HET3,C2012,UM,f,UM42973,Control,0,,dead,1,793,,,,,,,,C2012|UM42973
UM-HET3,C2012,UM,f,UM42980,Control,0,,dead,1,456,,,,,,,,C2012|UM42980
UM-HET3,C2012,UM,f,UM42987,Control,0,,dead,1,773,,,,,,,,C2012|UM42987
UM-HET3,C2012,UM,f,UM42994,Control,0,,dead,1,604,,,,,,,,C2012|UM42994
UM-HET3,C2012,UM,f,UM43232,Control,0,,dead,1,711,,,,,,,,C2012|UM43232
UM-HET3,C2012,UM,f,UM43239,Control,0,,dead,1,791,,,,,,,,C2012|UM43239
UM-HET3,C2012,UM,f,UM43246,Control,0,,dead,1,719,,,,,,,,C2012|UM43246
UM-HET3,C2012,UM,f,UM43253,Control,0,,dead,1,1089,,,,,,,,C2012|UM43253
UM-HET3,C2012,UM,f,UM43260,Control,0,,dead,1,557,,,,,,,,C2012|UM43260
UM-HET3,C2012,UM,f,UM43267,Control,0,,dead,1,697,,,,,,,,C2012|UM43267
UM-HET3,C2012,UM,f,UM43274,Control,0,,dead,1,676,,,,,,,,C2012|UM43274
UM-HET3,C2012,UM,f,UM43281,Control,0,,dead,1,806,,,,,,,,C2012|UM43281
UM-HET3,C2012,UM,m,UM38815,Control,0,,dead,1,1095,,,,,,,,C2012|UM38815
UM-HET3,C2012,UM,m,UM38822,Control,0,,dead,1,239,,,,,,,,C2012|UM38822
UM-HET3,C2012,UM,m,UM38829,Control,0,,dead,1,518,,,,,,,,C2012|UM38829
UM-HET3,C2012,UM,m,UM39102,Control,0,,dead,1,960,,,,,,,,C2012|UM39102
UM-HET3,C2012,UM,m,UM39109,Control,0,,dead,1,933,,,,,,,,C2012|UM39109
UM-HET3,C2012,UM,m,UM39116,Control,0,,dead,1,1201,,,,,,,,C2012|UM39116
UM-HET3,C2012,UM,m,UM39305,Control,0,,removed,0,460,,,,,,,,C2012|UM39305
UM-HET3,C2012,UM,m,UM39312,Control,0,,removed,0,460,,,,,,,,C2012|UM39312
UM-HET3,C2012,UM,m,UM39319,Control,0,,removed,0,460,,,,,,,,C2012|UM39319
UM-HET3,C2012,UM,m,UM39347,Control,0,,dead,1,912,,,,,,,,C2012|UM39347
UM-HET3,C2012,UM,m,UM39354,Control,0,,dead,1,706,,,,,,,,C2012|UM39354
UM-HET3,C2012,UM,m,UM39361,Control,0,,dead,1,694,,,,,,,,C2012|UM39361
UM-HET3,C2012,UM,m,UM39396,Control,0,,dead,1,854,,,,,,,,C2012|UM39396
UM-HET3,C2012,UM,m,UM39403,Control,0,,dead,1,1052,,,,,,,,C2012|UM39403
UM-HET3,C2012,UM,m,UM39410,Control,0,,dead,1,915,,,,,,,,C2012|UM39410
UM-HET3,C2012,UM,m,UM39417,Control,0,,dead,1,799,,,,,,,,C2012|UM39417
UM-HET3,C2012,UM,m,UM39424,Control,0,,dead,1,898,,,,,,,,C2012|UM39424
UM-HET3,C2012,UM,m,UM39431,Control,0,,dead,1,565,,,,,,,,C2012|UM39431
UM-HET3,C2012,UM,m,UM39487,Control,0,,dead,1,841,,,,,,,,C2012|UM39487
UM-HET3,C2012,UM,m,UM39494,Control,0,,dead,1,1053,,,,,,,,C2012|UM39494
UM-HET3,C2012,UM,m,UM39501,Control,0,,dead,1,309,,,,,,,,C2012|UM39501
UM-HET3,C2012,UM,m,UM39529,Control,0,,dead,1,210,,,,,,,,C2012|UM39529
UM-HET3,C2012,UM,m,UM39536,Control,0,,dead,1,856,,,,,,,,C2012|UM39536
UM-HET3,C2012,UM,m,UM39543,Control,0,,dead,1,1114,,,,,,,,C2012|UM39543
UM-HET3,C2012,UM,m,UM39578,Control,0,,dead,1,611,,,,,,,,C2012|UM39578
UM-HET3,C2012,UM,m,UM39585,Control,0,,dead,1,728,,,,,,,,C2012|UM39585
UM-HET3,C2012,UM,m,UM39592,Control,0,,dead,1,718,,,,,,,,C2012|UM39592
UM-HET3,C2012,UM,m,UM39914,Control,0,,dead,1,776,,,,,,,,C2012|UM39914
UM-HET3,C2012,UM,m,UM39921,Control,0,,dead,1,666,,,,,,,,C2012|UM39921
UM-HET3,C2012,UM,m,UM39928,Control,0,,dead,1,849,,,,,,,,C2012|UM39928
UM-HET3,C2012,UM,m,UM40313,Control,0,,removed,0,363,,,,,,,,C2012|UM40313
UM-HET3,C2012,UM,m,UM40320,Control,0,,removed,0,363,,,,,,,,C2012|UM40320
UM-HET3,C2012,UM,m,UM40327,Control,0,,removed,0,41,,,,,,,,C2012|UM40327
UM-HET3,C2012,UM,m,UM40523,Control,0,,dead,1,520,,,,,,,,C2012|UM40523
UM-HET3,C2012,UM,m,UM40530,Control,0,,dead,1,989,,,,,,,,C2012|UM40530
UM-HET3,C2012,UM,m,UM40537,Control,0,,dead,1,491,,,,,,,,C2012|UM40537
UM-HET3,C2012,UM,m,UM40600,Control,0,,dead,1,1096,,,,,,,,C2012|UM40600
UM-HET3,C2012,UM,m,UM40607,Control,0,,dead,1,1105,,,,,,,,C2012|UM40607
UM-HET3,C2012,UM,m,UM40614,Control,0,,dead,1,784,,,,,,,,C2012|UM40614
UM-HET3,C2012,UM,m,UM40642,Control,0,,dead,1,490,,,,,,,,C2012|UM40642
UM-HET3,C2012,UM,m,UM40649,Control,0,,dead,1,964,,,,,,,,C2012|UM40649
UM-HET3,C2012,UM,m,UM40656,Control,0,,dead,1,803,,,,,,,,C2012|UM40656
UM-HET3,C2012,UM,m,UM40782,Control,0,,dead,1,977,,,,,,,,C2012|UM40782
UM-HET3,C2012,UM,m,UM40789,Control,0,,dead,1,1030,,,,,,,,C2012|UM40789
UM-HET3,C2012,UM,m,UM40796,Control,0,,dead,1,720,,,,,,,,C2012|UM40796
UM-HET3,C2012,UM,m,UM40803,Control,0,,dead,1,833,,,,,,,,C2012|UM40803
UM-HET3,C2012,UM,m,UM40810,Control,0,,dead,1,907,,,,,,,,C2012|UM40810
UM-HET3,C2012,UM,m,UM40817,Control,0,,dead,1,980,,,,,,,,C2012|UM40817
UM-HET3,C2012,UM,m,UM40901,Control,0,,dead,1,849,,,,,,,,C2012|UM40901
UM-HET3,C2012,UM,m,UM40908,Control,0,,dead,1,803,,,,,,,,C2012|UM40908
UM-HET3,C2012,UM,m,UM40915,Control,0,,dead,1,891,,,,,,,,C2012|UM40915
UM-HET3,C2012,UM,m,UM41069,Control,0,,dead,1,1028,,,,,,,,C2012|UM41069
UM-HET3,C2012,UM,m,UM41076,Control,0,,dead,1,1140,,,,,,,,C2012|UM41076
UM-HET3,C2012,UM,m,UM41083,Control,0,,dead,1,870,,,,,,,,C2012|UM41083
UM-HET3,C2012,UM,m,UM41244,Control,0,,removed,0,358,,,,,,,,C2012|UM41244
UM-HET3,C2012,UM,m,UM41251,Control,0,,removed,0,358,,,,,,,,C2012|UM41251
UM-HET3,C2012,UM,m,UM41258,Control,0,,removed,0,358,,,,,,,,C2012|UM41258
UM-HET3,C2012,UM,m,UM41461,Control,0,,dead,1,1047,,,,,,,,C2012|UM41461
UM-HET3,C2012,UM,m,UM41468,Control,0,,dead,1,894,,,,,,,,C2012|UM41468
UM-HET3,C2012,UM,m,UM41475,Control,0,,dead,1,1144,,,,,,,,C2012|UM41475
UM-HET3,C2012,UM,m,UM41482,Control,0,,dead,1,832,,,,,,,,C2012|UM41482
UM-HET3,C2012,UM,m,UM41489,Control,0,,dead,1,658,,,,,,,,C2012|UM41489
UM-HET3,C2012,UM,m,UM41496,Control,0,,dead,1,571,,,,,,,,C2012|UM41496
UM-HET3,C2012,UM,m,UM41524,Control,0,,dead,1,924,,,,,,,,C2012|UM41524
UM-HET3,C2012,UM,m,UM41531,Control,0,,dead,1,744,,,,,,,,C2012|UM41531
UM-HET3,C2012,UM,m,UM41538,Control,0,,dead,1,664,,,,,,,,C2012|UM41538
UM-HET3,C2012,UM,m,UM41622,Control,0,,dead,1,1016,,,,,,,,C2012|UM41622
UM-HET3,C2012,UM,m,UM41629,Control,0,,dead,1,688,,,,,,,,C2012|UM41629
UM-HET3,C2012,UM,m,UM41636,Control,0,,dead,1,494,,,,,,,,C2012|UM41636
UM-HET3,C2012,UM,m,UM41685,Control,0,,dead,1,1204,,,,,,,,C2012|UM41685
UM-HET3,C2012,UM,m,UM41692,Control,0,,dead,1,705,,,,,,,,C2012|UM41692
UM-HET3,C2012,UM,m,UM41699,Control,0,,dead,1,874,,,,,,,,C2012|UM41699
UM-HET3,C2012,UM,m,UM42238,Control,0,,dead,1,1002,,,,,,,,C2012|UM42238
UM-HET3,C2012,UM,m,UM42245,Control,0,,dead,1,544,,,,,,,,C2012|UM42245
UM-HET3,C2012,UM,m,UM42252,Control,0,,dead,1,964,,,,,,,,C2012|UM42252
UM-HET3,C2012,UM,m,UM42378,Control,0,,dead,1,760,,,,,,,,C2012|UM42378
UM-HET3,C2012,UM,m,UM42385,Control,0,,dead,1,1156,,,,,,,,C2012|UM42385
UM-HET3,C2012,UM,m,UM42392,Control,0,,dead,1,1108,,,,,,,,C2012|UM42392
UM-HET3,C2012,UM,m,UM42427,Control,0,,dead,1,689,,,,,,,,C2012|UM42427
UM-HET3,C2012,UM,m,UM42434,Control,0,,dead,1,1055,,,,,,,,C2012|UM42434
UM-HET3,C2012,UM,m,UM42441,Control,0,,dead,1,1140,,,,,,,,C2012|UM42441
UM-HET3,C2012,UM,m,UM42721,Control,0,,removed,0,453,,,,,,,,C2012|UM42721
UM-HET3,C2012,UM,m,UM42728,Control,0,,removed,0,453,,,,,,,,C2012|UM42728
UM-HET3,C2012,UM,m,UM42735,Control,0,,removed,0,453,,,,,,,,C2012|UM42735
UM-HET3,C2012,UM,m,UM42742,Control,0,,dead,1,722,,,,,,,,C2012|UM42742
UM-HET3,C2012,UM,m,UM42749,Control,0,,dead,1,911,,,,,,,,C2012|UM42749
UM-HET3,C2012,UM,m,UM42756,Control,0,,dead,1,1006,,,,,,,,C2012|UM42756
UM-HET3,C2012,UM,m,UM42840,Control,0,,dead,1,1095,,,,,,,,C2012|UM42840
UM-HET3,C2012,UM,m,UM42847,Control,0,,dead,1,808,,,,,,,,C2012|UM42847
UM-HET3,C2012,UM,m,UM42854,Control,0,,dead,1,817,,,,,,,,C2012|UM42854
UM-HET3,C2012,UM,m,UM42882,Control,0,,dead,1,1090,,,,,,,,C2012|UM42882
UM-HET3,C2012,UM,m,UM42889,Control,0,,dead,1,916,,,,,,,,C2012|UM42889
UM-HET3,C2012,UM,m,UM42896,Control,0,,dead,1,1120,,,,,,,,C2012|UM42896
UM-HET3,C2012,UM,m,UM43029,Control,0,,removed,0,347,,,,,,,,C2012|UM43029
UM-HET3,C2012,UM,m,UM43036,Control,0,,removed,0,347,,,,,,,,C2012|UM43036
UM-HET3,C2012,UM,m,UM43043,Control,0,,removed,0,347,,,,,,,,C2012|UM43043
UM-HET3,C2012,UM,m,UM43099,Control,0,,dead,1,934,,,,,,,,C2012|UM43099
UM-HET3,C2012,UM,m,UM43106,Control,0,,dead,1,1111,,,,,,,,C2012|UM43106
UM-HET3,C2012,UM,m,UM43113,Control,0,,dead,1,838,,,,,,,,C2012|UM43113
UM-HET3,C2012,UT,f,UT05549,Control,0,,dead,1,1098,,,,,,,,C2012|UT05549
UM-HET3,C2012,UT,f,UT05550,Control,0,,dead,1,655,,,,,,,,C2012|UT05550
UM-HET3,C2012,UT,f,UT05551,Control,0,,dead,1,938,,,,,,,,C2012|UT05551
UM-HET3,C2012,UT,f,UT05552,Control,0,,dead,1,957,,,,,,,,C2012|UT05552
UM-HET3,C2012,UT,f,UT05634,Control,0,,dead,1,1076,,,,,,,,C2012|UT05634
UM-HET3,C2012,UT,f,UT05635,Control,0,,dead,1,1027,,,,,,,,C2012|UT05635
UM-HET3,C2012,UT,f,UT05636,Control,0,,dead,1,986,,,,,,,,C2012|UT05636
UM-HET3,C2012,UT,f,UT05637,Control,0,,dead,1,880,,,,,,,,C2012|UT05637
UM-HET3,C2012,UT,f,UT05661,Control,0,,removed,0,144,,,,,,,,C2012|UT05661
UM-HET3,C2012,UT,f,UT05662,Control,0,,dead,1,143,,,,,,,,C2012|UT05662
UM-HET3,C2012,UT,f,UT05663,Control,0,,removed,0,144,,,,,,,,C2012|UT05663
UM-HET3,C2012,UT,f,UT05664,Control,0,,removed,0,144,,,,,,,,C2012|UT05664
UM-HET3,C2012,UT,f,UT05668,Control,0,,dead,1,794,,,,,,,,C2012|UT05668
UM-HET3,C2012,UT,f,UT05669,Control,0,,dead,1,743,,,,,,,,C2012|UT05669
UM-HET3,C2012,UT,f,UT05670,Control,0,,dead,1,880,,,,,,,,C2012|UT05670
UM-HET3,C2012,UT,f,UT05671,Control,0,,dead,1,883,,,,,,,,C2012|UT05671
UM-HET3,C2012,UT,f,UT05672,Control,0,,dead,1,717,,,,,,,,C2012|UT05672
UM-HET3,C2012,UT,f,UT05673,Control,0,,dead,1,555,,,,,,,,C2012|UT05673
UM-HET3,C2012,UT,f,UT05674,Control,0,,dead,1,925,,,,,,,,C2012|UT05674
UM-HET3,C2012,UT,f,UT05675,Control,0,,dead,1,785,,,,,,,,C2012|UT05675
UM-HET3,C2012,UT,f,UT05696,Control,0,,dead,1,871,,,,,,,,C2012|UT05696
UM-HET3,C2012,UT,f,UT05697,Control,0,,dead,1,1031,,,,,,,,C2012|UT05697
UM-HET3,C2012,UT,f,UT05698,Control,0,,dead,1,879,,,,,,,,C2012|UT05698
UM-HET3,C2012,UT,f,UT05699,Control,0,,dead,1,1115,,,,,,,,C2012|UT05699
UM-HET3,C2012,UT,f,UT05749,Control,0,,dead,1,518,,,,,,,,C2012|UT05749
UM-HET3,C2012,UT,f,UT05750,Control,0,,dead,1,964,,,,,,,,C2012|UT05750
UM-HET3,C2012,UT,f,UT05751,Control,0,,dead,1,967,,,,,,,,C2012|UT05751
UM-HET3,C2012,UT,f,UT05752,Control,0,,dead,1,999,,,,,,,,C2012|UT05752
UM-HET3,C2012,UT,f,UT05760,Control,0,,dead,1,837,,,,,,,,C2012|UT05760
UM-HET3,C2012,UT,f,UT05761,Control,0,,dead,1,785,,,,,,,,C2012|UT05761
UM-HET3,C2012,UT,f,UT05762,Control,0,,dead,1,801,,,,,,,,C2012|UT05762
UM-HET3,C2012,UT,f,UT05763,Control,0,,dead,1,646,,,,,,,,C2012|UT05763
UM-HET3,C2012,UT,f,UT05773,Control,0,,dead,1,492,,,,,,,,C2012|UT05773
UM-HET3,C2012,UT,f,UT05774,Control,0,,dead,1,770,,,,,,,,C2012|UT05774
UM-HET3,C2012,UT,f,UT05775,Control,0,,dead,1,462,,,,,,,,C2012|UT05775
UM-HET3,C2012,UT,f,UT05776,Control,0,,dead,1,1009,,,,,,,,C2012|UT05776
UM-HET3,C2012,UT,f,UT05780,Control,0,,dead,1,879,,,,,,,,C2012|UT05780
UM-HET3,C2012,UT,f,UT05781,Control,0,,dead,1,897,,,,,,,,C2012|UT05781
UM-HET3,C2012,UT,f,UT05782,Control,0,,dead,1,660,,,,,,,,C2012|UT05782
UM-HET3,C2012,UT,f,UT05783,Control,0,,dead,1,870,,,,,,,,C2012|UT05783
UM-HET3,C2012,UT,f,UT05821,Control,0,,dead,1,694,,,,,,,,C2012|UT05821
UM-HET3,C2012,UT,f,UT05822,Control,0,,dead,1,1116,,,,,,,,C2012|UT05822
UM-HET3,C2012,UT,f,UT05823,Control,0,,dead,1,734,,,,,,,,C2012|UT05823
UM-HET3,C2012,UT,f,UT05824,Control,0,,dead,1,1104,,,,,,,,C2012|UT05824
UM-HET3,C2012,UT,f,UT05850,Control,0,,dead,1,600,,,,,,,,C2012|UT05850
UM-HET3,C2012,UT,f,UT05851,Control,0,,dead,1,1163,,,,,,,,C2012|UT05851
UM-HET3,C2012,UT,f,UT05852,Control,0,,dead,1,1010,,,,,,,,C2012|UT05852
UM-HET3,C2012,UT,f,UT05853,Control,0,,dead,1,700,,,,,,,,C2012|UT05853
UM-HET3,C2012,UT,f,UT05895,Control,0,,dead,1,927,,,,,,,,C2012|UT05895
UM-HET3,C2012,UT,f,UT05896,Control,0,,dead,1,871,,,,,,,,C2012|UT05896
UM-HET3,C2012,UT,f,UT05897,Control,0,,dead,1,774,,,,,,,,C2012|UT05897
UM-HET3,C2012,UT,f,UT05898,Control,0,,dead,1,730,,,,,,,,C2012|UT05898
UM-HET3,C2012,UT,f,UT05902,Control,0,,dead,1,927,,,,,,,,C2012|UT05902
UM-HET3,C2012,UT,f,UT05903,Control,0,,dead,1,738,,,,,,,,C2012|UT05903
UM-HET3,C2012,UT,f,UT05904,Control,0,,dead,1,1102,,,,,,,,C2012|UT05904
UM-HET3,C2012,UT,f,UT05905,Control,0,,dead,1,749,,,,,,,,C2012|UT05905
UM-HET3,C2012,UT,f,UT05909,Control,0,,dead,1,634,,,,,,,,C2012|UT05909
UM-HET3,C2012,UT,f,UT05910,Control,0,,dead,1,819,,,,,,,,C2012|UT05910
UM-HET3,C2012,UT,f,UT05911,Control,0,,dead,1,1198,,,,,,,,C2012|UT05911
UM-HET3,C2012,UT,f,UT05912,Control,0,,dead,1,758,,,,,,,,C2012|UT05912
UM-HET3,C2012,UT,f,UT05916,Control,0,,dead,1,832,,,,,,,,C2012|UT05916
UM-HET3,C2012,UT,f,UT05917,Control,0,,dead,1,859,,,,,,,,C2012|UT05917
UM-HET3,C2012,UT,f,UT05918,Control,0,,dead,1,602,,,,,,,,C2012|UT05918
UM-HET3,C2012,UT,f,UT05919,Control,0,,dead,1,976,,,,,,,,C2012|UT05919
UM-HET3,C2012,UT,f,UT05950,Control,0,,dead,1,485,,,,,,,,C2012|UT05950
UM-HET3,C2012,UT,f,UT05951,Control,0,,dead,1,950,,,,,,,,C2012|UT05951
UM-HET3,C2012,UT,f,UT05952,Control,0,,dead,1,1078,,,,,,,,C2012|UT05952
UM-HET3,C2012,UT,f,UT05953,Control,0,,dead,1,1008,,,,,,,,C2012|UT05953
UM-HET3,C2012,UT,f,UT05978,Control,0,,dead,1,1067,,,,,,,,C2012|UT05978
UM-HET3,C2012,UT,f,UT05979,Control,0,,dead,1,742,,,,,,,,C2012|UT05979
UM-HET3,C2012,UT,f,UT05980,Control,0,,dead,1,812,,,,,,,,C2012|UT05980
UM-HET3,C2012,UT,f,UT05981,Control,0,,dead,1,1179,,,,,,,,C2012|UT05981
UM-HET3,C2012,UT,f,UT06015,Control,0,,dead,1,919,,,,,,,,C2012|UT06015
UM-HET3,C2012,UT,f,UT06016,Control,0,,dead,1,678,,,,,,,,C2012|UT06016
UM-HET3,C2012,UT,f,UT06017,Control,0,,dead,1,1164,,,,,,,,C2012|UT06017
UM-HET3,C2012,UT,f,UT06018,Control,0,,dead,1,1163,,,,,,,,C2012|UT06018
UM-HET3,C2012,UT,f,UT06055,Control,0,,dead,1,1224,,,,,,,,C2012|UT06055
UM-HET3,C2012,UT,f,UT06056,Control,0,,dead,1,558,,,,,,,,C2012|UT06056
UM-HET3,C2012,UT,f,UT06057,Control,0,,dead,1,985,,,,,,,,C2012|UT06057
UM-HET3,C2012,UT,f,UT06058,Control,0,,dead,1,906,,,,,,,,C2012|UT06058
UM-HET3,C2012,UT,f,UT06079,Control,0,,dead,1,674,,,,,,,,C2012|UT06079
UM-HET3,C2012,UT,f,UT06080,Control,0,,dead,1,620,,,,,,,,C2012|UT06080
UM-HET3,C2012,UT,f,UT06081,Control,0,,dead,1,1255,,,,,,,,C2012|UT06081
UM-HET3,C2012,UT,f,UT06082,Control,0,,dead,1,800,,,,,,,,C2012|UT06082
UM-HET3,C2012,UT,f,UT06090,Control,0,,dead,1,1131,,,,,,,,C2012|UT06090
UM-HET3,C2012,UT,f,UT06091,Control,0,,dead,1,812,,,,,,,,C2012|UT06091
UM-HET3,C2012,UT,f,UT06092,Control,0,,dead,1,1199,,,,,,,,C2012|UT06092
UM-HET3,C2012,UT,f,UT06093,Control,0,,dead,1,611,,,,,,,,C2012|UT06093
UM-HET3,C2012,UT,f,UT06158,Control,0,,dead,1,844,,,,,,,,C2012|UT06158
UM-HET3,C2012,UT,f,UT06159,Control,0,,dead,1,1096,,,,,,,,C2012|UT06159
UM-HET3,C2012,UT,f,UT06160,Control,0,,dead,1,966,,,,,,,,C2012|UT06160
UM-HET3,C2012,UT,f,UT06161,Control,0,,dead,1,1068,,,,,,,,C2012|UT06161
UM-HET3,C2012,UT,f,UT06196,Control,0,,dead,1,877,,,,,,,,C2012|UT06196
UM-HET3,C2012,UT,f,UT06197,Control,0,,dead,1,620,,,,,,,,C2012|UT06197
UM-HET3,C2012,UT,f,UT06198,Control,0,,dead,1,852,,,,,,,,C2012|UT06198
UM-HET3,C2012,UT,f,UT06199,Control,0,,dead,1,873,,,,,,,,C2012|UT06199
UM-HET3,C2012,UT,m,UT05546,Control,0,,dead,1,873,,,,,,,,C2012|UT05546
UM-HET3,C2012,UT,m,UT05547,Control,0,,dead,1,1200,,,,,,,,C2012|UT05547
UM-HET3,C2012,UT,m,UT05548,Control,0,,dead,1,570,,,,,,,,C2012|UT05548
UM-HET3,C2012,UT,m,UT05560,Control,0,,dead,1,1095,,,,,,,,C2012|UT05560
UM-HET3,C2012,UT,m,UT05561,Control,0,,dead,1,737,,,,,,,,C2012|UT05561
UM-HET3,C2012,UT,m,UT05562,Control,0,,dead,1,632,,,,,,,,C2012|UT05562
UM-HET3,C2012,UT,m,UT05631,Control,0,,dead,1,254,,,,,,,,C2012|UT05631
UM-HET3,C2012,UT,m,UT05632,Control,0,,dead,1,852,,,,,,,,C2012|UT05632
UM-HET3,C2012,UT,m,UT05633,Control,0,,dead,1,634,,,,,,,,C2012|UT05633
UM-HET3,C2012,UT,m,UT05638,Control,0,,dead,1,867,,,,,,,,C2012|UT05638
UM-HET3,C2012,UT,m,UT05639,Control,0,,dead,1,784,,,,,,,,C2012|UT05639
UM-HET3,C2012,UT,m,UT05640,Control,0,,dead,1,816,,,,,,,,C2012|UT05640
UM-HET3,C2012,UT,m,UT05645,Control,0,,dead,1,929,,,,,,,,C2012|UT05645
UM-HET3,C2012,UT,m,UT05646,Control,0,,dead,1,758,,,,,,,,C2012|UT05646
UM-HET3,C2012,UT,m,UT05647,Control,0,,dead,1,787,,,,,,,,C2012|UT05647
UM-HET3,C2012,UT,m,UT05690,Control,0,,dead,1,577,,,,,,,,C2012|UT05690
UM-HET3,C2012,UT,m,UT05691,Control,0,,dead,1,578,,,,,,,,C2012|UT05691
UM-HET3,C2012,UT,m,UT05692,Control,0,,dead,1,578,,,,,,,,C2012|UT05692
UM-HET3,C2012,UT,m,UT05700,Control,0,,dead,1,937,,,,,,,,C2012|UT05700
UM-HET3,C2012,UT,m,UT05701,Control,0,,dead,1,1001,,,,,,,,C2012|UT05701
UM-HET3,C2012,UT,m,UT05702,Control,0,,dead,1,953,,,,,,,,C2012|UT05702
UM-HET3,C2012,UT,m,UT05729,Control,0,,dead,1,934,,,,,,,,C2012|UT05729
UM-HET3,C2012,UT,m,UT05730,Control,0,,dead,1,585,,,,,,,,C2012|UT05730
UM-HET3,C2012,UT,m,UT05731,Control,0,,dead,1,452,,,,,,,,C2012|UT05731
UM-HET3,C2012,UT,m,UT05753,Control,0,,dead,1,364,,,,,,,,C2012|UT05753
UM-HET3,C2012,UT,m,UT05754,Control,0,,dead,1,333,,,,,,,,C2012|UT05754
UM-HET3,C2012,UT,m,UT05755,Control,0,,dead,1,1003,,,,,,,,C2012|UT05755
UM-HET3,C2012,UT,m,UT05767,Control,0,,dead,1,814,,,,,,,,C2012|UT05767
UM-HET3,C2012,UT,m,UT05768,Control,0,,dead,1,442,,,,,,,,C2012|UT05768
UM-HET3,C2012,UT,m,UT05769,Control,0,,dead,1,802,,,,,,,,C2012|UT05769
UM-HET3,C2012,UT,m,UT05784,Control,0,,dead,1,263,,,,,,,,C2012|UT05784
UM-HET3,C2012,UT,m,UT05785,Control,0,,dead,1,994,,,,,,,,C2012|UT05785
UM-HET3,C2012,UT,m,UT05786,Control,0,,dead,1,1163,,,,,,,,C2012|UT05786
UM-HET3,C2012,UT,m,UT05818,Control,0,,dead,1,751,,,,,,,,C2012|UT05818
UM-HET3,C2012,UT,m,UT05819,Control,0,,dead,1,642,,,,,,,,C2012|UT05819
UM-HET3,C2012,UT,m,UT05820,Control,0,,dead,1,366,,,,,,,,C2012|UT05820
UM-HET3,C2012,UT,m,UT05828,Control,0,,dead,1,313,,,,,,,,C2012|UT05828
UM-HET3,C2012,UT,m,UT05829,Control,0,,dead,1,423,,,,,,,,C2012|UT05829
UM-HET3,C2012,UT,m,UT05830,Control,0,,dead,1,593,,,,,,,,C2012|UT05830
UM-HET3,C2012,UT,m,UT05831,Control,0,,dead,1,726,,,,,,,,C2012|UT05831
UM-HET3,C2012,UT,m,UT05832,Control,0,,dead,1,573,,,,,,,,C2012|UT05832
UM-HET3,C2012,UT,m,UT05833,Control,0,,dead,1,852,,,,,,,,C2012|UT05833
UM-HET3,C2012,UT,m,UT05858,Control,0,,dead,1,562,,,,,,,,C2012|UT05858
UM-HET3,C2012,UT,m,UT05859,Control,0,,dead,1,653,,,,,,,,C2012|UT05859
UM-HET3,C2012,UT,m,UT05860,Control,0,,dead,1,850,,,,,,,,C2012|UT05860
UM-HET3,C2012,UT,m,UT05875,Control,0,,dead,1,399,,,,,,,,C2012|UT05875
UM-HET3,C2012,UT,m,UT05876,Control,0,,dead,1,783,,,,,,,,C2012|UT05876
UM-HET3,C2012,UT,m,UT05877,Control,0,,dead,1,639,,,,,,,,C2012|UT05877
UM-HET3,C2012,UT,m,UT05899,Control,0,,dead,1,1260,,,,,,,,C2012|UT05899
UM-HET3,C2012,UT,m,UT05900,Control,0,,dead,1,515,,,,,,,,C2012|UT05900
UM-HET3,C2012,UT,m,UT05901,Control,0,,dead,1,815,,,,,,,,C2012|UT05901
UM-HET3,C2012,UT,m,UT05906,Control,0,,dead,1,1215,,,,,,,,C2012|UT05906
UM-HET3,C2012,UT,m,UT05907,Control,0,,dead,1,485,,,,,,,,C2012|UT05907
UM-HET3,C2012,UT,m,UT05908,Control,0,,dead,1,936,,,,,,,,C2012|UT05908
UM-HET3,C2012,UT,m,UT05924,Control,0,,dead,1,316,,,,,,,,C2012|UT05924
UM-HET3,C2012,UT,m,UT05925,Control,0,,dead,1,444,,,,,,,,C2012|UT05925
UM-HET3,C2012,UT,m,UT05926,Control,0,,dead,1,891,,,,,,,,C2012|UT05926
UM-HET3,C2012,UT,m,UT05944,Control,0,,dead,1,962,,,,,,,,C2012|UT05944
UM-HET3,C2012,UT,m,UT05945,Control,0,,dead,1,813,,,,,,,,C2012|UT05945
UM-HET3,C2012,UT,m,UT05946,Control,0,,dead,1,832,,,,,,,,C2012|UT05946
UM-HET3,C2012,UT,m,UT05975,Control,0,,dead,1,224,,,,,,,,C2012|UT05975
UM-HET3,C2012,UT,m,UT05976,Control,0,,dead,1,827,,,,,,,,C2012|UT05976
UM-HET3,C2012,UT,m,UT05977,Control,0,,dead,1,791,,,,,,,,C2012|UT05977
UM-HET3,C2012,UT,m,UT05982,Control,0,,dead,1,1163,,,,,,,,C2012|UT05982
UM-HET3,C2012,UT,m,UT05983,Control,0,,dead,1,325,,,,,,,,C2012|UT05983
UM-HET3,C2012,UT,m,UT05984,Control,0,,dead,1,943,,,,,,,,C2012|UT05984
UM-HET3,C2012,UT,m,UT05995,Control,0,,dead,1,394,,,,,,,,C2012|UT05995
UM-HET3,C2012,UT,m,UT05996,Control,0,,dead,1,886,,,,,,,,C2012|UT05996
UM-HET3,C2012,UT,m,UT05997,Control,0,,dead,1,955,,,,,,,,C2012|UT05997
UM-HET3,C2012,UT,m,UT06002,Control,0,,dead,1,696,,,,,,,,C2012|UT06002
UM-HET3,C2012,UT,m,UT06003,Control,0,,dead,1,990,,,,,,,,C2012|UT06003
UM-HET3,C2012,UT,m,UT06004,Control,0,,dead,1,685,,,,,,,,C2012|UT06004
UM-HET3,C2012,UT,m,UT06023,Control,0,,dead,1,632,,,,,,,,C2012|UT06023
UM-HET3,C2012,UT,m,UT06024,Control,0,,dead,1,802,,,,,,,,C2012|UT06024
UM-HET3,C2012,UT,m,UT06025,Control,0,,dead,1,770,,,,,,,,C2012|UT06025
UM-HET3,C2012,UT,m,UT06033,Control,0,,dead,1,678,,,,,,,,C2012|UT06033
UM-HET3,C2012,UT,m,UT06034,Control,0,,dead,1,600,,,,,,,,C2012|UT06034
UM-HET3,C2012,UT,m,UT06035,Control,0,,dead,1,789,,,,,,,,C2012|UT06035
UM-HET3,C2012,UT,m,UT06063,Control,0,,dead,1,596,,,,,,,,C2012|UT06063
UM-HET3,C2012,UT,m,UT06064,Control,0,,dead,1,325,,,,,,,,C2012|UT06064
UM-HET3,C2012,UT,m,UT06065,Control,0,,dead,1,839,,,,,,,,C2012|UT06065
UM-HET3,C2012,UT,m,UT06073,Control,0,,dead,1,617,,,,,,,,C2012|UT06073
UM-HET3,C2012,UT,m,UT06074,Control,0,,dead,1,648,,,,,,,,C2012|UT06074
UM-HET3,C2012,UT,m,UT06075,Control,0,,dead,1,610,,,,,,,,C2012|UT06075
UM-HET3,C2012,UT,m,UT06115,Control,0,,dead,1,984,,,,,,,,C2012|UT06115
UM-HET3,C2012,UT,m,UT06116,Control,0,,dead,1,716,,,,,,,,C2012|UT06116
UM-HET3,C2012,UT,m,UT06117,Control,0,,dead,1,814,,,,,,,,C2012|UT06117
UM-HET3,C2012,UT,m,UT06148,Control,0,,dead,1,983,,,,,,,,C2012|UT06148
UM-HET3,C2012,UT,m,UT06149,Control,0,,dead,1,255,,,,,,,,C2012|UT06149
UM-HET3,C2012,UT,m,UT06150,Control,0,,dead,1,308,,,,,,,,C2012|UT06150
UM-HET3,C2012,UT,m,UT06176,Control,0,,dead,1,512,,,,,,,,C2012|UT06176
UM-HET3,C2012,UT,m,UT06177,Control,0,,dead,1,975,,,,,,,,C2012|UT06177
UM-HET3,C2012,UT,m,UT06178,Control,0,,dead,1,856,,,,,,,,C2012|UT06178
UM-HET3,C2012,UT,m,UT06185,Control,0,,dead,1,822,,,,,,,,C2012|UT06185
UM-HET3,C2012,UT,m,UT06186,Control,0,,dead,1,1120,,,,,,,,C2012|UT06186
UM-HET3,C2012,UT,m,UT06187,Control,0,,dead,1,741,,,,,,,,C2012|UT06187
UM-HET3,C2012,UT,m,UT06203,Control,0,,dead,1,965,,,,,,,,C2012|UT06203
UM-HET3,C2012,UT,m,UT06204,Control,0,,dead,1,737,,,,,,,,C2012|UT06204
UM-HET3,C2012,UT,m,UT06205,Control,0,,dead,1,597,,,,,,,,C2012|UT06205
UM-HET3,C2013,TJL,f,JL010009,Control,0,,dead,1,918,,,,,,,,C2013|JL010009
UM-HET3,C2013,TJL,f,JL010010,Control,0,,dead,1,785,,,,,,,,C2013|JL010010
UM-HET3,C2013,TJL,f,JL010011,Control,0,,dead,1,840,,,,,,,,C2013|JL010011
UM-HET3,C2013,TJL,f,JL010012,Control,0,,dead,1,675,,,,,,,,C2013|JL010012
UM-HET3,C2013,TJL,f,JL010022,Control,0,,dead,1,572,,,,,,,,C2013|JL010022
UM-HET3,C2013,TJL,f,JL010023,Control,0,,dead,1,650,,,,,,,,C2013|JL010023
UM-HET3,C2013,TJL,f,JL010024,Control,0,,dead,1,850,,,,,,,,C2013|JL010024
UM-HET3,C2013,TJL,f,JL010025,Control,0,,dead,1,922,,,,,,,,C2013|JL010025
UM-HET3,C2013,TJL,f,JL010030,Control,0,,dead,1,901,,,,,,,,C2013|JL010030
UM-HET3,C2013,TJL,f,JL010031,Control,0,,dead,1,888,,,,,,,,C2013|JL010031
UM-HET3,C2013,TJL,f,JL010032,Control,0,,dead,1,1076,,,,,,,,C2013|JL010032
UM-HET3,C2013,TJL,f,JL010033,Control,0,,dead,1,866,,,,,,,,C2013|JL010033
UM-HET3,C2013,TJL,f,JL010034,Control,0,,dead,1,845,,,,,,,,C2013|JL010034
UM-HET3,C2013,TJL,f,JL010035,Control,0,,dead,1,670,,,,,,,,C2013|JL010035
UM-HET3,C2013,TJL,f,JL010036,Control,0,,dead,1,1062,,,,,,,,C2013|JL010036
UM-HET3,C2013,TJL,f,JL010037,Control,0,,dead,1,922,,,,,,,,C2013|JL010037
UM-HET3,C2013,TJL,f,JL010155,Control,0,,dead,1,796,,,,,,,,C2013|JL010155
UM-HET3,C2013,TJL,f,JL010156,Control,0,,dead,1,969,,,,,,,,C2013|JL010156
UM-HET3,C2013,TJL,f,JL010157,Control,0,,dead,1,969,,,,,,,,C2013|JL010157
UM-HET3,C2013,TJL,f,JL010158,Control,0,,dead,1,656,,,,,,,,C2013|JL010158
UM-HET3,C2013,TJL,f,JL010159,Control,0,,dead,1,1048,,,,,,,,C2013|JL010159
UM-HET3,C2013,TJL,f,JL010160,Control,0,,dead,1,634,,,,,,,,C2013|JL010160
UM-HET3,C2013,TJL,f,JL010161,Control,0,,dead,1,970,,,,,,,,C2013|JL010161
UM-HET3,C2013,TJL,f,JL010162,Control,0,,dead,1,734,,,,,,,,C2013|JL010162
UM-HET3,C2013,TJL,f,JL010211,Control,0,,dead,1,1023,,,,,,,,C2013|JL010211
UM-HET3,C2013,TJL,f,JL010212,Control,0,,dead,1,456,,,,,,,,C2013|JL010212
UM-HET3,C2013,TJL,f,JL010213,Control,0,,dead,1,904,,,,,,,,C2013|JL010213
UM-HET3,C2013,TJL,f,JL010214,Control,0,,dead,1,1016,,,,,,,,C2013|JL010214
UM-HET3,C2013,TJL,f,JL010252,Control,0,,dead,1,811,,,,,,,,C2013|JL010252
UM-HET3,C2013,TJL,f,JL010253,Control,0,,dead,1,901,,,,,,,,C2013|JL010253
UM-HET3,C2013,TJL,f,JL010254,Control,0,,dead,1,1048,,,,,,,,C2013|JL010254
UM-HET3,C2013,TJL,f,JL010255,Control,0,,dead,1,664,,,,,,,,C2013|JL010255
UM-HET3,C2013,TJL,f,JL010256,Control,0,,dead,1,964,,,,,,,,C2013|JL010256
UM-HET3,C2013,TJL,f,JL010257,Control,0,,dead,1,937,,,,,,,,C2013|JL010257
UM-HET3,C2013,TJL,f,JL010258,Control,0,,dead,1,1118,,,,,,,,C2013|JL010258
UM-HET3,C2013,TJL,f,JL010259,Control,0,,dead,1,782,,,,,,,,C2013|JL010259
UM-HET3,C2013,TJL,f,JL010272,Control,0,,dead,1,1121,,,,,,,,C2013|JL010272
UM-HET3,C2013,TJL,f,JL010273,Control,0,,dead,1,786,,,,,,,,C2013|JL010273
UM-HET3,C2013,TJL,f,JL010274,Control,0,,dead,1,933,,,,,,,,C2013|JL010274
UM-HET3,C2013,TJL,f,JL010275,Control,0,,dead,1,827,,,,,,,,C2013|JL010275
UM-HET3,C2013,TJL,f,JL010280,Control,0,,dead,1,743,,,,,,,,C2013|JL010280
UM-HET3,C2013,TJL,f,JL010281,Control,0,,dead,1,1204,,,,,,,,C2013|JL010281
UM-HET3,C2013,TJL,f,JL010282,Control,0,,dead,1,1000,,,,,,,,C2013|JL010282
UM-HET3,C2013,TJL,f,JL010283,Control,0,,dead,1,960,,,,,,,,C2013|JL010283
UM-HET3,C2013,TJL,f,JL010301,Control,0,,dead,1,793,,,,,,,,C2013|JL010301
UM-HET3,C2013,TJL,f,JL010302,Control,0,,dead,1,1142,,,,,,,,C2013|JL010302
UM-HET3,C2013,TJL,f,JL010303,Control,0,,dead,1,966,,,,,,,,C2013|JL010303
UM-HET3,C2013,TJL,f,JL010304,Control,0,,dead,1,778,,,,,,,,C2013|JL010304
UM-HET3,C2013,TJL,f,JL010305,Control,0,,dead,1,631,,,,,,,,C2013|JL010305
UM-HET3,C2013,TJL,f,JL010306,Control,0,,dead,1,580,,,,,,,,C2013|JL010306
UM-HET3,C2013,TJL,f,JL010307,Control,0,,dead,1,891,,,,,,,,C2013|JL010307
UM-HET3,C2013,TJL,f,JL010308,Control,0,,dead,1,937,,,,,,,,C2013|JL010308
UM-HET3,C2013,TJL,f,JL010358,Control,0,,dead,1,1263,,,,,,,,C2013|JL010358
UM-HET3,C2013,TJL,f,JL010359,Control,0,,dead,1,1210,,,,,,,,C2013|JL010359
UM-HET3,C2013,TJL,f,JL010360,Control,0,,dead,1,946,,,,,,,,C2013|JL010360
UM-HET3,C2013,TJL,f,JL010361,Control,0,,dead,1,820,,,,,,,,C2013|JL010361
UM-HET3,C2013,TJL,f,JL010391,Control,0,,dead,1,370,,,,,,,,C2013|JL010391
UM-HET3,C2013,TJL,f,JL010392,Control,0,,dead,1,837,,,,,,,,C2013|JL010392
UM-HET3,C2013,TJL,f,JL010393,Control,0,,dead,1,532,,,,,,,,C2013|JL010393
UM-HET3,C2013,TJL,f,JL010394,Control,0,,dead,1,1134,,,,,,,,C2013|JL010394
UM-HET3,C2013,TJL,f,JL010439,Control,0,,dead,1,1009,,,,,,,,C2013|JL010439
UM-HET3,C2013,TJL,f,JL010440,Control,0,,dead,1,1161,,,,,,,,C2013|JL010440
UM-HET3,C2013,TJL,f,JL010441,Control,0,,dead,1,1001,,,,,,,,C2013|JL010441
UM-HET3,C2013,TJL,f,JL010442,Control,0,,dead,1,843,,,,,,,,C2013|JL010442
UM-HET3,C2013,TJL,f,JL010456,Control,0,,dead,1,900,,,,,,,,C2013|JL010456
UM-HET3,C2013,TJL,f,JL010457,Control,0,,dead,1,1104,,,,,,,,C2013|JL010457
UM-HET3,C2013,TJL,f,JL010458,Control,0,,dead,1,950,,,,,,,,C2013|JL010458
UM-HET3,C2013,TJL,f,JL010459,Control,0,,dead,1,768,,,,,,,,C2013|JL010459
UM-HET3,C2013,TJL,f,JL010504,Control,0,,dead,1,966,,,,,,,,C2013|JL010504
UM-HET3,C2013,TJL,f,JL010505,Control,0,,dead,1,739,,,,,,,,C2013|JL010505
UM-HET3,C2013,TJL,f,JL010506,Control,0,,dead,1,724,,,,,,,,C2013|JL010506
UM-HET3,C2013,TJL,f,JL010507,Control,0,,dead,1,886,,,,,,,,C2013|JL010507
UM-HET3,C2013,TJL,f,JL010521,Control,0,,dead,1,966,,,,,,,,C2013|JL010521
UM-HET3,C2013,TJL,f,JL010522,Control,0,,dead,1,1099,,,,,,,,C2013|JL010522
UM-HET3,C2013,TJL,f,JL010523,Control,0,,dead,1,484,,,,,,,,C2013|JL010523
UM-HET3,C2013,TJL,f,JL010524,Control,0,,dead,1,492,,,,,,,,C2013|JL010524
UM-HET3,C2013,TJL,f,JL010551,Control,0,,dead,1,600,,,,,,,,C2013|JL010551
UM-HET3,C2013,TJL,f,JL010552,Control,0,,dead,1,839,,,,,,,,C2013|JL010552
UM-HET3,C2013,TJL,f,JL010553,Control,0,,dead,1,817,,,,,,,,C2013|JL010553
UM-HET3,C2013,TJL,f,JL010554,Control,0,,dead,1,999,,,,,,,,C2013|JL010554
UM-HET3,C2013,TJL,f,JL010609,Control,0,,dead,1,635,,,,,,,,C2013|JL010609
UM-HET3,C2013,TJL,f,JL010610,Control,0,,dead,1,880,,,,,,,,C2013|JL010610
UM-HET3,C2013,TJL,f,JL010611,Control,0,,dead,1,957,,,,,,,,C2013|JL010611
UM-HET3,C2013,TJL,f,JL010612,Control,0,,dead,1,858,,,,,,,,C2013|JL010612
UM-HET3,C2013,TJL,f,JL010635,Control,0,,dead,1,552,,,,,,,,C2013|JL010635
UM-HET3,C2013,TJL,f,JL010636,Control,0,,dead,1,1144,,,,,,,,C2013|JL010636
UM-HET3,C2013,TJL,f,JL010637,Control,0,,dead,1,964,,,,,,,,C2013|JL010637
UM-HET3,C2013,TJL,f,JL010638,Control,0,,dead,1,656,,,,,,,,C2013|JL010638
UM-HET3,C2013,TJL,f,JL010682,Control,0,,dead,1,1013,,,,,,,,C2013|JL010682
UM-HET3,C2013,TJL,f,JL010683,Control,0,,dead,1,817,,,,,,,,C2013|JL010683
UM-HET3,C2013,TJL,f,JL010684,Control,0,,dead,1,839,,,,,,,,C2013|JL010684
UM-HET3,C2013,TJL,f,JL010685,Control,0,,dead,1,1027,,,,,,,,C2013|JL010685
UM-HET3,C2013,TJL,f,JL010735,Control,0,,dead,1,999,,,,,,,,C2013|JL010735
UM-HET3,C2013,TJL,f,JL010736,Control,0,,dead,1,895,,,,,,,,C2013|JL010736
UM-HET3,C2013,TJL,f,JL010737,Control,0,,dead,1,872,,,,,,,,C2013|JL010737
UM-HET3,C2013,TJL,f,JL010738,Control,0,,dead,1,682,,,,,,,,C2013|JL010738
UM-HET3,C2013,TJL,m,JL010050,Control,0,,dead,1,998,,,,,,,,C2013|JL010050
UM-HET3,C2013,TJL,m,JL010051,Control,0,,dead,1,600,,,,,,,,C2013|JL010051
UM-HET3,C2013,TJL,m,JL010052,Control,0,,dead,1,864,,,,,,,,C2013|JL010052
UM-HET3,C2013,TJL,m,JL010070,Control,0,,dead,1,659,,,,,,,,C2013|JL010070
UM-HET3,C2013,TJL,m,JL010071,Control,0,,dead,1,469,,,,,,,,C2013|JL010071
UM-HET3,C2013,TJL,m,JL010072,Control,0,,dead,1,274,,,,,,,,C2013|JL010072
UM-HET3,C2013,TJL,m,JL010098,Control,0,,dead,1,728,,,,,,,,C2013|JL010098
UM-HET3,C2013,TJL,m,JL010099,Control,0,,dead,1,957,,,,,,,,C2013|JL010099
UM-HET3,C2013,TJL,m,JL010100,Control,0,,dead,1,352,,,,,,,,C2013|JL010100
UM-HET3,C2013,TJL,m,JL010138,Control,0,,dead,1,430,,,,,,,,C2013|JL010138
UM-HET3,C2013,TJL,m,JL010139,Control,0,,dead,1,939,,,,,,,,C2013|JL010139
UM-HET3,C2013,TJL,m,JL010140,Control,0,,dead,1,825,,,,,,,,C2013|JL010140
UM-HET3,C2013,TJL,m,JL010182,Control,0,,dead,1,671,,,,,,,,C2013|JL010182
UM-HET3,C2013,TJL,m,JL010183,Control,0,,dead,1,937,,,,,,,,C2013|JL010183
UM-HET3,C2013,TJL,m,JL010184,Control,0,,dead,1,894,,,,,,,,C2013|JL010184
UM-HET3,C2013,TJL,m,JL010192,Control,0,,dead,1,840,,,,,,,,C2013|JL010192
UM-HET3,C2013,TJL,m,JL010193,Control,0,,dead,1,978,,,,,,,,C2013|JL010193
UM-HET3,C2013,TJL,m,JL010194,Control,0,,dead,1,809,,,,,,,,C2013|JL010194
UM-HET3,C2013,TJL,m,JL010215,Control,0,,dead,1,687,,,,,,,,C2013|JL010215
UM-HET3,C2013,TJL,m,JL010216,Control,0,,dead,1,582,,,,,,,,C2013|JL010216
UM-HET3,C2013,TJL,m,JL010217,Control,0,,dead,1,744,,,,,,,,C2013|JL010217
UM-HET3,C2013,TJL,m,JL010218,Control,0,,dead,1,996,,,,,,,,C2013|JL010218
UM-HET3,C2013,TJL,m,JL010219,Control,0,,dead,1,484,,,,,,,,C2013|JL010219
UM-HET3,C2013,TJL,m,JL010220,Control,0,,dead,1,646,,,,,,,,C2013|JL010220
UM-HET3,C2013,TJL,m,JL010221,Control,0,,dead,1,876,,,,,,,,C2013|JL010221
UM-HET3,C2013,TJL,m,JL010222,Control,0,,dead,1,708,,,,,,,,C2013|JL010222
UM-HET3,C2013,TJL,m,JL010223,Control,0,,dead,1,568,,,,,,,,C2013|JL010223
UM-HET3,C2013,TJL,m,JL010224,Control,0,,dead,1,472,,,,,,,,C2013|JL010224
UM-HET3,C2013,TJL,m,JL010225,Control,0,,dead,1,449,,,,,,,,C2013|JL010225
UM-HET3,C2013,TJL,m,JL010226,Control,0,,dead,1,421,,,,,,,,C2013|JL010226
UM-HET3,C2013,TJL,m,JL010245,Control,0,,dead,1,408,,,,,,,,C2013|JL010245
UM-HET3,C2013,TJL,m,JL010246,Control,0,,dead,1,785,,,,,,,,C2013|JL010246
UM-HET3,C2013,TJL,m,JL010247,Control,0,,dead,1,926,,,,,,,,C2013|JL010247
UM-HET3,C2013,TJL,m,JL010263,Control,0,,removed,0,438,,,,,,,,C2013|JL010263
UM-HET3,C2013,TJL,m,JL010264,Control,0,,removed,0,389,,,,,,,,C2013|JL010264
UM-HET3,C2013,TJL,m,JL010265,Control,0,,removed,0,545,,,,,,,,C2013|JL010265
UM-HET3,C2013,TJL,m,JL010316,Control,0,,dead,1,1219,,,,,,,,C2013|JL010316
UM-HET3,C2013,TJL,m,JL010317,Control,0,,dead,1,783,,,,,,,,C2013|JL010317
UM-HET3,C2013,TJL,m,JL010318,Control,0,,dead,1,939,,,,,,,,C2013|JL010318
UM-HET3,C2013,TJL,m,JL010322,Control,0,,dead,1,986,,,,,,,,C2013|JL010322
UM-HET3,C2013,TJL,m,JL010323,Control,0,,dead,1,666,,,,,,,,C2013|JL010323
UM-HET3,C2013,TJL,m,JL010324,Control,0,,dead,1,1086,,,,,,,,C2013|JL010324
UM-HET3,C2013,TJL,m,JL010331,Control,0,,dead,1,848,,,,,,,,C2013|JL010331
UM-HET3,C2013,TJL,m,JL010332,Control,0,,dead,1,783,,,,,,,,C2013|JL010332
UM-HET3,C2013,TJL,m,JL010333,Control,0,,dead,1,1121,,,,,,,,C2013|JL010333
UM-HET3,C2013,TJL,m,JL010355,Control,0,,dead,1,1250,,,,,,,,C2013|JL010355
UM-HET3,C2013,TJL,m,JL010356,Control,0,,dead,1,538,,,,,,,,C2013|JL010356
UM-HET3,C2013,TJL,m,JL010357,Control,0,,dead,1,818,,,,,,,,C2013|JL010357
UM-HET3,C2013,TJL,m,JL010382,Control,0,,dead,1,1037,,,,,,,,C2013|JL010382
UM-HET3,C2013,TJL,m,JL010383,Control,0,,dead,1,755,,,,,,,,C2013|JL010383
UM-HET3,C2013,TJL,m,JL010384,Control,0,,dead,1,974,,,,,,,,C2013|JL010384
UM-HET3,C2013,TJL,m,JL010450,Control,0,,dead,1,351,,,,,,,,C2013|JL010450
UM-HET3,C2013,TJL,m,JL010451,Control,0,,dead,1,1294,,,,,,,,C2013|JL010451
UM-HET3,C2013,TJL,m,JL010452,Control,0,,dead,1,812,,,,,,,,C2013|JL010452
UM-HET3,C2013,TJL,m,JL010474,Control,0,,dead,1,944,,,,,,,,C2013|JL010474
UM-HET3,C2013,TJL,m,JL010475,Control,0,,dead,1,888,,,,,,,,C2013|JL010475
UM-HET3,C2013,TJL,m,JL010476,Control,0,,dead,1,838,,,,,,,,C2013|JL010476
UM-HET3,C2013,TJL,m,JL010495,Control,0,,dead,1,294,,,,,,,,C2013|JL010495
UM-HET3,C2013,TJL,m,JL010496,Control,0,,dead,1,806,,,,,,,,C2013|JL010496
UM-HET3,C2013,TJL,m,JL010497,Control,0,,dead,1,365,,,,,,,,C2013|JL010497
UM-HET3,C2013,TJL,m,JL010515,Control,0,,dead,1,781,,,,,,,,C2013|JL010515
UM-HET3,C2013,TJL,m,JL010516,Control,0,,dead,1,915,,,,,,,,C2013|JL010516
UM-HET3,C2013,TJL,m,JL010517,Control,0,,dead,1,866,,,,,,,,C2013|JL010517
UM-HET3,C2013,TJL,m,JL010518,Control,0,,dead,1,538,,,,,,,,C2013|JL010518
UM-HET3,C2013,TJL,m,JL010519,Control,0,,dead,1,713,,,,,,,,C2013|JL010519
UM-HET3,C2013,TJL,m,JL010520,Control,0,,dead,1,724,,,,,,,,C2013|JL010520
UM-HET3,C2013,TJL,m,JL010538,Control,0,,dead,1,983,,,,,,,,C2013|JL010538
UM-HET3,C2013,TJL,m,JL010539,Control,0,,dead,1,639,,,,,,,,C2013|JL010539
UM-HET3,C2013,TJL,m,JL010540,Control,0,,dead,1,986,,,,,,,,C2013|JL010540
UM-HET3,C2013,TJL,m,JL010544,Control,0,,dead,1,1173,,,,,,,,C2013|JL010544
UM-HET3,C2013,TJL,m,JL010545,Control,0,,dead,1,723,,,,,,,,C2013|JL010545
UM-HET3,C2013,TJL,m,JL010546,Control,0,,dead,1,856,,,,,,,,C2013|JL010546
UM-HET3,C2013,TJL,m,JL010570,Control,0,,dead,1,412,,,,,,,,C2013|JL010570
UM-HET3,C2013,TJL,m,JL010571,Control,0,,dead,1,681,,,,,,,,C2013|JL010571
UM-HET3,C2013,TJL,m,JL010572,Control,0,,dead,1,561,,,,,,,,C2013|JL010572
UM-HET3,C2013,TJL,m,JL010573,Control,0,,dead,1,875,,,,,,,,C2013|JL010573
UM-HET3,C2013,TJL,m,JL010574,Control,0,,dead,1,960,,,,,,,,C2013|JL010574
UM-HET3,C2013,TJL,m,JL010575,Control,0,,dead,1,813,,,,,,,,C2013|JL010575
UM-HET3,C2013,TJL,m,JL010594,Control,0,,dead,1,547,,,,,,,,C2013|JL010594
UM-HET3,C2013,TJL,m,JL010595,Control,0,,dead,1,930,,,,,,,,C2013|JL010595
UM-HET3,C2013,TJL,m,JL010596,Control,0,,dead,1,652,,,,,,,,C2013|JL010596
UM-HET3,C2013,TJL,m,JL010597,Control,0,,removed,0,451,,,,,,,,C2013|JL010597
UM-HET3,C2013,TJL,m,JL010598,Control,0,,removed,0,451,,,,,,,,C2013|JL010598
UM-HET3,C2013,TJL,m,JL010599,Control,0,,removed,0,451,,,,,,,,C2013|JL010599
UM-HET3,C2013,TJL,m,JL010600,Control,0,,dead,1,799,,,,,,,,C2013|JL010600
UM-HET3,C2013,TJL,m,JL010601,Control,0,,dead,1,175,,,,,,,,C2013|JL010601
UM-HET3,C2013,TJL,m,JL010602,Control,0,,dead,1,1106,,,,,,,,C2013|JL010602
UM-HET3,C2013,TJL,m,JL010603,Control,0,,dead,1,1037,,,,,,,,C2013|JL010603
UM-HET3,C2013,TJL,m,JL010604,Control,0,,dead,1,617,,,,,,,,C2013|JL010604
UM-HET3,C2013,TJL,m,JL010605,Control,0,,dead,1,806,,,,,,,,C2013|JL010605
UM-HET3,C2013,TJL,m,JL010613,Control,0,,dead,1,999,,,,,,,,C2013|JL010613
UM-HET3,C2013,TJL,m,JL010614,Control,0,,dead,1,607,,,,,,,,C2013|JL010614
UM-HET3,C2013,TJL,m,JL010615,Control,0,,dead,1,841,,,,,,,,C2013|JL010615
UM-HET3,C2013,TJL,m,JL010646,Control,0,,dead,1,1075,,,,,,,,C2013|JL010646
UM-HET3,C2013,TJL,m,JL010647,Control,0,,dead,1,1131,,,,,,,,C2013|JL010647
UM-HET3,C2013,TJL,m,JL010648,Control,0,,dead,1,399,,,,,,,,C2013|JL010648
UM-HET3,C2013,TJL,m,JL010676,Control,0,,dead,1,569,,,,,,,,C2013|JL010676
UM-HET3,C2013,TJL,m,JL010677,Control,0,,dead,1,575,,,,,,,,C2013|JL010677
UM-HET3,C2013,TJL,m,JL010678,Control,0,,dead,1,489,,,,,,,,C2013|JL010678
UM-HET3,C2013,TJL,m,JL010743,Control,0,,dead,1,481,,,,,,,,C2013|JL010743
UM-HET3,C2013,TJL,m,JL010744,Control,0,,dead,1,1030,,,,,,,,C2013|JL010744
UM-HET3,C2013,TJL,m,JL010745,Control,0,,dead,1,877,,,,,,,,C2013|JL010745
UM-HET3,C2013,UM,f,UM43498,Control,0,,dead,1,976,,,,,,,,C2013|UM43498
UM-HET3,C2013,UM,f,UM43505,Control,0,,removed,0,41,,,,,,,,C2013|UM43505
UM-HET3,C2013,UM,f,UM43512,Control,0,,dead,1,976,,,,,,,,C2013|UM43512
UM-HET3,C2013,UM,f,UM43519,Control,0,,dead,1,633,,,,,,,,C2013|UM43519
UM-HET3,C2013,UM,f,UM43624,Control,0,,dead,1,934,,,,,,,,C2013|UM43624
UM-HET3,C2013,UM,f,UM43631,Control,0,,dead,1,1127,,,,,,,,C2013|UM43631
UM-HET3,C2013,UM,f,UM43638,Control,0,,dead,1,817,,,,,,,,C2013|UM43638
UM-HET3,C2013,UM,f,UM43645,Control,0,,dead,1,785,,,,,,,,C2013|UM43645
UM-HET3,C2013,UM,f,UM44457,Control,0,,dead,1,556,,,,,,,,C2013|UM44457
UM-HET3,C2013,UM,f,UM44464,Control,0,,dead,1,675,,,,,,,,C2013|UM44464
UM-HET3,C2013,UM,f,UM44471,Control,0,,dead,1,1199,,,,,,,,C2013|UM44471
UM-HET3,C2013,UM,f,UM44478,Control,0,,dead,1,991,,,,,,,,C2013|UM44478
UM-HET3,C2013,UM,f,UM44527,Control,0,,dead,1,896,,,,,,,,C2013|UM44527
UM-HET3,C2013,UM,f,UM44534,Control,0,,dead,1,1165,,,,,,,,C2013|UM44534
UM-HET3,C2013,UM,f,UM44541,Control,0,,dead,1,686,,,,,,,,C2013|UM44541
UM-HET3,C2013,UM,f,UM44548,Control,0,,dead,1,889,,,,,,,,C2013|UM44548
UM-HET3,C2013,UM,f,UM44625,Control,0,,dead,1,671,,,,,,,,C2013|UM44625
UM-HET3,C2013,UM,f,UM44632,Control,0,,dead,1,909,,,,,,,,C2013|UM44632
UM-HET3,C2013,UM,f,UM44639,Control,0,,dead,1,1045,,,,,,,,C2013|UM44639
UM-HET3,C2013,UM,f,UM44646,Control,0,,dead,1,663,,,,,,,,C2013|UM44646
UM-HET3,C2013,UM,f,UM44793,Control,0,,dead,1,1008,,,,,,,,C2013|UM44793
UM-HET3,C2013,UM,f,UM44800,Control,0,,dead,1,1148,,,,,,,,C2013|UM44800
UM-HET3,C2013,UM,f,UM44807,Control,0,,dead,1,900,,,,,,,,C2013|UM44807
UM-HET3,C2013,UM,f,UM44814,Control,0,,dead,1,724,,,,,,,,C2013|UM44814
UM-HET3,C2013,UM,f,UM44821,Control,0,,dead,1,1035,,,,,,,,C2013|UM44821
UM-HET3,C2013,UM,f,UM44828,Control,0,,dead,1,717,,,,,,,,C2013|UM44828
UM-HET3,C2013,UM,f,UM44835,Control,0,,dead,1,941,,,,,,,,C2013|UM44835
UM-HET3,C2013,UM,f,UM44842,Control,0,,dead,1,864,,,,,,,,C2013|UM44842
UM-HET3,C2013,UM,f,UM44877,Control,0,,dead,1,1218,,,,,,,,C2013|UM44877
UM-HET3,C2013,UM,f,UM44884,Control,0,,dead,1,701,,,,,,,,C2013|UM44884
UM-HET3,C2013,UM,f,UM44891,Control,0,,dead,1,1022,,,,,,,,C2013|UM44891
UM-HET3,C2013,UM,f,UM44898,Control,0,,dead,1,888,,,,,,,,C2013|UM44898
UM-HET3,C2013,UM,f,UM45101,Control,0,,dead,1,775,,,,,,,,C2013|UM45101
UM-HET3,C2013,UM,f,UM45108,Control,0,,dead,1,891,,,,,,,,C2013|UM45108
UM-HET3,C2013,UM,f,UM45115,Control,0,,dead,1,850,,,,,,,,C2013|UM45115
UM-HET3,C2013,UM,f,UM45122,Control,0,,dead,1,995,,,,,,,,C2013|UM45122
UM-HET3,C2013,UM,f,UM45171,Control,0,,dead,1,919,,,,,,,,C2013|UM45171
UM-HET3,C2013,UM,f,UM45178,Control,0,,dead,1,1106,,,,,,,,C2013|UM45178
UM-HET3,C2013,UM,f,UM45185,Control,0,,dead,1,744,,,,,,,,C2013|UM45185
UM-HET3,C2013,UM,f,UM45192,Control,0,,dead,1,673,,,,,,,,C2013|UM45192
UM-HET3,C2013,UM,f,UM45241,Control,0,,dead,1,680,,,,,,,,C2013|UM45241
UM-HET3,C2013,UM,f,UM45248,Control,0,,dead,1,752,,,,,,,,C2013|UM45248
UM-HET3,C2013,UM,f,UM45255,Control,0,,dead,1,946,,,,,,,,C2013|UM45255
UM-HET3,C2013,UM,f,UM45262,Control,0,,dead,1,898,,,,,,,,C2013|UM45262
UM-HET3,C2013,UM,f,UM45318,Control,0,,dead,1,930,,,,,,,,C2013|UM45318
UM-HET3,C2013,UM,f,UM45325,Control,0,,dead,1,783,,,,,,,,C2013|UM45325
UM-HET3,C2013,UM,f,UM45332,Control,0,,dead,1,772,,,,,,,,C2013|UM45332
UM-HET3,C2013,UM,f,UM45339,Control,0,,dead,1,1009,,,,,,,,C2013|UM45339
UM-HET3,C2013,UM,f,UM45521,Control,0,,dead,1,761,,,,,,,,C2013|UM45521
UM-HET3,C2013,UM,f,UM45528,Control,0,,dead,1,1016,,,,,,,,C2013|UM45528
UM-HET3,C2013,UM,f,UM45535,Control,0,,dead,1,713,,,,,,,,C2013|UM45535
UM-HET3,C2013,UM,f,UM45542,Control,0,,dead,1,685,,,,,,,,C2013|UM45542
UM-HET3,C2013,UM,f,UM45598,Control,0,,dead,1,751,,,,,,,,C2013|UM45598
UM-HET3,C2013,UM,f,UM45605,Control,0,,dead,1,658,,,,,,,,C2013|UM45605
UM-HET3,C2013,UM,f,UM45612,Control,0,,dead,1,1036,,,,,,,,C2013|UM45612
UM-HET3,C2013,UM,f,UM45619,Control,0,,dead,1,803,,,,,,,,C2013|UM45619
UM-HET3,C2013,UM,f,UM45808,Control,0,,dead,1,1035,,,,,,,,C2013|UM45808
UM-HET3,C2013,UM,f,UM45815,Control,0,,dead,1,850,,,,,,,,C2013|UM45815
UM-HET3,C2013,UM,f,UM45822,Control,0,,dead,1,864,,,,,,,,C2013|UM45822
UM-HET3,C2013,UM,f,UM45829,Control,0,,dead,1,786,,,,,,,,C2013|UM45829
UM-HET3,C2013,UM,f,UM45997,Control,0,,dead,1,939,,,,,,,,C2013|UM45997
UM-HET3,C2013,UM,f,UM46004,Control,0,,dead,1,763,,,,,,,,C2013|UM46004
UM-HET3,C2013,UM,f,UM46011,Control,0,,dead,1,853,,,,,,,,C2013|UM46011
UM-HET3,C2013,UM,f,UM46018,Control,0,,dead,1,979,,,,,,,,C2013|UM46018
UM-HET3,C2013,UM,f,UM46893,Control,0,,dead,1,849,,,,,,,,C2013|UM46893
UM-HET3,C2013,UM,f,UM46900,Control,0,,dead,1,731,,,,,,,,C2013|UM46900
UM-HET3,C2013,UM,f,UM46907,Control,0,,dead,1,908,,,,,,,,C2013|UM46907
UM-HET3,C2013,UM,f,UM46914,Control,0,,dead,1,942,,,,,,,,C2013|UM46914
UM-HET3,C2013,UM,f,UM46921,Control,0,,dead,1,724,,,,,,,,C2013|UM46921
UM-HET3,C2013,UM,f,UM46928,Control,0,,dead,1,909,,,,,,,,C2013|UM46928
UM-HET3,C2013,UM,f,UM46935,Control,0,,dead,1,1097,,,,,,,,C2013|UM46935
UM-HET3,C2013,UM,f,UM46942,Control,0,,dead,1,697,,,,,,,,C2013|UM46942
UM-HET3,C2013,UM,f,UM47089,Control,0,,dead,1,1116,,,,,,,,C2013|UM47089
UM-HET3,C2013,UM,f,UM47096,Control,0,,dead,1,821,,,,,,,,C2013|UM47096
UM-HET3,C2013,UM,f,UM47103,Control,0,,dead,1,1071,,,,,,,,C2013|UM47103
UM-HET3,C2013,UM,f,UM47110,Control,0,,dead,1,826,,,,,,,,C2013|UM47110
UM-HET3,C2013,UM,f,UM47187,Control,0,,dead,1,927,,,,,,,,C2013|UM47187
UM-HET3,C2013,UM,f,UM47194,Control,0,,dead,1,836,,,,,,,,C2013|UM47194
UM-HET3,C2013,UM,f,UM47201,Control,0,,dead,1,972,,,,,,,,C2013|UM47201
UM-HET3,C2013,UM,f,UM47208,Control,0,,dead,1,983,,,,,,,,C2013|UM47208
UM-HET3,C2013,UM,f,UM47257,Control,0,,dead,1,955,,,,,,,,C2013|UM47257
UM-HET3,C2013,UM,f,UM47264,Control,0,,dead,1,510,,,,,,,,C2013|UM47264
UM-HET3,C2013,UM,f,UM47271,Control,0,,dead,1,856,,,,,,,,C2013|UM47271
UM-HET3,C2013,UM,f,UM47278,Control,0,,dead,1,744,,,,,,,,C2013|UM47278
UM-HET3,C2013,UM,f,UM47544,Control,0,,dead,1,1123,,,,,,,,C2013|UM47544
UM-HET3,C2013,UM,f,UM47551,Control,0,,dead,1,757,,,,,,,,C2013|UM47551
UM-HET3,C2013,UM,f,UM47558,Control,0,,dead,1,867,,,,,,,,C2013|UM47558
UM-HET3,C2013,UM,f,UM47565,Control,0,,dead,1,867,,,,,,,,C2013|UM47565
UM-HET3,C2013,UM,f,UM47852,Control,0,,dead,1,915,,,,,,,,C2013|UM47852
UM-HET3,C2013,UM,f,UM47859,Control,0,,dead,1,954,,,,,,,,C2013|UM47859
UM-HET3,C2013,UM,f,UM47866,Control,0,,dead,1,805,,,,,,,,C2013|UM47866
UM-HET3,C2013,UM,f,UM47873,Control,0,,dead,1,870,,,,,,,,C2013|UM47873
UM-HET3,C2013,UM,f,UM47880,Control,0,,dead,1,773,,,,,,,,C2013|UM47880
UM-HET3,C2013,UM,f,UM47887,Control,0,,dead,1,1074,,,,,,,,C2013|UM47887
UM-HET3,C2013,UM,f,UM47894,Control,0,,dead,1,734,,,,,,,,C2013|UM47894
UM-HET3,C2013,UM,f,UM47901,Control,0,,dead,1,1109,,,,,,,,C2013|UM47901
UM-HET3,C2013,UM,m,UM43456,Control,0,,dead,1,1154,,,,,,,,C2013|UM43456
UM-HET3,C2013,UM,m,UM43463,Control,0,,dead,1,1158,,,,,,,,C2013|UM43463
UM-HET3,C2013,UM,m,UM43470,Control,0,,dead,1,797,,,,,,,,C2013|UM43470
UM-HET3,C2013,UM,m,UM43680,Control,0,,dead,1,1119,,,,,,,,C2013|UM43680
UM-HET3,C2013,UM,m,UM43687,Control,0,,dead,1,344,,,,,,,,C2013|UM43687
UM-HET3,C2013,UM,m,UM43694,Control,0,,dead,1,700,,,,,,,,C2013|UM43694
UM-HET3,C2013,UM,m,UM43778,Control,0,,dead,1,868,,,,,,,,C2013|UM43778
UM-HET3,C2013,UM,m,UM43785,Control,0,,dead,1,1268,,,,,,,,C2013|UM43785
UM-HET3,C2013,UM,m,UM43792,Control,0,,dead,1,1089,,,,,,,,C2013|UM43792
UM-HET3,C2013,UM,m,UM44142,Control,0,,dead,1,799,,,,,,,,C2013|UM44142
UM-HET3,C2013,UM,m,UM44149,Control,0,,dead,1,940,,,,,,,,C2013|UM44149
UM-HET3,C2013,UM,m,UM44156,Control,0,,dead,1,641,,,,,,,,C2013|UM44156
UM-HET3,C2013,UM,m,UM44268,Control,0,,dead,1,893,,,,,,,,C2013|UM44268
UM-HET3,C2013,UM,m,UM44275,Control,0,,dead,1,925,,,,,,,,C2013|UM44275
UM-HET3,C2013,UM,m,UM44282,Control,0,,dead,1,795,,,,,,,,C2013|UM44282
UM-HET3,C2013,UM,m,UM44674,Control,0,,dead,1,721,,,,,,,,C2013|UM44674
UM-HET3,C2013,UM,m,UM44681,Control,0,,dead,1,824,,,,,,,,C2013|UM44681
UM-HET3,C2013,UM,m,UM44688,Control,0,,dead,1,1026,,,,,,,,C2013|UM44688
UM-HET3,C2013,UM,m,UM44723,Control,0,,removed,0,877,,,,,,,,C2013|UM44723
UM-HET3,C2013,UM,m,UM44730,Control,0,,dead,1,1109,,,,,,,,C2013|UM44730
UM-HET3,C2013,UM,m,UM44737,Control,0,,dead,1,643,,,,,,,,C2013|UM44737
UM-HET3,C2013,UM,m,UM44954,Control,0,,dead,1,827,,,,,,,,C2013|UM44954
UM-HET3,C2013,UM,m,UM44961,Control,0,,dead,1,1183,,,,,,,,C2013|UM44961
UM-HET3,C2013,UM,m,UM44968,Control,0,,dead,1,912,,,,,,,,C2013|UM44968
UM-HET3,C2013,UM,m,UM44975,Control,0,,removed,0,391,,,,,,,,C2013|UM44975
UM-HET3,C2013,UM,m,UM44982,Control,0,,removed,0,391,,,,,,,,C2013|UM44982
UM-HET3,C2013,UM,m,UM44989,Control,0,,removed,0,391,,,,,,,,C2013|UM44989
UM-HET3,C2013,UM,m,UM45129,Control,0,,dead,1,511,,,,,,,,C2013|UM45129
UM-HET3,C2013,UM,m,UM45136,Control,0,,dead,1,981,,,,,,,,C2013|UM45136
UM-HET3,C2013,UM,m,UM45143,Control,0,,dead,1,1049,,,,,,,,C2013|UM45143
UM-HET3,C2013,UM,m,UM45150,Control,0,,removed,0,498,,,,,,,,C2013|UM45150
UM-HET3,C2013,UM,m,UM45157,Control,0,,removed,0,498,,,,,,,,C2013|UM45157
UM-HET3,C2013,UM,m,UM45164,Control,0,,removed,0,498,,,,,,,,C2013|UM45164
UM-HET3,C2013,UM,m,UM45199,Control,0,,dead,1,1144,,,,,,,,C2013|UM45199
UM-HET3,C2013,UM,m,UM45206,Control,0,,dead,1,831,,,,,,,,C2013|UM45206
UM-HET3,C2013,UM,m,UM45213,Control,0,,dead,1,365,,,,,,,,C2013|UM45213
UM-HET3,C2013,UM,m,UM45388,Control,0,,removed,0,327,,,,,,,,C2013|UM45388
UM-HET3,C2013,UM,m,UM45395,Control,0,,removed,0,327,,,,,,,,C2013|UM45395
UM-HET3,C2013,UM,m,UM45402,Control,0,,removed,0,327,,,,,,,,C2013|UM45402
UM-HET3,C2013,UM,m,UM45409,Control,0,,dead,1,641,,,,,,,,C2013|UM45409
UM-HET3,C2013,UM,m,UM45416,Control,0,,dead,1,1049,,,,,,,,C2013|UM45416
UM-HET3,C2013,UM,m,UM45423,Control,0,,dead,1,832,,,,,,,,C2013|UM45423
UM-HET3,C2013,UM,m,UM45745,Control,0,,dead,1,427,,,,,,,,C2013|UM45745
UM-HET3,C2013,UM,m,UM45752,Control,0,,dead,1,632,,,,,,,,C2013|UM45752
UM-HET3,C2013,UM,m,UM45759,Control,0,,dead,1,885,,,,,,,,C2013|UM45759
UM-HET3,C2013,UM,m,UM45927,Control,0,,removed,0,340,,,,,,,,C2013|UM45927
UM-HET3,C2013,UM,m,UM45934,Control,0,,removed,0,340,,,,,,,,C2013|UM45934
UM-HET3,C2013,UM,m,UM45941,Control,0,,removed,0,340,,,,,,,,C2013|UM45941
UM-HET3,C2013,UM,m,UM46046,Control,0,,removed,0,497,,,,,,,,C2013|UM46046
UM-HET3,C2013,UM,m,UM46053,Control,0,,removed,0,497,,,,,,,,C2013|UM46053
UM-HET3,C2013,UM,m,UM46060,Control,0,,removed,0,497,,,,,,,,C2013|UM46060
UM-HET3,C2013,UM,m,UM46067,Control,0,,dead,1,660,,,,,,,,C2013|UM46067
UM-HET3,C2013,UM,m,UM46074,Control,0,,dead,1,935,,,,,,,,C2013|UM46074
UM-HET3,C2013,UM,m,UM46081,Control,0,,dead,1,767,,,,,,,,C2013|UM46081
UM-HET3,C2013,UM,m,UM46116,Control,0,,dead,1,1258,,,,,,,,C2013|UM46116
UM-HET3,C2013,UM,m,UM46123,Control,0,,dead,1,864,,,,,,,,C2013|UM46123
UM-HET3,C2013,UM,m,UM46130,Control,0,,dead,1,896,,,,,,,,C2013|UM46130
UM-HET3,C2013,UM,m,UM46193,Control,0,,removed,0,149,,,,,,,,C2013|UM46193
UM-HET3,C2013,UM,m,UM46200,Control,0,,removed,0,149,,,,,,,,C2013|UM46200
UM-HET3,C2013,UM,m,UM46207,Control,0,,removed,0,149,,,,,,,,C2013|UM46207
UM-HET3,C2013,UM,m,UM46312,Control,0,,dead,1,921,,,,,,,,C2013|UM46312
UM-HET3,C2013,UM,m,UM46319,Control,0,,dead,1,690,,,,,,,,C2013|UM46319
UM-HET3,C2013,UM,m,UM46326,Control,0,,dead,1,876,,,,,,,,C2013|UM46326
UM-HET3,C2013,UM,m,UM46333,Control,0,,dead,1,935,,,,,,,,C2013|UM46333
UM-HET3,C2013,UM,m,UM46340,Control,0,,dead,1,942,,,,,,,,C2013|UM46340
UM-HET3,C2013,UM,m,UM46347,Control,0,,dead,1,1166,,,,,,,,C2013|UM46347
UM-HET3,C2013,UM,m,UM46354,Control,0,,dead,1,292,,,,,,,,C2013|UM46354
UM-HET3,C2013,UM,m,UM46361,Control,0,,dead,1,1088,,,,,,,,C2013|UM46361
UM-HET3,C2013,UM,m,UM46368,Control,0,,dead,1,402,,,,,,,,C2013|UM46368
UM-HET3,C2013,UM,m,UM46529,Control,0,,dead,1,962,,,,,,,,C2013|UM46529
UM-HET3,C2013,UM,m,UM46536,Control,0,,dead,1,983,,,,,,,,C2013|UM46536
UM-HET3,C2013,UM,m,UM46543,Control,0,,dead,1,1202,,,,,,,,C2013|UM46543
UM-HET3,C2013,UM,m,UM46592,Control,0,,dead,1,813,,,,,,,,C2013|UM46592
UM-HET3,C2013,UM,m,UM46599,Control,0,,dead,1,869,,,,,,,,C2013|UM46599
UM-HET3,C2013,UM,m,UM46606,Control,0,,dead,1,790,,,,,,,,C2013|UM46606
UM-HET3,C2013,UM,m,UM46641,Control,0,,dead,1,1101,,,,,,,,C2013|UM46641
UM-HET3,C2013,UM,m,UM46648,Control,0,,dead,1,925,,,,,,,,C2013|UM46648
UM-HET3,C2013,UM,m,UM46655,Control,0,,removed,0,42,,,,,,,,C2013|UM46655
UM-HET3,C2013,UM,m,UM46851,Control,0,,dead,1,1049,,,,,,,,C2013|UM46851
UM-HET3,C2013,UM,m,UM46858,Control,0,,dead,1,1230,,,,,,,,C2013|UM46858
UM-HET3,C2013,UM,m,UM46865,Control,0,,dead,1,313,,,,,,,,C2013|UM46865
UM-HET3,C2013,UM,m,UM46949,Control,0,,removed,0,568,,,,,,,,C2013|UM46949
UM-HET3,C2013,UM,m,UM46956,Control,0,,removed,0,568,,,,,,,,C2013|UM46956
UM-HET3,C2013,UM,m,UM46963,Control,0,,removed,0,568,,,,,,,,C2013|UM46963
UM-HET3,C2013,UM,m,UM46998,Control,0,,dead,1,1068,,,,,,,,C2013|UM46998
UM-HET3,C2013,UM,m,UM47005,Control,0,,dead,1,743,,,,,,,,C2013|UM47005
UM-HET3,C2013,UM,m,UM47012,Control,0,,dead,1,897,,,,,,,,C2013|UM47012
UM-HET3,C2013,UM,m,UM47117,Control,0,,removed,0,212,,,,,,,,C2013|UM47117
UM-HET3,C2013,UM,m,UM47124,Control,0,,removed,0,212,,,,,,,,C2013|UM47124
UM-HET3,C2013,UM,m,UM47131,Control,0,,removed,0,212,,,,,,,,C2013|UM47131
UM-HET3,C2013,UM,m,UM47236,Control,0,,dead,1,688,,,,,,,,C2013|UM47236
UM-HET3,C2013,UM,m,UM47243,Control,0,,dead,1,1137,,,,,,,,C2013|UM47243
UM-HET3,C2013,UM,m,UM47250,Control,0,,dead,1,1079,,,,,,,,C2013|UM47250
UM-HET3,C2013,UM,m,UM47334,Control,0,,dead,1,653,,,,,,,,C2013|UM47334
UM-HET3,C2013,UM,m,UM47341,Control,0,,dead,1,1106,,,,,,,,C2013|UM47341
UM-HET3,C2013,UM,m,UM47348,Control,0,,dead,1,1046,,,,,,,,C2013|UM47348
UM-HET3,C2013,UM,m,UM47453,Control,0,,removed,0,42,,,,,,,,C2013|UM47453
UM-HET3,C2013,UM,m,UM47460,Control,0,,dead,1,1234,,,,,,,,C2013|UM47460
UM-HET3,C2013,UM,m,UM47467,Control,0,,dead,1,958,,,,,,,,C2013|UM47467
UM-HET3,C2013,UM,m,UM47523,Control,0,,removed,0,555,,,,,,,,C2013|UM47523
UM-HET3,C2013,UM,m,UM47530,Control,0,,removed,0,555,,,,,,,,C2013|UM47530
UM-HET3,C2013,UM,m,UM47537,Control,0,,removed,0,555,,,,,,,,C2013|UM47537
UM-HET3,C2013,UM,m,UM47698,Control,0,,removed,0,555,,,,,,,,C2013|UM47698
UM-HET3,C2013,UM,m,UM47705,Control,0,,removed,0,555,,,,,,,,C2013|UM47705
UM-HET3,C2013,UM,m,UM47712,Control,0,,removed,0,555,,,,,,,,C2013|UM47712
UM-HET3,C2013,UM,m,UM48048,Control,0,,dead,1,1009,,,,,,,,C2013|UM48048
UM-HET3,C2013,UM,m,UM48055,Control,0,,dead,1,573,,,,,,,,C2013|UM48055
UM-HET3,C2013,UM,m,UM48062,Control,0,,dead,1,1125,,,,,,,,C2013|UM48062
UM-HET3,C2013,UT,f,UT06293,Control,0,,dead,1,1190,,,,,,132.0,3.0,C2013|UT06293
UM-HET3,C2013,UT,f,UT06294,Control,0,,dead,1,693,,,,,,,,C2013|UT06294
UM-HET3,C2013,UT,f,UT06295,Control,0,,dead,1,357,,,,,,132.0,3.0,C2013|UT06295
UM-HET3,C2013,UT,f,UT06296,Control,0,,dead,1,995,,,,,,132.0,3.0,C2013|UT06296
UM-HET3,C2013,UT,f,UT06307,Control,0,,dead,1,994,,,,,,133.0,3.0,C2013|UT06307
UM-HET3,C2013,UT,f,UT06308,Control,0,,dead,1,883,,,,,,133.0,3.0,C2013|UT06308
UM-HET3,C2013,UT,f,UT06309,Control,0,,dead,1,1148,,,,,,133.0,3.0,C2013|UT06309
UM-HET3,C2013,UT,f,UT06310,Control,0,,dead,1,926,,,,,,,,C2013|UT06310
UM-HET3,C2013,UT,f,UT06311,Control,0,,dead,1,895,,,,,,133.0,3.0,C2013|UT06311
UM-HET3,C2013,UT,f,UT06312,Control,0,,dead,1,925,,,,,,133.0,3.0,C2013|UT06312
UM-HET3,C2013,UT,f,UT06313,Control,0,,dead,1,759,,,,,,133.0,3.0,C2013|UT06313
UM-HET3,C2013,UT,f,UT06314,Control,0,,dead,1,657,,,,,,133.0,3.0,C2013|UT06314
UM-HET3,C2013,UT,f,UT06402,Control,0,,dead,1,690,,,,,,155.0,4.0,C2013|UT06402
UM-HET3,C2013,UT,f,UT06403,Control,0,,dead,1,992,,,,,,155.0,4.0,C2013|UT06403
UM-HET3,C2013,UT,f,UT06404,Control,0,,dead,1,670,,,,,,155.0,4.0,C2013|UT06404
UM-HET3,C2013,UT,f,UT06405,Control,0,,dead,1,729,,,,,,155.0,4.0,C2013|UT06405
UM-HET3,C2013,UT,f,UT06406,Control,0,,dead,1,901,,,,,,155.0,4.0,C2013|UT06406
UM-HET3,C2013,UT,f,UT06407,Control,0,,dead,1,698,,,,,,155.0,4.0,C2013|UT06407
UM-HET3,C2013,UT,f,UT06408,Control,0,,dead,1,771,,,,,,155.0,4.0,C2013|UT06408
UM-HET3,C2013,UT,f,UT06409,Control,0,,dead,1,701,,,,,,155.0,4.0,C2013|UT06409
UM-HET3,C2013,UT,f,UT06413,Control,0,,dead,1,905,,,,,,,,C2013|UT06413
UM-HET3,C2013,UT,f,UT06414,Control,0,,dead,1,960,,,,,,155.0,4.0,C2013|UT06414
UM-HET3,C2013,UT,f,UT06415,Control,0,,dead,1,814,,,,,,155.0,4.0,C2013|UT06415
UM-HET3,C2013,UT,f,UT06416,Control,0,,dead,1,987,,,,,,155.0,4.0,C2013|UT06416
UM-HET3,C2013,UT,f,UT06440,Control,0,,dead,1,693,,,,,,156.0,4.0,C2013|UT06440
UM-HET3,C2013,UT,f,UT06441,Control,0,,dead,1,1071,,,,,,157.0,4.0,C2013|UT06441
UM-HET3,C2013,UT,f,UT06442,Control,0,,dead,1,706,,,,,,157.0,4.0,C2013|UT06442
UM-HET3,C2013,UT,f,UT06443,Control,0,,dead,1,1097,,,,,,157.0,4.0,C2013|UT06443
UM-HET3,C2013,UT,f,UT06474,Control,0,,dead,1,935,,,,,,177.0,5.0,C2013|UT06474
UM-HET3,C2013,UT,f,UT06475,Control,0,,dead,1,573,,,,,,177.0,5.0,C2013|UT06475
UM-HET3,C2013,UT,f,UT06476,Control,0,,dead,1,726,,,,,,177.0,5.0,C2013|UT06476
UM-HET3,C2013,UT,f,UT06477,Control,0,,dead,1,955,,,,,,177.0,5.0,C2013|UT06477
UM-HET3,C2013,UT,f,UT06481,Control,0,,dead,1,922,,,,,,177.0,5.0,C2013|UT06481
UM-HET3,C2013,UT,f,UT06482,Control,0,,dead,1,875,,,,,,177.0,5.0,C2013|UT06482
UM-HET3,C2013,UT,f,UT06483,Control,0,,dead,1,739,,,,,,177.0,5.0,C2013|UT06483
UM-HET3,C2013,UT,f,UT06484,Control,0,,dead,1,810,,,,,,177.0,5.0,C2013|UT06484
UM-HET3,C2013,UT,f,UT06525,Control,0,,dead,1,1111,,,,,,178.0,5.0,C2013|UT06525
UM-HET3,C2013,UT,f,UT06526,Control,0,,dead,1,442,,,,,,178.0,5.0,C2013|UT06526
UM-HET3,C2013,UT,f,UT06527,Control,0,,dead,1,913,,,,,,178.0,5.0,C2013|UT06527
UM-HET3,C2013,UT,f,UT06528,Control,0,,dead,1,850,,,,,,178.0,5.0,C2013|UT06528
UM-HET3,C2013,UT,f,UT06539,Control,0,,dead,1,1057,,,,,,179.0,5.0,C2013|UT06539
UM-HET3,C2013,UT,f,UT06540,Control,0,,dead,1,828,,,,,,179.0,5.0,C2013|UT06540
UM-HET3,C2013,UT,f,UT06541,Control,0,,dead,1,933,,,,,,180.0,5.0,C2013|UT06541
UM-HET3,C2013,UT,f,UT06542,Control,0,,dead,1,1005,,,,,,180.0,5.0,C2013|UT06542
UM-HET3,C2013,UT,f,UT06574,Control,0,,dead,1,825,,,,,,199.0,6.0,C2013|UT06574
UM-HET3,C2013,UT,f,UT06575,Control,0,,dead,1,965,,,,,,199.0,6.0,C2013|UT06575
UM-HET3,C2013,UT,f,UT06576,Control,0,,dead,1,919,,,,,,199.0,6.0,C2013|UT06576
UM-HET3,C2013,UT,f,UT06577,Control,0,,dead,1,937,,,,,,,,C2013|UT06577
UM-HET3,C2013,UT,f,UT06581,Control,0,,dead,1,976,,,,,,199.0,6.0,C2013|UT06581
UM-HET3,C2013,UT,f,UT06582,Control,0,,dead,1,975,,,,,,199.0,6.0,C2013|UT06582
UM-HET3,C2013,UT,f,UT06583,Control,0,,dead,1,1067,,,,,,199.0,6.0,C2013|UT06583
UM-HET3,C2013,UT,f,UT06584,Control,0,,dead,1,997,,,,,,199.0,6.0,C2013|UT06584
UM-HET3,C2013,UT,f,UT06628,Control,0,,dead,1,798,,,,,,202.0,6.0,C2013|UT06628
UM-HET3,C2013,UT,f,UT06629,Control,0,,dead,1,756,,,,,,202.0,6.0,C2013|UT06629
UM-HET3,C2013,UT,f,UT06630,Control,0,,dead,1,832,,,,,,202.0,6.0,C2013|UT06630
UM-HET3,C2013,UT,f,UT06631,Control,0,,dead,1,557,,,,,,202.0,6.0,C2013|UT06631
UM-HET3,C2013,UT,f,UT06665,Control,0,,dead,1,745,,,,,,224.0,7.0,C2013|UT06665
UM-HET3,C2013,UT,f,UT06666,Control,0,,dead,1,804,,,,,,224.0,7.0,C2013|UT06666
UM-HET3,C2013,UT,f,UT06667,Control,0,,dead,1,943,,,,,,224.0,7.0,C2013|UT06667
UM-HET3,C2013,UT,f,UT06668,Control,0,,dead,1,741,,,,,,224.0,7.0,C2013|UT06668
UM-HET3,C2013,UT,f,UT06702,Control,0,,dead,1,1099,,,,,,114.0,2.0,C2013|UT06702
UM-HET3,C2013,UT,f,UT06703,Control,0,,dead,1,851,,,,,,114.0,2.0,C2013|UT06703
UM-HET3,C2013,UT,f,UT06704,Control,0,,dead,1,795,,,,,,114.0,2.0,C2013|UT06704
UM-HET3,C2013,UT,f,UT06705,Control,0,,dead,1,984,,,,,,114.0,2.0,C2013|UT06705
UM-HET3,C2013,UT,f,UT06721,Control,0,,dead,1,390,,,,,,239.0,7.0,C2013|UT06721
UM-HET3,C2013,UT,f,UT06722,Control,0,,dead,1,946,,,,,,239.0,7.0,C2013|UT06722
UM-HET3,C2013,UT,f,UT06723,Control,0,,dead,1,992,,,,,,239.0,7.0,C2013|UT06723
UM-HET3,C2013,UT,f,UT06724,Control,0,,dead,1,666,,,,,,239.0,7.0,C2013|UT06724
UM-HET3,C2013,UT,f,UT06736,Control,0,,dead,1,776,,,,,,240.0,7.0,C2013|UT06736
UM-HET3,C2013,UT,f,UT06737,Control,0,,dead,1,971,,,,,,240.0,7.0,C2013|UT06737
UM-HET3,C2013,UT,f,UT06738,Control,0,,dead,1,942,,,,,,240.0,7.0,C2013|UT06738
UM-HET3,C2013,UT,f,UT06739,Control,0,,dead,1,913,,,,,,240.0,7.0,C2013|UT06739
UM-HET3,C2013,UT,f,UT06743,Control,0,,dead,1,685,,,,,,123.0,2.0,C2013|UT06743
UM-HET3,C2013,UT,f,UT06744,Control,0,,dead,1,464,,,,,,123.0,2.0,C2013|UT06744
UM-HET3,C2013,UT,f,UT06745,Control,0,,dead,1,803,,,,,,123.0,2.0,C2013|UT06745
UM-HET3,C2013,UT,f,UT06746,Control,0,,dead,1,1017,,,,,,123.0,2.0,C2013|UT06746
UM-HET3,C2013,UT,f,UT06770,Control,0,,dead,1,1096,,,,,,248.0,8.0,C2013|UT06770
UM-HET3,C2013,UT,f,UT06771,Control,0,,dead,1,453,,,,,,248.0,8.0,C2013|UT06771
UM-HET3,C2013,UT,f,UT06772,Control,0,,dead,1,889,,,,,,248.0,8.0,C2013|UT06772
UM-HET3,C2013,UT,f,UT06773,Control,0,,dead,1,597,,,,,,248.0,8.0,C2013|UT06773
UM-HET3,C2013,UT,f,UT06777,Control,0,,dead,1,741,,,,,,133.0,3.0,C2013|UT06777
UM-HET3,C2013,UT,f,UT06778,Control,0,,dead,1,833,,,,,,133.0,3.0,C2013|UT06778
UM-HET3,C2013,UT,f,UT06779,Control,0,,dead,1,579,,,,,,133.0,3.0,C2013|UT06779
UM-HET3,C2013,UT,f,UT06780,Control,0,,dead,1,956,,,,,,133.0,3.0,C2013|UT06780
UM-HET3,C2013,UT,f,UT06822,Control,0,,dead,1,581,,,,,,261.0,8.0,C2013|UT06822
UM-HET3,C2013,UT,f,UT06823,Control,0,,dead,1,955,,,,,,261.0,8.0,C2013|UT06823
UM-HET3,C2013,UT,f,UT06824,Control,0,,dead,1,1140,,,,,,261.0,8.0,C2013|UT06824
UM-HET3,C2013,UT,f,UT06825,Control,0,,dead,1,741,,,,,,261.0,8.0,C2013|UT06825
UM-HET3,C2013,UT,f,UT06850,Control,0,,dead,1,1154,,,,,,269.0,9.0,C2013|UT06850
UM-HET3,C2013,UT,f,UT06851,Control,0,,dead,1,899,,,,,,269.0,9.0,C2013|UT06851
UM-HET3,C2013,UT,f,UT06852,Control,0,,dead,1,934,,,,,,269.0,9.0,C2013|UT06852
UM-HET3,C2013,UT,f,UT06853,Control,0,,dead,1,944,,,,,,269.0,9.0,C2013|UT06853
UM-HET3,C2013,UT,f,UT06867,Control,0,,dead,1,1110,,,,,,270.0,7.0,C2013|UT06867
UM-HET3,C2013,UT,f,UT06868,Control,0,,dead,1,1132,,,,,,270.0,7.0,C2013|UT06868
UM-HET3,C2013,UT,f,UT06869,Control,0,,dead,1,958,,,,,,270.0,7.0,C2013|UT06869
UM-HET3,C2013,UT,f,UT06870,Control,0,,dead,1,868,,,,,,270.0,7.0,C2013|UT06870
UM-HET3,C2013,UT,m,UT06223,Control,0,,dead,1,1160,,,,,,111.0,2.0,C2013|UT06223
UM-HET3,C2013,UT,m,UT06224,Control,0,,dead,1,714,,,,,,111.0,2.0,C2013|UT06224
UM-HET3,C2013,UT,m,UT06225,Control,0,,dead,1,870,,,,,,111.0,2.0,C2013|UT06225
UM-HET3,C2013,UT,m,UT06240,Control,0,,dead,1,623,,,,,,111.0,2.0,C2013|UT06240
UM-HET3,C2013,UT,m,UT06241,Control,0,,dead,1,551,,,,,,111.0,2.0,C2013|UT06241
UM-HET3,C2013,UT,m,UT06242,Control,0,,dead,1,363,,,,,,111.0,2.0,C2013|UT06242
UM-HET3,C2013,UT,m,UT06263,Control,0,,dead,1,968,,,,,,113.0,2.0,C2013|UT06263
UM-HET3,C2013,UT,m,UT06264,Control,0,,dead,1,300,,,,,,113.0,2.0,C2013|UT06264
UM-HET3,C2013,UT,m,UT06265,Control,0,,dead,1,891,,,,,,113.0,2.0,C2013|UT06265
UM-HET3,C2013,UT,m,UT06290,Control,0,,dead,1,692,,,,,,132.0,3.0,C2013|UT06290
UM-HET3,C2013,UT,m,UT06291,Control,0,,dead,1,869,,,,,,132.0,3.0,C2013|UT06291
UM-HET3,C2013,UT,m,UT06292,Control,0,,dead,1,919,,,,,,132.0,3.0,C2013|UT06292
UM-HET3,C2013,UT,m,UT06304,Control,0,,dead,1,421,,,,,,133.0,3.0,C2013|UT06304
UM-HET3,C2013,UT,m,UT06305,Control,0,,dead,1,938,,,,,,133.0,3.0,C2013|UT06305
UM-HET3,C2013,UT,m,UT06306,Control,0,,dead,1,976,,,,,,133.0,3.0,C2013|UT06306
UM-HET3,C2013,UT,m,UT06319,Control,0,,dead,1,623,,,,,,133.0,3.0,C2013|UT06319
UM-HET3,C2013,UT,m,UT06320,Control,0,,dead,1,512,,,,,,133.0,3.0,C2013|UT06320
UM-HET3,C2013,UT,m,UT06321,Control,0,,dead,1,484,,,,,,133.0,3.0,C2013|UT06321
UM-HET3,C2013,UT,m,UT06332,Control,0,,dead,1,642,,,,,,134.0,3.0,C2013|UT06332
UM-HET3,C2013,UT,m,UT06333,Control,0,,dead,1,711,,,,,,134.0,3.0,C2013|UT06333
UM-HET3,C2013,UT,m,UT06334,Control,0,,dead,1,807,,,,,,134.0,3.0,C2013|UT06334
UM-HET3,C2013,UT,m,UT06356,Control,0,,dead,1,547,,,,,,154.0,4.0,C2013|UT06356
UM-HET3,C2013,UT,m,UT06357,Control,0,,dead,1,655,,,,,,154.0,4.0,C2013|UT06357
UM-HET3,C2013,UT,m,UT06358,Control,0,,dead,1,623,,,,,,154.0,4.0,C2013|UT06358
UM-HET3,C2013,UT,m,UT06365,Control,0,,dead,1,833,,,,,,155.0,4.0,C2013|UT06365
UM-HET3,C2013,UT,m,UT06366,Control,0,,dead,1,833,,,,,,155.0,4.0,C2013|UT06366
UM-HET3,C2013,UT,m,UT06367,Control,0,,dead,1,946,,,,,,155.0,4.0,C2013|UT06367
UM-HET3,C2013,UT,m,UT06376,Control,0,,dead,1,673,,,,,,155.0,4.0,C2013|UT06376
UM-HET3,C2013,UT,m,UT06377,Control,0,,dead,1,336,,,,,,155.0,4.0,C2013|UT06377
UM-HET3,C2013,UT,m,UT06378,Control,0,,dead,1,758,,,,,,155.0,4.0,C2013|UT06378
UM-HET3,C2013,UT,m,UT06379,Control,0,,dead,1,586,,,,,,155.0,4.0,C2013|UT06379
UM-HET3,C2013,UT,m,UT06380,Control,0,,dead,1,1066,,,,,,155.0,4.0,C2013|UT06380
UM-HET3,C2013,UT,m,UT06381,Control,0,,dead,1,1065,,,,,,155.0,4.0,C2013|UT06381
UM-HET3,C2013,UT,m,UT06464,Control,0,,dead,1,585,,,,,,177.0,5.0,C2013|UT06464
UM-HET3,C2013,UT,m,UT06465,Control,0,,dead,1,828,,,,,,177.0,5.0,C2013|UT06465
UM-HET3,C2013,UT,m,UT06466,Control,0,,dead,1,1085,,,,,,177.0,5.0,C2013|UT06466
UM-HET3,C2013,UT,m,UT06471,Control,0,,dead,1,833,,,,,,177.0,5.0,C2013|UT06471
UM-HET3,C2013,UT,m,UT06472,Control,0,,dead,1,990,,,,,,177.0,5.0,C2013|UT06472
UM-HET3,C2013,UT,m,UT06473,Control,0,,dead,1,1133,,,,,,177.0,5.0,C2013|UT06473
UM-HET3,C2013,UT,m,UT06502,Control,0,,dead,1,564,,,,,,177.0,5.0,C2013|UT06502
UM-HET3,C2013,UT,m,UT06503,Control,0,,dead,1,558,,,,,,177.0,5.0,C2013|UT06503
UM-HET3,C2013,UT,m,UT06504,Control,0,,dead,1,920,,,,,,178.0,5.0,C2013|UT06504
UM-HET3,C2013,UT,m,UT06512,Control,0,,dead,1,539,,,,,,178.0,5.0,C2013|UT06512
UM-HET3,C2013,UT,m,UT06513,Control,0,,dead,1,725,,,,,,178.0,5.0,C2013|UT06513
UM-HET3,C2013,UT,m,UT06514,Control,0,,dead,1,679,,,,,,178.0,5.0,C2013|UT06514
UM-HET3,C2013,UT,m,UT06529,Control,0,,dead,1,583,,,,,,179.0,5.0,C2013|UT06529
UM-HET3,C2013,UT,m,UT06530,Control,0,,dead,1,944,,,,,,179.0,5.0,C2013|UT06530
UM-HET3,C2013,UT,m,UT06531,Control,0,,dead,1,891,,,,,,179.0,5.0,C2013|UT06531
UM-HET3,C2013,UT,m,UT06536,Control,0,,dead,1,424,,,,,,179.0,5.0,C2013|UT06536
UM-HET3,C2013,UT,m,UT06537,Control,0,,dead,1,666,,,,,,179.0,5.0,C2013|UT06537
UM-HET3,C2013,UT,m,UT06538,Control,0,,dead,1,955,,,,,,180.0,5.0,C2013|UT06538
UM-HET3,C2013,UT,m,UT06543,Control,0,,dead,1,1071,,,,,,180.0,5.0,C2013|UT06543
UM-HET3,C2013,UT,m,UT06544,Control,0,,dead,1,1016,,,,,,180.0,5.0,C2013|UT06544
UM-HET3,C2013,UT,m,UT06545,Control,0,,dead,1,848,,,,,,180.0,5.0,C2013|UT06545
UM-HET3,C2013,UT,m,UT06568,Control,0,,dead,1,341,,,,,,196.0,6.0,C2013|UT06568
UM-HET3,C2013,UT,m,UT06569,Control,0,,dead,1,624,,,,,,196.0,6.0,C2013|UT06569
UM-HET3,C2013,UT,m,UT06570,Control,0,,dead,1,309,,,,,,196.0,6.0,C2013|UT06570
UM-HET3,C2013,UT,m,UT06625,Control,0,,dead,1,1204,,,,,,200.0,6.0,C2013|UT06625
UM-HET3,C2013,UT,m,UT06626,Control,0,,dead,1,745,,,,,,200.0,6.0,C2013|UT06626
UM-HET3,C2013,UT,m,UT06627,Control,0,,dead,1,1086,,,,,,200.0,6.0,C2013|UT06627
UM-HET3,C2013,UT,m,UT06635,Control,0,,dead,1,479,,,,,,202.0,6.0,C2013|UT06635
UM-HET3,C2013,UT,m,UT06636,Control,0,,dead,1,916,,,,,,202.0,6.0,C2013|UT06636
UM-HET3,C2013,UT,m,UT06637,Control,0,,dead,1,263,,,,,,202.0,6.0,C2013|UT06637
UM-HET3,C2013,UT,m,UT06638,Control,0,,dead,1,624,,,,,,217.0,7.0,C2013|UT06638
UM-HET3,C2013,UT,m,UT06639,Control,0,,dead,1,666,,,,,,217.0,7.0,C2013|UT06639
UM-HET3,C2013,UT,m,UT06640,Control,0,,dead,1,503,,,,,,217.0,7.0,C2013|UT06640
UM-HET3,C2013,UT,m,UT06669,Control,0,,dead,1,1008,,,,,,224.0,7.0,C2013|UT06669
UM-HET3,C2013,UT,m,UT06670,Control,0,,dead,1,463,,,,,,224.0,7.0,C2013|UT06670
UM-HET3,C2013,UT,m,UT06671,Control,0,,dead,1,707,,,,,,223.0,6.0,C2013|UT06671
UM-HET3,C2013,UT,m,UT06679,Control,0,,dead,1,649,,,,,,109.0,2.0,C2013|UT06679
UM-HET3,C2013,UT,m,UT06680,Control,0,,dead,1,1013,,,,,,109.0,2.0,C2013|UT06680
UM-HET3,C2013,UT,m,UT06681,Control,0,,dead,1,937,,,,,,109.0,2.0,C2013|UT06681
UM-HET3,C2013,UT,m,UT06693,Control,0,,dead,1,731,,,,,,112.0,2.0,C2013|UT06693
UM-HET3,C2013,UT,m,UT06694,Control,0,,dead,1,871,,,,,,112.0,2.0,C2013|UT06694
UM-HET3,C2013,UT,m,UT06695,Control,0,,dead,1,226,,,,,,112.0,2.0,C2013|UT06695
UM-HET3,C2013,UT,m,UT06696,Control,0,,dead,1,902,,,,,,113.0,2.0,C2013|UT06696
UM-HET3,C2013,UT,m,UT06697,Control,0,,dead,1,889,,,,,,113.0,2.0,C2013|UT06697
UM-HET3,C2013,UT,m,UT06698,Control,0,,dead,1,912,,,,,,113.0,2.0,C2013|UT06698
UM-HET3,C2013,UT,m,UT06709,Control,0,,dead,1,1083,,,,,,239.0,7.0,C2013|UT06709
UM-HET3,C2013,UT,m,UT06710,Control,0,,dead,1,1084,,,,,,239.0,7.0,C2013|UT06710
UM-HET3,C2013,UT,m,UT06711,Control,0,,dead,1,660,,,,,,239.0,7.0,C2013|UT06711
UM-HET3,C2013,UT,m,UT06774,Control,0,,dead,1,803,,,,,,133.0,3.0,C2013|UT06774
UM-HET3,C2013,UT,m,UT06775,Control,0,,dead,1,868,,,,,,133.0,3.0,C2013|UT06775
UM-HET3,C2013,UT,m,UT06776,Control,0,,dead,1,866,,,,,,133.0,3.0,C2013|UT06776
UM-HET3,C2013,UT,m,UT06816,Control,0,,dead,1,969,,,,,,139.0,3.0,C2013|UT06816
UM-HET3,C2013,UT,m,UT06817,Control,0,,dead,1,973,,,,,,139.0,3.0,C2013|UT06817
UM-HET3,C2013,UT,m,UT06818,Control,0,,dead,1,672,,,,,,139.0,3.0,C2013|UT06818
UM-HET3,C2013,UT,m,UT06847,Control,0,,dead,1,1048,,,,,,269.0,9.0,C2013|UT06847
UM-HET3,C2013,UT,m,UT06848,Control,0,,dead,1,834,,,,,,269.0,9.0,C2013|UT06848
UM-HET3,C2013,UT,m,UT06849,Control,0,,dead,1,794,,,,,,269.0,9.0,C2013|UT06849
UM-HET3,C2013,UT,m,UT06871,Control,0,,dead,1,830,,,,,,156.0,4.0,C2013|UT06871
UM-HET3,C2013,UT,m,UT06872,Control,0,,dead,1,711,,,,,,156.0,4.0,C2013|UT06872
UM-HET3,C2013,UT,m,UT06873,Control,0,,dead,1,807,,,,,,156.0,4.0,C2013|UT06873
UM-HET3,C2013,UT,m,UT06884,Control,0,,dead,1,494,,,,,,158.0,4.0,C2013|UT06884
UM-HET3,C2013,UT,m,UT06885,Control,0,,dead,1,1130,,,,,,158.0,4.0,C2013|UT06885
UM-HET3,C2013,UT,m,UT06886,Control,0,,dead,1,892,,,,,,158.0,4.0,C2013|UT06886
UM-HET3,C2013,UT,m,UT06897,Control,0,,dead,1,644,,,,,,161.0,4.0,C2013|UT06897
UM-HET3,C2013,UT,m,UT06898,Control,0,,dead,1,1083,,,,,,161.0,4.0,C2013|UT06898
UM-HET3,C2013,UT,m,UT06899,Control,0,,dead,1,373,,,,,,161.0,4.0,C2013|UT06899
UM-HET3,C2013,UT,m,UT06900,Control,0,,dead,1,903,,,,,,282.0,9.0,C2013|UT06900
UM-HET3,C2013,UT,m,UT06901,Control,0,,dead,1,813,,,,,,282.0,9.0,C2013|UT06901
UM-HET3,C2013,UT,m,UT06902,Control,0,,dead,1,952,,,,,,282.0,9.0,C2013|UT06902
UM-HET3,C2014,TJL,f,JL11009,Control,0,,dead,1,897,,,,23.0,23.0,,,C2014|JL11009
UM-HET3,C2014,TJL,f,JL11010,Control,0,,dead,1,730,,,,46.0,48.0,,,C2014|JL11010
UM-HET3,C2014,TJL,f,JL11011,Control,0,,dead,1,883,,,,33.0,31.0,,,C2014|JL11011
UM-HET3,C2014,TJL,f,JL11012,Control,0,,dead,1,953,,,,26.0,31.0,,,C2014|JL11012
UM-HET3,C2014,TJL,f,JL11026,Control,0,,dead,1,1101,,,,30.0,31.0,,,C2014|JL11026
UM-HET3,C2014,TJL,f,JL11027,Control,0,,dead,1,758,,,,29.0,32.0,,,C2014|JL11027
UM-HET3,C2014,TJL,f,JL11028,Control,0,,dead,1,582,,,,39.0,45.0,,,C2014|JL11028
UM-HET3,C2014,TJL,f,JL11029,Control,0,,dead,1,1162,,,,34.0,35.0,,,C2014|JL11029
UM-HET3,C2014,TJL,f,JL11030,Control,0,,dead,1,1037,,,,28.0,34.0,,,C2014|JL11030
UM-HET3,C2014,TJL,f,JL11031,Control,0,,dead,1,638,,,,38.0,44.0,,,C2014|JL11031
UM-HET3,C2014,TJL,f,JL11032,Control,0,,dead,1,946,,,,41.0,50.0,,,C2014|JL11032
UM-HET3,C2014,TJL,f,JL11033,Control,0,,dead,1,1056,,,,35.0,44.0,,,C2014|JL11033
UM-HET3,C2014,TJL,f,JL11047,Control,0,,dead,1,1134,,,,29.0,30.0,,,C2014|JL11047
UM-HET3,C2014,TJL,f,JL11048,Control,0,,dead,1,764,,,,36.0,37.0,,,C2014|JL11048
UM-HET3,C2014,TJL,f,JL11049,Control,0,,dead,1,1197,,,,31.0,33.0,,,C2014|JL11049
UM-HET3,C2014,TJL,f,JL11050,Control,0,,dead,1,723,,,,40.0,43.0,,,C2014|JL11050
UM-HET3,C2014,TJL,f,JL11117,Control,0,,dead,1,1036,,,,36.0,45.0,,,C2014|JL11117
UM-HET3,C2014,TJL,f,JL11118,Control,0,,dead,1,844,,,,40.0,46.0,,,C2014|JL11118
UM-HET3,C2014,TJL,f,JL11119,Control,0,,dead,1,1036,,,,35.0,39.0,,,C2014|JL11119
UM-HET3,C2014,TJL,f,JL11120,Control,0,,dead,1,635,,,,37.0,38.0,,,C2014|JL11120
UM-HET3,C2014,TJL,f,JL11125,Control,0,,dead,1,821,,,,27.0,30.0,,,C2014|JL11125
UM-HET3,C2014,TJL,f,JL11126,Control,0,,dead,1,834,,,,27.0,38.0,,,C2014|JL11126
UM-HET3,C2014,TJL,f,JL11127,Control,0,,dead,1,920,,,,34.0,43.0,,,C2014|JL11127
UM-HET3,C2014,TJL,f,JL11128,Control,0,,dead,1,855,,,,27.0,36.0,,,C2014|JL11128
UM-HET3,C2014,TJL,f,JL11133,Control,0,,dead,1,911,,,,27.0,31.0,,,C2014|JL11133
UM-HET3,C2014,TJL,f,JL11134,Control,0,,dead,1,840,,,,29.0,38.0,,,C2014|JL11134
UM-HET3,C2014,TJL,f,JL11135,Control,0,,dead,1,903,,,,40.0,44.0,,,C2014|JL11135
UM-HET3,C2014,TJL,f,JL11136,Control,0,,dead,1,723,,,,34.0,40.0,,,C2014|JL11136
UM-HET3,C2014,TJL,f,JL11154,Control,0,,dead,1,799,,,,35.0,36.0,,,C2014|JL11154
UM-HET3,C2014,TJL,f,JL11155,Control,0,,dead,1,1065,,,,29.0,36.0,,,C2014|JL11155
UM-HET3,C2014,TJL,f,JL11156,Control,0,,dead,1,855,,,,41.0,43.0,,,C2014|JL11156
UM-HET3,C2014,TJL,f,JL11157,Control,0,,dead,1,1358,,,,38.0,41.0,,,C2014|JL11157
UM-HET3,C2014,TJL,f,JL11227,Control,0,,dead,1,669,,,,33.0,38.0,,,C2014|JL11227
UM-HET3,C2014,TJL,f,JL11228,Control,0,,dead,1,872,,,,43.0,56.0,,,C2014|JL11228
UM-HET3,C2014,TJL,f,JL11229,Control,0,,dead,1,661,,,,25.0,28.0,,,C2014|JL11229
UM-HET3,C2014,TJL,f,JL11230,Control,0,,dead,1,658,,,,30.0,38.0,,,C2014|JL11230
UM-HET3,C2014,TJL,f,JL11267,Control,0,,dead,1,1099,,,,29.0,36.0,,,C2014|JL11267
UM-HET3,C2014,TJL,f,JL11268,Control,0,,dead,1,974,,,,38.0,50.0,,,C2014|JL11268
UM-HET3,C2014,TJL,f,JL11269,Control,0,,dead,1,680,,,,24.0,25.0,,,C2014|JL11269
UM-HET3,C2014,TJL,f,JL11270,Control,0,,dead,1,855,,,,21.0,27.0,,,C2014|JL11270
UM-HET3,C2014,TJL,f,JL11295,Control,0,,dead,1,820,,,,34.0,39.0,,,C2014|JL11295
UM-HET3,C2014,TJL,f,JL11296,Control,0,,dead,1,1104,,,,38.0,48.0,,,C2014|JL11296
UM-HET3,C2014,TJL,f,JL11297,Control,0,,dead,1,897,,,,34.0,46.0,,,C2014|JL11297
UM-HET3,C2014,TJL,f,JL11298,Control,0,,dead,1,694,,,,43.0,53.0,,,C2014|JL11298
UM-HET3,C2014,TJL,f,JL11299,Control,0,,dead,1,750,,,,33.0,44.0,,,C2014|JL11299
UM-HET3,C2014,TJL,f,JL11300,Control,0,,dead,1,792,,,,28.0,33.0,,,C2014|JL11300
UM-HET3,C2014,TJL,f,JL11301,Control,0,,dead,1,1078,,,,32.0,41.0,,,C2014|JL11301
UM-HET3,C2014,TJL,f,JL11302,Control,0,,dead,1,834,,,,37.0,50.0,,,C2014|JL11302
UM-HET3,C2014,TJL,f,JL11333,Control,0,,dead,1,960,,,,27.0,31.0,,,C2014|JL11333
UM-HET3,C2014,TJL,f,JL11334,Control,0,,dead,1,1106,,,,37.0,44.0,,,C2014|JL11334
UM-HET3,C2014,TJL,f,JL11335,Control,0,,dead,1,876,,,,28.0,32.0,,,C2014|JL11335
UM-HET3,C2014,TJL,f,JL11336,Control,0,,dead,1,967,,,,27.0,31.0,,,C2014|JL11336
UM-HET3,C2014,TJL,f,JL11341,Control,0,,dead,1,1085,,,,26.0,30.0,,,C2014|JL11341
UM-HET3,C2014,TJL,f,JL11342,Control,0,,dead,1,813,,,,22.0,27.0,,,C2014|JL11342
UM-HET3,C2014,TJL,f,JL11343,Control,0,,dead,1,1092,,,,30.0,34.0,,,C2014|JL11343
UM-HET3,C2014,TJL,f,JL11344,Control,0,,dead,1,981,,,,24.0,30.0,,,C2014|JL11344
UM-HET3,C2014,TJL,f,JL11377,Control,0,,dead,1,911,,,,26.0,30.0,,,C2014|JL11377
UM-HET3,C2014,TJL,f,JL11378,Control,0,,dead,1,1002,,,,32.0,39.0,,,C2014|JL11378
UM-HET3,C2014,TJL,f,JL11379,Control,0,,dead,1,1011,,,,36.0,44.0,,,C2014|JL11379
UM-HET3,C2014,TJL,f,JL11380,Control,0,,dead,1,673,,,,34.0,43.0,,,C2014|JL11380
UM-HET3,C2014,TJL,f,JL11438,Control,0,,dead,1,685,,,,37.0,45.0,,,C2014|JL11438
UM-HET3,C2014,TJL,f,JL11439,Control,0,,dead,1,1040,,,,44.0,50.0,,,C2014|JL11439
UM-HET3,C2014,TJL,f,JL11440,Control,0,,dead,1,1054,,,,27.0,35.0,,,C2014|JL11440
UM-HET3,C2014,TJL,f,JL11441,Control,0,,dead,1,992,,,,27.0,31.0,,,C2014|JL11441
UM-HET3,C2014,TJL,f,JL11459,Control,0,,dead,1,771,,,,21.0,23.0,,,C2014|JL11459
UM-HET3,C2014,TJL,f,JL11460,Control,0,,dead,1,631,,,,25.0,28.0,,,C2014|JL11460
UM-HET3,C2014,TJL,f,JL11461,Control,0,,dead,1,904,,,,32.0,47.0,,,C2014|JL11461
UM-HET3,C2014,TJL,f,JL11462,Control,0,,dead,1,994,,,,28.0,39.0,,,C2014|JL11462
UM-HET3,C2014,TJL,f,JL11463,Control,0,,dead,1,1008,,,,38.0,45.0,,,C2014|JL11463
UM-HET3,C2014,TJL,f,JL11464,Control,0,,dead,1,961,,,,29.0,35.0,,,C2014|JL11464
UM-HET3,C2014,TJL,f,JL11465,Control,0,,dead,1,911,,,,25.0,40.0,,,C2014|JL11465
UM-HET3,C2014,TJL,f,JL11466,Control,0,,dead,1,191,,,,27.0,,,,C2014|JL11466
UM-HET3,C2014,TJL,f,JL11498,Control,0,,dead,1,834,,,,31.0,37.0,,,C2014|JL11498
UM-HET3,C2014,TJL,f,JL11499,Control,0,,dead,1,750,,,,24.0,29.0,,,C2014|JL11499
UM-HET3,C2014,TJL,f,JL11500,Control,0,,dead,1,947,,,,24.0,34.0,,,C2014|JL11500
UM-HET3,C2014,TJL,f,JL11501,Control,0,,dead,1,682,,,,29.0,35.0,,,C2014|JL11501
UM-HET3,C2014,TJL,f,JL11510,Control,0,,dead,1,596,,,,26.0,32.0,,,C2014|JL11510
UM-HET3,C2014,TJL,f,JL11511,Control,0,,dead,1,1001,,,,31.0,38.0,,,C2014|JL11511
UM-HET3,C2014,TJL,f,JL11512,Control,0,,dead,1,562,,,,34.0,40.0,,,C2014|JL11512
UM-HET3,C2014,TJL,f,JL11513,Control,0,,dead,1,882,,,,25.0,30.0,,,C2014|JL11513
UM-HET3,C2014,TJL,f,JL11603,Control,0,,dead,1,1095,,,,24.0,25.0,,,C2014|JL11603
UM-HET3,C2014,TJL,f,JL11604,Control,0,,dead,1,920,,,,41.0,59.0,,,C2014|JL11604
UM-HET3,C2014,TJL,f,JL11605,Control,0,,dead,1,963,,,,25.0,32.0,,,C2014|JL11605
UM-HET3,C2014,TJL,f,JL11606,Control,0,,dead,1,761,,,,28.0,37.0,,,C2014|JL11606
UM-HET3,C2014,TJL,f,JL11628,Control,0,,dead,1,952,,,,25.0,39.0,,,C2014|JL11628
UM-HET3,C2014,TJL,f,JL11629,Control,0,,dead,1,1126,,,,26.0,36.0,,,C2014|JL11629
UM-HET3,C2014,TJL,f,JL11630,Control,0,,dead,1,1152,,,,25.0,28.0,,,C2014|JL11630
UM-HET3,C2014,TJL,f,JL11631,Control,0,,dead,1,799,,,,31.0,43.0,,,C2014|JL11631
UM-HET3,C2014,TJL,f,JL11636,Control,0,,dead,1,918,,,,28.0,28.0,,,C2014|JL11636
UM-HET3,C2014,TJL,f,JL11637,Control,0,,dead,1,862,,,,26.0,31.0,,,C2014|JL11637
UM-HET3,C2014,TJL,f,JL11638,Control,0,,dead,1,958,,,,33.0,37.0,,,C2014|JL11638
UM-HET3,C2014,TJL,f,JL11639,Control,0,,dead,1,910,,,,36.0,46.0,,,C2014|JL11639
UM-HET3,C2014,TJL,f,JL11660,Control,0,,dead,1,897,,,,28.0,32.0,,,C2014|JL11660
UM-HET3,C2014,TJL,f,JL11661,Control,0,,dead,1,1013,,,,41.0,62.0,,,C2014|JL11661
UM-HET3,C2014,TJL,f,JL11662,Control,0,,dead,1,1085,,,,22.0,27.0,,,C2014|JL11662
UM-HET3,C2014,TJL,f,JL11663,Control,0,,dead,1,874,,,,30.0,42.0,,,C2014|JL11663
UM-HET3,C2014,TJL,m,JL11093,Control,0,,dead,1,526,,,,48.0,49.0,,,C2014|JL11093
UM-HET3,C2014,TJL,m,JL11094,Control,0,,dead,1,891,,,,50.0,52.0,,,C2014|JL11094
UM-HET3,C2014,TJL,m,JL11095,Control,0,,dead,1,365,,,,48.0,,,,C2014|JL11095
UM-HET3,C2014,TJL,m,JL11184,Control,0,,dead,1,702,,,,47.0,50.0,,,C2014|JL11184
UM-HET3,C2014,TJL,m,JL11185,Control,0,,dead,1,630,,,,54.0,56.0,,,C2014|JL11185
UM-HET3,C2014,TJL,m,JL11186,Control,0,,dead,1,917,,,,41.0,44.0,,,C2014|JL11186
UM-HET3,C2014,TJL,m,JL11187,Control,0,,removed,0,250,,,,,,,,C2014|JL11187
UM-HET3,C2014,TJL,m,JL11188,Control,0,,removed,0,250,,,,,,,,C2014|JL11188
UM-HET3,C2014,TJL,m,JL11189,Control,0,,removed,0,250,,,,,,,,C2014|JL11189
UM-HET3,C2014,TJL,m,JL11190,Control,0,,dead,1,1037,,,,44.0,48.0,,,C2014|JL11190
UM-HET3,C2014,TJL,m,JL11191,Control,0,,dead,1,904,,,,44.0,48.0,,,C2014|JL11191
UM-HET3,C2014,TJL,m,JL11192,Control,0,,dead,1,1101,,,,41.0,46.0,,,C2014|JL11192
UM-HET3,C2014,TJL,m,JL11220,Control,0,,removed,0,387,,,,,,,,C2014|JL11220
UM-HET3,C2014,TJL,m,JL11221,Control,0,,removed,0,784,,,,,,,,C2014|JL11221
UM-HET3,C2014,TJL,m,JL11222,Control,0,,removed,0,387,,,,,,,,C2014|JL11222
UM-HET3,C2014,TJL,m,JL11255,Control,0,,dead,1,572,,,,42.0,43.0,,,C2014|JL11255
UM-HET3,C2014,TJL,m,JL11256,Control,0,,dead,1,915,,,,49.0,54.0,,,C2014|JL11256
UM-HET3,C2014,TJL,m,JL11257,Control,0,,dead,1,922,,,,39.0,38.0,,,C2014|JL11257
UM-HET3,C2014,TJL,m,JL11258,Control,0,,dead,1,544,,,,47.0,49.0,,,C2014|JL11258
UM-HET3,C2014,TJL,m,JL11259,Control,0,,dead,1,530,,,,51.0,58.0,,,C2014|JL11259
UM-HET3,C2014,TJL,m,JL11260,Control,0,,dead,1,495,,,,38.0,40.0,,,C2014|JL11260
UM-HET3,C2014,TJL,m,JL11261,Control,0,,dead,1,468,,,,48.0,56.0,,,C2014|JL11261
UM-HET3,C2014,TJL,m,JL11262,Control,0,,dead,1,334,,,,47.0,,,,C2014|JL11262
UM-HET3,C2014,TJL,m,JL11263,Control,0,,dead,1,873,,,,38.0,42.0,,,C2014|JL11263
UM-HET3,C2014,TJL,m,JL11275,Control,0,,dead,1,911,,,,44.0,49.0,,,C2014|JL11275
UM-HET3,C2014,TJL,m,JL11276,Control,0,,dead,1,589,,,,38.0,43.0,,,C2014|JL11276
UM-HET3,C2014,TJL,m,JL11277,Control,0,,dead,1,1176,,,,36.0,43.0,,,C2014|JL11277
UM-HET3,C2014,TJL,m,JL11284,Control,0,,dead,1,443,,,,49.0,54.0,,,C2014|JL11284
UM-HET3,C2014,TJL,m,JL11285,Control,0,,dead,1,946,,,,38.0,45.0,,,C2014|JL11285
UM-HET3,C2014,TJL,m,JL11286,Control,0,,dead,1,520,,,,46.0,50.0,,,C2014|JL11286
UM-HET3,C2014,TJL,m,JL11309,Control,0,,dead,1,738,,,,43.0,48.0,,,C2014|JL11309
UM-HET3,C2014,TJL,m,JL11310,Control,0,,dead,1,813,,,,47.0,50.0,,,C2014|JL11310
UM-HET3,C2014,TJL,m,JL11311,Control,0,,dead,1,1099,,,,35.0,41.0,,,C2014|JL11311
UM-HET3,C2014,TJL,m,JL11361,Control,0,,dead,1,925,,,,30.0,37.0,,,C2014|JL11361
UM-HET3,C2014,TJL,m,JL11362,Control,0,,dead,1,972,,,,34.0,40.0,,,C2014|JL11362
UM-HET3,C2014,TJL,m,JL11363,Control,0,,dead,1,1043,,,,32.0,37.0,,,C2014|JL11363
UM-HET3,C2014,TJL,m,JL11364,Control,0,,removed,0,756,,,,,,,,C2014|JL11364
UM-HET3,C2014,TJL,m,JL11365,Control,0,,removed,0,756,,,,,,,,C2014|JL11365
UM-HET3,C2014,TJL,m,JL11366,Control,0,,removed,0,436,,,,,,,,C2014|JL11366
UM-HET3,C2014,TJL,m,JL11371,Control,0,,dead,1,1029,,,,48.0,52.0,,,C2014|JL11371
UM-HET3,C2014,TJL,m,JL11372,Control,0,,dead,1,1078,,,,49.0,49.0,,,C2014|JL11372
UM-HET3,C2014,TJL,m,JL11373,Control,0,,dead,1,967,,,,50.0,53.0,,,C2014|JL11373
UM-HET3,C2014,TJL,m,JL11381,Control,0,,dead,1,1064,,,,39.0,43.0,,,C2014|JL11381
UM-HET3,C2014,TJL,m,JL11382,Control,0,,dead,1,695,,,,47.0,50.0,,,C2014|JL11382
UM-HET3,C2014,TJL,m,JL11383,Control,0,,dead,1,717,,,,37.0,42.0,,,C2014|JL11383
UM-HET3,C2014,TJL,m,JL11384,Control,0,,dead,1,352,,,,49.0,,,,C2014|JL11384
UM-HET3,C2014,TJL,m,JL11385,Control,0,,dead,1,983,,,,41.0,43.0,,,C2014|JL11385
UM-HET3,C2014,TJL,m,JL11386,Control,0,,dead,1,960,,,,45.0,48.0,,,C2014|JL11386
UM-HET3,C2014,TJL,m,JL11394,Control,0,,dead,1,1068,,,,43.0,46.0,,,C2014|JL11394
UM-HET3,C2014,TJL,m,JL11395,Control,0,,dead,1,866,,,,49.0,55.0,,,C2014|JL11395
UM-HET3,C2014,TJL,m,JL11396,Control,0,,dead,1,1257,,,,36.0,41.0,,,C2014|JL11396
UM-HET3,C2014,TJL,m,JL11400,Control,0,,dead,1,522,,,,47.0,48.0,,,C2014|JL11400
UM-HET3,C2014,TJL,m,JL11401,Control,0,,dead,1,1007,,,,42.0,45.0,,,C2014|JL11401
UM-HET3,C2014,TJL,m,JL11402,Control,0,,dead,1,847,,,,47.0,52.0,,,C2014|JL11402
UM-HET3,C2014,TJL,m,JL11419,Control,0,,dead,1,969,,,,43.0,48.0,,,C2014|JL11419
UM-HET3,C2014,TJL,m,JL11420,Control,0,,dead,1,855,,,,49.0,53.0,,,C2014|JL11420
UM-HET3,C2014,TJL,m,JL11421,Control,0,,dead,1,1272,,,,47.0,51.0,,,C2014|JL11421
UM-HET3,C2014,TJL,m,JL11428,Control,0,,dead,1,848,,,,47.0,48.0,,,C2014|JL11428
UM-HET3,C2014,TJL,m,JL11429,Control,0,,dead,1,463,,,,50.0,55.0,,,C2014|JL11429
UM-HET3,C2014,TJL,m,JL11430,Control,0,,dead,1,1064,,,,46.0,48.0,,,C2014|JL11430
UM-HET3,C2014,TJL,m,JL11449,Control,0,,dead,1,992,,,,46.0,53.0,,,C2014|JL11449
UM-HET3,C2014,TJL,m,JL11450,Control,0,,dead,1,971,,,,45.0,49.0,,,C2014|JL11450
UM-HET3,C2014,TJL,m,JL11451,Control,0,,dead,1,377,,,,43.0,47.0,,,C2014|JL11451
UM-HET3,C2014,TJL,m,JL11514,Control,0,,dead,1,505,,,,51.0,53.0,,,C2014|JL11514
UM-HET3,C2014,TJL,m,JL11515,Control,0,,dead,1,1050,,,,43.0,44.0,,,C2014|JL11515
UM-HET3,C2014,TJL,m,JL11516,Control,0,,dead,1,1111,,,,36.0,42.0,,,C2014|JL11516
UM-HET3,C2014,TJL,m,JL11517,Control,0,,dead,1,994,,,,50.0,53.0,,,C2014|JL11517
UM-HET3,C2014,TJL,m,JL11518,Control,0,,dead,1,590,,,,44.0,49.0,,,C2014|JL11518
UM-HET3,C2014,TJL,m,JL11519,Control,0,,dead,1,994,,,,45.0,49.0,,,C2014|JL11519
UM-HET3,C2014,TJL,m,JL11529,Control,0,,dead,1,519,,,,45.0,51.0,,,C2014|JL11529
UM-HET3,C2014,TJL,m,JL11530,Control,0,,dead,1,359,,,,45.0,,,,C2014|JL11530
UM-HET3,C2014,TJL,m,JL11531,Control,0,,dead,1,1004,,,,41.0,44.0,,,C2014|JL11531
UM-HET3,C2014,TJL,m,JL11535,Control,0,,dead,1,925,,,,43.0,44.0,,,C2014|JL11535
UM-HET3,C2014,TJL,m,JL11536,Control,0,,dead,1,1022,,,,39.0,48.0,,,C2014|JL11536
UM-HET3,C2014,TJL,m,JL11537,Control,0,,dead,1,967,,,,46.0,53.0,,,C2014|JL11537
UM-HET3,C2014,TJL,m,JL11589,Control,0,,dead,1,498,,,,41.0,47.0,,,C2014|JL11589
UM-HET3,C2014,TJL,m,JL11590,Control,0,,dead,1,751,,,,47.0,54.0,,,C2014|JL11590
UM-HET3,C2014,TJL,m,JL11591,Control,0,,dead,1,932,,,,45.0,50.0,,,C2014|JL11591
UM-HET3,C2014,TJL,m,JL11592,Control,0,,dead,1,1161,,,,45.0,44.0,,,C2014|JL11592
UM-HET3,C2014,TJL,m,JL11593,Control,0,,dead,1,269,,,,44.0,,,,C2014|JL11593
UM-HET3,C2014,TJL,m,JL11594,Control,0,,dead,1,973,,,,36.0,37.0,,,C2014|JL11594
UM-HET3,C2014,TJL,m,JL11613,Control,0,,dead,1,549,,,,46.0,51.0,,,C2014|JL11613
UM-HET3,C2014,TJL,m,JL11614,Control,0,,dead,1,846,,,,38.0,41.0,,,C2014|JL11614
UM-HET3,C2014,TJL,m,JL11615,Control,0,,dead,1,544,,,,50.0,53.0,,,C2014|JL11615
UM-HET3,C2014,TJL,m,JL11619,Control,0,,dead,1,992,,,,47.0,51.0,,,C2014|JL11619
UM-HET3,C2014,TJL,m,JL11620,Control,0,,dead,1,846,,,,40.0,45.0,,,C2014|JL11620
UM-HET3,C2014,TJL,m,JL11621,Control,0,,dead,1,622,,,,43.0,44.0,,,C2014|JL11621
UM-HET3,C2014,TJL,m,JL11625,Control,0,,dead,1,838,,,,47.0,48.0,,,C2014|JL11625
UM-HET3,C2014,TJL,m,JL11626,Control,0,,dead,1,1040,,,,44.0,46.0,,,C2014|JL11626
UM-HET3,C2014,TJL,m,JL11627,Control,0,,dead,1,797,,,,41.0,44.0,,,C2014|JL11627
UM-HET3,C2014,TJL,m,JL11676,Control,0,,dead,1,873,,,,42.0,47.0,,,C2014|JL11676
UM-HET3,C2014,TJL,m,JL11677,Control,0,,dead,1,1026,,,,38.0,41.0,,,C2014|JL11677
UM-HET3,C2014,TJL,m,JL11678,Control,0,,dead,1,678,,,,47.0,48.0,,,C2014|JL11678
UM-HET3,C2014,TJL,m,JL11702,Control,0,,dead,1,573,,,,50.0,53.0,,,C2014|JL11702
UM-HET3,C2014,TJL,m,JL11703,Control,0,,dead,1,292,,,,41.0,,,,C2014|JL11703
UM-HET3,C2014,TJL,m,JL11704,Control,0,,dead,1,1179,,,,44.0,52.0,,,C2014|JL11704
UM-HET3,C2014,TJL,m,JL11716,Control,0,,dead,1,274,,,,49.0,,,,C2014|JL11716
UM-HET3,C2014,TJL,m,JL11717,Control,0,,dead,1,680,,,,43.0,44.0,,,C2014|JL11717
UM-HET3,C2014,TJL,m,JL11718,Control,0,,dead,1,980,,,,38.0,42.0,,,C2014|JL11718
UM-HET3,C2014,TJL,m,JL11728,Control,0,,dead,1,757,,,,51.0,53.0,,,C2014|JL11728
UM-HET3,C2014,TJL,m,JL11729,Control,0,,dead,1,969,,,,45.0,40.0,,,C2014|JL11729
UM-HET3,C2014,TJL,m,JL11730,Control,0,,dead,1,559,,,,46.0,48.0,,,C2014|JL11730
UM-HET3,C2014,UM,f,UM48258,Control,0,,dead,1,795,,,,,,,,C2014|UM48258
UM-HET3,C2014,UM,f,UM48265,Control,0,,dead,1,810,,,,,,,,C2014|UM48265
UM-HET3,C2014,UM,f,UM48272,Control,0,,dead,1,727,,,,,,,,C2014|UM48272
UM-HET3,C2014,UM,f,UM48279,Control,0,,dead,1,966,,,,,,,,C2014|UM48279
UM-HET3,C2014,UM,f,UM48286,Control,0,,dead,1,884,,,,,,,,C2014|UM48286
UM-HET3,C2014,UM,f,UM48293,Control,0,,dead,1,650,,,,,,,,C2014|UM48293
UM-HET3,C2014,UM,f,UM48300,Control,0,,dead,1,973,,,,,,,,C2014|UM48300
UM-HET3,C2014,UM,f,UM48307,Control,0,,dead,1,864,,,,,,,,C2014|UM48307
UM-HET3,C2014,UM,f,UM48727,Control,0,,dead,1,815,,,,,,,,C2014|UM48727
UM-HET3,C2014,UM,f,UM48734,Control,0,,dead,1,867,,,,,,,,C2014|UM48734
UM-HET3,C2014,UM,f,UM48741,Control,0,,dead,1,744,,,,,,,,C2014|UM48741
UM-HET3,C2014,UM,f,UM48748,Control,0,,dead,1,1035,,,,,,,,C2014|UM48748
UM-HET3,C2014,UM,f,UM48755,Control,0,,dead,1,961,,,,,,,,C2014|UM48755
UM-HET3,C2014,UM,f,UM48762,Control,0,,dead,1,1171,,,,,,,,C2014|UM48762
UM-HET3,C2014,UM,f,UM48769,Control,0,,dead,1,878,,,,,,,,C2014|UM48769
UM-HET3,C2014,UM,f,UM48776,Control,0,,dead,1,884,,,,,,,,C2014|UM48776
UM-HET3,C2014,UM,f,UM48846,Control,0,,dead,1,869,,,,,,,,C2014|UM48846
UM-HET3,C2014,UM,f,UM48853,Control,0,,dead,1,961,,,,,,,,C2014|UM48853
UM-HET3,C2014,UM,f,UM48860,Control,0,,dead,1,973,,,,,,,,C2014|UM48860
UM-HET3,C2014,UM,f,UM48867,Control,0,,dead,1,935,,,,,,,,C2014|UM48867
UM-HET3,C2014,UM,f,UM48923,Control,0,,dead,1,686,,,,,,,,C2014|UM48923
UM-HET3,C2014,UM,f,UM48930,Control,0,,dead,1,903,,,,,,,,C2014|UM48930
UM-HET3,C2014,UM,f,UM48937,Control,0,,dead,1,1187,,,,,,,,C2014|UM48937
UM-HET3,C2014,UM,f,UM48944,Control,0,,dead,1,1170,,,,,,,,C2014|UM48944
UM-HET3,C2014,UM,f,UM49196,Control,0,,dead,1,314,,,,,,,,C2014|UM49196
UM-HET3,C2014,UM,f,UM49203,Control,0,,dead,1,945,,,,,,,,C2014|UM49203
UM-HET3,C2014,UM,f,UM49210,Control,0,,dead,1,123,,,,,,,,C2014|UM49210
UM-HET3,C2014,UM,f,UM49217,Control,0,,dead,1,1083,,,,,,,,C2014|UM49217
UM-HET3,C2014,UM,f,UM49245,Control,0,,dead,1,1071,,,,,,,,C2014|UM49245
UM-HET3,C2014,UM,f,UM49252,Control,0,,dead,1,940,,,,,,,,C2014|UM49252
UM-HET3,C2014,UM,f,UM49259,Control,0,,dead,1,856,,,,,,,,C2014|UM49259
UM-HET3,C2014,UM,f,UM49266,Control,0,,dead,1,1075,,,,,,,,C2014|UM49266
UM-HET3,C2014,UM,f,UM49329,Control,0,,dead,1,769,,,,,,,,C2014|UM49329
UM-HET3,C2014,UM,f,UM49336,Control,0,,dead,1,866,,,,,,,,C2014|UM49336
UM-HET3,C2014,UM,f,UM49343,Control,0,,removed,0,835,,,,,,,,C2014|UM49343
UM-HET3,C2014,UM,f,UM49350,Control,0,,dead,1,742,,,,,,,,C2014|UM49350
UM-HET3,C2014,UM,f,UM49756,Control,0,,dead,1,894,,,,,,,,C2014|UM49756
UM-HET3,C2014,UM,f,UM49763,Control,0,,dead,1,899,,,,,,,,C2014|UM49763
UM-HET3,C2014,UM,f,UM49770,Control,0,,dead,1,946,,,,,,,,C2014|UM49770
UM-HET3,C2014,UM,f,UM49777,Control,0,,dead,1,907,,,,,,,,C2014|UM49777
UM-HET3,C2014,UM,f,UM50071,Control,0,,dead,1,798,,,,,,,,C2014|UM50071
UM-HET3,C2014,UM,f,UM50078,Control,0,,dead,1,1008,,,,,,,,C2014|UM50078
UM-HET3,C2014,UM,f,UM50085,Control,0,,dead,1,710,,,,,,,,C2014|UM50085
UM-HET3,C2014,UM,f,UM50092,Control,0,,dead,1,897,,,,,,,,C2014|UM50092
UM-HET3,C2014,UM,f,UM50099,Control,0,,dead,1,1123,,,,,,,,C2014|UM50099
UM-HET3,C2014,UM,f,UM50106,Control,0,,dead,1,819,,,,,,,,C2014|UM50106
UM-HET3,C2014,UM,f,UM50113,Control,0,,dead,1,921,,,,,,,,C2014|UM50113
UM-HET3,C2014,UM,f,UM50120,Control,0,,dead,1,764,,,,,,,,C2014|UM50120
UM-HET3,C2014,UM,f,UM50491,Control,0,,dead,1,1029,,,,,,,,C2014|UM50491
UM-HET3,C2014,UM,f,UM50498,Control,0,,dead,1,863,,,,,,,,C2014|UM50498
UM-HET3,C2014,UM,f,UM50505,Control,0,,dead,1,706,,,,,,,,C2014|UM50505
UM-HET3,C2014,UM,f,UM50512,Control,0,,dead,1,1006,,,,,,,,C2014|UM50512
UM-HET3,C2014,UM,f,UM50631,Control,0,,dead,1,908,,,,,,,,C2014|UM50631
UM-HET3,C2014,UM,f,UM50638,Control,0,,dead,1,1210,,,,,,,,C2014|UM50638
UM-HET3,C2014,UM,f,UM50645,Control,0,,dead,1,568,,,,,,,,C2014|UM50645
UM-HET3,C2014,UM,f,UM50652,Control,0,,dead,1,784,,,,,,,,C2014|UM50652
UM-HET3,C2014,UM,f,UM50813,Control,0,,dead,1,1139,,,,,,,,C2014|UM50813
UM-HET3,C2014,UM,f,UM50820,Control,0,,dead,1,1160,,,,,,,,C2014|UM50820
UM-HET3,C2014,UM,f,UM50827,Control,0,,dead,1,479,,,,,,,,C2014|UM50827
UM-HET3,C2014,UM,f,UM50834,Control,0,,dead,1,936,,,,,,,,C2014|UM50834
UM-HET3,C2014,UM,f,UM50911,Control,0,,dead,1,673,,,,,,,,C2014|UM50911
UM-HET3,C2014,UM,f,UM50918,Control,0,,dead,1,1059,,,,,,,,C2014|UM50918
UM-HET3,C2014,UM,f,UM50925,Control,0,,dead,1,833,,,,,,,,C2014|UM50925
UM-HET3,C2014,UM,f,UM50932,Control,0,,dead,1,1018,,,,,,,,C2014|UM50932
UM-HET3,C2014,UM,f,UM51072,Control,0,,dead,1,1153,,,,,,,,C2014|UM51072
UM-HET3,C2014,UM,f,UM51079,Control,0,,dead,1,845,,,,,,,,C2014|UM51079
UM-HET3,C2014,UM,f,UM51086,Control,0,,dead,1,747,,,,,,,,C2014|UM51086
UM-HET3,C2014,UM,f,UM51093,Control,0,,dead,1,758,,,,,,,,C2014|UM51093
UM-HET3,C2014,UM,f,UM51464,Control,0,,dead,1,721,,,,,,,,C2014|UM51464
UM-HET3,C2014,UM,f,UM51471,Control,0,,dead,1,1139,,,,,,,,C2014|UM51471
UM-HET3,C2014,UM,f,UM51478,Control,0,,dead,1,872,,,,,,,,C2014|UM51478
UM-HET3,C2014,UM,f,UM51485,Control,0,,dead,1,1104,,,,,,,,C2014|UM51485
UM-HET3,C2014,UM,f,UM51562,Control,0,,dead,1,658,,,,,,,,C2014|UM51562
UM-HET3,C2014,UM,f,UM51569,Control,0,,dead,1,950,,,,,,,,C2014|UM51569
UM-HET3,C2014,UM,f,UM51576,Control,0,,dead,1,876,,,,,,,,C2014|UM51576
UM-HET3,C2014,UM,f,UM51583,Control,0,,dead,1,614,,,,,,,,C2014|UM51583
UM-HET3,C2014,UM,f,UM51611,Control,0,,dead,1,650,,,,,,,,C2014|UM51611
UM-HET3,C2014,UM,f,UM51618,Control,0,,dead,1,778,,,,,,,,C2014|UM51618
UM-HET3,C2014,UM,f,UM51625,Control,0,,dead,1,589,,,,,,,,C2014|UM51625
UM-HET3,C2014,UM,f,UM51632,Control,0,,dead,1,722,,,,,,,,C2014|UM51632
UM-HET3,C2014,UM,f,UM52059,Control,0,,dead,1,1024,,,,,,,,C2014|UM52059
UM-HET3,C2014,UM,f,UM52066,Control,0,,dead,1,971,,,,,,,,C2014|UM52066
UM-HET3,C2014,UM,f,UM52073,Control,0,,dead,1,1016,,,,,,,,C2014|UM52073
UM-HET3,C2014,UM,f,UM52080,Control,0,,dead,1,1175,,,,,,,,C2014|UM52080
UM-HET3,C2014,UM,f,UM52388,Control,0,,dead,1,695,,,,,,,,C2014|UM52388
UM-HET3,C2014,UM,f,UM52395,Control,0,,dead,1,308,,,,,,,,C2014|UM52395
UM-HET3,C2014,UM,f,UM52402,Control,0,,dead,1,748,,,,,,,,C2014|UM52402
UM-HET3,C2014,UM,f,UM52409,Control,0,,dead,1,1016,,,,,,,,C2014|UM52409
UM-HET3,C2014,UM,f,UM52626,Control,0,,dead,1,762,,,,,,,,C2014|UM52626
UM-HET3,C2014,UM,f,UM52633,Control,0,,dead,1,491,,,,,,,,C2014|UM52633
UM-HET3,C2014,UM,f,UM52640,Control,0,,dead,1,1141,,,,,,,,C2014|UM52640
UM-HET3,C2014,UM,f,UM52647,Control,0,,dead,1,1150,,,,,,,,C2014|UM52647
UM-HET3,C2014,UM,m,UM48139,Control,0,,dead,1,1018,,,,,,,,C2014|UM48139
UM-HET3,C2014,UM,m,UM48146,Control,0,,dead,1,739,,,,,,,,C2014|UM48146
UM-HET3,C2014,UM,m,UM48153,Control,0,,dead,1,928,,,,,,,,C2014|UM48153
UM-HET3,C2014,UM,m,UM48160,Control,0,,dead,1,999,,,,,,,,C2014|UM48160
UM-HET3,C2014,UM,m,UM48167,Control,0,,dead,1,1131,,,,,,,,C2014|UM48167
UM-HET3,C2014,UM,m,UM48174,Control,0,,dead,1,690,,,,,,,,C2014|UM48174
UM-HET3,C2014,UM,m,UM48314,Control,0,,dead,1,1154,,,,,,,,C2014|UM48314
UM-HET3,C2014,UM,m,UM48321,Control,0,,dead,1,1084,,,,,,,,C2014|UM48321
UM-HET3,C2014,UM,m,UM48328,Control,0,,dead,1,645,,,,,,,,C2014|UM48328
UM-HET3,C2014,UM,m,UM48426,Control,0,,dead,1,1038,,,,,,,,C2014|UM48426
UM-HET3,C2014,UM,m,UM48433,Control,0,,dead,1,995,,,,,,,,C2014|UM48433
UM-HET3,C2014,UM,m,UM48440,Control,0,,dead,1,769,,,,,,,,C2014|UM48440
UM-HET3,C2014,UM,m,UM48559,Control,0,,dead,1,916,,,,,,,,C2014|UM48559
UM-HET3,C2014,UM,m,UM48566,Control,0,,dead,1,1096,,,,,,,,C2014|UM48566
UM-HET3,C2014,UM,m,UM48573,Control,0,,dead,1,1059,,,,,,,,C2014|UM48573
UM-HET3,C2014,UM,m,UM48636,Control,0,,dead,1,845,,,,,,,,C2014|UM48636
UM-HET3,C2014,UM,m,UM48643,Control,0,,dead,1,1000,,,,,,,,C2014|UM48643
UM-HET3,C2014,UM,m,UM48650,Control,0,,dead,1,831,,,,,,,,C2014|UM48650
UM-HET3,C2014,UM,m,UM48657,Control,0,,dead,1,1018,,,,,,,,C2014|UM48657
UM-HET3,C2014,UM,m,UM48664,Control,0,,dead,1,908,,,,,,,,C2014|UM48664
UM-HET3,C2014,UM,m,UM48671,Control,0,,dead,1,810,,,,,,,,C2014|UM48671
UM-HET3,C2014,UM,m,UM48951,Control,0,,dead,1,524,,,,,,,,C2014|UM48951
UM-HET3,C2014,UM,m,UM48958,Control,0,,dead,1,558,,,,,,,,C2014|UM48958
UM-HET3,C2014,UM,m,UM48965,Control,0,,dead,1,486,,,,,,,,C2014|UM48965
UM-HET3,C2014,UM,m,UM49014,Control,0,,removed,0,508,,,,,,,,C2014|UM49014
UM-HET3,C2014,UM,m,UM49021,Control,0,,removed,0,508,,,,,,,,C2014|UM49021
UM-HET3,C2014,UM,m,UM49028,Control,0,,removed,0,508,,,,,,,,C2014|UM49028
UM-HET3,C2014,UM,m,UM49035,Control,0,,dead,1,917,,,,,,,,C2014|UM49035
UM-HET3,C2014,UM,m,UM49042,Control,0,,dead,1,943,,,,,,,,C2014|UM49042
UM-HET3,C2014,UM,m,UM49049,Control,0,,dead,1,894,,,,,,,,C2014|UM49049
UM-HET3,C2014,UM,m,UM49357,Control,0,,removed,0,360,,,,,,,,C2014|UM49357
UM-HET3,C2014,UM,m,UM49364,Control,0,,removed,0,360,,,,,,,,C2014|UM49364
UM-HET3,C2014,UM,m,UM49371,Control,0,,removed,0,360,,,,,,,,C2014|UM49371
UM-HET3,C2014,UM,m,UM49476,Control,0,,dead,1,999,,,,,,,,C2014|UM49476
UM-HET3,C2014,UM,m,UM49483,Control,0,,dead,1,762,,,,,,,,C2014|UM49483
UM-HET3,C2014,UM,m,UM49490,Control,0,,dead,1,1051,,,,,,,,C2014|UM49490
UM-HET3,C2014,UM,m,UM49784,Control,0,,removed,0,152,,,,,,,,C2014|UM49784
UM-HET3,C2014,UM,m,UM49791,Control,0,,removed,0,152,,,,,,,,C2014|UM49791
UM-HET3,C2014,UM,m,UM49798,Control,0,,removed,0,152,,,,,,,,C2014|UM49798
UM-HET3,C2014,UM,m,UM50001,Control,0,,dead,1,549,,,,,,,,C2014|UM50001
UM-HET3,C2014,UM,m,UM50008,Control,0,,dead,1,1053,,,,,,,,C2014|UM50008
UM-HET3,C2014,UM,m,UM50015,Control,0,,dead,1,747,,,,,,,,C2014|UM50015
UM-HET3,C2014,UM,m,UM50428,Control,0,,dead,1,669,,,,,,,,C2014|UM50428
UM-HET3,C2014,UM,m,UM50435,Control,0,,dead,1,956,,,,,,,,C2014|UM50435
UM-HET3,C2014,UM,m,UM50442,Control,0,,dead,1,1039,,,,,,,,C2014|UM50442
UM-HET3,C2014,UM,m,UM50449,Control,0,,dead,1,1000,,,,,,,,C2014|UM50449
UM-HET3,C2014,UM,m,UM50456,Control,0,,dead,1,1049,,,,,,,,C2014|UM50456
UM-HET3,C2014,UM,m,UM50463,Control,0,,dead,1,1063,,,,,,,,C2014|UM50463
UM-HET3,C2014,UM,m,UM50540,Control,0,,dead,1,749,,,,,,,,C2014|UM50540
UM-HET3,C2014,UM,m,UM50547,Control,0,,dead,1,666,,,,,,,,C2014|UM50547
UM-HET3,C2014,UM,m,UM50554,Control,0,,dead,1,707,,,,,,,,C2014|UM50554
UM-HET3,C2014,UM,m,UM50659,Control,0,,dead,1,854,,,,,,,,C2014|UM50659
UM-HET3,C2014,UM,m,UM50666,Control,0,,dead,1,617,,,,,,,,C2014|UM50666
UM-HET3,C2014,UM,m,UM50673,Control,0,,dead,1,857,,,,,,,,C2014|UM50673
UM-HET3,C2014,UM,m,UM50729,Control,0,,dead,1,946,,,,,,,,C2014|UM50729
UM-HET3,C2014,UM,m,UM50736,Control,0,,dead,1,1075,,,,,,,,C2014|UM50736
UM-HET3,C2014,UM,m,UM50743,Control,0,,dead,1,395,,,,,,,,C2014|UM50743
UM-HET3,C2014,UM,m,UM50771,Control,0,,dead,1,896,,,,,,,,C2014|UM50771
UM-HET3,C2014,UM,m,UM50778,Control,0,,dead,1,811,,,,,,,,C2014|UM50778
UM-HET3,C2014,UM,m,UM50785,Control,0,,dead,1,984,,,,,,,,C2014|UM50785
UM-HET3,C2014,UM,m,UM50869,Control,0,,dead,1,797,,,,,,,,C2014|UM50869
UM-HET3,C2014,UM,m,UM50876,Control,0,,dead,1,665,,,,,,,,C2014|UM50876
UM-HET3,C2014,UM,m,UM50883,Control,0,,dead,1,814,,,,,,,,C2014|UM50883
UM-HET3,C2014,UM,m,UM50890,Control,0,,dead,1,852,,,,,,,,C2014|UM50890
UM-HET3,C2014,UM,m,UM50897,Control,0,,dead,1,638,,,,,,,,C2014|UM50897
UM-HET3,C2014,UM,m,UM50904,Control,0,,dead,1,1206,,,,,,,,C2014|UM50904
UM-HET3,C2014,UM,m,UM51394,Control,0,,dead,1,919,,,,,,,,C2014|UM51394
UM-HET3,C2014,UM,m,UM51401,Control,0,,dead,1,1035,,,,,,,,C2014|UM51401
UM-HET3,C2014,UM,m,UM51408,Control,0,,dead,1,848,,,,,,,,C2014|UM51408
UM-HET3,C2014,UM,m,UM51541,Control,0,,dead,1,894,,,,,,,,C2014|UM51541
UM-HET3,C2014,UM,m,UM51548,Control,0,,dead,1,778,,,,,,,,C2014|UM51548
UM-HET3,C2014,UM,m,UM51555,Control,0,,dead,1,717,,,,,,,,C2014|UM51555
UM-HET3,C2014,UM,m,UM51709,Control,0,,dead,1,870,,,,,,,,C2014|UM51709
UM-HET3,C2014,UM,m,UM51716,Control,0,,dead,1,664,,,,,,,,C2014|UM51716
UM-HET3,C2014,UM,m,UM51723,Control,0,,dead,1,789,,,,,,,,C2014|UM51723
UM-HET3,C2014,UM,m,UM52017,Control,0,,dead,1,891,,,,,,,,C2014|UM52017
UM-HET3,C2014,UM,m,UM52024,Control,0,,dead,1,906,,,,,,,,C2014|UM52024
UM-HET3,C2014,UM,m,UM52031,Control,0,,dead,1,990,,,,,,,,C2014|UM52031
UM-HET3,C2014,UM,m,UM52192,Control,0,,dead,1,1124,,,,,,,,C2014|UM52192
UM-HET3,C2014,UM,m,UM52199,Control,0,,dead,1,777,,,,,,,,C2014|UM52199
UM-HET3,C2014,UM,m,UM52206,Control,0,,dead,1,889,,,,,,,,C2014|UM52206
UM-HET3,C2014,UM,m,UM52234,Control,0,,removed,0,365,,,,,,,,C2014|UM52234
UM-HET3,C2014,UM,m,UM52241,Control,0,,removed,0,365,,,,,,,,C2014|UM52241
UM-HET3,C2014,UM,m,UM52248,Control,0,,removed,0,365,,,,,,,,C2014|UM52248
UM-HET3,C2014,UM,m,UM52318,Control,0,,dead,1,1109,,,,,,,,C2014|UM52318
UM-HET3,C2014,UM,m,UM52325,Control,0,,dead,1,1145,,,,,,,,C2014|UM52325
UM-HET3,C2014,UM,m,UM52332,Control,0,,dead,1,1021,,,,,,,,C2014|UM52332
UM-HET3,C2014,UM,m,UM52416,Control,0,,removed,0,461,,,,,,,,C2014|UM52416
UM-HET3,C2014,UM,m,UM52423,Control,0,,removed,0,461,,,,,,,,C2014|UM52423
UM-HET3,C2014,UM,m,UM52430,Control,0,,removed,0,461,,,,,,,,C2014|UM52430
UM-HET3,C2014,UM,m,UM52563,Control,0,,dead,1,809,,,,,,,,C2014|UM52563
UM-HET3,C2014,UM,m,UM52570,Control,0,,dead,1,932,,,,,,,,C2014|UM52570
UM-HET3,C2014,UM,m,UM52577,Control,0,,dead,1,483,,,,,,,,C2014|UM52577
UM-HET3,C2014,UM,m,UM52584,Control,0,,dead,1,933,,,,,,,,C2014|UM52584
UM-HET3,C2014,UM,m,UM52591,Control,0,,dead,1,711,,,,,,,,C2014|UM52591
UM-HET3,C2014,UM,m,UM52598,Control,0,,dead,1,935,,,,,,,,C2014|UM52598
UM-HET3,C2014,UM,m,UM52682,Control,0,,dead,1,773,,,,,,,,C2014|UM52682
UM-HET3,C2014,UM,m,UM52689,Control,0,,dead,1,1095,,,,,,,,C2014|UM52689
UM-HET3,C2014,UM,m,UM52696,Control,0,,dead,1,605,,,,,,,,C2014|UM52696
UM-HET3,C2014,UT,f,UT06946,Control,0,,dead,1,1022,,,,40.700001,44.200001,,,C2014|UT06946
UM-HET3,C2014,UT,f,UT06947,Control,0,,dead,1,769,,,,42.400002,47.400002,,,C2014|UT06947
UM-HET3,C2014,UT,f,UT06948,Control,0,,dead,1,773,,,,23.700001,24.0,,,C2014|UT06948
UM-HET3,C2014,UT,f,UT06949,Control,0,,dead,1,744,,,,34.400002,37.700001,,,C2014|UT06949
UM-HET3,C2014,UT,f,UT06963,Control,0,,dead,1,1179,,,,30.9,37.200001,,,C2014|UT06963
UM-HET3,C2014,UT,f,UT06964,Control,0,,dead,1,784,,,,36.799999,47.099998,,,C2014|UT06964
UM-HET3,C2014,UT,f,UT06965,Control,0,,dead,1,1048,,,,36.099998,40.200001,,,C2014|UT06965
UM-HET3,C2014,UT,f,UT06966,Control,0,,dead,1,828,,,,40.200001,48.599998,,,C2014|UT06966
UM-HET3,C2014,UT,f,UT06967,Control,0,,dead,1,819,,,,30.299999,37.099998,,,C2014|UT06967
UM-HET3,C2014,UT,f,UT06968,Control,0,,dead,1,1143,,,,41.799999,46.200001,,,C2014|UT06968
UM-HET3,C2014,UT,f,UT06969,Control,0,,dead,1,826,,,,27.9,33.700001,,,C2014|UT06969
UM-HET3,C2014,UT,f,UT06970,Control,0,,dead,1,633,,,,41.799999,50.099998,,,C2014|UT06970
UM-HET3,C2014,UT,f,UT06981,Control,0,,dead,1,848,,,,23.799999,29.799999,,,C2014|UT06981
UM-HET3,C2014,UT,f,UT06982,Control,0,,dead,1,1016,,,,50.400002,56.400002,,,C2014|UT06982
UM-HET3,C2014,UT,f,UT06983,Control,0,,dead,1,675,,,,31.299999,37.0,,,C2014|UT06983
UM-HET3,C2014,UT,f,UT06984,Control,0,,dead,1,996,,,,24.6,29.1,,,C2014|UT06984
UM-HET3,C2014,UT,f,UT07008,Control,0,,dead,1,857,,,,44.200001,57.5,,,C2014|UT07008
UM-HET3,C2014,UT,f,UT07009,Control,0,,dead,1,800,,,,35.400002,39.400002,,,C2014|UT07009
UM-HET3,C2014,UT,f,UT07010,Control,0,,dead,1,1040,,,,36.299999,39.5,,,C2014|UT07010
UM-HET3,C2014,UT,f,UT07011,Control,0,,dead,1,874,,,,33.700001,47.5,,,C2014|UT07011
UM-HET3,C2014,UT,f,UT07022,Control,0,,dead,1,1079,,,,35.799999,40.599998,,,C2014|UT07022
UM-HET3,C2014,UT,f,UT07023,Control,0,,dead,1,1096,,,,33.599998,34.700001,,,C2014|UT07023
UM-HET3,C2014,UT,f,UT07024,Control,0,,dead,1,1198,,,,41.0,46.5,,,C2014|UT07024
UM-HET3,C2014,UT,f,UT07025,Control,0,,dead,1,581,,,,33.599998,35.099998,,,C2014|UT07025
UM-HET3,C2014,UT,f,UT07056,Control,0,,dead,1,1006,,,,28.700001,34.299999,,,C2014|UT07056
UM-HET3,C2014,UT,f,UT07057,Control,0,,dead,1,1101,,,,23.5,26.200001,,,C2014|UT07057
UM-HET3,C2014,UT,f,UT07058,Control,0,,dead,1,745,,,,29.4,39.299999,,,C2014|UT07058
UM-HET3,C2014,UT,f,UT07059,Control,0,,dead,1,626,,,,36.799999,49.099998,,,C2014|UT07059
UM-HET3,C2014,UT,f,UT07084,Control,0,,dead,1,786,,,,37.900002,41.700001,,,C2014|UT07084
UM-HET3,C2014,UT,f,UT07085,Control,0,,dead,1,766,,,,34.5,43.0,,,C2014|UT07085
UM-HET3,C2014,UT,f,UT07086,Control,0,,dead,1,650,,,,27.200001,34.400002,,,C2014|UT07086
UM-HET3,C2014,UT,f,UT07087,Control,0,,dead,1,737,,,,26.799999,27.5,,,C2014|UT07087
UM-HET3,C2014,UT,f,UT07097,Control,0,,dead,1,1152,,,,29.799999,23.1,,,C2014|UT07097
UM-HET3,C2014,UT,f,UT07098,Control,0,,dead,1,961,,,,47.700001,51.700001,,,C2014|UT07098
UM-HET3,C2014,UT,f,UT07099,Control,0,,dead,1,939,,,,29.799999,35.5,,,C2014|UT07099
UM-HET3,C2014,UT,f,UT07100,Control,0,,dead,1,648,,,,34.400002,36.900002,,,C2014|UT07100
UM-HET3,C2014,UT,f,UT07114,Control,0,,dead,1,1105,,,,31.200001,32.200001,,,C2014|UT07114
UM-HET3,C2014,UT,f,UT07115,Control,0,,dead,1,972,,,,33.0,41.400002,,,C2014|UT07115
UM-HET3,C2014,UT,f,UT07116,Control,0,,dead,1,957,,,,25.4,30.4,,,C2014|UT07116
UM-HET3,C2014,UT,f,UT07117,Control,0,,dead,1,995,,,,41.200001,47.400002,,,C2014|UT07117
UM-HET3,C2014,UT,f,UT07154,Control,0,,dead,1,949,,,,37.299999,48.200001,,,C2014|UT07154
UM-HET3,C2014,UT,f,UT07155,Control,0,,dead,1,1109,,,,34.900002,40.400002,,,C2014|UT07155
UM-HET3,C2014,UT,f,UT07156,Control,0,,dead,1,1050,,,,36.599998,42.200001,,,C2014|UT07156
UM-HET3,C2014,UT,f,UT07157,Control,0,,dead,1,749,,,,33.700001,40.299999,,,C2014|UT07157
UM-HET3,C2014,UT,f,UT07178,Control,0,,dead,1,1104,,,,43.5,51.099998,,,C2014|UT07178
UM-HET3,C2014,UT,f,UT07179,Control,0,,dead,1,750,,,,47.599998,49.900002,,,C2014|UT07179
UM-HET3,C2014,UT,f,UT07180,Control,0,,dead,1,669,,,,50.099998,51.900002,,,C2014|UT07180
UM-HET3,C2014,UT,f,UT07181,Control,0,,dead,1,958,,,,34.700001,37.299999,,,C2014|UT07181
UM-HET3,C2014,UT,f,UT07210,Control,0,,dead,1,870,,,,28.9,38.799999,,,C2014|UT07210
UM-HET3,C2014,UT,f,UT07211,Control,0,,dead,1,533,,,,35.599998,46.200001,,,C2014|UT07211
UM-HET3,C2014,UT,f,UT07212,Control,0,,dead,1,1050,,,,33.5,40.099998,,,C2014|UT07212
UM-HET3,C2014,UT,f,UT07213,Control,0,,dead,1,1109,,,,34.599998,41.400002,,,C2014|UT07213
UM-HET3,C2014,UT,f,UT07246,Control,0,,dead,1,636,,,,38.900002,46.099998,,,C2014|UT07246
UM-HET3,C2014,UT,f,UT07247,Control,0,,dead,1,330,,,,44.099998,,,,C2014|UT07247
UM-HET3,C2014,UT,f,UT07248,Control,0,,dead,1,827,,,,40.099998,46.799999,,,C2014|UT07248
UM-HET3,C2014,UT,f,UT07249,Control,0,,dead,1,616,,,,26.700001,32.099998,,,C2014|UT07249
UM-HET3,C2014,UT,f,UT07260,Control,0,,dead,1,816,,,,37.599998,45.200001,,,C2014|UT07260
UM-HET3,C2014,UT,f,UT07261,Control,0,,dead,1,572,,,,32.200001,39.0,,,C2014|UT07261
UM-HET3,C2014,UT,f,UT07262,Control,0,,dead,1,810,,,,26.799999,34.400002,,,C2014|UT07262
UM-HET3,C2014,UT,f,UT07263,Control,0,,dead,1,1000,,,,37.0,44.700001,,,C2014|UT07263
UM-HET3,C2014,UT,f,UT07314,Control,0,,dead,1,717,,,,28.5,37.099998,,,C2014|UT07314
UM-HET3,C2014,UT,f,UT07315,Control,0,,dead,1,1081,,,,35.700001,44.099998,,,C2014|UT07315
UM-HET3,C2014,UT,f,UT07316,Control,0,,dead,1,889,,,,36.0,40.700001,,,C2014|UT07316
UM-HET3,C2014,UT,f,UT07317,Control,0,,dead,1,1041,,,,39.400002,54.299999,,,C2014|UT07317
UM-HET3,C2014,UT,f,UT07399,Control,0,,dead,1,1052,,,,37.5,47.099998,,,C2014|UT07399
UM-HET3,C2014,UT,f,UT07400,Control,0,,dead,1,853,,,,43.700001,51.0,,,C2014|UT07400
UM-HET3,C2014,UT,f,UT07401,Control,0,,dead,1,846,,,,31.1,36.700001,,,C2014|UT07401
UM-HET3,C2014,UT,f,UT07402,Control,0,,dead,1,1045,,,,34.200001,42.599998,,,C2014|UT07402
UM-HET3,C2014,UT,f,UT07412,Control,0,,dead,1,1187,,,,30.5,42.099998,,,C2014|UT07412
UM-HET3,C2014,UT,f,UT07413,Control,0,,dead,1,1074,,,,38.200001,49.599998,,,C2014|UT07413
UM-HET3,C2014,UT,f,UT07414,Control,0,,dead,1,275,,,,34.400002,,,,C2014|UT07414
UM-HET3,C2014,UT,f,UT07415,Control,0,,dead,1,998,,,,30.9,37.099998,,,C2014|UT07415
UM-HET3,C2014,UT,f,UT07439,Control,0,,dead,1,805,,,,35.099998,37.599998,,,C2014|UT07439
UM-HET3,C2014,UT,f,UT07440,Control,0,,dead,1,945,,,,34.299999,42.0,,,C2014|UT07440
UM-HET3,C2014,UT,f,UT07441,Control,0,,dead,1,782,,,,29.200001,40.5,,,C2014|UT07441
UM-HET3,C2014,UT,f,UT07442,Control,0,,dead,1,1082,,,,26.6,35.299999,,,C2014|UT07442
UM-HET3,C2014,UT,f,UT07501,Control,0,,dead,1,913,,,,35.0,42.599998,,,C2014|UT07501
UM-HET3,C2014,UT,f,UT07502,Control,0,,dead,1,696,,,,24.9,29.799999,,,C2014|UT07502
UM-HET3,C2014,UT,f,UT07503,Control,0,,dead,1,1128,,,,29.200001,38.0,,,C2014|UT07503
UM-HET3,C2014,UT,f,UT07504,Control,0,,dead,1,953,,,,29.6,36.5,,,C2014|UT07504
UM-HET3,C2014,UT,f,UT07521,Control,0,,dead,1,695,,,,38.099998,44.099998,,,C2014|UT07521
UM-HET3,C2014,UT,f,UT07522,Control,0,,dead,1,929,,,,38.299999,49.599998,,,C2014|UT07522
UM-HET3,C2014,UT,f,UT07523,Control,0,,dead,1,1238,,,,25.9,32.099998,,,C2014|UT07523
UM-HET3,C2014,UT,f,UT07524,Control,0,,dead,1,1230,,,,23.6,28.200001,,,C2014|UT07524
UM-HET3,C2014,UT,f,UT07535,Control,0,,dead,1,859,,,,39.299999,53.799999,,,C2014|UT07535
UM-HET3,C2014,UT,f,UT07536,Control,0,,dead,1,919,,,,40.0,50.400002,,,C2014|UT07536
UM-HET3,C2014,UT,f,UT07537,Control,0,,dead,1,986,,,,42.0,52.599998,,,C2014|UT07537
UM-HET3,C2014,UT,f,UT07538,Control,0,,dead,1,750,,,,36.599998,49.299999,,,C2014|UT07538
UM-HET3,C2014,UT,f,UT07542,Control,0,,dead,1,1151,,,,25.700001,35.299999,,,C2014|UT07542
UM-HET3,C2014,UT,f,UT07543,Control,0,,dead,1,862,,,,31.299999,47.5,,,C2014|UT07543
UM-HET3,C2014,UT,f,UT07544,Control,0,,dead,1,840,,,,33.0,49.099998,,,C2014|UT07544
UM-HET3,C2014,UT,f,UT07545,Control,0,,dead,1,820,,,,30.9,35.700001,,,C2014|UT07545
UM-HET3,C2014,UT,m,UT06922,Control,0,,dead,1,678,,,,42.200001,44.799999,,,C2014|UT06922
UM-HET3,C2014,UT,m,UT06923,Control,0,,dead,1,617,,,,46.599998,50.099998,,,C2014|UT06923
UM-HET3,C2014,UT,m,UT06924,Control,0,,dead,1,353,,,,48.900002,,,,C2014|UT06924
UM-HET3,C2014,UT,m,UT06933,Control,0,,dead,1,1002,,,,42.599998,45.299999,,,C2014|UT06933
UM-HET3,C2014,UT,m,UT06934,Control,0,,dead,1,444,,,,41.200001,44.299999,,,C2014|UT06934
UM-HET3,C2014,UT,m,UT06935,Control,0,,dead,1,332,,,,44.799999,,,,C2014|UT06935
UM-HET3,C2014,UT,m,UT06936,Control,0,,dead,1,803,,,,45.0,48.200001,,,C2014|UT06936
UM-HET3,C2014,UT,m,UT06937,Control,0,,dead,1,931,,,,46.900002,53.099998,,,C2014|UT06937
UM-HET3,C2014,UT,m,UT06938,Control,0,,dead,1,1076,,,,37.299999,42.0,,,C2014|UT06938
UM-HET3,C2014,UT,m,UT06960,Control,0,,dead,1,924,,,,37.0,42.0,,,C2014|UT06960
UM-HET3,C2014,UT,m,UT06961,Control,0,,dead,1,612,,,,39.5,46.700001,,,C2014|UT06961
UM-HET3,C2014,UT,m,UT06962,Control,0,,dead,1,661,,,,40.700001,45.599998,,,C2014|UT06962
UM-HET3,C2014,UT,m,UT06985,Control,0,,dead,1,495,,,,44.099998,46.700001,,,C2014|UT06985
UM-HET3,C2014,UT,m,UT06986,Control,0,,dead,1,680,,,,51.799999,57.700001,,,C2014|UT06986
UM-HET3,C2014,UT,m,UT06987,Control,0,,dead,1,642,,,,42.0,45.5,,,C2014|UT06987
UM-HET3,C2014,UT,m,UT07033,Control,0,,dead,1,892,,,,41.299999,42.299999,,,C2014|UT07033
UM-HET3,C2014,UT,m,UT07034,Control,0,,dead,1,902,,,,45.299999,47.200001,,,C2014|UT07034
UM-HET3,C2014,UT,m,UT07035,Control,0,,dead,1,667,,,,38.299999,40.599998,,,C2014|UT07035
UM-HET3,C2014,UT,m,UT07053,Control,0,,dead,1,761,,,,43.200001,45.099998,,,C2014|UT07053
UM-HET3,C2014,UT,m,UT07054,Control,0,,dead,1,795,,,,36.599998,41.299999,,,C2014|UT07054
UM-HET3,C2014,UT,m,UT07055,Control,0,,dead,1,888,,,,41.799999,46.700001,,,C2014|UT07055
UM-HET3,C2014,UT,m,UT07074,Control,0,,dead,1,920,,,,41.700001,45.700001,,,C2014|UT07074
UM-HET3,C2014,UT,m,UT07075,Control,0,,dead,1,928,,,,50.0,51.599998,,,C2014|UT07075
UM-HET3,C2014,UT,m,UT07076,Control,0,,dead,1,888,,,,52.799999,58.099998,,,C2014|UT07076
UM-HET3,C2014,UT,m,UT07081,Control,0,,dead,1,513,,,,43.900002,49.5,,,C2014|UT07081
UM-HET3,C2014,UT,m,UT07082,Control,0,,dead,1,387,,,,48.200001,49.400002,,,C2014|UT07082
UM-HET3,C2014,UT,m,UT07083,Control,0,,dead,1,590,,,,49.799999,54.400002,,,C2014|UT07083
UM-HET3,C2014,UT,m,UT07091,Control,0,,dead,1,892,,,,40.0,42.0,,,C2014|UT07091
UM-HET3,C2014,UT,m,UT07092,Control,0,,dead,1,719,,,,44.0,47.700001,,,C2014|UT07092
UM-HET3,C2014,UT,m,UT07093,Control,0,,dead,1,748,,,,47.0,49.299999,,,C2014|UT07093
UM-HET3,C2014,UT,m,UT07131,Control,0,,dead,1,832,,,,48.799999,48.599998,,,C2014|UT07131
UM-HET3,C2014,UT,m,UT07132,Control,0,,dead,1,362,,,,51.400002,,,,C2014|UT07132
UM-HET3,C2014,UT,m,UT07133,Control,0,,dead,1,693,,,,40.400002,47.5,,,C2014|UT07133
UM-HET3,C2014,UT,m,UT07168,Control,0,,dead,1,1068,,,,35.599998,32.299999,,,C2014|UT07168
UM-HET3,C2014,UT,m,UT07169,Control,0,,dead,1,668,,,,35.599998,39.799999,,,C2014|UT07169
UM-HET3,C2014,UT,m,UT07170,Control,0,,dead,1,370,,,,33.799999,32.599998,,,C2014|UT07170
UM-HET3,C2014,UT,m,UT07189,Control,0,,dead,1,668,,,,47.900002,39.900002,,,C2014|UT07189
UM-HET3,C2014,UT,m,UT07190,Control,0,,dead,1,427,,,,43.599998,45.700001,,,C2014|UT07190
UM-HET3,C2014,UT,m,UT07191,Control,0,,dead,1,943,,,,41.0,38.299999,,,C2014|UT07191
UM-HET3,C2014,UT,m,UT07207,Control,0,,dead,1,559,,,,45.599998,50.900002,,,C2014|UT07207
UM-HET3,C2014,UT,m,UT07208,Control,0,,dead,1,282,,,,42.299999,,,,C2014|UT07208
UM-HET3,C2014,UT,m,UT07209,Control,0,,dead,1,901,,,,37.799999,44.5,,,C2014|UT07209
UM-HET3,C2014,UT,m,UT07214,Control,0,,dead,1,990,,,,41.299999,45.0,,,C2014|UT07214
UM-HET3,C2014,UT,m,UT07215,Control,0,,dead,1,469,,,,39.700001,44.799999,,,C2014|UT07215
UM-HET3,C2014,UT,m,UT07216,Control,0,,dead,1,1093,,,,39.799999,39.700001,,,C2014|UT07216
UM-HET3,C2014,UT,m,UT07220,Control,0,,dead,1,546,,,,38.799999,47.099998,,,C2014|UT07220
UM-HET3,C2014,UT,m,UT07221,Control,0,,dead,1,630,,,,40.599998,46.900002,,,C2014|UT07221
UM-HET3,C2014,UT,m,UT07222,Control,0,,dead,1,899,,,,40.299999,47.099998,,,C2014|UT07222
UM-HET3,C2014,UT,m,UT07230,Control,0,,dead,1,960,,,,49.5,53.900002,,,C2014|UT07230
UM-HET3,C2014,UT,m,UT07231,Control,0,,dead,1,660,,,,44.0,45.599998,,,C2014|UT07231
UM-HET3,C2014,UT,m,UT07232,Control,0,,dead,1,941,,,,50.5,55.700001,,,C2014|UT07232
UM-HET3,C2014,UT,m,UT07237,Control,0,,dead,1,1167,,,,36.0,38.400002,,,C2014|UT07237
UM-HET3,C2014,UT,m,UT07238,Control,0,,dead,1,164,,,,,,,,C2014|UT07238
UM-HET3,C2014,UT,m,UT07239,Control,0,,dead,1,480,,,,48.200001,48.799999,,,C2014|UT07239
UM-HET3,C2014,UT,m,UT07271,Control,0,,dead,1,751,,,,44.700001,45.599998,,,C2014|UT07271
UM-HET3,C2014,UT,m,UT07272,Control,0,,dead,1,609,,,,48.900002,54.799999,,,C2014|UT07272
UM-HET3,C2014,UT,m,UT07273,Control,0,,dead,1,435,,,,44.5,49.0,,,C2014|UT07273
UM-HET3,C2014,UT,m,UT07311,Control,0,,dead,1,688,,,,46.099998,49.900002,,,C2014|UT07311
UM-HET3,C2014,UT,m,UT07312,Control,0,,dead,1,982,,,,42.799999,49.299999,,,C2014|UT07312
UM-HET3,C2014,UT,m,UT07313,Control,0,,dead,1,977,,,,44.900002,48.900002,,,C2014|UT07313
UM-HET3,C2014,UT,m,UT07339,Control,0,,dead,1,828,,,,43.900002,49.299999,,,C2014|UT07339
UM-HET3,C2014,UT,m,UT07340,Control,0,,dead,1,1021,,,,38.200001,44.0,,,C2014|UT07340
UM-HET3,C2014,UT,m,UT07341,Control,0,,dead,1,731,,,,44.099998,53.200001,,,C2014|UT07341
UM-HET3,C2014,UT,m,UT07345,Control,0,,dead,1,348,,,,53.0,,,,C2014|UT07345
UM-HET3,C2014,UT,m,UT07346,Control,0,,dead,1,688,,,,50.0,55.700001,,,C2014|UT07346
UM-HET3,C2014,UT,m,UT07347,Control,0,,dead,1,773,,,,50.099998,52.099998,,,C2014|UT07347
UM-HET3,C2014,UT,m,UT07359,Control,0,,removed,0,301,,,,,,,,C2014|UT07359
UM-HET3,C2014,UT,m,UT07360,Control,0,,removed,0,301,,,,,,,,C2014|UT07360
UM-HET3,C2014,UT,m,UT07361,Control,0,,removed,0,301,,,,,,,,C2014|UT07361
UM-HET3,C2014,UT,m,UT07386,Control,0,,dead,1,664,,,,42.299999,37.5,,,C2014|UT07386
UM-HET3,C2014,UT,m,UT07387,Control,0,,dead,1,830,,,,46.799999,34.700001,,,C2014|UT07387
UM-HET3,C2014,UT,m,UT07388,Control,0,,dead,1,816,,,,41.099998,31.1,,,C2014|UT07388
UM-HET3,C2014,UT,m,UT07389,Control,0,,dead,1,820,,,,46.700001,52.5,,,C2014|UT07389
UM-HET3,C2014,UT,m,UT07390,Control,0,,dead,1,516,,,,52.299999,59.700001,,,C2014|UT07390
UM-HET3,C2014,UT,m,UT07391,Control,0,,dead,1,766,,,,37.200001,42.599998,,,C2014|UT07391
UM-HET3,C2014,UT,m,UT07416,Control,0,,dead,1,812,,,,45.5,41.099998,,,C2014|UT07416
UM-HET3,C2014,UT,m,UT07417,Control,0,,dead,1,824,,,,32.400002,42.900002,,,C2014|UT07417
UM-HET3,C2014,UT,m,UT07418,Control,0,,dead,1,968,,,,43.900002,47.599998,,,C2014|UT07418
UM-HET3,C2014,UT,m,UT07447,Control,0,,dead,1,661,,,,45.099998,47.799999,,,C2014|UT07447
UM-HET3,C2014,UT,m,UT07448,Control,0,,dead,1,584,,,,40.200001,48.599998,,,C2014|UT07448
UM-HET3,C2014,UT,m,UT07449,Control,0,,dead,1,785,,,,40.200001,46.599998,,,C2014|UT07449
UM-HET3,C2014,UT,m,UT07454,Control,0,,dead,1,829,,,,42.400002,47.299999,,,C2014|UT07454
UM-HET3,C2014,UT,m,UT07455,Control,0,,dead,1,497,,,,45.799999,47.200001,,,C2014|UT07455
UM-HET3,C2014,UT,m,UT07456,Control,0,,dead,1,876,,,,39.200001,47.299999,,,C2014|UT07456
UM-HET3,C2014,UT,m,UT07477,Control,0,,dead,1,916,,,,44.799999,52.799999,,,C2014|UT07477
UM-HET3,C2014,UT,m,UT07478,Control,0,,dead,1,738,,,,41.599998,44.200001,,,C2014|UT07478
UM-HET3,C2014,UT,m,UT07479,Control,0,,dead,1,905,,,,44.5,48.900002,,,C2014|UT07479
UM-HET3,C2014,UT,m,UT07508,Control,0,,dead,1,847,,,,32.700001,37.900002,,,C2014|UT07508
UM-HET3,C2014,UT,m,UT07509,Control,0,,dead,1,316,,,,39.200001,,,,C2014|UT07509
UM-HET3,C2014,UT,m,UT07510,Control,0,,dead,1,499,,,,39.599998,42.599998,,,C2014|UT07510
UM-HET3,C2014,UT,m,UT07560,Control,0,,dead,1,223,,,,44.599998,,,,C2014|UT07560
UM-HET3,C2014,UT,m,UT07561,Control,0,,dead,1,818,,,,45.400002,40.5,,,C2014|UT07561
UM-HET3,C2014,UT,m,UT07562,Control,0,,dead,1,700,,,,46.5,49.900002,,,C2014|UT07562
UM-HET3,C2014,UT,m,UT07563,Control,0,,dead,1,870,,,,38.599998,44.0,,,C2014|UT07563
UM-HET3,C2014,UT,m,UT07564,Control,0,,dead,1,513,,,,46.400002,51.700001,,,C2014|UT07564
UM-HET3,C2014,UT,m,UT07565,Control,0,,dead,1,580,,,,44.200001,50.5,,,C2014|UT07565
UM-HET3,C2014,UT,m,UT07573,Control,0,,dead,1,874,,,,43.599998,45.5,,,C2014|UT07573
UM-HET3,C2014,UT,m,UT07574,Control,0,,dead,1,343,,,,46.299999,,,,C2014|UT07574
UM-HET3,C2014,UT,m,UT07575,Control,0,,dead,1,1044,,,,44.700001,38.599998,,,C2014|UT07575
UM-HET3,C2015,TJL,f,JL11804,Control,0,,dead,1,638,,,,30.0,37.0,,,C2015|JL11804
UM-HET3,C2015,TJL,f,JL11805,Control,0,,dead,1,939,,,,35.0,42.0,,,C2015|JL11805
UM-HET3,C2015,TJL,f,JL11806,Control,0,,dead,1,1099,,,,32.0,35.0,,,C2015|JL11806
UM-HET3,C2015,TJL,f,JL11807,Control,0,,dead,1,1156,,,,36.0,34.0,,,C2015|JL11807
UM-HET3,C2015,TJL,f,JL11841,Control,0,,dead,1,727,,,,27.0,31.0,,,C2015|JL11841
UM-HET3,C2015,TJL,f,JL11842,Control,0,,dead,1,1120,,,,32.0,35.0,,,C2015|JL11842
UM-HET3,C2015,TJL,f,JL11843,Control,0,,dead,1,734,,,,38.0,43.0,,,C2015|JL11843
UM-HET3,C2015,TJL,f,JL11844,Control,0,,dead,1,904,,,,32.0,31.0,,,C2015|JL11844
UM-HET3,C2015,TJL,f,JL11966,Control,0,,dead,1,649,,,,34.0,42.0,,,C2015|JL11966
UM-HET3,C2015,TJL,f,JL11967,Control,0,,dead,1,1005,,,,37.0,44.0,,,C2015|JL11967
UM-HET3,C2015,TJL,f,JL11968,Control,0,,dead,1,866,,,,31.0,37.0,,,C2015|JL11968
UM-HET3,C2015,TJL,f,JL11969,Control,0,,dead,1,992,,,,29.0,31.0,,,C2015|JL11969
UM-HET3,C2015,TJL,f,JL12018,Control,0,,dead,1,924,,,,22.0,23.0,,,C2015|JL12018
UM-HET3,C2015,TJL,f,JL12019,Control,0,,dead,1,854,,,,24.0,29.0,,,C2015|JL12019
UM-HET3,C2015,TJL,f,JL12020,Control,0,,dead,1,981,,,,40.0,48.0,,,C2015|JL12020
UM-HET3,C2015,TJL,f,JL12021,Control,0,,dead,1,1188,,,,27.0,31.0,,,C2015|JL12021
UM-HET3,C2015,TJL,f,JL12031,Control,0,,dead,1,541,,,,28.0,31.0,,,C2015|JL12031
UM-HET3,C2015,TJL,f,JL12032,Control,0,,dead,1,988,,,,26.0,32.0,,,C2015|JL12032
UM-HET3,C2015,TJL,f,JL12033,Control,0,,dead,1,1210,,,,30.0,37.0,,,C2015|JL12033
UM-HET3,C2015,TJL,f,JL12034,Control,0,,dead,1,911,,,,23.0,25.0,,,C2015|JL12034
UM-HET3,C2015,TJL,f,JL12039,Control,0,,dead,1,911,,,,42.0,52.0,,,C2015|JL12039
UM-HET3,C2015,TJL,f,JL12040,Control,0,,dead,1,1317,,,,35.0,44.0,,,C2015|JL12040
UM-HET3,C2015,TJL,f,JL12041,Control,0,,dead,1,917,,,,43.0,55.0,,,C2015|JL12041
UM-HET3,C2015,TJL,f,JL12042,Control,0,,dead,1,517,,,,36.0,55.0,,,C2015|JL12042
UM-HET3,C2015,TJL,f,JL12047,Control,0,,dead,1,695,,,,25.0,31.0,,,C2015|JL12047
UM-HET3,C2015,TJL,f,JL12048,Control,0,,dead,1,492,,,,31.0,45.0,,,C2015|JL12048
UM-HET3,C2015,TJL,f,JL12049,Control,0,,dead,1,1002,,,,30.0,44.0,,,C2015|JL12049
UM-HET3,C2015,TJL,f,JL12050,Control,0,,dead,1,1152,,,,35.0,42.0,,,C2015|JL12050
UM-HET3,C2015,TJL,f,JL12051,Control,0,,dead,1,952,,,,30.0,38.0,,,C2015|JL12051
UM-HET3,C2015,TJL,f,JL12052,Control,0,,dead,1,1056,,,,26.0,32.0,,,C2015|JL12052
UM-HET3,C2015,TJL,f,JL12053,Control,0,,dead,1,1043,,,,34.0,42.0,,,C2015|JL12053
UM-HET3,C2015,TJL,f,JL12054,Control,0,,removed,0,917,,,,,,,,C2015|JL12054
UM-HET3,C2015,TJL,f,JL12092,Control,0,,dead,1,1173,,,,23.0,26.0,,,C2015|JL12092
UM-HET3,C2015,TJL,f,JL12093,Control,0,,dead,1,838,,,,26.0,31.0,,,C2015|JL12093
UM-HET3,C2015,TJL,f,JL12094,Control,0,,dead,1,928,,,,28.0,33.0,,,C2015|JL12094
UM-HET3,C2015,TJL,f,JL12095,Control,0,,dead,1,838,,,,37.0,42.0,,,C2015|JL12095
UM-HET3,C2015,TJL,f,JL12149,Control,0,,dead,1,719,,,,21.0,25.0,,,C2015|JL12149
UM-HET3,C2015,TJL,f,JL12150,Control,0,,dead,1,900,,,,33.0,38.0,,,C2015|JL12150
UM-HET3,C2015,TJL,f,JL12151,Control,0,,dead,1,873,,,,38.0,46.0,,,C2015|JL12151
UM-HET3,C2015,TJL,f,JL12152,Control,0,,dead,1,719,,,,31.0,43.0,,,C2015|JL12152
UM-HET3,C2015,TJL,f,JL12157,Control,0,,dead,1,776,,,,25.0,29.0,,,C2015|JL12157
UM-HET3,C2015,TJL,f,JL12158,Control,0,,dead,1,811,,,,26.0,31.0,,,C2015|JL12158
UM-HET3,C2015,TJL,f,JL12159,Control,0,,dead,1,1056,,,,22.0,25.0,,,C2015|JL12159
UM-HET3,C2015,TJL,f,JL12160,Control,0,,dead,1,1042,,,,20.0,23.0,,,C2015|JL12160
UM-HET3,C2015,TJL,f,JL12170,Control,0,,dead,1,758,,,,31.0,42.0,,,C2015|JL12170
UM-HET3,C2015,TJL,f,JL12171,Control,0,,dead,1,953,,,,31.0,39.0,,,C2015|JL12171
UM-HET3,C2015,TJL,f,JL12172,Control,0,,dead,1,785,,,,36.0,50.0,,,C2015|JL12172
UM-HET3,C2015,TJL,f,JL12173,Control,0,,dead,1,680,,,,29.0,29.0,,,C2015|JL12173
UM-HET3,C2015,TJL,f,JL12185,Control,0,,dead,1,893,,,,22.0,29.0,,,C2015|JL12185
UM-HET3,C2015,TJL,f,JL12186,Control,0,,dead,1,978,,,,28.0,36.0,,,C2015|JL12186
UM-HET3,C2015,TJL,f,JL12187,Control,0,,dead,1,1060,,,,27.0,44.0,,,C2015|JL12187
UM-HET3,C2015,TJL,f,JL12188,Control,0,,dead,1,950,,,,34.0,41.0,,,C2015|JL12188
UM-HET3,C2015,TJL,f,JL12241,Control,0,,dead,1,960,,,,24.0,33.0,,,C2015|JL12241
UM-HET3,C2015,TJL,f,JL12242,Control,0,,dead,1,1396,,,,27.0,34.0,,,C2015|JL12242
UM-HET3,C2015,TJL,f,JL12243,Control,0,,dead,1,1014,,,,26.0,28.0,,,C2015|JL12243
UM-HET3,C2015,TJL,f,JL12244,Control,0,,dead,1,1014,,,,23.0,28.0,,,C2015|JL12244
UM-HET3,C2015,TJL,f,JL12245,Control,0,,dead,1,639,,,,28.0,33.0,,,C2015|JL12245
UM-HET3,C2015,TJL,f,JL12246,Control,0,,dead,1,631,,,,29.0,48.0,,,C2015|JL12246
UM-HET3,C2015,TJL,f,JL12247,Control,0,,dead,1,569,,,,22.0,23.0,,,C2015|JL12247
UM-HET3,C2015,TJL,f,JL12248,Control,0,,dead,1,1022,,,,27.0,37.0,,,C2015|JL12248
UM-HET3,C2015,TJL,f,JL12281,Control,0,,dead,1,737,,,,22.0,24.0,,,C2015|JL12281
UM-HET3,C2015,TJL,f,JL12282,Control,0,,dead,1,492,,,,22.0,23.0,,,C2015|JL12282
UM-HET3,C2015,TJL,f,JL12283,Control,0,,dead,1,737,,,,24.0,26.0,,,C2015|JL12283
UM-HET3,C2015,TJL,f,JL12284,Control,0,,dead,1,1070,,,,38.0,53.0,,,C2015|JL12284
UM-HET3,C2015,TJL,f,JL12285,Control,0,,dead,1,1337,,,,23.0,30.0,,,C2015|JL12285
UM-HET3,C2015,TJL,f,JL12286,Control,0,,dead,1,1089,,,,45.0,46.0,,,C2015|JL12286
UM-HET3,C2015,TJL,f,JL12287,Control,0,,dead,1,1056,,,,27.0,32.0,,,C2015|JL12287
UM-HET3,C2015,TJL,f,JL12288,Control,0,,dead,1,764,,,,33.0,45.0,,,C2015|JL12288
UM-HET3,C2015,TJL,f,JL12302,Control,0,,dead,1,875,,,,24.0,31.0,,,C2015|JL12302
UM-HET3,C2015,TJL,f,JL12303,Control,0,,dead,1,946,,,,20.0,21.0,,,C2015|JL12303
UM-HET3,C2015,TJL,f,JL12304,Control,0,,dead,1,893,,,,29.0,41.0,,,C2015|JL12304
UM-HET3,C2015,TJL,f,JL12305,Control,0,,dead,1,997,,,,25.0,34.0,,,C2015|JL12305
UM-HET3,C2015,TJL,f,JL12348,Control,0,,dead,1,1072,,,,34.0,47.0,,,C2015|JL12348
UM-HET3,C2015,TJL,f,JL12349,Control,0,,dead,1,868,,,,26.0,32.0,,,C2015|JL12349
UM-HET3,C2015,TJL,f,JL12350,Control,0,,dead,1,1180,,,,22.0,23.0,,,C2015|JL12350
UM-HET3,C2015,TJL,f,JL12351,Control,0,,dead,1,729,,,,31.0,38.0,,,C2015|JL12351
UM-HET3,C2015,TJL,f,JL12458,Control,0,,dead,1,841,,,,22.0,28.0,,,C2015|JL12458
UM-HET3,C2015,TJL,f,JL12459,Control,0,,dead,1,787,,,,22.0,26.0,,,C2015|JL12459
UM-HET3,C2015,TJL,f,JL12460,Control,0,,dead,1,1193,,,,24.0,30.0,,,C2015|JL12460
UM-HET3,C2015,TJL,f,JL12461,Control,0,,dead,1,1054,,,,24.0,28.0,,,C2015|JL12461
UM-HET3,C2015,TJL,f,JL12497,Control,0,,dead,1,1005,,,,36.0,49.0,,,C2015|JL12497
UM-HET3,C2015,TJL,f,JL12498,Control,0,,dead,1,1178,,,,33.0,32.0,,,C2015|JL12498
UM-HET3,C2015,TJL,f,JL12499,Control,0,,dead,1,775,,,,45.0,52.0,,,C2015|JL12499
UM-HET3,C2015,TJL,f,JL12500,Control,0,,dead,1,851,,,,36.0,41.0,,,C2015|JL12500
UM-HET3,C2015,TJL,f,JL12546,Control,0,,dead,1,966,,,,32.0,43.0,,,C2015|JL12546
UM-HET3,C2015,TJL,f,JL12547,Control,0,,dead,1,1043,,,,28.0,32.0,,,C2015|JL12547
UM-HET3,C2015,TJL,f,JL12548,Control,0,,dead,1,932,,,,30.0,43.0,,,C2015|JL12548
UM-HET3,C2015,TJL,f,JL12549,Control,0,,dead,1,827,,,,28.0,45.0,,,C2015|JL12549
UM-HET3,C2015,TJL,f,JL12557,Control,0,,dead,1,1097,,,,28.0,32.0,,,C2015|JL12557
UM-HET3,C2015,TJL,f,JL12558,Control,0,,dead,1,1086,,,,25.0,27.0,,,C2015|JL12558
UM-HET3,C2015,TJL,f,JL12559,Control,0,,dead,1,830,,,,36.0,52.0,,,C2015|JL12559
UM-HET3,C2015,TJL,f,JL12560,Control,0,,dead,1,1007,,,,22.0,25.0,,,C2015|JL12560
UM-HET3,C2015,TJL,f,JL12652,Control,0,,dead,1,890,,,,24.0,27.0,,,C2015|JL12652
UM-HET3,C2015,TJL,f,JL12653,Control,0,,dead,1,876,,,,21.0,27.0,,,C2015|JL12653
UM-HET3,C2015,TJL,f,JL12654,Control,0,,dead,1,770,,,,24.0,26.0,,,C2015|JL12654
UM-HET3,C2015,TJL,f,JL12655,Control,0,,dead,1,1041,,,,25.0,27.0,,,C2015|JL12655
UM-HET3,C2015,TJL,m,JL11875,Control,0,,dead,1,373,,,,49.0,30.0,,,C2015|JL11875
UM-HET3,C2015,TJL,m,JL11876,Control,0,,dead,1,887,,,,42.0,46.0,,,C2015|JL11876
UM-HET3,C2015,TJL,m,JL11877,Control,0,,dead,1,840,,,,40.0,51.0,,,C2015|JL11877
UM-HET3,C2015,TJL,m,JL11943,Control,0,,dead,1,601,,,,30.0,44.0,,,C2015|JL11943
UM-HET3,C2015,TJL,m,JL11944,Control,0,,dead,1,1237,,,,31.0,39.0,,,C2015|JL11944
UM-HET3,C2015,TJL,m,JL11945,Control,0,,dead,1,1164,,,,29.0,38.0,,,C2015|JL11945
UM-HET3,C2015,TJL,m,JL11946,Control,0,,dead,1,762,,,,37.0,38.0,,,C2015|JL11946
UM-HET3,C2015,TJL,m,JL11947,Control,0,,dead,1,629,,,,40.0,47.0,,,C2015|JL11947
UM-HET3,C2015,TJL,m,JL11948,Control,0,,dead,1,483,,,,41.0,46.0,,,C2015|JL11948
UM-HET3,C2015,TJL,m,JL11949,Control,0,,dead,1,348,,,,47.0,,,,C2015|JL11949
UM-HET3,C2015,TJL,m,JL11950,Control,0,,dead,1,1009,,,,40.0,46.0,,,C2015|JL11950
UM-HET3,C2015,TJL,m,JL11951,Control,0,,dead,1,873,,,,45.0,46.0,,,C2015|JL11951
UM-HET3,C2015,TJL,m,JL12011,Control,0,,dead,1,873,,,,35.0,42.0,,,C2015|JL12011
UM-HET3,C2015,TJL,m,JL12012,Control,0,,dead,1,935,,,,50.0,55.0,,,C2015|JL12012
UM-HET3,C2015,TJL,m,JL12013,Control,0,,dead,1,1061,,,,43.0,45.0,,,C2015|JL12013
UM-HET3,C2015,TJL,m,JL12022,Control,0,,dead,1,918,,,,39.0,40.0,,,C2015|JL12022
UM-HET3,C2015,TJL,m,JL12023,Control,0,,dead,1,942,,,,39.0,50.0,,,C2015|JL12023
UM-HET3,C2015,TJL,m,JL12024,Control,0,,dead,1,239,,,,45.0,,,,C2015|JL12024
UM-HET3,C2015,TJL,m,JL12064,Control,0,,dead,1,820,,,,46.0,53.0,,,C2015|JL12064
UM-HET3,C2015,TJL,m,JL12065,Control,0,,dead,1,885,,,,33.0,48.0,,,C2015|JL12065
UM-HET3,C2015,TJL,m,JL12066,Control,0,,dead,1,945,,,,42.0,45.0,,,C2015|JL12066
UM-HET3,C2015,TJL,m,JL12067,Control,0,,dead,1,1042,,,,30.0,37.0,,,C2015|JL12067
UM-HET3,C2015,TJL,m,JL12068,Control,0,,dead,1,457,,,,36.0,43.0,,,C2015|JL12068
UM-HET3,C2015,TJL,m,JL12069,Control,0,,dead,1,520,,,,46.0,53.0,,,C2015|JL12069
UM-HET3,C2015,TJL,m,JL12073,Control,0,,dead,1,177,,,,,,,,C2015|JL12073
UM-HET3,C2015,TJL,m,JL12074,Control,0,,dead,1,1056,,,,34.0,40.0,,,C2015|JL12074
UM-HET3,C2015,TJL,m,JL12075,Control,0,,dead,1,1094,,,,32.0,39.0,,,C2015|JL12075
UM-HET3,C2015,TJL,m,JL12113,Control,0,,dead,1,932,,,,42.0,51.0,,,C2015|JL12113
UM-HET3,C2015,TJL,m,JL12114,Control,0,,dead,1,768,,,,40.0,50.0,,,C2015|JL12114
UM-HET3,C2015,TJL,m,JL12115,Control,0,,dead,1,392,,,,37.0,33.0,,,C2015|JL12115
UM-HET3,C2015,TJL,m,JL12129,Control,0,,dead,1,289,,,,47.0,,,,C2015|JL12129
UM-HET3,C2015,TJL,m,JL12130,Control,0,,dead,1,1032,,,,43.0,48.0,,,C2015|JL12130
UM-HET3,C2015,TJL,m,JL12131,Control,0,,dead,1,924,,,,33.0,40.0,,,C2015|JL12131
UM-HET3,C2015,TJL,m,JL12210,Control,0,,dead,1,649,,,,36.0,46.0,,,C2015|JL12210
UM-HET3,C2015,TJL,m,JL12211,Control,0,,dead,1,866,,,,38.0,44.0,,,C2015|JL12211
UM-HET3,C2015,TJL,m,JL12212,Control,0,,dead,1,908,,,,32.0,40.0,,,C2015|JL12212
UM-HET3,C2015,TJL,m,JL12213,Control,0,,dead,1,732,,,,32.0,42.0,,,C2015|JL12213
UM-HET3,C2015,TJL,m,JL12214,Control,0,,dead,1,349,,,,46.0,,,,C2015|JL12214
UM-HET3,C2015,TJL,m,JL12215,Control,0,,dead,1,698,,,,50.0,57.0,,,C2015|JL12215
UM-HET3,C2015,TJL,m,JL12216,Control,0,,removed,0,318,,,,,,,,C2015|JL12216
UM-HET3,C2015,TJL,m,JL12217,Control,0,,removed,0,318,,,,,,,,C2015|JL12217
UM-HET3,C2015,TJL,m,JL12218,Control,0,,removed,0,318,,,,,,,,C2015|JL12218
UM-HET3,C2015,TJL,m,JL12267,Control,0,,dead,1,374,,,,40.0,43.0,,,C2015|JL12267
UM-HET3,C2015,TJL,m,JL12268,Control,0,,dead,1,1001,,,,37.0,45.0,,,C2015|JL12268
UM-HET3,C2015,TJL,m,JL12269,Control,0,,dead,1,751,,,,38.0,48.0,,,C2015|JL12269
UM-HET3,C2015,TJL,m,JL12270,Control,0,,dead,1,847,,,,37.0,44.0,,,C2015|JL12270
UM-HET3,C2015,TJL,m,JL12271,Control,0,,dead,1,520,,,,33.0,40.0,,,C2015|JL12271
UM-HET3,C2015,TJL,m,JL12272,Control,0,,dead,1,686,,,,39.0,51.0,,,C2015|JL12272
UM-HET3,C2015,TJL,m,JL12289,Control,0,,dead,1,346,,,,41.0,,,,C2015|JL12289
UM-HET3,C2015,TJL,m,JL12290,Control,0,,removed,0,920,,,,,,,,C2015|JL12290
UM-HET3,C2015,TJL,m,JL12291,Control,0,,dead,1,981,,,,40.0,46.0,,,C2015|JL12291
UM-HET3,C2015,TJL,m,JL12295,Control,0,,dead,1,772,,,,48.0,54.0,,,C2015|JL12295
UM-HET3,C2015,TJL,m,JL12296,Control,0,,dead,1,889,,,,35.0,45.0,,,C2015|JL12296
UM-HET3,C2015,TJL,m,JL12297,Control,0,,dead,1,618,,,,45.0,56.0,,,C2015|JL12297
UM-HET3,C2015,TJL,m,JL12306,Control,0,,dead,1,1028,,,,39.0,45.0,,,C2015|JL12306
UM-HET3,C2015,TJL,m,JL12307,Control,0,,dead,1,882,,,,36.0,41.0,,,C2015|JL12307
UM-HET3,C2015,TJL,m,JL12308,Control,0,,dead,1,882,,,,34.0,44.0,,,C2015|JL12308
UM-HET3,C2015,TJL,m,JL12309,Control,0,,dead,1,1161,,,,50.0,58.0,,,C2015|JL12309
UM-HET3,C2015,TJL,m,JL12310,Control,0,,dead,1,869,,,,44.0,49.0,,,C2015|JL12310
UM-HET3,C2015,TJL,m,JL12311,Control,0,,dead,1,680,,,,43.0,49.0,,,C2015|JL12311
UM-HET3,C2015,TJL,m,JL12315,Control,0,,removed,0,295,,,,,,,,C2015|JL12315
UM-HET3,C2015,TJL,m,JL12316,Control,0,,removed,0,295,,,,,,,,C2015|JL12316
UM-HET3,C2015,TJL,m,JL12317,Control,0,,removed,0,295,,,,,,,,C2015|JL12317
UM-HET3,C2015,TJL,m,JL12352,Control,0,,dead,1,1154,,,,41.0,49.0,,,C2015|JL12352
UM-HET3,C2015,TJL,m,JL12353,Control,0,,dead,1,660,,,,38.0,48.0,,,C2015|JL12353
UM-HET3,C2015,TJL,m,JL12354,Control,0,,dead,1,624,,,,33.0,42.0,,,C2015|JL12354
UM-HET3,C2015,TJL,m,JL12370,Control,0,,dead,1,610,,,,34.0,37.0,,,C2015|JL12370
UM-HET3,C2015,TJL,m,JL12371,Control,0,,dead,1,996,,,,43.0,43.0,,,C2015|JL12371
UM-HET3,C2015,TJL,m,JL12372,Control,0,,dead,1,596,,,,44.0,51.0,,,C2015|JL12372
UM-HET3,C2015,TJL,m,JL12373,Control,0,,dead,1,624,,,,43.0,57.0,,,C2015|JL12373
UM-HET3,C2015,TJL,m,JL12374,Control,0,,dead,1,973,,,,36.0,45.0,,,C2015|JL12374
UM-HET3,C2015,TJL,m,JL12375,Control,0,,dead,1,1183,,,,29.0,32.0,,,C2015|JL12375
UM-HET3,C2015,TJL,m,JL12385,Control,0,,dead,1,540,,,,44.0,51.0,,,C2015|JL12385
UM-HET3,C2015,TJL,m,JL12386,Control,0,,dead,1,996,,,,38.0,45.0,,,C2015|JL12386
UM-HET3,C2015,TJL,m,JL12387,Control,0,,dead,1,1148,,,,35.0,44.0,,,C2015|JL12387
UM-HET3,C2015,TJL,m,JL12410,Control,0,,dead,1,597,,,,47.0,54.0,,,C2015|JL12410
UM-HET3,C2015,TJL,m,JL12411,Control,0,,dead,1,918,,,,40.0,44.0,,,C2015|JL12411
UM-HET3,C2015,TJL,m,JL12412,Control,0,,dead,1,666,,,,50.0,57.0,,,C2015|JL12412
UM-HET3,C2015,TJL,m,JL12440,Control,0,,dead,1,727,,,,40.0,45.0,,,C2015|JL12440
UM-HET3,C2015,TJL,m,JL12441,Control,0,,dead,1,697,,,,39.0,45.0,,,C2015|JL12441
UM-HET3,C2015,TJL,m,JL12442,Control,0,,dead,1,258,,,,46.0,,,,C2015|JL12442
UM-HET3,C2015,TJL,m,JL12466,Control,0,,dead,1,693,,,,37.0,44.0,,,C2015|JL12466
UM-HET3,C2015,TJL,m,JL12467,Control,0,,dead,1,667,,,,38.0,44.0,,,C2015|JL12467
UM-HET3,C2015,TJL,m,JL12468,Control,0,,dead,1,861,,,,36.0,47.0,,,C2015|JL12468
UM-HET3,C2015,TJL,m,JL12469,Control,0,,dead,1,930,,,,37.0,44.0,,,C2015|JL12469
UM-HET3,C2015,TJL,m,JL12470,Control,0,,dead,1,930,,,,39.0,46.0,,,C2015|JL12470
UM-HET3,C2015,TJL,m,JL12471,Control,0,,dead,1,1196,,,,41.0,45.0,,,C2015|JL12471
UM-HET3,C2015,TJL,m,JL12475,Control,0,,removed,0,399,,,,,,,,C2015|JL12475
UM-HET3,C2015,TJL,m,JL12476,Control,0,,removed,0,399,,,,,,,,C2015|JL12476
UM-HET3,C2015,TJL,m,JL12477,Control,0,,removed,0,399,,,,,,,,C2015|JL12477
UM-HET3,C2015,TJL,m,JL12537,Control,0,,dead,1,364,,,,44.0,,,,C2015|JL12537
UM-HET3,C2015,TJL,m,JL12538,Control,0,,dead,1,559,,,,40.0,44.0,,,C2015|JL12538
UM-HET3,C2015,TJL,m,JL12539,Control,0,,dead,1,656,,,,46.0,51.0,,,C2015|JL12539
UM-HET3,C2015,TJL,m,JL12577,Control,0,,dead,1,405,,,,44.0,52.0,,,C2015|JL12577
UM-HET3,C2015,TJL,m,JL12578,Control,0,,dead,1,943,,,,52.0,60.0,,,C2015|JL12578
UM-HET3,C2015,TJL,m,JL12579,Control,0,,dead,1,706,,,,41.0,48.0,,,C2015|JL12579
UM-HET3,C2015,TJL,m,JL12622,Control,0,,dead,1,949,,,,33.0,39.0,,,C2015|JL12622
UM-HET3,C2015,TJL,m,JL12623,Control,0,,dead,1,607,,,,35.0,39.0,,,C2015|JL12623
UM-HET3,C2015,TJL,m,JL12624,Control,0,,dead,1,817,,,,40.0,41.0,,,C2015|JL12624
UM-HET3,C2015,TJL,m,JL12696,Control,0,,dead,1,534,,,,35.0,48.0,,,C2015|JL12696
UM-HET3,C2015,TJL,m,JL12697,Control,0,,dead,1,1085,,,,48.0,55.0,,,C2015|JL12697
UM-HET3,C2015,TJL,m,JL12698,Control,0,,dead,1,925,,,,46.0,55.0,,,C2015|JL12698
UM-HET3,C2015,UM,f,UM53403,Control,0,,dead,1,1033,,,,,,,,C2015|UM53403
UM-HET3,C2015,UM,f,UM53410,Control,0,,dead,1,807,,,,,,,,C2015|UM53410
UM-HET3,C2015,UM,f,UM53417,Control,0,,dead,1,950,,,,,,,,C2015|UM53417
UM-HET3,C2015,UM,f,UM53424,Control,0,,dead,1,858,,,,,,,,C2015|UM53424
UM-HET3,C2015,UM,f,UM53942,Control,0,,dead,1,926,,,,,,,,C2015|UM53942
UM-HET3,C2015,UM,f,UM53949,Control,0,,dead,1,1093,,,,,,,,C2015|UM53949
UM-HET3,C2015,UM,f,UM53956,Control,0,,dead,1,857,,,,,,,,C2015|UM53956
UM-HET3,C2015,UM,f,UM53963,Control,0,,dead,1,994,,,,,,,,C2015|UM53963
UM-HET3,C2015,UM,f,UM54481,Control,0,,dead,1,889,,,,,,,,C2015|UM54481
UM-HET3,C2015,UM,f,UM54488,Control,0,,dead,1,840,,,,,,,,C2015|UM54488
UM-HET3,C2015,UM,f,UM54495,Control,0,,dead,1,907,,,,,,,,C2015|UM54495
UM-HET3,C2015,UM,f,UM54502,Control,0,,dead,1,924,,,,,,,,C2015|UM54502
UM-HET3,C2015,UM,f,UM54768,Control,0,,dead,1,909,,,,,,,,C2015|UM54768
UM-HET3,C2015,UM,f,UM54775,Control,0,,dead,1,723,,,,,,,,C2015|UM54775
UM-HET3,C2015,UM,f,UM54782,Control,0,,dead,1,1016,,,,,,,,C2015|UM54782
UM-HET3,C2015,UM,f,UM54789,Control,0,,dead,1,662,,,,,,,,C2015|UM54789
UM-HET3,C2015,UM,f,UM54824,Control,0,,dead,1,1021,,,,,,,,C2015|UM54824
UM-HET3,C2015,UM,f,UM54831,Control,0,,dead,1,792,,,,,,,,C2015|UM54831
UM-HET3,C2015,UM,f,UM54838,Control,0,,dead,1,877,,,,,,,,C2015|UM54838
UM-HET3,C2015,UM,f,UM54845,Control,0,,dead,1,959,,,,,,,,C2015|UM54845
UM-HET3,C2015,UM,f,UM54852,Control,0,,dead,1,908,,,,,,,,C2015|UM54852
UM-HET3,C2015,UM,f,UM54859,Control,0,,dead,1,1039,,,,,,,,C2015|UM54859
UM-HET3,C2015,UM,f,UM54866,Control,0,,dead,1,1079,,,,,,,,C2015|UM54866
UM-HET3,C2015,UM,f,UM54873,Control,0,,dead,1,1061,,,,,,,,C2015|UM54873
UM-HET3,C2015,UM,f,UM55363,Control,0,,dead,1,872,,,,,,,,C2015|UM55363
UM-HET3,C2015,UM,f,UM55370,Control,0,,dead,1,1124,,,,,,,,C2015|UM55370
UM-HET3,C2015,UM,f,UM55377,Control,0,,dead,1,1077,,,,,,,,C2015|UM55377
UM-HET3,C2015,UM,f,UM55384,Control,0,,dead,1,917,,,,,,,,C2015|UM55384
UM-HET3,C2015,UM,f,UM55559,Control,0,,dead,1,1291,,,,,,,,C2015|UM55559
UM-HET3,C2015,UM,f,UM55566,Control,0,,dead,1,748,,,,,,,,C2015|UM55566
UM-HET3,C2015,UM,f,UM55573,Control,0,,dead,1,895,,,,,,,,C2015|UM55573
UM-HET3,C2015,UM,f,UM55580,Control,0,,dead,1,967,,,,,,,,C2015|UM55580
UM-HET3,C2015,UM,f,UM56007,Control,0,,removed,0,733,,,,,,,,C2015|UM56007
UM-HET3,C2015,UM,f,UM56014,Control,0,,dead,1,974,,,,,,,,C2015|UM56014
UM-HET3,C2015,UM,f,UM56021,Control,0,,dead,1,1060,,,,,,,,C2015|UM56021
UM-HET3,C2015,UM,f,UM56028,Control,0,,dead,1,762,,,,,,,,C2015|UM56028
UM-HET3,C2015,UM,f,UM56056,Control,0,,dead,1,743,,,,,,,,C2015|UM56056
UM-HET3,C2015,UM,f,UM56063,Control,0,,dead,1,670,,,,,,,,C2015|UM56063
UM-HET3,C2015,UM,f,UM56070,Control,0,,dead,1,1173,,,,,,,,C2015|UM56070
UM-HET3,C2015,UM,f,UM56077,Control,0,,dead,1,1213,,,,,,,,C2015|UM56077
UM-HET3,C2015,UM,f,UM56413,Control,0,,dead,1,1047,,,,,,,,C2015|UM56413
UM-HET3,C2015,UM,f,UM56420,Control,0,,dead,1,1135,,,,,,,,C2015|UM56420
UM-HET3,C2015,UM,f,UM56427,Control,0,,dead,1,731,,,,,,,,C2015|UM56427
UM-HET3,C2015,UM,f,UM56434,Control,0,,dead,1,801,,,,,,,,C2015|UM56434
UM-HET3,C2015,UM,f,UM56462,Control,0,,dead,1,867,,,,,,,,C2015|UM56462
UM-HET3,C2015,UM,f,UM56469,Control,0,,dead,1,655,,,,,,,,C2015|UM56469
UM-HET3,C2015,UM,f,UM56476,Control,0,,dead,1,473,,,,,,,,C2015|UM56476
UM-HET3,C2015,UM,f,UM56483,Control,0,,dead,1,913,,,,,,,,C2015|UM56483
UM-HET3,C2015,UM,f,UM56560,Control,0,,dead,1,900,,,,,,,,C2015|UM56560
UM-HET3,C2015,UM,f,UM56567,Control,0,,dead,1,791,,,,,,,,C2015|UM56567
UM-HET3,C2015,UM,f,UM56574,Control,0,,dead,1,877,,,,,,,,C2015|UM56574
UM-HET3,C2015,UM,f,UM56581,Control,0,,dead,1,1053,,,,,,,,C2015|UM56581
UM-HET3,C2015,UM,f,UM56770,Control,0,,dead,1,749,,,,,,,,C2015|UM56770
UM-HET3,C2015,UM,f,UM56777,Control,0,,dead,1,899,,,,,,,,C2015|UM56777
UM-HET3,C2015,UM,f,UM56784,Control,0,,dead,1,983,,,,,,,,C2015|UM56784
UM-HET3,C2015,UM,f,UM56791,Control,0,,dead,1,620,,,,,,,,C2015|UM56791
UM-HET3,C2015,UM,f,UM56966,Control,0,,dead,1,686,,,,,,,,C2015|UM56966
UM-HET3,C2015,UM,f,UM56973,Control,0,,dead,1,858,,,,,,,,C2015|UM56973
UM-HET3,C2015,UM,f,UM56980,Control,0,,dead,1,687,,,,,,,,C2015|UM56980
UM-HET3,C2015,UM,f,UM56987,Control,0,,dead,1,965,,,,,,,,C2015|UM56987
UM-HET3,C2015,UM,f,UM57057,Control,0,,dead,1,893,,,,,,,,C2015|UM57057
UM-HET3,C2015,UM,f,UM57064,Control,0,,dead,1,904,,,,,,,,C2015|UM57064
UM-HET3,C2015,UM,f,UM57071,Control,0,,dead,1,991,,,,,,,,C2015|UM57071
UM-HET3,C2015,UM,f,UM57078,Control,0,,dead,1,911,,,,,,,,C2015|UM57078
UM-HET3,C2015,UM,f,UM57176,Control,0,,dead,1,665,,,,,,,,C2015|UM57176
UM-HET3,C2015,UM,f,UM57183,Control,0,,dead,1,601,,,,,,,,C2015|UM57183
UM-HET3,C2015,UM,f,UM57190,Control,0,,dead,1,930,,,,,,,,C2015|UM57190
UM-HET3,C2015,UM,f,UM57197,Control,0,,dead,1,721,,,,,,,,C2015|UM57197
UM-HET3,C2015,UM,f,UM57610,Control,0,,dead,1,802,,,,,,,,C2015|UM57610
UM-HET3,C2015,UM,f,UM57617,Control,0,,dead,1,820,,,,,,,,C2015|UM57617
UM-HET3,C2015,UM,f,UM57624,Control,0,,dead,1,675,,,,,,,,C2015|UM57624
UM-HET3,C2015,UM,f,UM57631,Control,0,,dead,1,1048,,,,,,,,C2015|UM57631
UM-HET3,C2015,UM,f,UM57638,Control,0,,dead,1,892,,,,,,,,C2015|UM57638
UM-HET3,C2015,UM,f,UM57645,Control,0,,dead,1,697,,,,,,,,C2015|UM57645
UM-HET3,C2015,UM,f,UM57652,Control,0,,dead,1,1130,,,,,,,,C2015|UM57652
UM-HET3,C2015,UM,f,UM57659,Control,0,,dead,1,934,,,,,,,,C2015|UM57659
UM-HET3,C2015,UM,f,UM57666,Control,0,,dead,1,1095,,,,,,,,C2015|UM57666
UM-HET3,C2015,UM,f,UM57673,Control,0,,dead,1,1082,,,,,,,,C2015|UM57673
UM-HET3,C2015,UM,f,UM57680,Control,0,,dead,1,843,,,,,,,,C2015|UM57680
UM-HET3,C2015,UM,f,UM57687,Control,0,,dead,1,835,,,,,,,,C2015|UM57687
UM-HET3,C2015,UM,f,UM57743,Control,0,,dead,1,839,,,,,,,,C2015|UM57743
UM-HET3,C2015,UM,f,UM57750,Control,0,,dead,1,992,,,,,,,,C2015|UM57750
UM-HET3,C2015,UM,f,UM57757,Control,0,,dead,1,1028,,,,,,,,C2015|UM57757
UM-HET3,C2015,UM,f,UM57764,Control,0,,dead,1,902,,,,,,,,C2015|UM57764
UM-HET3,C2015,UM,f,UM58254,Control,0,,dead,1,887,,,,,,,,C2015|UM58254
UM-HET3,C2015,UM,f,UM58261,Control,0,,dead,1,906,,,,,,,,C2015|UM58261
UM-HET3,C2015,UM,f,UM58268,Control,0,,dead,1,558,,,,,,,,C2015|UM58268
UM-HET3,C2015,UM,f,UM58275,Control,0,,dead,1,777,,,,,,,,C2015|UM58275
UM-HET3,C2015,UM,f,UM58373,Control,0,,dead,1,783,,,,,,,,C2015|UM58373
UM-HET3,C2015,UM,f,UM58380,Control,0,,dead,1,834,,,,,,,,C2015|UM58380
UM-HET3,C2015,UM,f,UM58387,Control,0,,dead,1,766,,,,,,,,C2015|UM58387
UM-HET3,C2015,UM,f,UM58394,Control,0,,dead,1,936,,,,,,,,C2015|UM58394
UM-HET3,C2015,UM,m,UM52885,Control,0,,removed,0,350,,,,,,,,C2015|UM52885
UM-HET3,C2015,UM,m,UM52892,Control,0,,removed,0,350,,,,,,,,C2015|UM52892
UM-HET3,C2015,UM,m,UM52899,Control,0,,removed,0,350,,,,,,,,C2015|UM52899
UM-HET3,C2015,UM,m,UM53522,Control,0,,dead,1,1223,,,,,,,,C2015|UM53522
UM-HET3,C2015,UM,m,UM53529,Control,0,,dead,1,712,,,,,,,,C2015|UM53529
UM-HET3,C2015,UM,m,UM53536,Control,0,,dead,1,818,,,,,,,,C2015|UM53536
UM-HET3,C2015,UM,m,UM53844,Control,0,,dead,1,349,,,,,,,,C2015|UM53844
UM-HET3,C2015,UM,m,UM53851,Control,0,,dead,1,666,,,,,,,,C2015|UM53851
UM-HET3,C2015,UM,m,UM53858,Control,0,,dead,1,265,,,,,,,,C2015|UM53858
UM-HET3,C2015,UM,m,UM53921,Control,0,,dead,1,494,,,,,,,,C2015|UM53921
UM-HET3,C2015,UM,m,UM53928,Control,0,,dead,1,533,,,,,,,,C2015|UM53928
UM-HET3,C2015,UM,m,UM53935,Control,0,,dead,1,1043,,,,,,,,C2015|UM53935
UM-HET3,C2015,UM,m,UM53998,Control,0,,removed,0,231,,,,,,,,C2015|UM53998
UM-HET3,C2015,UM,m,UM54005,Control,0,,removed,0,231,,,,,,,,C2015|UM54005
UM-HET3,C2015,UM,m,UM54012,Control,0,,removed,0,231,,,,,,,,C2015|UM54012
UM-HET3,C2015,UM,m,UM54061,Control,0,,dead,1,723,,,,,,,,C2015|UM54061
UM-HET3,C2015,UM,m,UM54068,Control,0,,dead,1,635,,,,,,,,C2015|UM54068
UM-HET3,C2015,UM,m,UM54075,Control,0,,dead,1,728,,,,,,,,C2015|UM54075
UM-HET3,C2015,UM,m,UM54334,Control,0,,dead,1,374,,,,,,,,C2015|UM54334
UM-HET3,C2015,UM,m,UM54341,Control,0,,dead,1,664,,,,,,,,C2015|UM54341
UM-HET3,C2015,UM,m,UM54348,Control,0,,dead,1,652,,,,,,,,C2015|UM54348
UM-HET3,C2015,UM,m,UM54355,Control,0,,removed,0,258,,,,,,,,C2015|UM54355
UM-HET3,C2015,UM,m,UM54362,Control,0,,removed,0,258,,,,,,,,C2015|UM54362
UM-HET3,C2015,UM,m,UM54369,Control,0,,removed,0,258,,,,,,,,C2015|UM54369
UM-HET3,C2015,UM,m,UM54460,Control,0,,dead,1,952,,,,,,,,C2015|UM54460
UM-HET3,C2015,UM,m,UM54467,Control,0,,dead,1,853,,,,,,,,C2015|UM54467
UM-HET3,C2015,UM,m,UM54474,Control,0,,dead,1,599,,,,,,,,C2015|UM54474
UM-HET3,C2015,UM,m,UM54719,Control,0,,dead,1,1027,,,,,,,,C2015|UM54719
UM-HET3,C2015,UM,m,UM54726,Control,0,,dead,1,202,,,,,,,,C2015|UM54726
UM-HET3,C2015,UM,m,UM54733,Control,0,,dead,1,830,,,,,,,,C2015|UM54733
UM-HET3,C2015,UM,m,UM55139,Control,0,,dead,1,450,,,,,,,,C2015|UM55139
UM-HET3,C2015,UM,m,UM55146,Control,0,,dead,1,482,,,,,,,,C2015|UM55146
UM-HET3,C2015,UM,m,UM55153,Control,0,,dead,1,899,,,,,,,,C2015|UM55153
UM-HET3,C2015,UM,m,UM55160,Control,0,,dead,1,1215,,,,,,,,C2015|UM55160
UM-HET3,C2015,UM,m,UM55167,Control,0,,dead,1,367,,,,,,,,C2015|UM55167
UM-HET3,C2015,UM,m,UM55174,Control,0,,dead,1,821,,,,,,,,C2015|UM55174
UM-HET3,C2015,UM,m,UM55181,Control,0,,dead,1,736,,,,,,,,C2015|UM55181
UM-HET3,C2015,UM,m,UM55188,Control,0,,dead,1,837,,,,,,,,C2015|UM55188
UM-HET3,C2015,UM,m,UM55195,Control,0,,dead,1,870,,,,,,,,C2015|UM55195
UM-HET3,C2015,UM,m,UM55293,Control,0,,dead,1,685,,,,,,,,C2015|UM55293
UM-HET3,C2015,UM,m,UM55300,Control,0,,dead,1,609,,,,,,,,C2015|UM55300
UM-HET3,C2015,UM,m,UM55307,Control,0,,dead,1,916,,,,,,,,C2015|UM55307
UM-HET3,C2015,UM,m,UM55664,Control,0,,dead,1,628,,,,,,,,C2015|UM55664
UM-HET3,C2015,UM,m,UM55671,Control,0,,dead,1,927,,,,,,,,C2015|UM55671
UM-HET3,C2015,UM,m,UM55678,Control,0,,dead,1,778,,,,,,,,C2015|UM55678
UM-HET3,C2015,UM,m,UM55685,Control,0,,dead,1,542,,,,,,,,C2015|UM55685
UM-HET3,C2015,UM,m,UM55692,Control,0,,dead,1,264,,,,,,,,C2015|UM55692
UM-HET3,C2015,UM,m,UM55699,Control,0,,dead,1,641,,,,,,,,C2015|UM55699
UM-HET3,C2015,UM,m,UM55776,Control,0,,dead,1,919,,,,,,,,C2015|UM55776
UM-HET3,C2015,UM,m,UM55783,Control,0,,dead,1,510,,,,,,,,C2015|UM55783
UM-HET3,C2015,UM,m,UM55790,Control,0,,dead,1,995,,,,,,,,C2015|UM55790
UM-HET3,C2015,UM,m,UM55874,Control,0,,removed,0,97,,,,,,,,C2015|UM55874
UM-HET3,C2015,UM,m,UM55881,Control,0,,removed,0,97,,,,,,,,C2015|UM55881
UM-HET3,C2015,UM,m,UM55888,Control,0,,removed,0,97,,,,,,,,C2015|UM55888
UM-HET3,C2015,UM,m,UM56154,Control,0,,dead,1,784,,,,,,,,C2015|UM56154
UM-HET3,C2015,UM,m,UM56161,Control,0,,dead,1,899,,,,,,,,C2015|UM56161
UM-HET3,C2015,UM,m,UM56168,Control,0,,dead,1,774,,,,,,,,C2015|UM56168
UM-HET3,C2015,UM,m,UM56273,Control,0,,dead,1,908,,,,,,,,C2015|UM56273
UM-HET3,C2015,UM,m,UM56280,Control,0,,dead,1,675,,,,,,,,C2015|UM56280
UM-HET3,C2015,UM,m,UM56287,Control,0,,dead,1,617,,,,,,,,C2015|UM56287
UM-HET3,C2015,UM,m,UM56441,Control,0,,dead,1,788,,,,,,,,C2015|UM56441
UM-HET3,C2015,UM,m,UM56448,Control,0,,dead,1,1111,,,,,,,,C2015|UM56448
UM-HET3,C2015,UM,m,UM56455,Control,0,,dead,1,607,,,,,,,,C2015|UM56455
UM-HET3,C2015,UM,m,UM56588,Control,0,,dead,1,969,,,,,,,,C2015|UM56588
UM-HET3,C2015,UM,m,UM56595,Control,0,,dead,1,768,,,,,,,,C2015|UM56595
UM-HET3,C2015,UM,m,UM56602,Control,0,,dead,1,973,,,,,,,,C2015|UM56602
UM-HET3,C2015,UM,m,UM56609,Control,0,,dead,1,461,,,,,,,,C2015|UM56609
UM-HET3,C2015,UM,m,UM56616,Control,0,,dead,1,1231,,,,,,,,C2015|UM56616
UM-HET3,C2015,UM,m,UM56623,Control,0,,dead,1,516,,,,,,,,C2015|UM56623
UM-HET3,C2015,UM,m,UM56658,Control,0,,removed,0,195,,,,,,,,C2015|UM56658
UM-HET3,C2015,UM,m,UM56665,Control,0,,removed,0,195,,,,,,,,C2015|UM56665
UM-HET3,C2015,UM,m,UM56672,Control,0,,removed,0,195,,,,,,,,C2015|UM56672
UM-HET3,C2015,UM,m,UM56945,Control,0,,dead,1,652,,,,,,,,C2015|UM56945
UM-HET3,C2015,UM,m,UM56952,Control,0,,dead,1,740,,,,,,,,C2015|UM56952
UM-HET3,C2015,UM,m,UM56959,Control,0,,dead,1,740,,,,,,,,C2015|UM56959
UM-HET3,C2015,UM,m,UM57477,Control,0,,removed,0,234,,,,,,,,C2015|UM57477
UM-HET3,C2015,UM,m,UM57484,Control,0,,removed,0,234,,,,,,,,C2015|UM57484
UM-HET3,C2015,UM,m,UM57491,Control,0,,removed,0,234,,,,,,,,C2015|UM57491
UM-HET3,C2015,UM,m,UM58009,Control,0,,dead,1,1049,,,,,,,,C2015|UM58009
UM-HET3,C2015,UM,m,UM58016,Control,0,,dead,1,763,,,,,,,,C2015|UM58016
UM-HET3,C2015,UM,m,UM58023,Control,0,,dead,1,474,,,,,,,,C2015|UM58023
UM-HET3,C2015,UM,m,UM58170,Control,0,,dead,1,828,,,,,,,,C2015|UM58170
UM-HET3,C2015,UM,m,UM58177,Control,0,,dead,1,476,,,,,,,,C2015|UM58177
UM-HET3,C2015,UM,m,UM58184,Control,0,,dead,1,601,,,,,,,,C2015|UM58184
UM-HET3,C2015,UM,m,UM58233,Control,0,,dead,1,1055,,,,,,,,C2015|UM58233
UM-HET3,C2015,UM,m,UM58240,Control,0,,dead,1,1012,,,,,,,,C2015|UM58240
UM-HET3,C2015,UM,m,UM58247,Control,0,,dead,1,1200,,,,,,,,C2015|UM58247
UM-HET3,C2015,UM,m,UM58310,Control,0,,dead,1,905,,,,,,,,C2015|UM58310
UM-HET3,C2015,UM,m,UM58317,Control,0,,dead,1,629,,,,,,,,C2015|UM58317
UM-HET3,C2015,UM,m,UM58324,Control,0,,dead,1,803,,,,,,,,C2015|UM58324
UM-HET3,C2015,UM,m,UM58401,Control,0,,dead,1,893,,,,,,,,C2015|UM58401
UM-HET3,C2015,UM,m,UM58408,Control,0,,dead,1,623,,,,,,,,C2015|UM58408
UM-HET3,C2015,UM,m,UM58415,Control,0,,dead,1,840,,,,,,,,C2015|UM58415
UM-HET3,C2015,UM,m,UM58478,Control,0,,dead,1,938,,,,,,,,C2015|UM58478
UM-HET3,C2015,UM,m,UM58485,Control,0,,dead,1,599,,,,,,,,C2015|UM58485
UM-HET3,C2015,UM,m,UM58492,Control,0,,dead,1,1020,,,,,,,,C2015|UM58492
UM-HET3,C2015,UM,m,UM58604,Control,0,,dead,1,585,,,,,,,,C2015|UM58604
UM-HET3,C2015,UM,m,UM58611,Control,0,,dead,1,659,,,,,,,,C2015|UM58611
UM-HET3,C2015,UM,m,UM58618,Control,0,,dead,1,584,,,,,,,,C2015|UM58618
UM-HET3,C2015,UT,f,UT07595,Control,0,,dead,1,1015,,,,31.4,45.099998,,,C2015|UT07595
UM-HET3,C2015,UT,f,UT07596,Control,0,,dead,1,919,,,,31.4,41.599998,,,C2015|UT07596
UM-HET3,C2015,UT,f,UT07597,Control,0,,dead,1,1078,,,,35.200001,46.299999,,,C2015|UT07597
UM-HET3,C2015,UT,f,UT07598,Control,0,,dead,1,815,,,,30.5,44.599998,,,C2015|UT07598
UM-HET3,C2015,UT,f,UT07620,Control,0,,dead,1,1000,,,,31.6,37.200001,,,C2015|UT07620
UM-HET3,C2015,UT,f,UT07621,Control,0,,dead,1,1024,,,,26.700001,35.200001,,,C2015|UT07621
UM-HET3,C2015,UT,f,UT07622,Control,0,,dead,1,796,,,,38.400002,49.799999,,,C2015|UT07622
UM-HET3,C2015,UT,f,UT07623,Control,0,,dead,1,874,,,,43.5,48.700001,,,C2015|UT07623
UM-HET3,C2015,UT,f,UT07634,Control,0,,dead,1,966,,,,28.200001,40.5,,,C2015|UT07634
UM-HET3,C2015,UT,f,UT07635,Control,0,,dead,1,1009,,,,28.0,36.900002,,,C2015|UT07635
UM-HET3,C2015,UT,f,UT07636,Control,0,,dead,1,548,,,,22.1,33.599998,,,C2015|UT07636
UM-HET3,C2015,UT,f,UT07637,Control,0,,dead,1,1044,,,,25.200001,33.900002,,,C2015|UT07637
UM-HET3,C2015,UT,f,UT07668,Control,0,,dead,1,1020,,,,30.6,43.700001,,,C2015|UT07668
UM-HET3,C2015,UT,f,UT07669,Control,0,,dead,1,595,,,,24.9,37.0,,,C2015|UT07669
UM-HET3,C2015,UT,f,UT07670,Control,0,,dead,1,738,,,,31.0,44.5,,,C2015|UT07670
UM-HET3,C2015,UT,f,UT07671,Control,0,,dead,1,968,,,,30.1,36.0,,,C2015|UT07671
UM-HET3,C2015,UT,f,UT07696,Control,0,,dead,1,644,,,,29.6,48.200001,,,C2015|UT07696
UM-HET3,C2015,UT,f,UT07697,Control,0,,dead,1,786,,,,39.599998,57.799999,,,C2015|UT07697
UM-HET3,C2015,UT,f,UT07698,Control,0,,dead,1,732,,,,28.1,41.200001,,,C2015|UT07698
UM-HET3,C2015,UT,f,UT07699,Control,0,,dead,1,1040,,,,31.6,49.400002,,,C2015|UT07699
UM-HET3,C2015,UT,f,UT07806,Control,0,,dead,1,891,,,,35.5,37.5,,,C2015|UT07806
UM-HET3,C2015,UT,f,UT07807,Control,0,,dead,1,1141,,,,30.5,54.700001,,,C2015|UT07807
UM-HET3,C2015,UT,f,UT07808,Control,0,,dead,1,1110,,,,25.0,26.799999,,,C2015|UT07808
UM-HET3,C2015,UT,f,UT07809,Control,0,,dead,1,1058,,,,30.4,41.599998,,,C2015|UT07809
UM-HET3,C2015,UT,f,UT07862,Control,0,,dead,1,1158,,,,40.200001,50.299999,,,C2015|UT07862
UM-HET3,C2015,UT,f,UT07863,Control,0,,dead,1,911,,,,34.299999,50.900002,,,C2015|UT07863
UM-HET3,C2015,UT,f,UT07864,Control,0,,dead,1,695,,,,41.099998,42.799999,,,C2015|UT07864
UM-HET3,C2015,UT,f,UT07865,Control,0,,dead,1,865,,,,34.5,46.5,,,C2015|UT07865
UM-HET3,C2015,UT,f,UT07897,Control,0,,dead,1,426,,,,43.400002,58.400002,,,C2015|UT07897
UM-HET3,C2015,UT,f,UT07898,Control,0,,dead,1,862,,,,30.200001,43.0,,,C2015|UT07898
UM-HET3,C2015,UT,f,UT07899,Control,0,,dead,1,929,,,,21.4,25.299999,,,C2015|UT07899
UM-HET3,C2015,UT,f,UT07900,Control,0,,dead,1,953,,,,27.1,40.900002,,,C2015|UT07900
UM-HET3,C2015,UT,f,UT07911,Control,0,,dead,1,750,,,,29.700001,43.299999,,,C2015|UT07911
UM-HET3,C2015,UT,f,UT07912,Control,0,,dead,1,1014,,,,33.599998,45.599998,,,C2015|UT07912
UM-HET3,C2015,UT,f,UT07913,Control,0,,dead,1,661,,,,27.700001,42.099998,,,C2015|UT07913
UM-HET3,C2015,UT,f,UT07914,Control,0,,dead,1,905,,,,33.099998,47.299999,,,C2015|UT07914
UM-HET3,C2015,UT,f,UT08019,Control,0,,dead,1,873,,,,43.099998,51.0,,,C2015|UT08019
UM-HET3,C2015,UT,f,UT08020,Control,0,,dead,1,869,,,,30.299999,42.299999,,,C2015|UT08020
UM-HET3,C2015,UT,f,UT08021,Control,0,,dead,1,865,,,,28.1,32.200001,,,C2015|UT08021
UM-HET3,C2015,UT,f,UT08022,Control,0,,dead,1,950,,,,34.900002,47.599998,,,C2015|UT08022
UM-HET3,C2015,UT,f,UT08047,Control,0,,dead,1,1003,,,,39.599998,62.299999,,,C2015|UT08047
UM-HET3,C2015,UT,f,UT08048,Control,0,,dead,1,834,,,,25.299999,28.0,,,C2015|UT08048
UM-HET3,C2015,UT,f,UT08049,Control,0,,dead,1,837,,,,27.200001,34.400002,,,C2015|UT08049
UM-HET3,C2015,UT,f,UT08050,Control,0,,dead,1,754,,,,27.5,33.400002,,,C2015|UT08050
UM-HET3,C2015,UT,f,UT08117,Control,0,,dead,1,874,,,,40.599998,49.299999,,,C2015|UT08117
UM-HET3,C2015,UT,f,UT08118,Control,0,,dead,1,664,,,,29.700001,41.200001,,,C2015|UT08118
UM-HET3,C2015,UT,f,UT08119,Control,0,,dead,1,810,,,,29.0,40.700001,,,C2015|UT08119
UM-HET3,C2015,UT,f,UT08120,Control,0,,dead,1,920,,,,36.400002,50.700001,,,C2015|UT08120
UM-HET3,C2015,UT,f,UT08121,Control,0,,dead,1,751,,,,28.4,40.900002,,,C2015|UT08121
UM-HET3,C2015,UT,f,UT08122,Control,0,,dead,1,848,,,,33.700001,38.799999,,,C2015|UT08122
UM-HET3,C2015,UT,f,UT08123,Control,0,,dead,1,544,,,,39.299999,61.299999,,,C2015|UT08123
UM-HET3,C2015,UT,f,UT08124,Control,0,,dead,1,1034,,,,28.700001,33.299999,,,C2015|UT08124
UM-HET3,C2015,UT,f,UT08189,Control,0,,dead,1,882,,,,37.200001,48.299999,,,C2015|UT08189
UM-HET3,C2015,UT,f,UT08190,Control,0,,dead,1,742,,,,25.1,30.700001,,,C2015|UT08190
UM-HET3,C2015,UT,f,UT08191,Control,0,,dead,1,745,,,,35.700001,48.799999,,,C2015|UT08191
UM-HET3,C2015,UT,f,UT08192,Control,0,,dead,1,893,,,,42.799999,50.599998,,,C2015|UT08192
UM-HET3,C2015,UT,f,UT08236,Control,0,,dead,1,786,,,,37.599998,49.099998,,,C2015|UT08236
UM-HET3,C2015,UT,f,UT08237,Control,0,,dead,1,966,,,,32.0,40.0,,,C2015|UT08237
UM-HET3,C2015,UT,f,UT08238,Control,0,,dead,1,875,,,,26.299999,40.099998,,,C2015|UT08238
UM-HET3,C2015,UT,f,UT08239,Control,0,,dead,1,920,,,,29.6,50.5,,,C2015|UT08239
UM-HET3,C2015,UT,f,UT08256,Control,0,,dead,1,602,,,,26.299999,32.299999,,,C2015|UT08256
UM-HET3,C2015,UT,f,UT08257,Control,0,,dead,1,935,,,,26.4,34.400002,,,C2015|UT08257
UM-HET3,C2015,UT,f,UT08258,Control,0,,dead,1,981,,,,29.799999,31.9,,,C2015|UT08258
UM-HET3,C2015,UT,f,UT08259,Control,0,,dead,1,665,,,,32.599998,34.900002,,,C2015|UT08259
UM-HET3,C2015,UT,f,UT08311,Control,0,,dead,1,773,,,,26.0,33.799999,,,C2015|UT08311
UM-HET3,C2015,UT,f,UT08312,Control,0,,dead,1,724,,,,29.200001,31.4,,,C2015|UT08312
UM-HET3,C2015,UT,f,UT08313,Control,0,,dead,1,828,,,,30.700001,35.900002,,,C2015|UT08313
UM-HET3,C2015,UT,f,UT08314,Control,0,,dead,1,992,,,,24.1,27.9,,,C2015|UT08314
UM-HET3,C2015,UT,f,UT08318,Control,0,,dead,1,1062,,,,40.400002,55.200001,,,C2015|UT08318
UM-HET3,C2015,UT,f,UT08319,Control,0,,dead,1,980,,,,32.900002,45.799999,,,C2015|UT08319
UM-HET3,C2015,UT,f,UT08320,Control,0,,dead,1,1280,,,,29.9,36.200001,,,C2015|UT08320
UM-HET3,C2015,UT,f,UT08321,Control,0,,dead,1,664,,,,30.9,39.400002,,,C2015|UT08321
UM-HET3,C2015,UT,f,UT08322,Control,0,,removed,0,592,,,,,,,,C2015|UT08322
UM-HET3,C2015,UT,f,UT08323,Control,0,,removed,0,592,,,,,,,,C2015|UT08323
UM-HET3,C2015,UT,f,UT08324,Control,0,,removed,0,592,,,,,,,,C2015|UT08324
UM-HET3,C2015,UT,f,UT08325,Control,0,,removed,0,592,,,,,,,,C2015|UT08325
UM-HET3,C2015,UT,f,UT08356,Control,0,,dead,1,1121,,,,26.799999,34.700001,,,C2015|UT08356
UM-HET3,C2015,UT,f,UT08357,Control,0,,dead,1,1052,,,,29.1,35.700001,,,C2015|UT08357
UM-HET3,C2015,UT,f,UT08358,Control,0,,dead,1,1123,,,,24.200001,34.200001,,,C2015|UT08358
UM-HET3,C2015,UT,f,UT08359,Control,0,,dead,1,857,,,,23.9,31.6,,,C2015|UT08359
UM-HET3,C2015,UT,f,UT08389,Control,0,,dead,1,889,,,,25.4,40.900002,,,C2015|UT08389
UM-HET3,C2015,UT,f,UT08390,Control,0,,dead,1,1095,,,,25.700001,33.299999,,,C2015|UT08390
UM-HET3,C2015,UT,f,UT08391,Control,0,,dead,1,751,,,,24.5,35.099998,,,C2015|UT08391
UM-HET3,C2015,UT,f,UT08392,Control,0,,dead,1,1040,,,,30.799999,31.0,,,C2015|UT08392
UM-HET3,C2015,UT,f,UT08410,Control,0,,dead,1,1014,,,,36.700001,51.700001,,,C2015|UT08410
UM-HET3,C2015,UT,f,UT08411,Control,0,,dead,1,1018,,,,29.4,33.200001,,,C2015|UT08411
UM-HET3,C2015,UT,f,UT08412,Control,0,,dead,1,1092,,,,37.299999,48.099998,,,C2015|UT08412
UM-HET3,C2015,UT,f,UT08413,Control,0,,dead,1,824,,,,22.6,27.700001,,,C2015|UT08413
UM-HET3,C2015,UT,f,UT08434,Control,0,,dead,1,949,,,,48.099998,55.799999,,,C2015|UT08434
UM-HET3,C2015,UT,f,UT08435,Control,0,,dead,1,1034,,,,47.299999,62.5,,,C2015|UT08435
UM-HET3,C2015,UT,f,UT08436,Control,0,,dead,1,938,,,,30.4,44.200001,,,C2015|UT08436
UM-HET3,C2015,UT,f,UT08437,Control,0,,dead,1,845,,,,43.700001,54.599998,,,C2015|UT08437
UM-HET3,C2015,UT,m,UT07579,Control,0,,dead,1,268,,,,51.400002,,,,C2015|UT07579
UM-HET3,C2015,UT,m,UT07580,Control,0,,dead,1,951,,,,40.5,49.0,,,C2015|UT07580
UM-HET3,C2015,UT,m,UT07581,Control,0,,dead,1,860,,,,43.200001,46.799999,,,C2015|UT07581
UM-HET3,C2015,UT,m,UT07589,Control,0,,dead,1,304,,,,40.799999,,,,C2015|UT07589
UM-HET3,C2015,UT,m,UT07590,Control,0,,dead,1,638,,,,49.400002,53.900002,,,C2015|UT07590
UM-HET3,C2015,UT,m,UT07591,Control,0,,dead,1,864,,,,38.200001,37.099998,,,C2015|UT07591
UM-HET3,C2015,UT,m,UT07592,Control,0,,dead,1,605,,,,48.5,52.400002,,,C2015|UT07592
UM-HET3,C2015,UT,m,UT07593,Control,0,,dead,1,1000,,,,40.5,46.400002,,,C2015|UT07593
UM-HET3,C2015,UT,m,UT07594,Control,0,,dead,1,852,,,,42.700001,46.0,,,C2015|UT07594
UM-HET3,C2015,UT,m,UT07610,Control,0,,dead,1,462,,,,44.299999,49.599998,,,C2015|UT07610
UM-HET3,C2015,UT,m,UT07611,Control,0,,dead,1,1147,,,,33.700001,37.400002,,,C2015|UT07611
UM-HET3,C2015,UT,m,UT07612,Control,0,,dead,1,352,,,,36.5,,,,C2015|UT07612
UM-HET3,C2015,UT,m,UT07624,Control,0,,dead,1,307,,,,42.700001,,,,C2015|UT07624
UM-HET3,C2015,UT,m,UT07625,Control,0,,dead,1,837,,,,46.0,50.799999,,,C2015|UT07625
UM-HET3,C2015,UT,m,UT07626,Control,0,,dead,1,626,,,,45.0,51.0,,,C2015|UT07626
UM-HET3,C2015,UT,m,UT07631,Control,0,,dead,1,1111,,,,47.0,49.900002,,,C2015|UT07631
UM-HET3,C2015,UT,m,UT07632,Control,0,,dead,1,1111,,,,37.400002,42.599998,,,C2015|UT07632
UM-HET3,C2015,UT,m,UT07633,Control,0,,dead,1,1025,,,,47.599998,50.200001,,,C2015|UT07633
UM-HET3,C2015,UT,m,UT07665,Control,0,,dead,1,671,,,,42.799999,46.900002,,,C2015|UT07665
UM-HET3,C2015,UT,m,UT07666,Control,0,,dead,1,276,,,,38.099998,,,,C2015|UT07666
UM-HET3,C2015,UT,m,UT07667,Control,0,,dead,1,563,,,,37.099998,42.0,,,C2015|UT07667
UM-HET3,C2015,UT,m,UT07672,Control,0,,dead,1,994,,,,35.0,43.099998,,,C2015|UT07672
UM-HET3,C2015,UT,m,UT07673,Control,0,,dead,1,1024,,,,45.400002,55.200001,,,C2015|UT07673
UM-HET3,C2015,UT,m,UT07674,Control,0,,dead,1,546,,,,36.599998,38.799999,,,C2015|UT07674
UM-HET3,C2015,UT,m,UT07700,Control,0,,dead,1,326,,,,46.099998,,,,C2015|UT07700
UM-HET3,C2015,UT,m,UT07701,Control,0,,removed,0,830,,,,,,,,C2015|UT07701
UM-HET3,C2015,UT,m,UT07702,Control,0,,dead,1,730,,,,32.0,38.799999,,,C2015|UT07702
UM-HET3,C2015,UT,m,UT07725,Control,0,,dead,1,578,,,,31.6,36.299999,,,C2015|UT07725
UM-HET3,C2015,UT,m,UT07726,Control,0,,removed,0,534,,,,,,,,C2015|UT07726
UM-HET3,C2015,UT,m,UT07727,Control,0,,dead,1,683,,,,37.799999,43.400002,,,C2015|UT07727
UM-HET3,C2015,UT,m,UT07770,Control,0,,dead,1,1118,,,,37.0,45.599998,,,C2015|UT07770
UM-HET3,C2015,UT,m,UT07771,Control,0,,dead,1,539,,,,42.0,48.099998,,,C2015|UT07771
UM-HET3,C2015,UT,m,UT07772,Control,0,,dead,1,1056,,,,34.700001,38.200001,,,C2015|UT07772
UM-HET3,C2015,UT,m,UT07773,Control,0,,dead,1,500,,,,51.900002,63.700001,,,C2015|UT07773
UM-HET3,C2015,UT,m,UT07774,Control,0,,dead,1,847,,,,39.0,42.400002,,,C2015|UT07774
UM-HET3,C2015,UT,m,UT07775,Control,0,,dead,1,351,,,,45.5,,,,C2015|UT07775
UM-HET3,C2015,UT,m,UT07787,Control,0,,dead,1,905,,,,37.299999,47.799999,,,C2015|UT07787
UM-HET3,C2015,UT,m,UT07788,Control,0,,dead,1,576,,,,42.200001,46.700001,,,C2015|UT07788
UM-HET3,C2015,UT,m,UT07789,Control,0,,dead,1,762,,,,44.0,49.200001,,,C2015|UT07789
UM-HET3,C2015,UT,m,UT07793,Control,0,,dead,1,241,,,,45.0,,,,C2015|UT07793
UM-HET3,C2015,UT,m,UT07794,Control,0,,dead,1,976,,,,43.700001,46.700001,,,C2015|UT07794
UM-HET3,C2015,UT,m,UT07795,Control,0,,dead,1,437,,,,53.299999,65.400002,,,C2015|UT07795
UM-HET3,C2015,UT,m,UT07810,Control,0,,dead,1,1220,,,,35.299999,40.099998,,,C2015|UT07810
UM-HET3,C2015,UT,m,UT07811,Control,0,,dead,1,877,,,,42.0,47.900002,,,C2015|UT07811
UM-HET3,C2015,UT,m,UT07812,Control,0,,dead,1,1176,,,,41.799999,48.5,,,C2015|UT07812
UM-HET3,C2015,UT,m,UT07866,Control,0,,dead,1,815,,,,42.200001,47.299999,,,C2015|UT07866
UM-HET3,C2015,UT,m,UT07867,Control,0,,dead,1,916,,,,38.799999,49.200001,,,C2015|UT07867
UM-HET3,C2015,UT,m,UT07868,Control,0,,dead,1,451,,,,33.599998,43.400002,,,C2015|UT07868
UM-HET3,C2015,UT,m,UT07922,Control,0,,dead,1,884,,,,45.200001,51.200001,,,C2015|UT07922
UM-HET3,C2015,UT,m,UT07923,Control,0,,dead,1,300,,,,46.799999,,,,C2015|UT07923
UM-HET3,C2015,UT,m,UT07924,Control,0,,dead,1,888,,,,41.599998,47.400002,,,C2015|UT07924
UM-HET3,C2015,UT,m,UT07928,Control,0,,dead,1,394,,,,41.700001,48.299999,,,C2015|UT07928
UM-HET3,C2015,UT,m,UT07929,Control,0,,dead,1,786,,,,38.900002,43.900002,,,C2015|UT07929
UM-HET3,C2015,UT,m,UT07930,Control,0,,dead,1,237,,,,49.900002,,,,C2015|UT07930
UM-HET3,C2015,UT,m,UT08033,Control,0,,dead,1,842,,,,34.200001,45.400002,,,C2015|UT08033
UM-HET3,C2015,UT,m,UT08034,Control,0,,dead,1,387,,,,46.900002,58.200001,,,C2015|UT08034
UM-HET3,C2015,UT,m,UT08035,Control,0,,dead,1,876,,,,48.599998,52.400002,,,C2015|UT08035
UM-HET3,C2015,UT,m,UT08044,Control,0,,dead,1,1106,,,,37.200001,47.0,,,C2015|UT08044
UM-HET3,C2015,UT,m,UT08045,Control,0,,dead,1,923,,,,34.299999,40.200001,,,C2015|UT08045
UM-HET3,C2015,UT,m,UT08046,Control,0,,dead,1,419,,,,43.5,52.799999,,,C2015|UT08046
UM-HET3,C2015,UT,m,UT08061,Control,0,,dead,1,412,,,,42.700001,51.599998,,,C2015|UT08061
UM-HET3,C2015,UT,m,UT08062,Control,0,,dead,1,796,,,,45.400002,50.299999,,,C2015|UT08062
UM-HET3,C2015,UT,m,UT08063,Control,0,,dead,1,903,,,,34.0,45.599998,,,C2015|UT08063
UM-HET3,C2015,UT,m,UT08091,Control,0,,removed,0,457,,,,,,,,C2015|UT08091
UM-HET3,C2015,UT,m,UT08092,Control,0,,removed,0,457,,,,,,,,C2015|UT08092
UM-HET3,C2015,UT,m,UT08093,Control,0,,removed,0,457,,,,,,,,C2015|UT08093
UM-HET3,C2015,UT,m,UT08094,Control,0,,dead,1,864,,,,36.900002,44.799999,,,C2015|UT08094
UM-HET3,C2015,UT,m,UT08095,Control,0,,dead,1,607,,,,46.400002,55.0,,,C2015|UT08095
UM-HET3,C2015,UT,m,UT08096,Control,0,,removed,0,498,,,,,,,,C2015|UT08096
UM-HET3,C2015,UT,m,UT08128,Control,0,,dead,1,809,,,,38.299999,43.700001,,,C2015|UT08128
UM-HET3,C2015,UT,m,UT08129,Control,0,,dead,1,519,,,,47.799999,53.5,,,C2015|UT08129
UM-HET3,C2015,UT,m,UT08130,Control,0,,dead,1,912,,,,41.700001,47.200001,,,C2015|UT08130
UM-HET3,C2015,UT,m,UT08182,Control,0,,dead,1,487,,,,43.700001,44.099998,,,C2015|UT08182
UM-HET3,C2015,UT,m,UT08183,Control,0,,dead,1,720,,,,45.200001,53.200001,,,C2015|UT08183
UM-HET3,C2015,UT,m,UT08184,Control,0,,dead,1,1086,,,,40.299999,45.400002,,,C2015|UT08184
UM-HET3,C2015,UT,m,UT08193,Control,0,,dead,1,839,,,,36.900002,43.599998,,,C2015|UT08193
UM-HET3,C2015,UT,m,UT08194,Control,0,,dead,1,879,,,,38.0,49.799999,,,C2015|UT08194
UM-HET3,C2015,UT,m,UT08195,Control,0,,dead,1,876,,,,35.599998,45.299999,,,C2015|UT08195
UM-HET3,C2015,UT,m,UT08277,Control,0,,dead,1,869,,,,33.599998,38.0,,,C2015|UT08277
UM-HET3,C2015,UT,m,UT08278,Control,0,,dead,1,806,,,,41.0,46.400002,,,C2015|UT08278
UM-HET3,C2015,UT,m,UT08279,Control,0,,dead,1,674,,,,39.599998,42.900002,,,C2015|UT08279
UM-HET3,C2015,UT,m,UT08291,Control,0,,dead,1,668,,,,43.799999,47.200001,,,C2015|UT08291
UM-HET3,C2015,UT,m,UT08292,Control,0,,dead,1,814,,,,44.599998,49.299999,,,C2015|UT08292
UM-HET3,C2015,UT,m,UT08293,Control,0,,dead,1,529,,,,41.400002,45.5,,,C2015|UT08293
UM-HET3,C2015,UT,m,UT08294,Control,0,,removed,0,327,,,,,,,,C2015|UT08294
UM-HET3,C2015,UT,m,UT08295,Control,0,,removed,0,327,,,,,,,,C2015|UT08295
UM-HET3,C2015,UT,m,UT08296,Control,0,,dead,1,775,,,,45.200001,53.799999,,,C2015|UT08296
UM-HET3,C2015,UT,m,UT08363,Control,0,,dead,1,849,,,,40.0,45.799999,,,C2015|UT08363
UM-HET3,C2015,UT,m,UT08364,Control,0,,dead,1,373,,,,43.400002,49.099998,,,C2015|UT08364
UM-HET3,C2015,UT,m,UT08365,Control,0,,dead,1,510,,,,45.099998,55.200001,,,C2015|UT08365
UM-HET3,C2015,UT,m,UT08393,Control,0,,dead,1,1019,,,,37.400002,45.700001,,,C2015|UT08393
UM-HET3,C2015,UT,m,UT08394,Control,0,,dead,1,730,,,,42.200001,48.200001,,,C2015|UT08394
UM-HET3,C2015,UT,m,UT08395,Control,0,,dead,1,796,,,,41.299999,48.0,,,C2015|UT08395
UM-HET3,C2015,UT,m,UT08424,Control,0,,dead,1,771,,,,48.799999,53.5,,,C2015|UT08424
UM-HET3,C2015,UT,m,UT08425,Control,0,,dead,1,395,,,,44.799999,47.099998,,,C2015|UT08425
UM-HET3,C2015,UT,m,UT08426,Control,0,,dead,1,941,,,,45.0,50.700001,,,C2015|UT08426
UM-HET3,C2015,UT,m,UT08462,Control,0,,dead,1,810,,,,42.5,46.400002,,,C2015|UT08462
UM-HET3,C2015,UT,m,UT08463,Control,0,,dead,1,405,,,,44.200001,51.900002,,,C2015|UT08463
UM-HET3,C2015,UT,m,UT08464,Control,0,,dead,1,420,,,,46.099998,49.799999,,,C2015|UT08464
UM-HET3,C2016,TJL,f,JL12901,Control,0.0,,dead,1,949,,,,,,,,C2016|JL12901
UM-HET3,C2016,TJL,f,JL12902,Control,0.0,,dead,1,1057,,,,,,,,C2016|JL12902
UM-HET3,C2016,TJL,f,JL12903,Control,0.0,,dead,1,792,,,,,,,,C2016|JL12903
UM-HET3,C2016,TJL,f,JL12904,Control,0.0,,dead,1,689,,,,,,,,C2016|JL12904
UM-HET3,C2016,TJL,f,JL12937,Control,0.0,,dead,1,851,,,,,,,,C2016|JL12937
UM-HET3,C2016,TJL,f,JL12938,Control,0.0,,dead,1,820,,,,,,,,C2016|JL12938
UM-HET3,C2016,TJL,f,JL12939,Control,0.0,,dead,1,997,,,,,,,,C2016|JL12939
UM-HET3,C2016,TJL,f,JL12940,Control,0.0,,dead,1,652,,,,,,,,C2016|JL12940
UM-HET3,C2016,TJL,f,JL12941,Control,0.0,,dead,1,1064,,,,,,,,C2016|JL12941
UM-HET3,C2016,TJL,f,JL12942,Control,0.0,,dead,1,374,,,,,,,,C2016|JL12942
UM-HET3,C2016,TJL,f,JL12943,Control,0.0,,dead,1,848,,,,,,,,C2016|JL12943
UM-HET3,C2016,TJL,f,JL12944,Control,0.0,,dead,1,1033,,,,,,,,C2016|JL12944
UM-HET3,C2016,TJL,f,JL12997,Control,0.0,,dead,1,1230,,,,,,,,C2016|JL12997
UM-HET3,C2016,TJL,f,JL12998,Control,0.0,,dead,1,1047,,,,,,,,C2016|JL12998
UM-HET3,C2016,TJL,f,JL12999,Control,0.0,,dead,1,956,,,,,,,,C2016|JL12999
UM-HET3,C2016,TJL,f,JL13000,Control,0.0,,dead,1,914,,,,,,,,C2016|JL13000
UM-HET3,C2016,TJL,f,JL13050,Control,0.0,,dead,1,920,,,,,,,,C2016|JL13050
UM-HET3,C2016,TJL,f,JL13051,Control,0.0,,dead,1,869,,,,,,,,C2016|JL13051
UM-HET3,C2016,TJL,f,JL13052,Control,0.0,,dead,1,1022,,,,,,,,C2016|JL13052
UM-HET3,C2016,TJL,f,JL13053,Control,0.0,,dead,1,920,,,,,,,,C2016|JL13053
UM-HET3,C2016,TJL,f,JL13117,Control,0.0,,dead,1,673,,,,,,,,C2016|JL13117
UM-HET3,C2016,TJL,f,JL13118,Control,0.0,,dead,1,983,,,,,,,,C2016|JL13118
UM-HET3,C2016,TJL,f,JL13119,Control,0.0,,dead,1,953,,,,,,,,C2016|JL13119
UM-HET3,C2016,TJL,f,JL13120,Control,0.0,,dead,1,907,,,,,,,,C2016|JL13120
UM-HET3,C2016,TJL,f,JL13298,Control,0.0,,dead,1,974,,,,,,,,C2016|JL13298
UM-HET3,C2016,TJL,f,JL13299,Control,0.0,,dead,1,901,,,,,,,,C2016|JL13299
UM-HET3,C2016,TJL,f,JL13300,Control,0.0,,dead,1,928,,,,,,,,C2016|JL13300
UM-HET3,C2016,TJL,f,JL13301,Control,0.0,,dead,1,862,,,,,,,,C2016|JL13301
UM-HET3,C2016,TJL,f,JL13357,Control,0.0,,dead,1,858,,,,,,,,C2016|JL13357
UM-HET3,C2016,TJL,f,JL13358,Control,0.0,,dead,1,886,,,,,,,,C2016|JL13358
UM-HET3,C2016,TJL,f,JL13359,Control,0.0,,dead,1,881,,,,,,,,C2016|JL13359
UM-HET3,C2016,TJL,f,JL13360,Control,0.0,,dead,1,1028,,,,,,,,C2016|JL13360
UM-HET3,C2016,TJL,f,JL13365,Control,0.0,,dead,1,979,,,,,,,,C2016|JL13365
UM-HET3,C2016,TJL,f,JL13366,Control,0.0,,removed,0,557,,,,,,,,C2016|JL13366
UM-HET3,C2016,TJL,f,JL13367,Control,0.0,,dead,1,862,,,,,,,,C2016|JL13367
UM-HET3,C2016,TJL,f,JL13368,Control,0.0,,dead,1,733,,,,,,,,C2016|JL13368
UM-HET3,C2016,TJL,f,JL13384,Control,0.0,,dead,1,895,,,,,,,,C2016|JL13384
UM-HET3,C2016,TJL,f,JL13385,Control,0.0,,dead,1,851,,,,,,,,C2016|JL13385
UM-HET3,C2016,TJL,f,JL13386,Control,0.0,,dead,1,820,,,,,,,,C2016|JL13386
UM-HET3,C2016,TJL,f,JL13387,Control,0.0,,dead,1,820,,,,,,,,C2016|JL13387
UM-HET3,C2016,TJL,f,JL13394,Control,0.0,,dead,1,845,,,,,,,,C2016|JL13394
UM-HET3,C2016,TJL,f,JL13395,Control,0.0,,dead,1,793,,,,,,,,C2016|JL13395
UM-HET3,C2016,TJL,f,JL13396,Control,0.0,,dead,1,1124,,,,,,,,C2016|JL13396
UM-HET3,C2016,TJL,f,JL13397,Control,0.0,,dead,1,785,,,,,,,,C2016|JL13397
UM-HET3,C2016,TJL,f,JL13416,Control,0.0,,dead,1,793,,,,,,,,C2016|JL13416
UM-HET3,C2016,TJL,f,JL13417,Control,0.0,,dead,1,734,,,,,,,,C2016|JL13417
UM-HET3,C2016,TJL,f,JL13418,Control,0.0,,dead,1,855,,,,,,,,C2016|JL13418
UM-HET3,C2016,TJL,f,JL13419,Control,0.0,,dead,1,770,,,,,,,,C2016|JL13419
UM-HET3,C2016,TJL,f,JL13467,Control,0.0,,dead,1,809,,,,,,,,C2016|JL13467
UM-HET3,C2016,TJL,f,JL13468,Control,0.0,,dead,1,977,,,,,,,,C2016|JL13468
UM-HET3,C2016,TJL,f,JL13469,Control,0.0,,dead,1,927,,,,,,,,C2016|JL13469
UM-HET3,C2016,TJL,f,JL13470,Control,0.0,,dead,1,927,,,,,,,,C2016|JL13470
UM-HET3,C2016,TJL,f,JL13471,Control,0.0,,dead,1,872,,,,,,,,C2016|JL13471
UM-HET3,C2016,TJL,f,JL13472,Control,0.0,,dead,1,658,,,,,,,,C2016|JL13472
UM-HET3,C2016,TJL,f,JL13473,Control,0.0,,dead,1,561,,,,,,,,C2016|JL13473
UM-HET3,C2016,TJL,f,JL13474,Control,0.0,,dead,1,717,,,,,,,,C2016|JL13474
UM-HET3,C2016,TJL,f,JL13524,Control,0.0,,dead,1,841,,,,,,,,C2016|JL13524
UM-HET3,C2016,TJL,f,JL13525,Control,0.0,,dead,1,767,,,,,,,,C2016|JL13525
UM-HET3,C2016,TJL,f,JL13526,Control,0.0,,dead,1,964,,,,,,,,C2016|JL13526
UM-HET3,C2016,TJL,f,JL13527,Control,0.0,,dead,1,846,,,,,,,,C2016|JL13527
UM-HET3,C2016,TJL,f,JL13604,Control,0.0,,dead,1,774,,,,,,,,C2016|JL13604
UM-HET3,C2016,TJL,f,JL13605,Control,0.0,,dead,1,868,,,,,,,,C2016|JL13605
UM-HET3,C2016,TJL,f,JL13606,Control,0.0,,dead,1,1018,,,,,,,,C2016|JL13606
UM-HET3,C2016,TJL,f,JL13607,Control,0.0,,dead,1,912,,,,,,,,C2016|JL13607
UM-HET3,C2016,TJL,f,JL13616,Control,0.0,,dead,1,575,,,,,,,,C2016|JL13616
UM-HET3,C2016,TJL,f,JL13617,Control,0.0,,dead,1,816,,,,,,,,C2016|JL13617
UM-HET3,C2016,TJL,f,JL13618,Control,0.0,,dead,1,673,,,,,,,,C2016|JL13618
UM-HET3,C2016,TJL,f,JL13619,Control,0.0,,dead,1,894,,,,,,,,C2016|JL13619
UM-HET3,C2016,TJL,f,JL13620,Control,0.0,,dead,1,914,,,,,,,,C2016|JL13620
UM-HET3,C2016,TJL,f,JL13621,Control,0.0,,dead,1,861,,,,,,,,C2016|JL13621
UM-HET3,C2016,TJL,f,JL13622,Control,0.0,,dead,1,1137,,,,,,,,C2016|JL13622
UM-HET3,C2016,TJL,f,JL13623,Control,0.0,,dead,1,872,,,,,,,,C2016|JL13623
UM-HET3,C2016,TJL,f,JL13706,Control,0.0,,dead,1,734,,,,,,,,C2016|JL13706
UM-HET3,C2016,TJL,f,JL13707,Control,0.0,,dead,1,54,,,,,,,,C2016|JL13707
UM-HET3,C2016,TJL,f,JL13708,Control,0.0,,dead,1,1012,,,,,,,,C2016|JL13708
UM-HET3,C2016,TJL,f,JL13709,Control,0.0,,dead,1,1202,,,,,,,,C2016|JL13709
UM-HET3,C2016,TJL,f,JL13714,Control,0.0,,dead,1,945,,,,,,,,C2016|JL13714
UM-HET3,C2016,TJL,f,JL13715,Control,0.0,,dead,1,797,,,,,,,,C2016|JL13715
UM-HET3,C2016,TJL,f,JL13716,Control,0.0,,dead,1,1169,,,,,,,,C2016|JL13716
UM-HET3,C2016,TJL,f,JL13717,Control,0.0,,dead,1,1024,,,,,,,,C2016|JL13717
UM-HET3,C2016,TJL,f,JL13734,Control,0.0,,dead,1,971,,,,,,,,C2016|JL13734
UM-HET3,C2016,TJL,f,JL13735,Control,0.0,,dead,1,858,,,,,,,,C2016|JL13735
UM-HET3,C2016,TJL,f,JL13736,Control,0.0,,dead,1,806,,,,,,,,C2016|JL13736
UM-HET3,C2016,TJL,f,JL13737,Control,0.0,,dead,1,914,,,,,,,,C2016|JL13737
UM-HET3,C2016,TJL,f,JL13738,Control,0.0,,dead,1,883,,,,,,,,C2016|JL13738
UM-HET3,C2016,TJL,f,JL13739,Control,0.0,,dead,1,900,,,,,,,,C2016|JL13739
UM-HET3,C2016,TJL,f,JL13740,Control,0.0,,dead,1,1131,,,,,,,,C2016|JL13740
UM-HET3,C2016,TJL,f,JL13741,Control,0.0,,dead,1,1033,,,,,,,,C2016|JL13741
UM-HET3,C2016,TJL,f,JL13746,Control,0.0,,dead,1,816,,,,,,,,C2016|JL13746
UM-HET3,C2016,TJL,f,JL13747,Control,0.0,,dead,1,1093,,,,,,,,C2016|JL13747
UM-HET3,C2016,TJL,f,JL13748,Control,0.0,,dead,1,872,,,,,,,,C2016|JL13748
UM-HET3,C2016,TJL,f,JL13749,Control,0.0,,dead,1,939,,,,,,,,C2016|JL13749
UM-HET3,C2016,TJL,f,JL13784,Control,0.0,,dead,1,902,,,,,,,,C2016|JL13784
UM-HET3,C2016,TJL,f,JL13785,Control,0.0,,dead,1,823,,,,,,,,C2016|JL13785
UM-HET3,C2016,TJL,f,JL13786,Control,0.0,,dead,1,934,,,,,,,,C2016|JL13786
UM-HET3,C2016,TJL,f,JL13787,Control,0.0,,dead,1,1187,,,,,,,,C2016|JL13787
UM-HET3,C2016,TJL,m,JL12912,Control,0.0,,dead,1,799,,,,,,,,C2016|JL12912
UM-HET3,C2016,TJL,m,JL12913,Control,0.0,,dead,1,699,,,,,,,,C2016|JL12913
UM-HET3,C2016,TJL,m,JL12914,Control,0.0,,dead,1,816,,,,,,,,C2016|JL12914
UM-HET3,C2016,TJL,m,JL12961,Control,0.0,,dead,1,700,,,,,,,,C2016|JL12961
UM-HET3,C2016,TJL,m,JL12962,Control,0.0,,dead,1,552,,,,,,,,C2016|JL12962
UM-HET3,C2016,TJL,m,JL12963,Control,0.0,,dead,1,689,,,,,,,,C2016|JL12963
UM-HET3,C2016,TJL,m,JL12970,Control,0.0,,dead,1,420,,,,,,,,C2016|JL12970
UM-HET3,C2016,TJL,m,JL12971,Control,0.0,,dead,1,685,,,,,,,,C2016|JL12971
UM-HET3,C2016,TJL,m,JL12972,Control,0.0,,dead,1,796,,,,,,,,C2016|JL12972
UM-HET3,C2016,TJL,m,JL13014,Control,0.0,,dead,1,1005,,,,,,,,C2016|JL13014
UM-HET3,C2016,TJL,m,JL13015,Control,0.0,,dead,1,752,,,,,,,,C2016|JL13015
UM-HET3,C2016,TJL,m,JL13016,Control,0.0,,dead,1,357,,,,,,,,C2016|JL13016
UM-HET3,C2016,TJL,m,JL13074,Control,0.0,,dead,1,1019,,,,,,,,C2016|JL13074
UM-HET3,C2016,TJL,m,JL13075,Control,0.0,,dead,1,847,,,,,,,,C2016|JL13075
UM-HET3,C2016,TJL,m,JL13076,Control,0.0,,dead,1,880,,,,,,,,C2016|JL13076
UM-HET3,C2016,TJL,m,JL13077,Control,0.0,,dead,1,1027,,,,,,,,C2016|JL13077
UM-HET3,C2016,TJL,m,JL13078,Control,0.0,,dead,1,631,,,,,,,,C2016|JL13078
UM-HET3,C2016,TJL,m,JL13079,Control,0.0,,dead,1,687,,,,,,,,C2016|JL13079
UM-HET3,C2016,TJL,m,JL13092,Control,0.0,,dead,1,428,,,,,,,,C2016|JL13092
UM-HET3,C2016,TJL,m,JL13093,Control,0.0,,dead,1,940,,,,,,,,C2016|JL13093
UM-HET3,C2016,TJL,m,JL13094,Control,0.0,,dead,1,1095,,,,,,,,C2016|JL13094
UM-HET3,C2016,TJL,m,JL13098,Control,0.0,,dead,1,610,,,,,,,,C2016|JL13098
UM-HET3,C2016,TJL,m,JL13099,Control,0.0,,dead,1,978,,,,,,,,C2016|JL13099
UM-HET3,C2016,TJL,m,JL13100,Control,0.0,,dead,1,641,,,,,,,,C2016|JL13100
UM-HET3,C2016,TJL,m,JL13138,Control,0.0,,dead,1,817,,,,,,,,C2016|JL13138
UM-HET3,C2016,TJL,m,JL13139,Control,0.0,,dead,1,533,,,,,,,,C2016|JL13139
UM-HET3,C2016,TJL,m,JL13140,Control,0.0,,dead,1,1103,,,,,,,,C2016|JL13140
UM-HET3,C2016,TJL,m,JL13161,Control,0.0,,dead,1,856,,,,,,,,C2016|JL13161
UM-HET3,C2016,TJL,m,JL13162,Control,0.0,,dead,1,530,,,,,,,,C2016|JL13162
UM-HET3,C2016,TJL,m,JL13163,Control,0.0,,dead,1,283,,,,,,,,C2016|JL13163
UM-HET3,C2016,TJL,m,JL13170,Control,0.0,,dead,1,611,,,,,,,,C2016|JL13170
UM-HET3,C2016,TJL,m,JL13171,Control,0.0,,dead,1,855,,,,,,,,C2016|JL13171
UM-HET3,C2016,TJL,m,JL13172,Control,0.0,,dead,1,747,,,,,,,,C2016|JL13172
UM-HET3,C2016,TJL,m,JL13204,Control,0.0,,dead,1,892,,,,,,,,C2016|JL13204
UM-HET3,C2016,TJL,m,JL13205,Control,0.0,,dead,1,842,,,,,,,,C2016|JL13205
UM-HET3,C2016,TJL,m,JL13206,Control,0.0,,dead,1,645,,,,,,,,C2016|JL13206
UM-HET3,C2016,TJL,m,JL13210,Control,0.0,,dead,1,666,,,,,,,,C2016|JL13210
UM-HET3,C2016,TJL,m,JL13211,Control,0.0,,dead,1,802,,,,,,,,C2016|JL13211
UM-HET3,C2016,TJL,m,JL13212,Control,0.0,,removed,0,624,,,,,,,,C2016|JL13212
UM-HET3,C2016,TJL,m,JL13216,Control,0.0,,dead,1,435,,,,,,,,C2016|JL13216
UM-HET3,C2016,TJL,m,JL13217,Control,0.0,,dead,1,793,,,,,,,,C2016|JL13217
UM-HET3,C2016,TJL,m,JL13218,Control,0.0,,dead,1,883,,,,,,,,C2016|JL13218
UM-HET3,C2016,TJL,m,JL13246,Control,0.0,,removed,0,665,,,,,,,,C2016|JL13246
UM-HET3,C2016,TJL,m,JL13247,Control,0.0,,removed,0,665,,,,,,,,C2016|JL13247
UM-HET3,C2016,TJL,m,JL13248,Control,0.0,,removed,0,665,,,,,,,,C2016|JL13248
UM-HET3,C2016,TJL,m,JL13263,Control,0.0,,dead,1,891,,,,,,,,C2016|JL13263
UM-HET3,C2016,TJL,m,JL13264,Control,0.0,,dead,1,892,,,,,,,,C2016|JL13264
UM-HET3,C2016,TJL,m,JL13265,Control,0.0,,dead,1,421,,,,,,,,C2016|JL13265
UM-HET3,C2016,TJL,m,JL13266,Control,0.0,,dead,1,296,,,,,,,,C2016|JL13266
UM-HET3,C2016,TJL,m,JL13267,Control,0.0,,dead,1,995,,,,,,,,C2016|JL13267
UM-HET3,C2016,TJL,m,JL13268,Control,0.0,,dead,1,518,,,,,,,,C2016|JL13268
UM-HET3,C2016,TJL,m,JL13286,Control,0.0,,dead,1,950,,,,,,,,C2016|JL13286
UM-HET3,C2016,TJL,m,JL13287,Control,0.0,,dead,1,751,,,,,,,,C2016|JL13287
UM-HET3,C2016,TJL,m,JL13288,Control,0.0,,dead,1,932,,,,,,,,C2016|JL13288
UM-HET3,C2016,TJL,m,JL13378,Control,0.0,,dead,1,875,,,,,,,,C2016|JL13378
UM-HET3,C2016,TJL,m,JL13379,Control,0.0,,dead,1,813,,,,,,,,C2016|JL13379
UM-HET3,C2016,TJL,m,JL13380,Control,0.0,,dead,1,689,,,,,,,,C2016|JL13380
UM-HET3,C2016,TJL,m,JL13398,Control,0.0,,dead,1,372,,,,,,,,C2016|JL13398
UM-HET3,C2016,TJL,m,JL13399,Control,0.0,,dead,1,755,,,,,,,,C2016|JL13399
UM-HET3,C2016,TJL,m,JL13400,Control,0.0,,dead,1,974,,,,,,,,C2016|JL13400
UM-HET3,C2016,TJL,m,JL13443,Control,0.0,,dead,1,900,,,,,,,,C2016|JL13443
UM-HET3,C2016,TJL,m,JL13444,Control,0.0,,dead,1,332,,,,,,,,C2016|JL13444
UM-HET3,C2016,TJL,m,JL13445,Control,0.0,,dead,1,802,,,,,,,,C2016|JL13445
UM-HET3,C2016,TJL,m,JL13490,Control,0.0,,dead,1,525,,,,,,,,C2016|JL13490
UM-HET3,C2016,TJL,m,JL13491,Control,0.0,,dead,1,525,,,,,,,,C2016|JL13491
UM-HET3,C2016,TJL,m,JL13492,Control,0.0,,dead,1,610,,,,,,,,C2016|JL13492
UM-HET3,C2016,TJL,m,JL13510,Control,0.0,,dead,1,642,,,,,,,,C2016|JL13510
UM-HET3,C2016,TJL,m,JL13511,Control,0.0,,dead,1,460,,,,,,,,C2016|JL13511
UM-HET3,C2016,TJL,m,JL13512,Control,0.0,,dead,1,454,,,,,,,,C2016|JL13512
UM-HET3,C2016,TJL,m,JL13624,Control,0.0,,dead,1,603,,,,,,,,C2016|JL13624
UM-HET3,C2016,TJL,m,JL13625,Control,0.0,,dead,1,989,,,,,,,,C2016|JL13625
UM-HET3,C2016,TJL,m,JL13626,Control,0.0,,dead,1,935,,,,,,,,C2016|JL13626
UM-HET3,C2016,TJL,m,JL13627,Control,0.0,,dead,1,383,,,,,,,,C2016|JL13627
UM-HET3,C2016,TJL,m,JL13628,Control,0.0,,dead,1,1048,,,,,,,,C2016|JL13628
UM-HET3,C2016,TJL,m,JL13629,Control,0.0,,dead,1,680,,,,,,,,C2016|JL13629
UM-HET3,C2016,TJL,m,JL13636,Control,0.0,,dead,1,690,,,,,,,,C2016|JL13636
UM-HET3,C2016,TJL,m,JL13637,Control,0.0,,dead,1,1262,,,,,,,,C2016|JL13637
UM-HET3,C2016,TJL,m,JL13638,Control,0.0,,dead,1,785,,,,,,,,C2016|JL13638
UM-HET3,C2016,TJL,m,JL13642,Control,0.0,,dead,1,612,,,,,,,,C2016|JL13642
UM-HET3,C2016,TJL,m,JL13643,Control,0.0,,dead,1,774,,,,,,,,C2016|JL13643
UM-HET3,C2016,TJL,m,JL13644,Control,0.0,,dead,1,556,,,,,,,,C2016|JL13644
UM-HET3,C2016,TJL,m,JL13677,Control,0.0,,dead,1,694,,,,,,,,C2016|JL13677
UM-HET3,C2016,TJL,m,JL13678,Control,0.0,,dead,1,608,,,,,,,,C2016|JL13678
UM-HET3,C2016,TJL,m,JL13679,Control,0.0,,dead,1,683,,,,,,,,C2016|JL13679
UM-HET3,C2016,TJL,m,JL13683,Control,0.0,,removed,0,594,,,,,,,,C2016|JL13683
UM-HET3,C2016,TJL,m,JL13684,Control,0.0,,removed,0,594,,,,,,,,C2016|JL13684
UM-HET3,C2016,TJL,m,JL13685,Control,0.0,,removed,0,554,,,,,,,,C2016|JL13685
UM-HET3,C2016,TJL,m,JL13718,Control,0.0,,dead,1,680,,,,,,,,C2016|JL13718
UM-HET3,C2016,TJL,m,JL13719,Control,0.0,,dead,1,1146,,,,,,,,C2016|JL13719
UM-HET3,C2016,TJL,m,JL13720,Control,0.0,,dead,1,891,,,,,,,,C2016|JL13720
UM-HET3,C2016,TJL,m,JL13721,Control,0.0,,dead,1,334,,,,,,,,C2016|JL13721
UM-HET3,C2016,TJL,m,JL13722,Control,0.0,,dead,1,1139,,,,,,,,C2016|JL13722
UM-HET3,C2016,TJL,m,JL13723,Control,0.0,,dead,1,175,,,,,,,,C2016|JL13723
UM-HET3,C2016,TJL,m,JL13839,Control,0.0,,dead,1,764,,,,,,,,C2016|JL13839
UM-HET3,C2016,TJL,m,JL13840,Control,0.0,,dead,1,702,,,,,,,,C2016|JL13840
UM-HET3,C2016,TJL,m,JL13841,Control,0.0,,dead,1,337,,,,,,,,C2016|JL13841
UM-HET3,C2016,TJL,m,JL13865,Control,0.0,,dead,1,897,,,,,,,,C2016|JL13865
UM-HET3,C2016,TJL,m,JL13866,Control,0.0,,dead,1,763,,,,,,,,C2016|JL13866
UM-HET3,C2016,TJL,m,JL13867,Control,0.0,,removed,0,394,,,,,,,,C2016|JL13867
UM-HET3,C2016,TJL,m,JL13936,Control,0.0,,dead,1,674,,,,,,,,C2016|JL13936
UM-HET3,C2016,TJL,m,JL13937,Control,0.0,,dead,1,1176,,,,,,,,C2016|JL13937
UM-HET3,C2016,TJL,m,JL13938,Control,0.0,,dead,1,946,,,,,,,,C2016|JL13938
UM-HET3,C2016,UM,f,UM61733,Control,0.0,,dead,1,832,,,,,,,,C2016|UM61733
UM-HET3,C2016,UM,f,UM61740,Control,0.0,,dead,1,820,,,,,,,,C2016|UM61740
UM-HET3,C2016,UM,f,UM61747,Control,0.0,,dead,1,897,,,,,,,,C2016|UM61747
UM-HET3,C2016,UM,f,UM61754,Control,0.0,,dead,1,932,,,,,,,,C2016|UM61754
UM-HET3,C2016,UM,f,UM61803,Control,0.0,,dead,1,674,,,,,,,,C2016|UM61803
UM-HET3,C2016,UM,f,UM61810,Control,0.0,,dead,1,1189,,,,,,,,C2016|UM61810
UM-HET3,C2016,UM,f,UM61817,Control,0.0,,dead,1,699,,,,,,,,C2016|UM61817
UM-HET3,C2016,UM,f,UM61824,Control,0.0,,dead,1,720,,,,,,,,C2016|UM61824
UM-HET3,C2016,UM,f,UM62321,Control,0.0,,dead,1,979,,,,,,,,C2016|UM62321
UM-HET3,C2016,UM,f,UM62328,Control,0.0,,dead,1,949,,,,,,,,C2016|UM62328
UM-HET3,C2016,UM,f,UM62335,Control,0.0,,dead,1,832,,,,,,,,C2016|UM62335
UM-HET3,C2016,UM,f,UM62342,Control,0.0,,dead,1,1032,,,,,,,,C2016|UM62342
UM-HET3,C2016,UM,f,UM62545,Control,0.0,,dead,1,798,,,,,,,,C2016|UM62545
UM-HET3,C2016,UM,f,UM62552,Control,0.0,,dead,1,1012,,,,,,,,C2016|UM62552
UM-HET3,C2016,UM,f,UM62559,Control,0.0,,dead,1,817,,,,,,,,C2016|UM62559
UM-HET3,C2016,UM,f,UM62566,Control,0.0,,dead,1,576,,,,,,,,C2016|UM62566
UM-HET3,C2016,UM,f,UM62895,Control,0.0,,dead,1,1055,,,,,,,,C2016|UM62895
UM-HET3,C2016,UM,f,UM62902,Control,0.0,,dead,1,838,,,,,,,,C2016|UM62902
UM-HET3,C2016,UM,f,UM62909,Control,0.0,,dead,1,1077,,,,,,,,C2016|UM62909
UM-HET3,C2016,UM,f,UM62916,Control,0.0,,dead,1,989,,,,,,,,C2016|UM62916
UM-HET3,C2016,UM,f,UM63007,Control,0.0,,dead,1,600,,,,,,,,C2016|UM63007
UM-HET3,C2016,UM,f,UM63014,Control,0.0,,dead,1,1115,,,,,,,,C2016|UM63014
UM-HET3,C2016,UM,f,UM63021,Control,0.0,,dead,1,793,,,,,,,,C2016|UM63021
UM-HET3,C2016,UM,f,UM63028,Control,0.0,,dead,1,1034,,,,,,,,C2016|UM63028
UM-HET3,C2016,UM,f,UM63203,Control,0.0,,dead,1,919,,,,,,,,C2016|UM63203
UM-HET3,C2016,UM,f,UM63210,Control,0.0,,dead,1,837,,,,,,,,C2016|UM63210
UM-HET3,C2016,UM,f,UM63217,Control,0.0,,dead,1,852,,,,,,,,C2016|UM63217
UM-HET3,C2016,UM,f,UM63224,Control,0.0,,dead,1,837,,,,,,,,C2016|UM63224
UM-HET3,C2016,UM,f,UM63315,Control,0.0,,dead,1,905,,,,,,,,C2016|UM63315
UM-HET3,C2016,UM,f,UM63322,Control,0.0,,dead,1,960,,,,,,,,C2016|UM63322
UM-HET3,C2016,UM,f,UM63329,Control,0.0,,dead,1,1114,,,,,,,,C2016|UM63329
UM-HET3,C2016,UM,f,UM63336,Control,0.0,,dead,1,982,,,,,,,,C2016|UM63336
UM-HET3,C2016,UM,f,UM63490,Control,0.0,,dead,1,1059,,,,,,,,C2016|UM63490
UM-HET3,C2016,UM,f,UM63497,Control,0.0,,dead,1,617,,,,,,,,C2016|UM63497
UM-HET3,C2016,UM,f,UM63504,Control,0.0,,dead,1,860,,,,,,,,C2016|UM63504
UM-HET3,C2016,UM,f,UM63511,Control,0.0,,dead,1,721,,,,,,,,C2016|UM63511
UM-HET3,C2016,UM,f,UM63609,Control,0.0,,dead,1,657,,,,,,,,C2016|UM63609
UM-HET3,C2016,UM,f,UM63616,Control,0.0,,dead,1,895,,,,,,,,C2016|UM63616
UM-HET3,C2016,UM,f,UM63623,Control,0.0,,dead,1,1128,,,,,,,,C2016|UM63623
UM-HET3,C2016,UM,f,UM63630,Control,0.0,,dead,1,999,,,,,,,,C2016|UM63630
UM-HET3,C2016,UM,f,UM63749,Control,0.0,,dead,1,739,,,,,,,,C2016|UM63749
UM-HET3,C2016,UM,f,UM63756,Control,0.0,,dead,1,604,,,,,,,,C2016|UM63756
UM-HET3,C2016,UM,f,UM63763,Control,0.0,,dead,1,942,,,,,,,,C2016|UM63763
UM-HET3,C2016,UM,f,UM63770,Control,0.0,,dead,1,758,,,,,,,,C2016|UM63770
UM-HET3,C2016,UM,f,UM63973,Control,0.0,,dead,1,822,,,,,,,,C2016|UM63973
UM-HET3,C2016,UM,f,UM63980,Control,0.0,,dead,1,856,,,,,,,,C2016|UM63980
UM-HET3,C2016,UM,f,UM63987,Control,0.0,,dead,1,911,,,,,,,,C2016|UM63987
UM-HET3,C2016,UM,f,UM63994,Control,0.0,,dead,1,827,,,,,,,,C2016|UM63994
UM-HET3,C2016,UM,f,UM65310,Control,0.0,,dead,1,1003,,,,,,,,C2016|UM65310
UM-HET3,C2016,UM,f,UM65317,Control,0.0,,dead,1,1041,,,,,,,,C2016|UM65317
UM-HET3,C2016,UM,f,UM65324,Control,0.0,,dead,1,808,,,,,,,,C2016|UM65324
UM-HET3,C2016,UM,f,UM65331,Control,0.0,,dead,1,852,,,,,,,,C2016|UM65331
UM-HET3,C2016,UM,f,UM65765,Control,0.0,,dead,1,959,,,,,,,,C2016|UM65765
UM-HET3,C2016,UM,f,UM65772,Control,0.0,,dead,1,965,,,,,,,,C2016|UM65772
UM-HET3,C2016,UM,f,UM65779,Control,0.0,,dead,1,875,,,,,,,,C2016|UM65779
UM-HET3,C2016,UM,f,UM65786,Control,0.0,,dead,1,944,,,,,,,,C2016|UM65786
UM-HET3,C2016,UM,f,UM65891,Control,0.0,,dead,1,999,,,,,,,,C2016|UM65891
UM-HET3,C2016,UM,f,UM65898,Control,0.0,,dead,1,919,,,,,,,,C2016|UM65898
UM-HET3,C2016,UM,f,UM65905,Control,0.0,,dead,1,1145,,,,,,,,C2016|UM65905
UM-HET3,C2016,UM,f,UM65912,Control,0.0,,dead,1,704,,,,,,,,C2016|UM65912
UM-HET3,C2016,UM,f,UM66059,Control,0.0,,dead,1,925,,,,,,,,C2016|UM66059
UM-HET3,C2016,UM,f,UM66066,Control,0.0,,dead,1,997,,,,,,,,C2016|UM66066
UM-HET3,C2016,UM,f,UM66073,Control,0.0,,dead,1,737,,,,,,,,C2016|UM66073
UM-HET3,C2016,UM,f,UM66080,Control,0.0,,dead,1,682,,,,,,,,C2016|UM66080
UM-HET3,C2016,UM,f,UM66381,Control,0.0,,dead,1,868,,,,,,,,C2016|UM66381
UM-HET3,C2016,UM,f,UM66388,Control,0.0,,dead,1,929,,,,,,,,C2016|UM66388
UM-HET3,C2016,UM,f,UM66395,Control,0.0,,dead,1,902,,,,,,,,C2016|UM66395
UM-HET3,C2016,UM,f,UM66402,Control,0.0,,dead,1,919,,,,,,,,C2016|UM66402
UM-HET3,C2016,UM,f,UM66472,Control,0.0,,dead,1,794,,,,,,,,C2016|UM66472
UM-HET3,C2016,UM,f,UM66479,Control,0.0,,dead,1,812,,,,,,,,C2016|UM66479
UM-HET3,C2016,UM,f,UM66486,Control,0.0,,dead,1,531,,,,,,,,C2016|UM66486
UM-HET3,C2016,UM,f,UM66493,Control,0.0,,dead,1,727,,,,,,,,C2016|UM66493
UM-HET3,C2016,UM,f,UM66745,Control,0.0,,dead,1,1019,,,,,,,,C2016|UM66745
UM-HET3,C2016,UM,f,UM66752,Control,0.0,,dead,1,962,,,,,,,,C2016|UM66752
UM-HET3,C2016,UM,f,UM66759,Control,0.0,,dead,1,723,,,,,,,,C2016|UM66759
UM-HET3,C2016,UM,f,UM66766,Control,0.0,,dead,1,824,,,,,,,,C2016|UM66766
UM-HET3,C2016,UM,f,UM66913,Control,0.0,,dead,1,826,,,,,,,,C2016|UM66913
UM-HET3,C2016,UM,f,UM66920,Control,0.0,,dead,1,782,,,,,,,,C2016|UM66920
UM-HET3,C2016,UM,f,UM66927,Control,0.0,,dead,1,813,,,,,,,,C2016|UM66927
UM-HET3,C2016,UM,f,UM66934,Control,0.0,,dead,1,1027,,,,,,,,C2016|UM66934
UM-HET3,C2016,UM,f,UM67263,Control,0.0,,dead,1,903,,,,,,,,C2016|UM67263
UM-HET3,C2016,UM,f,UM67270,Control,0.0,,dead,1,720,,,,,,,,C2016|UM67270
UM-HET3,C2016,UM,f,UM67277,Control,0.0,,dead,1,787,,,,,,,,C2016|UM67277
UM-HET3,C2016,UM,f,UM67284,Control,0.0,,dead,1,956,,,,,,,,C2016|UM67284
UM-HET3,C2016,UM,f,UM67501,Control,0.0,,dead,1,806,,,,,,,,C2016|UM67501
UM-HET3,C2016,UM,f,UM67508,Control,0.0,,dead,1,862,,,,,,,,C2016|UM67508
UM-HET3,C2016,UM,f,UM67515,Control,0.0,,dead,1,790,,,,,,,,C2016|UM67515
UM-HET3,C2016,UM,f,UM67522,Control,0.0,,dead,1,764,,,,,,,,C2016|UM67522
UM-HET3,C2016,UM,f,UM67599,Control,0.0,,dead,1,881,,,,,,,,C2016|UM67599
UM-HET3,C2016,UM,f,UM67606,Control,0.0,,dead,1,569,,,,,,,,C2016|UM67606
UM-HET3,C2016,UM,f,UM67613,Control,0.0,,dead,1,713,,,,,,,,C2016|UM67613
UM-HET3,C2016,UM,f,UM67620,Control,0.0,,dead,1,829,,,,,,,,C2016|UM67620
UM-HET3,C2016,UM,m,UM61712,Control,0.0,,dead,1,818,,,,,,,,C2016|UM61712
UM-HET3,C2016,UM,m,UM61719,Control,0.0,,dead,1,434,,,,,,,,C2016|UM61719
UM-HET3,C2016,UM,m,UM61726,Control,0.0,,dead,1,1258,,,,,,,,C2016|UM61726
UM-HET3,C2016,UM,m,UM62594,Control,0.0,,dead,1,523,,,,,,,,C2016|UM62594
UM-HET3,C2016,UM,m,UM62601,Control,0.0,,dead,1,257,,,,,,,,C2016|UM62601
UM-HET3,C2016,UM,m,UM62608,Control,0.0,,dead,1,613,,,,,,,,C2016|UM62608
UM-HET3,C2016,UM,m,UM62706,Control,0.0,,dead,1,602,,,,,,,,C2016|UM62706
UM-HET3,C2016,UM,m,UM62713,Control,0.0,,dead,1,894,,,,,,,,C2016|UM62713
UM-HET3,C2016,UM,m,UM62720,Control,0.0,,dead,1,889,,,,,,,,C2016|UM62720
UM-HET3,C2016,UM,m,UM62797,Control,0.0,,dead,1,534,,,,,,,,C2016|UM62797
UM-HET3,C2016,UM,m,UM62804,Control,0.0,,dead,1,951,,,,,,,,C2016|UM62804
UM-HET3,C2016,UM,m,UM62811,Control,0.0,,dead,1,1008,,,,,,,,C2016|UM62811
UM-HET3,C2016,UM,m,UM62986,Control,0.0,,removed,0,334,,,,,,,,C2016|UM62986
UM-HET3,C2016,UM,m,UM62993,Control,0.0,,removed,0,334,,,,,,,,C2016|UM62993
UM-HET3,C2016,UM,m,UM63000,Control,0.0,,removed,0,334,,,,,,,,C2016|UM63000
UM-HET3,C2016,UM,m,UM63182,Control,0.0,,dead,1,457,,,,,,,,C2016|UM63182
UM-HET3,C2016,UM,m,UM63189,Control,0.0,,dead,1,317,,,,,,,,C2016|UM63189
UM-HET3,C2016,UM,m,UM63196,Control,0.0,,dead,1,706,,,,,,,,C2016|UM63196
UM-HET3,C2016,UM,m,UM63231,Control,0.0,,dead,1,1230,,,,,,,,C2016|UM63231
UM-HET3,C2016,UM,m,UM63238,Control,0.0,,dead,1,1055,,,,,,,,C2016|UM63238
UM-HET3,C2016,UM,m,UM63245,Control,0.0,,dead,1,997,,,,,,,,C2016|UM63245
UM-HET3,C2016,UM,m,UM63273,Control,0.0,,dead,1,591,,,,,,,,C2016|UM63273
UM-HET3,C2016,UM,m,UM63280,Control,0.0,,dead,1,1130,,,,,,,,C2016|UM63280
UM-HET3,C2016,UM,m,UM63287,Control,0.0,,dead,1,1096,,,,,,,,C2016|UM63287
UM-HET3,C2016,UM,m,UM63294,Control,0.0,,dead,1,1094,,,,,,,,C2016|UM63294
UM-HET3,C2016,UM,m,UM63301,Control,0.0,,dead,1,736,,,,,,,,C2016|UM63301
UM-HET3,C2016,UM,m,UM63308,Control,0.0,,dead,1,856,,,,,,,,C2016|UM63308
UM-HET3,C2016,UM,m,UM63343,Control,0.0,,removed,0,150,,,,,,,,C2016|UM63343
UM-HET3,C2016,UM,m,UM63350,Control,0.0,,removed,0,150,,,,,,,,C2016|UM63350
UM-HET3,C2016,UM,m,UM63357,Control,0.0,,removed,0,150,,,,,,,,C2016|UM63357
UM-HET3,C2016,UM,m,UM63518,Control,0.0,,dead,1,749,,,,,,,,C2016|UM63518
UM-HET3,C2016,UM,m,UM63525,Control,0.0,,dead,1,460,,,,,,,,C2016|UM63525
UM-HET3,C2016,UM,m,UM63532,Control,0.0,,dead,1,924,,,,,,,,C2016|UM63532
UM-HET3,C2016,UM,m,UM63798,Control,0.0,,dead,1,476,,,,,,,,C2016|UM63798
UM-HET3,C2016,UM,m,UM63805,Control,0.0,,dead,1,695,,,,,,,,C2016|UM63805
UM-HET3,C2016,UM,m,UM63812,Control,0.0,,dead,1,513,,,,,,,,C2016|UM63812
UM-HET3,C2016,UM,m,UM63910,Control,0.0,,dead,1,969,,,,,,,,C2016|UM63910
UM-HET3,C2016,UM,m,UM63917,Control,0.0,,dead,1,1071,,,,,,,,C2016|UM63917
UM-HET3,C2016,UM,m,UM63924,Control,0.0,,dead,1,1052,,,,,,,,C2016|UM63924
UM-HET3,C2016,UM,m,UM64323,Control,0.0,,dead,1,833,,,,,,,,C2016|UM64323
UM-HET3,C2016,UM,m,UM64330,Control,0.0,,removed,0,750,,,,,,,,C2016|UM64330
UM-HET3,C2016,UM,m,UM64337,Control,0.0,,dead,1,843,,,,,,,,C2016|UM64337
UM-HET3,C2016,UM,m,UM64631,Control,0.0,,dead,1,370,,,,,,,,C2016|UM64631
UM-HET3,C2016,UM,m,UM64638,Control,0.0,,removed,0,464,,,,,,,,C2016|UM64638
UM-HET3,C2016,UM,m,UM64645,Control,0.0,,removed,0,464,,,,,,,,C2016|UM64645
UM-HET3,C2016,UM,m,UM64820,Control,0.0,,dead,1,423,,,,,,,,C2016|UM64820
UM-HET3,C2016,UM,m,UM64827,Control,0.0,,dead,1,1063,,,,,,,,C2016|UM64827
UM-HET3,C2016,UM,m,UM64834,Control,0.0,,dead,1,806,,,,,,,,C2016|UM64834
UM-HET3,C2016,UM,m,UM65436,Control,0.0,,dead,1,739,,,,,,,,C2016|UM65436
UM-HET3,C2016,UM,m,UM65443,Control,0.0,,removed,0,41,,,,,,,,C2016|UM65443
UM-HET3,C2016,UM,m,UM65450,Control,0.0,,dead,1,434,,,,,,,,C2016|UM65450
UM-HET3,C2016,UM,m,UM65457,Control,0.0,,dead,1,775,,,,,,,,C2016|UM65457
UM-HET3,C2016,UM,m,UM65464,Control,0.0,,dead,1,879,,,,,,,,C2016|UM65464
UM-HET3,C2016,UM,m,UM65471,Control,0.0,,dead,1,1065,,,,,,,,C2016|UM65471
UM-HET3,C2016,UM,m,UM65618,Control,0.0,,removed,0,218,,,,,,,,C2016|UM65618
UM-HET3,C2016,UM,m,UM65625,Control,0.0,,removed,0,218,,,,,,,,C2016|UM65625
UM-HET3,C2016,UM,m,UM65632,Control,0.0,,removed,0,44,,,,,,,,C2016|UM65632
UM-HET3,C2016,UM,m,UM66038,Control,0.0,,removed,0,42,,,,,,,,C2016|UM66038
UM-HET3,C2016,UM,m,UM66045,Control,0.0,,dead,1,464,,,,,,,,C2016|UM66045
UM-HET3,C2016,UM,m,UM66052,Control,0.0,,dead,1,923,,,,,,,,C2016|UM66052
UM-HET3,C2016,UM,m,UM66675,Control,0.0,,dead,1,907,,,,,,,,C2016|UM66675
UM-HET3,C2016,UM,m,UM66682,Control,0.0,,dead,1,742,,,,,,,,C2016|UM66682
UM-HET3,C2016,UM,m,UM66689,Control,0.0,,dead,1,996,,,,,,,,C2016|UM66689
UM-HET3,C2016,UM,m,UM66801,Control,0.0,,dead,1,326,,,,,,,,C2016|UM66801
UM-HET3,C2016,UM,m,UM66808,Control,0.0,,dead,1,748,,,,,,,,C2016|UM66808
UM-HET3,C2016,UM,m,UM66815,Control,0.0,,dead,1,693,,,,,,,,C2016|UM66815
UM-HET3,C2016,UM,m,UM66892,Control,0.0,,dead,1,1013,,,,,,,,C2016|UM66892
UM-HET3,C2016,UM,m,UM66899,Control,0.0,,dead,1,582,,,,,,,,C2016|UM66899
UM-HET3,C2016,UM,m,UM66906,Control,0.0,,dead,1,1046,,,,,,,,C2016|UM66906
UM-HET3,C2016,UM,m,UM66941,Control,0.0,,removed,0,378,,,,,,,,C2016|UM66941
UM-HET3,C2016,UM,m,UM66948,Control,0.0,,removed,0,378,,,,,,,,C2016|UM66948
UM-HET3,C2016,UM,m,UM66955,Control,0.0,,removed,0,378,,,,,,,,C2016|UM66955
UM-HET3,C2016,UM,m,UM66983,Control,0.0,,dead,1,408,,,,,,,,C2016|UM66983
UM-HET3,C2016,UM,m,UM66990,Control,0.0,,dead,1,238,,,,,,,,C2016|UM66990
UM-HET3,C2016,UM,m,UM66997,Control,0.0,,dead,1,875,,,,,,,,C2016|UM66997
UM-HET3,C2016,UM,m,UM67109,Control,0.0,,dead,1,852,,,,,,,,C2016|UM67109
UM-HET3,C2016,UM,m,UM67116,Control,0.0,,dead,1,848,,,,,,,,C2016|UM67116
UM-HET3,C2016,UM,m,UM67123,Control,0.0,,dead,1,1073,,,,,,,,C2016|UM67123
UM-HET3,C2016,UM,m,UM67361,Control,0.0,,dead,1,507,,,,,,,,C2016|UM67361
UM-HET3,C2016,UM,m,UM67368,Control,0.0,,dead,1,357,,,,,,,,C2016|UM67368
UM-HET3,C2016,UM,m,UM67375,Control,0.0,,dead,1,935,,,,,,,,C2016|UM67375
UM-HET3,C2016,UM,m,UM67529,Control,0.0,,dead,1,881,,,,,,,,C2016|UM67529
UM-HET3,C2016,UM,m,UM67536,Control,0.0,,dead,1,427,,,,,,,,C2016|UM67536
UM-HET3,C2016,UM,m,UM67543,Control,0.0,,dead,1,748,,,,,,,,C2016|UM67543
UM-HET3,C2016,UM,m,UM67809,Control,0.0,,dead,1,810,,,,,,,,C2016|UM67809
UM-HET3,C2016,UM,m,UM67816,Control,0.0,,dead,1,1002,,,,,,,,C2016|UM67816
UM-HET3,C2016,UM,m,UM67823,Control,0.0,,dead,1,956,,,,,,,,C2016|UM67823
UM-HET3,C2016,UM,m,UM68012,Control,0.0,,removed,0,147,,,,,,,,C2016|UM68012
UM-HET3,C2016,UM,m,UM68019,Control,0.0,,removed,0,147,,,,,,,,C2016|UM68019
UM-HET3,C2016,UM,m,UM68026,Control,0.0,,removed,0,147,,,,,,,,C2016|UM68026
UM-HET3,C2016,UM,m,UM68033,Control,0.0,,dead,1,469,,,,,,,,C2016|UM68033
UM-HET3,C2016,UM,m,UM68040,Control,0.0,,dead,1,514,,,,,,,,C2016|UM68040
UM-HET3,C2016,UM,m,UM68047,Control,0.0,,dead,1,581,,,,,,,,C2016|UM68047
UM-HET3,C2016,UM,m,UM68075,Control,0.0,,dead,1,992,,,,,,,,C2016|UM68075
UM-HET3,C2016,UM,m,UM68082,Control,0.0,,dead,1,735,,,,,,,,C2016|UM68082
UM-HET3,C2016,UM,m,UM68089,Control,0.0,,dead,1,690,,,,,,,,C2016|UM68089
UM-HET3,C2016,UM,m,UM68117,Control,0.0,,dead,1,826,,,,,,,,C2016|UM68117
UM-HET3,C2016,UM,m,UM68124,Control,0.0,,dead,1,1088,,,,,,,,C2016|UM68124
UM-HET3,C2016,UM,m,UM68131,Control,0.0,,dead,1,1115,,,,,,,,C2016|UM68131
UM-HET3,C2016,UM,m,UM68201,Control,0.0,,dead,1,1005,,,,,,,,C2016|UM68201
UM-HET3,C2016,UM,m,UM68208,Control,0.0,,dead,1,1003,,,,,,,,C2016|UM68208
UM-HET3,C2016,UM,m,UM68215,Control,0.0,,dead,1,567,,,,,,,,C2016|UM68215
UM-HET3,C2016,UT,f,UT08596,Control,0.0,,dead,1,950,,,,28.200001,32.700001,,,C2016|UT08596
UM-HET3,C2016,UT,f,UT08597,Control,0.0,,dead,1,762,,,,30.5,33.200001,,,C2016|UT08597
UM-HET3,C2016,UT,f,UT08598,Control,0.0,,dead,1,1131,,,,33.099998,39.5,,,C2016|UT08598
UM-HET3,C2016,UT,f,UT08599,Control,0.0,,dead,1,848,,,,29.6,30.299999,,,C2016|UT08599
UM-HET3,C2016,UT,f,UT08624,Control,0.0,,dead,1,963,,,,33.299999,38.0,,,C2016|UT08624
UM-HET3,C2016,UT,f,UT08625,Control,0.0,,dead,1,677,,,,41.900002,50.400002,,,C2016|UT08625
UM-HET3,C2016,UT,f,UT08626,Control,0.0,,dead,1,745,,,,34.900002,42.700001,,,C2016|UT08626
UM-HET3,C2016,UT,f,UT08627,Control,0.0,,dead,1,728,,,,36.299999,54.900002,,,C2016|UT08627
UM-HET3,C2016,UT,f,UT08652,Control,0.0,,dead,1,1200,,,,23.799999,26.299999,,,C2016|UT08652
UM-HET3,C2016,UT,f,UT08653,Control,0.0,,dead,1,1051,,,,30.0,43.900002,,,C2016|UT08653
UM-HET3,C2016,UT,f,UT08654,Control,0.0,,dead,1,1053,,,,33.5,52.900002,,,C2016|UT08654
UM-HET3,C2016,UT,f,UT08655,Control,0.0,,dead,1,985,,,,27.4,34.5,,,C2016|UT08655
UM-HET3,C2016,UT,f,UT08659,Control,0.0,,dead,1,879,,,,26.1,36.700001,,,C2016|UT08659
UM-HET3,C2016,UT,f,UT08660,Control,0.0,,dead,1,975,,,,23.0,34.0,,,C2016|UT08660
UM-HET3,C2016,UT,f,UT08661,Control,0.0,,dead,1,875,,,,25.0,37.599998,,,C2016|UT08661
UM-HET3,C2016,UT,f,UT08662,Control,0.0,,dead,1,915,,,,24.700001,35.099998,,,C2016|UT08662
UM-HET3,C2016,UT,f,UT08673,Control,0.0,,dead,1,993,,,,25.299999,33.599998,,,C2016|UT08673
UM-HET3,C2016,UT,f,UT08674,Control,0.0,,dead,1,916,,,,25.299999,32.200001,,,C2016|UT08674
UM-HET3,C2016,UT,f,UT08675,Control,0.0,,dead,1,1058,,,,23.0,25.6,,,C2016|UT08675
UM-HET3,C2016,UT,f,UT08676,Control,0.0,,dead,1,655,,,,32.0,35.700001,,,C2016|UT08676
UM-HET3,C2016,UT,f,UT08677,Control,0.0,,dead,1,1018,,,,26.0,27.6,,,C2016|UT08677
UM-HET3,C2016,UT,f,UT08678,Control,0.0,,dead,1,1029,,,,28.1,33.799999,,,C2016|UT08678
UM-HET3,C2016,UT,f,UT08679,Control,0.0,,dead,1,816,,,,28.5,42.0,,,C2016|UT08679
UM-HET3,C2016,UT,f,UT08680,Control,0.0,,dead,1,790,,,,38.700001,53.700001,,,C2016|UT08680
UM-HET3,C2016,UT,f,UT08684,Control,0.0,,dead,1,974,,,,30.4,35.400002,,,C2016|UT08684
UM-HET3,C2016,UT,f,UT08685,Control,0.0,,dead,1,1061,,,,31.6,37.900002,,,C2016|UT08685
UM-HET3,C2016,UT,f,UT08686,Control,0.0,,dead,1,1066,,,,31.200001,37.400002,,,C2016|UT08686
UM-HET3,C2016,UT,f,UT08687,Control,0.0,,dead,1,1017,,,,35.799999,45.099998,,,C2016|UT08687
UM-HET3,C2016,UT,f,UT08714,Control,0.0,,dead,1,1083,,,,27.6,36.200001,,,C2016|UT08714
UM-HET3,C2016,UT,f,UT08715,Control,0.0,,dead,1,1032,,,,40.400002,54.0,,,C2016|UT08715
UM-HET3,C2016,UT,f,UT08716,Control,0.0,,dead,1,1036,,,,37.200001,51.700001,,,C2016|UT08716
UM-HET3,C2016,UT,f,UT08717,Control,0.0,,dead,1,1339,,,,30.200001,35.700001,,,C2016|UT08717
UM-HET3,C2016,UT,f,UT08724,Control,0.0,,dead,1,978,,,,28.200001,42.200001,,,C2016|UT08724
UM-HET3,C2016,UT,f,UT08725,Control,0.0,,dead,1,907,,,,27.1,33.0,,,C2016|UT08725
UM-HET3,C2016,UT,f,UT08726,Control,0.0,,dead,1,769,,,,28.0,27.1,,,C2016|UT08726
UM-HET3,C2016,UT,f,UT08727,Control,0.0,,dead,1,822,,,,27.799999,37.700001,,,C2016|UT08727
UM-HET3,C2016,UT,f,UT08776,Control,0.0,,dead,1,964,,,,34.400002,37.400002,,,C2016|UT08776
UM-HET3,C2016,UT,f,UT08777,Control,0.0,,dead,1,629,,,,37.599998,41.400002,,,C2016|UT08777
UM-HET3,C2016,UT,f,UT08778,Control,0.0,,dead,1,817,,,,34.299999,38.299999,,,C2016|UT08778
UM-HET3,C2016,UT,f,UT08779,Control,0.0,,dead,1,870,,,,43.200001,56.700001,,,C2016|UT08779
UM-HET3,C2016,UT,f,UT08847,Control,0.0,,dead,1,795,,,,32.5,37.700001,,,C2016|UT08847
UM-HET3,C2016,UT,f,UT08848,Control,0.0,,dead,1,1058,,,,35.599998,41.400002,,,C2016|UT08848
UM-HET3,C2016,UT,f,UT08849,Control,0.0,,dead,1,488,,,,33.299999,48.599998,,,C2016|UT08849
UM-HET3,C2016,UT,f,UT08850,Control,0.0,,dead,1,874,,,,28.5,32.900002,,,C2016|UT08850
UM-HET3,C2016,UT,f,UT08864,Control,0.0,,dead,1,921,,,,35.400002,42.400002,,,C2016|UT08864
UM-HET3,C2016,UT,f,UT08865,Control,0.0,,dead,1,197,,,,39.299999,,,,C2016|UT08865
UM-HET3,C2016,UT,f,UT08866,Control,0.0,,dead,1,940,,,,45.200001,56.299999,,,C2016|UT08866
UM-HET3,C2016,UT,f,UT08867,Control,0.0,,dead,1,1052,,,,41.299999,48.5,,,C2016|UT08867
UM-HET3,C2016,UT,f,UT08890,Control,0.0,,dead,1,937,,,,35.700001,45.700001,,,C2016|UT08890
UM-HET3,C2016,UT,f,UT08891,Control,0.0,,dead,1,850,,,,43.299999,49.5,,,C2016|UT08891
UM-HET3,C2016,UT,f,UT08892,Control,0.0,,dead,1,884,,,,44.299999,56.400002,,,C2016|UT08892
UM-HET3,C2016,UT,f,UT08893,Control,0.0,,dead,1,774,,,,34.200001,42.599998,,,C2016|UT08893
UM-HET3,C2016,UT,f,UT08962,Control,0.0,,dead,1,635,,,,32.5,38.900002,,,C2016|UT08962
UM-HET3,C2016,UT,f,UT08963,Control,0.0,,dead,1,1055,,,,26.700001,32.400002,,,C2016|UT08963
UM-HET3,C2016,UT,f,UT08964,Control,0.0,,dead,1,800,,,,43.099998,45.400002,,,C2016|UT08964
UM-HET3,C2016,UT,f,UT08965,Control,0.0,,dead,1,1047,,,,33.799999,45.400002,,,C2016|UT08965
UM-HET3,C2016,UT,f,UT08993,Control,0.0,,dead,1,862,,,,29.799999,37.799999,,,C2016|UT08993
UM-HET3,C2016,UT,f,UT08994,Control,0.0,,dead,1,754,,,,41.400002,54.599998,,,C2016|UT08994
UM-HET3,C2016,UT,f,UT08995,Control,0.0,,dead,1,948,,,,36.299999,48.0,,,C2016|UT08995
UM-HET3,C2016,UT,f,UT08996,Control,0.0,,dead,1,730,,,,31.6,37.099998,,,C2016|UT08996
UM-HET3,C2016,UT,f,UT09089,Control,0.0,,dead,1,200,,,,27.5,,,,C2016|UT09089
UM-HET3,C2016,UT,f,UT09090,Control,0.0,,dead,1,706,,,,27.4,31.4,,,C2016|UT09090
UM-HET3,C2016,UT,f,UT09091,Control,0.0,,dead,1,957,,,,28.200001,28.700001,,,C2016|UT09091
UM-HET3,C2016,UT,f,UT09092,Control,0.0,,dead,1,788,,,,25.6,27.799999,,,C2016|UT09092
UM-HET3,C2016,UT,f,UT09160,Control,0.0,,dead,1,763,,,,38.599998,46.599998,,,C2016|UT09160
UM-HET3,C2016,UT,f,UT09161,Control,0.0,,dead,1,786,,,,30.6,39.099998,,,C2016|UT09161
UM-HET3,C2016,UT,f,UT09162,Control,0.0,,dead,1,995,,,,33.099998,45.900002,,,C2016|UT09162
UM-HET3,C2016,UT,f,UT09163,Control,0.0,,dead,1,1096,,,,30.0,35.299999,,,C2016|UT09163
UM-HET3,C2016,UT,f,UT09190,Control,0.0,,dead,1,775,,,,24.0,33.700001,,,C2016|UT09190
UM-HET3,C2016,UT,f,UT09191,Control,0.0,,dead,1,719,,,,32.299999,41.599998,,,C2016|UT09191
UM-HET3,C2016,UT,f,UT09192,Control,0.0,,dead,1,904,,,,25.0,32.700001,,,C2016|UT09192
UM-HET3,C2016,UT,f,UT09193,Control,0.0,,dead,1,652,,,,32.099998,40.799999,,,C2016|UT09193
UM-HET3,C2016,UT,f,UT09218,Control,0.0,,dead,1,960,,,,28.5,39.900002,,,C2016|UT09218
UM-HET3,C2016,UT,f,UT09219,Control,0.0,,dead,1,810,,,,29.799999,44.400002,,,C2016|UT09219
UM-HET3,C2016,UT,f,UT09220,Control,0.0,,dead,1,784,,,,28.700001,36.400002,,,C2016|UT09220
UM-HET3,C2016,UT,f,UT09221,Control,0.0,,dead,1,646,,,,30.1,39.200001,,,C2016|UT09221
UM-HET3,C2016,UT,f,UT09249,Control,0.0,,dead,1,946,,,,38.099998,42.900002,,,C2016|UT09249
UM-HET3,C2016,UT,f,UT09250,Control,0.0,,dead,1,684,,,,37.099998,45.0,,,C2016|UT09250
UM-HET3,C2016,UT,f,UT09251,Control,0.0,,dead,1,843,,,,32.700001,44.900002,,,C2016|UT09251
UM-HET3,C2016,UT,f,UT09252,Control,0.0,,dead,1,712,,,,27.299999,30.299999,,,C2016|UT09252
UM-HET3,C2016,UT,f,UT09331,Control,0.0,,dead,1,502,,,,23.700001,26.4,,,C2016|UT09331
UM-HET3,C2016,UT,f,UT09332,Control,0.0,,dead,1,674,,,,31.4,35.0,,,C2016|UT09332
UM-HET3,C2016,UT,f,UT09333,Control,0.0,,dead,1,836,,,,27.0,29.5,,,C2016|UT09333
UM-HET3,C2016,UT,f,UT09334,Control,0.0,,dead,1,978,,,,26.4,28.299999,,,C2016|UT09334
UM-HET3,C2016,UT,f,UT09372,Control,0.0,,dead,1,869,,,,23.5,29.4,,,C2016|UT09372
UM-HET3,C2016,UT,f,UT09373,Control,0.0,,dead,1,926,,,,30.799999,37.0,,,C2016|UT09373
UM-HET3,C2016,UT,f,UT09374,Control,0.0,,dead,1,641,,,,30.1,39.099998,,,C2016|UT09374
UM-HET3,C2016,UT,f,UT09375,Control,0.0,,dead,1,840,,,,25.9,35.599998,,,C2016|UT09375
UM-HET3,C2016,UT,f,UT09399,Control,0.0,,dead,1,983,,,,25.0,31.200001,,,C2016|UT09399
UM-HET3,C2016,UT,f,UT09400,Control,0.0,,dead,1,863,,,,25.200001,27.0,,,C2016|UT09400
UM-HET3,C2016,UT,f,UT09401,Control,0.0,,dead,1,727,,,,35.200001,40.700001,,,C2016|UT09401
UM-HET3,C2016,UT,f,UT09402,Control,0.0,,dead,1,756,,,,33.700001,39.700001,,,C2016|UT09402
UM-HET3,C2016,UT,f,UT09423,Control,0.0,,dead,1,926,,,,34.0,44.599998,,,C2016|UT09423
UM-HET3,C2016,UT,f,UT09424,Control,0.0,,dead,1,1025,,,,40.700001,50.700001,,,C2016|UT09424
UM-HET3,C2016,UT,f,UT09425,Control,0.0,,dead,1,961,,,,39.599998,52.5,,,C2016|UT09425
UM-HET3,C2016,UT,f,UT09426,Control,0.0,,dead,1,873,,,,38.5,47.700001,,,C2016|UT09426
UM-HET3,C2016,UT,f,UT09443,Control,0.0,,dead,1,785,,,,27.200001,33.099998,,,C2016|UT09443
UM-HET3,C2016,UT,f,UT09444,Control,0.0,,dead,1,803,,,,39.599998,46.599998,,,C2016|UT09444
UM-HET3,C2016,UT,f,UT09445,Control,0.0,,dead,1,1061,,,,38.700001,54.700001,,,C2016|UT09445
UM-HET3,C2016,UT,f,UT09446,Control,0.0,,dead,1,1125,,,,43.400002,54.599998,,,C2016|UT09446
UM-HET3,C2016,UT,f,UT09447,Control,0.0,,dead,1,914,,,,29.9,39.0,,,C2016|UT09447
UM-HET3,C2016,UT,f,UT09448,Control,0.0,,dead,1,916,,,,25.299999,37.099998,,,C2016|UT09448
UM-HET3,C2016,UT,f,UT09449,Control,0.0,,dead,1,876,,,,28.6,34.799999,,,C2016|UT09449
UM-HET3,C2016,UT,f,UT09450,Control,0.0,,dead,1,750,,,,27.0,35.400002,,,C2016|UT09450
UM-HET3,C2016,UT,f,UT09457,Control,0.0,,dead,1,947,,,,36.400002,44.200001,,,C2016|UT09457
UM-HET3,C2016,UT,f,UT09458,Control,0.0,,dead,1,921,,,,29.4,36.900002,,,C2016|UT09458
UM-HET3,C2016,UT,f,UT09459,Control,0.0,,dead,1,675,,,,34.299999,53.099998,,,C2016|UT09459
UM-HET3,C2016,UT,f,UT09460,Control,0.0,,dead,1,1045,,,,28.5,35.299999,,,C2016|UT09460
UM-HET3,C2016,UT,f,UT09470,Control,0.0,,dead,1,823,,,,32.599998,36.900002,,,C2016|UT09470
UM-HET3,C2016,UT,f,UT09471,Control,0.0,,dead,1,585,,,,33.700001,38.299999,,,C2016|UT09471
UM-HET3,C2016,UT,f,UT09472,Control,0.0,,dead,1,1141,,,,27.6,32.5,,,C2016|UT09472
UM-HET3,C2016,UT,f,UT09473,Control,0.0,,dead,1,1062,,,,30.200001,33.299999,,,C2016|UT09473
UM-HET3,C2016,UT,f,UT09480,Control,0.0,,dead,1,940,,,,23.5,28.0,,,C2016|UT09480
UM-HET3,C2016,UT,f,UT09481,Control,0.0,,dead,1,1022,,,,25.700001,41.0,,,C2016|UT09481
UM-HET3,C2016,UT,f,UT09482,Control,0.0,,dead,1,889,,,,29.700001,41.400002,,,C2016|UT09482
UM-HET3,C2016,UT,f,UT09483,Control,0.0,,dead,1,849,,,,25.0,34.099998,,,C2016|UT09483
UM-HET3,C2016,UT,m,UT08721,Control,0.0,,dead,1,896,,,,40.299999,45.299999,,,C2016|UT08721
UM-HET3,C2016,UT,m,UT08722,Control,0.0,,dead,1,847,,,,42.200001,46.599998,,,C2016|UT08722
UM-HET3,C2016,UT,m,UT08723,Control,0.0,,dead,1,644,,,,39.0,43.099998,,,C2016|UT08723
UM-HET3,C2016,UT,m,UT08780,Control,0.0,,dead,1,989,,,,37.599998,45.799999,,,C2016|UT08780
UM-HET3,C2016,UT,m,UT08781,Control,0.0,,dead,1,990,,,,35.900002,40.099998,,,C2016|UT08781
UM-HET3,C2016,UT,m,UT08782,Control,0.0,,dead,1,382,,,,42.799999,56.0,,,C2016|UT08782
UM-HET3,C2016,UT,m,UT08787,Control,0.0,,dead,1,663,,,,42.900002,47.900002,,,C2016|UT08787
UM-HET3,C2016,UT,m,UT08788,Control,0.0,,dead,1,836,,,,43.799999,51.200001,,,C2016|UT08788
UM-HET3,C2016,UT,m,UT08789,Control,0.0,,dead,1,1073,,,,34.0,39.900002,,,C2016|UT08789
UM-HET3,C2016,UT,m,UT08794,Control,0.0,,dead,1,841,,,,32.900002,45.5,,,C2016|UT08794
UM-HET3,C2016,UT,m,UT08795,Control,0.0,,dead,1,873,,,,39.0,51.799999,,,C2016|UT08795
UM-HET3,C2016,UT,m,UT08796,Control,0.0,,dead,1,668,,,,31.200001,39.700001,,,C2016|UT08796
UM-HET3,C2016,UT,m,UT08814,Control,0.0,,dead,1,963,,,,42.400002,47.599998,,,C2016|UT08814
UM-HET3,C2016,UT,m,UT08815,Control,0.0,,dead,1,1192,,,,32.5,48.200001,,,C2016|UT08815
UM-HET3,C2016,UT,m,UT08816,Control,0.0,,dead,1,752,,,,44.099998,54.299999,,,C2016|UT08816
UM-HET3,C2016,UT,m,UT08871,Control,0.0,,dead,1,865,,,,31.799999,36.0,,,C2016|UT08871
UM-HET3,C2016,UT,m,UT08872,Control,0.0,,dead,1,784,,,,36.099998,44.5,,,C2016|UT08872
UM-HET3,C2016,UT,m,UT08873,Control,0.0,,dead,1,405,,,,44.700001,52.400002,,,C2016|UT08873
UM-HET3,C2016,UT,m,UT08877,Control,0.0,,dead,1,1074,,,,44.900002,51.099998,,,C2016|UT08877
UM-HET3,C2016,UT,m,UT08878,Control,0.0,,dead,1,876,,,,39.799999,49.200001,,,C2016|UT08878
UM-HET3,C2016,UT,m,UT08879,Control,0.0,,dead,1,899,,,,48.599998,54.099998,,,C2016|UT08879
UM-HET3,C2016,UT,m,UT08887,Control,0.0,,dead,1,782,,,,40.900002,44.799999,,,C2016|UT08887
UM-HET3,C2016,UT,m,UT08888,Control,0.0,,dead,1,434,,,,49.599998,58.900002,,,C2016|UT08888
UM-HET3,C2016,UT,m,UT08889,Control,0.0,,dead,1,617,,,,45.200001,49.700001,,,C2016|UT08889
UM-HET3,C2016,UT,m,UT08901,Control,0.0,,dead,1,453,,,,45.299999,49.400002,,,C2016|UT08901
UM-HET3,C2016,UT,m,UT08902,Control,0.0,,dead,1,1022,,,,41.599998,48.200001,,,C2016|UT08902
UM-HET3,C2016,UT,m,UT08903,Control,0.0,,dead,1,918,,,,39.5,52.099998,,,C2016|UT08903
UM-HET3,C2016,UT,m,UT08939,Control,0.0,,dead,1,742,,,,37.200001,40.900002,,,C2016|UT08939
UM-HET3,C2016,UT,m,UT08940,Control,0.0,,dead,1,853,,,,38.5,45.799999,,,C2016|UT08940
UM-HET3,C2016,UT,m,UT08941,Control,0.0,,dead,1,437,,,,47.0,51.700001,,,C2016|UT08941
UM-HET3,C2016,UT,m,UT08953,Control,0.0,,dead,1,631,,,,38.0,42.799999,,,C2016|UT08953
UM-HET3,C2016,UT,m,UT08954,Control,0.0,,dead,1,599,,,,40.200001,43.5,,,C2016|UT08954
UM-HET3,C2016,UT,m,UT08955,Control,0.0,,dead,1,1186,,,,39.799999,44.0,,,C2016|UT08955
UM-HET3,C2016,UT,m,UT08970,Control,0.0,,dead,1,898,,,,43.099998,47.5,,,C2016|UT08970
UM-HET3,C2016,UT,m,UT08971,Control,0.0,,dead,1,970,,,,31.5,42.700001,,,C2016|UT08971
UM-HET3,C2016,UT,m,UT08972,Control,0.0,,dead,1,672,,,,36.799999,43.700001,,,C2016|UT08972
UM-HET3,C2016,UT,m,UT09010,Control,0.0,,dead,1,952,,,,41.0,42.0,,,C2016|UT09010
UM-HET3,C2016,UT,m,UT09011,Control,0.0,,dead,1,298,,,,43.700001,,,,C2016|UT09011
UM-HET3,C2016,UT,m,UT09012,Control,0.0,,dead,1,883,,,,40.200001,44.5,,,C2016|UT09012
UM-HET3,C2016,UT,m,UT09027,Control,0.0,,dead,1,816,,,,47.299999,51.599998,,,C2016|UT09027
UM-HET3,C2016,UT,m,UT09028,Control,0.0,,dead,1,865,,,,39.400002,46.799999,,,C2016|UT09028
UM-HET3,C2016,UT,m,UT09029,Control,0.0,,dead,1,858,,,,35.099998,40.799999,,,C2016|UT09029
UM-HET3,C2016,UT,m,UT09065,Control,0.0,,dead,1,936,,,,47.099998,51.200001,,,C2016|UT09065
UM-HET3,C2016,UT,m,UT09066,Control,0.0,,dead,1,611,,,,48.700001,54.799999,,,C2016|UT09066
UM-HET3,C2016,UT,m,UT09067,Control,0.0,,dead,1,621,,,,45.200001,49.5,,,C2016|UT09067
UM-HET3,C2016,UT,m,UT09082,Control,0.0,,dead,1,542,,,,43.599998,45.5,,,C2016|UT09082
UM-HET3,C2016,UT,m,UT09083,Control,0.0,,dead,1,719,,,,41.0,46.200001,,,C2016|UT09083
UM-HET3,C2016,UT,m,UT09084,Control,0.0,,dead,1,734,,,,40.099998,48.799999,,,C2016|UT09084
UM-HET3,C2016,UT,m,UT09093,Control,0.0,,dead,1,705,,,,37.400002,43.900002,,,C2016|UT09093
UM-HET3,C2016,UT,m,UT09094,Control,0.0,,dead,1,459,,,,44.0,47.400002,,,C2016|UT09094
UM-HET3,C2016,UT,m,UT09095,Control,0.0,,dead,1,725,,,,36.700001,42.099998,,,C2016|UT09095
UM-HET3,C2016,UT,m,UT09100,Control,0.0,,dead,1,945,,,,35.700001,40.5,,,C2016|UT09100
UM-HET3,C2016,UT,m,UT09101,Control,0.0,,dead,1,850,,,,42.099998,47.200001,,,C2016|UT09101
UM-HET3,C2016,UT,m,UT09102,Control,0.0,,dead,1,828,,,,43.5,48.0,,,C2016|UT09102
UM-HET3,C2016,UT,m,UT09114,Control,0.0,,dead,1,856,,,,35.799999,43.700001,,,C2016|UT09114
UM-HET3,C2016,UT,m,UT09115,Control,0.0,,dead,1,657,,,,42.799999,50.200001,,,C2016|UT09115
UM-HET3,C2016,UT,m,UT09116,Control,0.0,,dead,1,599,,,,46.799999,52.400002,,,C2016|UT09116
UM-HET3,C2016,UT,m,UT09253,Control,0.0,,dead,1,743,,,,38.299999,47.0,,,C2016|UT09253
UM-HET3,C2016,UT,m,UT09254,Control,0.0,,dead,1,370,,,,44.0,54.400002,,,C2016|UT09254
UM-HET3,C2016,UT,m,UT09255,Control,0.0,,dead,1,1003,,,,47.099998,51.400002,,,C2016|UT09255
UM-HET3,C2016,UT,m,UT09263,Control,0.0,,dead,1,623,,,,47.0,53.400002,,,C2016|UT09263
UM-HET3,C2016,UT,m,UT09264,Control,0.0,,dead,1,1020,,,,42.099998,50.099998,,,C2016|UT09264
UM-HET3,C2016,UT,m,UT09265,Control,0.0,,dead,1,1026,,,,41.799999,36.400002,,,C2016|UT09265
UM-HET3,C2016,UT,m,UT09306,Control,0.0,,dead,1,478,,,,57.099998,57.0,,,C2016|UT09306
UM-HET3,C2016,UT,m,UT09307,Control,0.0,,dead,1,1064,,,,37.0,46.0,,,C2016|UT09307
UM-HET3,C2016,UT,m,UT09308,Control,0.0,,dead,1,741,,,,41.700001,44.700001,,,C2016|UT09308
UM-HET3,C2016,UT,m,UT09335,Control,0.0,,dead,1,986,,,,40.900002,48.400002,,,C2016|UT09335
UM-HET3,C2016,UT,m,UT09336,Control,0.0,,dead,1,798,,,,48.900002,47.299999,,,C2016|UT09336
UM-HET3,C2016,UT,m,UT09337,Control,0.0,,dead,1,474,,,,48.099998,56.099998,,,C2016|UT09337
UM-HET3,C2016,UT,m,UT09386,Control,0.0,,dead,1,673,,,,44.599998,51.099998,,,C2016|UT09386
UM-HET3,C2016,UT,m,UT09387,Control,0.0,,dead,1,1103,,,,42.700001,47.599998,,,C2016|UT09387
UM-HET3,C2016,UT,m,UT09388,Control,0.0,,dead,1,868,,,,40.5,53.700001,,,C2016|UT09388
UM-HET3,C2016,UT,m,UT09420,Control,0.0,,dead,1,640,,,,42.900002,49.700001,,,C2016|UT09420
UM-HET3,C2016,UT,m,UT09421,Control,0.0,,dead,1,744,,,,30.700001,37.599998,,,C2016|UT09421
UM-HET3,C2016,UT,m,UT09422,Control,0.0,,dead,1,976,,,,30.9,39.900002,,,C2016|UT09422
UM-HET3,C2016,UT,m,UT09454,Control,0.0,,dead,1,1264,,,,36.299999,43.700001,,,C2016|UT09454
UM-HET3,C2016,UT,m,UT09455,Control,0.0,,dead,1,439,,,,44.900002,41.599998,,,C2016|UT09455
UM-HET3,C2016,UT,m,UT09456,Control,0.0,,dead,1,756,,,,38.0,49.700001,,,C2016|UT09456
UM-HET3,C2016,UT,m,UT09464,Control,0.0,,dead,1,578,,,,43.299999,49.5,,,C2016|UT09464
UM-HET3,C2016,UT,m,UT09465,Control,0.0,,dead,1,1035,,,,32.799999,39.400002,,,C2016|UT09465
UM-HET3,C2016,UT,m,UT09466,Control,0.0,,dead,1,976,,,,37.5,46.200001,,,C2016|UT09466
UM-HET3,C2016,UT,m,UT09484,Control,0.0,,dead,1,1090,,,,35.599998,37.0,,,C2016|UT09484
UM-HET3,C2016,UT,m,UT09485,Control,0.0,,dead,1,686,,,,42.099998,47.799999,,,C2016|UT09485
UM-HET3,C2016,UT,m,UT09486,Control,0.0,,dead,1,1066,,,,44.099998,49.099998,,,C2016|UT09486
UM-HET3,C2016,UT,m,UT09547,Control,0.0,,dead,1,909,,,,48.5,53.900002,,,C2016|UT09547
UM-HET3,C2016,UT,m,UT09548,Control,0.0,,dead,1,517,,,,40.099998,43.299999,,,C2016|UT09548
UM-HET3,C2016,UT,m,UT09549,Control,0.0,,dead,1,432,,,,49.799999,49.599998,,,C2016|UT09549
UM-HET3,C2016,UT,m,UT09569,Control,0.0,,dead,1,784,,,,40.200001,45.799999,,,C2016|UT09569
UM-HET3,C2016,UT,m,UT09570,Control,0.0,,dead,1,529,,,,38.400002,48.900002,,,C2016|UT09570
UM-HET3,C2016,UT,m,UT09571,Control,0.0,,dead,1,709,,,,42.0,49.599998,,,C2016|UT09571
UM-HET3,C2016,UT,m,UT09587,Control,0.0,,dead,1,1168,,,,38.5,42.900002,,,C2016|UT09587
UM-HET3,C2016,UT,m,UT09588,Control,0.0,,dead,1,885,,,,44.200001,47.700001,,,C2016|UT09588
UM-HET3,C2016,UT,m,UT09589,Control,0.0,,dead,1,820,,,,37.0,42.900002,,,C2016|UT09589
UM-HET3,C2016,UT,m,UT09597,Control,0.0,,dead,1,742,,,,40.099998,50.700001,,,C2016|UT09597
UM-HET3,C2016,UT,m,UT09598,Control,0.0,,dead,1,846,,,,37.900002,50.5,,,C2016|UT09598
UM-HET3,C2016,UT,m,UT09599,Control,0.0,,dead,1,675,,,,43.799999,47.5,,,C2016|UT09599
UM-HET3,C2016,UT,m,UT09634,Control,0.0,,dead,1,838,,,,42.0,45.599998,,,C2016|UT09634
UM-HET3,C2016,UT,m,UT09635,Control,0.0,,dead,1,799,,,,45.700001,48.799999,,,C2016|UT09635
UM-HET3,C2016,UT,m,UT09636,Control,0.0,,dead,1,608,,,,41.299999,44.5,,,C2016|UT09636
UM-HET3,C2017,TJL,f,JL015091,Control,0,,dead,1,845,,,,26.0,26.0,,,C2017|JL015091
UM-HET3,C2017,TJL,f,JL015092,Control,0,,dead,1,705,,,,26.0,30.0,,,C2017|JL015092
UM-HET3,C2017,TJL,f,JL015093,Control,0,,dead,1,997,,,,31.0,37.0,,,C2017|JL015093
UM-HET3,C2017,TJL,f,JL015094,Control,0,,dead,1,887,,,,26.0,28.0,,,C2017|JL015094
UM-HET3,C2017,TJL,f,JL015103,Control,0,,dead,1,722,,,,39.0,40.0,,,C2017|JL015103
UM-HET3,C2017,TJL,f,JL015104,Control,0,,dead,1,929,,,,28.0,30.0,,,C2017|JL015104
UM-HET3,C2017,TJL,f,JL015105,Control,0,,dead,1,768,,,,41.0,46.0,,,C2017|JL015105
UM-HET3,C2017,TJL,f,JL015106,Control,0,,dead,1,711,,,,38.0,46.0,,,C2017|JL015106
UM-HET3,C2017,TJL,f,JL015111,Control,0,,dead,1,988,,,,43.0,53.0,,,C2017|JL015111
UM-HET3,C2017,TJL,f,JL015112,Control,0,,dead,1,1079,,,,29.0,38.0,,,C2017|JL015112
UM-HET3,C2017,TJL,f,JL015113,Control,0,,dead,1,863,,,,32.0,34.0,,,C2017|JL015113
UM-HET3,C2017,TJL,f,JL015114,Control,0,,dead,1,698,,,,37.0,41.0,,,C2017|JL015114
UM-HET3,C2017,TJL,f,JL015115,Control,0,,dead,1,1037,,,,46.0,53.0,,,C2017|JL015115
UM-HET3,C2017,TJL,f,JL015116,Control,0,,dead,1,1060,,,,46.0,58.0,,,C2017|JL015116
UM-HET3,C2017,TJL,f,JL015117,Control,0,,dead,1,1068,,,,30.0,36.0,,,C2017|JL015117
UM-HET3,C2017,TJL,f,JL015118,Control,0,,dead,1,969,,,,43.0,45.0,,,C2017|JL015118
UM-HET3,C2017,TJL,f,JL015241,Control,0,,dead,1,751,,,,34.0,47.0,,,C2017|JL015241
UM-HET3,C2017,TJL,f,JL015242,Control,0,,dead,1,826,,,,32.0,39.0,,,C2017|JL015242
UM-HET3,C2017,TJL,f,JL015243,Control,0,,dead,1,1077,,,,31.0,34.0,,,C2017|JL015243
UM-HET3,C2017,TJL,f,JL015244,Control,0,,dead,1,910,,,,33.0,47.0,,,C2017|JL015244
UM-HET3,C2017,TJL,f,JL015303,Control,0,,dead,1,868,,,,36.0,44.0,,,C2017|JL015303
UM-HET3,C2017,TJL,f,JL015304,Control,0,,dead,1,602,,,,32.0,38.0,,,C2017|JL015304
UM-HET3,C2017,TJL,f,JL015305,Control,0,,dead,1,894,,,,33.0,41.0,,,C2017|JL015305
UM-HET3,C2017,TJL,f,JL015306,Control,0,,dead,1,824,,,,33.0,45.0,,,C2017|JL015306
UM-HET3,C2017,TJL,f,JL015385,Control,0,,dead,1,866,,,,37.0,44.0,,,C2017|JL015385
UM-HET3,C2017,TJL,f,JL015386,Control,0,,dead,1,596,,,,35.0,40.0,,,C2017|JL015386
UM-HET3,C2017,TJL,f,JL015387,Control,0,,dead,1,627,,,,28.0,44.0,,,C2017|JL015387
UM-HET3,C2017,TJL,f,JL015388,Control,0,,dead,1,915,,,,33.0,33.0,,,C2017|JL015388
UM-HET3,C2017,TJL,f,JL015455,Control,0,,dead,1,909,,,,38.0,51.0,,,C2017|JL015455
UM-HET3,C2017,TJL,f,JL015456,Control,0,,dead,1,603,,,,45.0,56.0,,,C2017|JL015456
UM-HET3,C2017,TJL,f,JL015457,Control,0,,dead,1,746,,,,48.0,57.0,,,C2017|JL015457
UM-HET3,C2017,TJL,f,JL015458,Control,0,,dead,1,852,,,,44.0,55.0,,,C2017|JL015458
UM-HET3,C2017,TJL,f,JL015471,Control,0,,dead,1,1144,,,,49.0,54.0,,,C2017|JL015471
UM-HET3,C2017,TJL,f,JL015472,Control,0,,dead,1,1019,,,,36.0,45.0,,,C2017|JL015472
UM-HET3,C2017,TJL,f,JL015473,Control,0,,dead,1,915,,,,31.0,42.0,,,C2017|JL015473
UM-HET3,C2017,TJL,f,JL015474,Control,0,,dead,1,680,,,,39.0,50.0,,,C2017|JL015474
UM-HET3,C2017,TJL,f,JL015520,Control,0,,dead,1,621,,,,23.0,26.0,,,C2017|JL015520
UM-HET3,C2017,TJL,f,JL015521,Control,0,,dead,1,778,,,,25.0,32.0,,,C2017|JL015521
UM-HET3,C2017,TJL,f,JL015522,Control,0,,dead,1,796,,,,33.0,43.0,,,C2017|JL015522
UM-HET3,C2017,TJL,f,JL015523,Control,0,,dead,1,932,,,,35.0,37.0,,,C2017|JL015523
UM-HET3,C2017,TJL,f,JL015593,Control,0,,dead,1,802,,,,48.0,62.0,,,C2017|JL015593
UM-HET3,C2017,TJL,f,JL015594,Control,0,,dead,1,950,,,,32.0,39.0,,,C2017|JL015594
UM-HET3,C2017,TJL,f,JL015595,Control,0,,dead,1,988,,,,32.0,28.0,,,C2017|JL015595
UM-HET3,C2017,TJL,f,JL015596,Control,0,,dead,1,705,,,,44.0,55.0,,,C2017|JL015596
UM-HET3,C2017,TJL,f,JL015609,Control,0,,dead,1,677,,,,22.0,24.0,,,C2017|JL015609
UM-HET3,C2017,TJL,f,JL015610,Control,0,,dead,1,282,,,,33.0,,,,C2017|JL015610
UM-HET3,C2017,TJL,f,JL015611,Control,0,,dead,1,810,,,,37.0,46.0,,,C2017|JL015611
UM-HET3,C2017,TJL,f,JL015612,Control,0,,dead,1,813,,,,31.0,38.0,,,C2017|JL015612
UM-HET3,C2017,TJL,f,JL015639,Control,0,,dead,1,834,,,,35.0,46.0,,,C2017|JL015639
UM-HET3,C2017,TJL,f,JL015640,Control,0,,dead,1,896,,,,35.0,48.0,,,C2017|JL015640
UM-HET3,C2017,TJL,f,JL015641,Control,0,,dead,1,810,,,,32.0,42.0,,,C2017|JL015641
UM-HET3,C2017,TJL,f,JL015642,Control,0,,dead,1,418,,,,27.0,20.0,,,C2017|JL015642
UM-HET3,C2017,TJL,f,JL015651,Control,0,,dead,1,722,,,,37.0,43.0,,,C2017|JL015651
UM-HET3,C2017,TJL,f,JL015652,Control,0,,dead,1,906,,,,39.0,58.0,,,C2017|JL015652
UM-HET3,C2017,TJL,f,JL015653,Control,0,,dead,1,1083,,,,34.0,41.0,,,C2017|JL015653
UM-HET3,C2017,TJL,f,JL015654,Control,0,,dead,1,1015,,,,38.0,46.0,,,C2017|JL015654
UM-HET3,C2017,TJL,f,JL015677,Control,0,,dead,1,967,,,,44.0,55.0,,,C2017|JL015677
UM-HET3,C2017,TJL,f,JL015678,Control,0,,dead,1,892,,,,28.0,36.0,,,C2017|JL015678
UM-HET3,C2017,TJL,f,JL015679,Control,0,,dead,1,722,,,,39.0,44.0,,,C2017|JL015679
UM-HET3,C2017,TJL,f,JL015680,Control,0,,dead,1,941,,,,41.0,45.0,,,C2017|JL015680
UM-HET3,C2017,TJL,f,JL015685,Control,0,,dead,1,649,,,,36.0,48.0,,,C2017|JL015685
UM-HET3,C2017,TJL,f,JL015686,Control,0,,dead,1,1013,,,,29.0,37.0,,,C2017|JL015686
UM-HET3,C2017,TJL,f,JL015687,Control,0,,dead,1,904,,,,34.0,41.0,,,C2017|JL015687
UM-HET3,C2017,TJL,f,JL015688,Control,0,,dead,1,1082,,,,31.0,41.0,,,C2017|JL015688
UM-HET3,C2017,TJL,f,JL015758,Control,0,,dead,1,873,,,,35.0,47.0,,,C2017|JL015758
UM-HET3,C2017,TJL,f,JL015759,Control,0,,dead,1,964,,,,43.0,55.0,,,C2017|JL015759
UM-HET3,C2017,TJL,f,JL015760,Control,0,,dead,1,873,,,,32.0,42.0,,,C2017|JL015760
UM-HET3,C2017,TJL,f,JL015761,Control,0,,dead,1,666,,,,45.0,55.0,,,C2017|JL015761
UM-HET3,C2017,TJL,f,JL015843,Control,0,,dead,1,377,,,,35.0,43.0,,,C2017|JL015843
UM-HET3,C2017,TJL,f,JL015844,Control,0,,dead,1,1008,,,,26.0,29.0,,,C2017|JL015844
UM-HET3,C2017,TJL,f,JL015845,Control,0,,dead,1,487,,,,30.0,42.0,,,C2017|JL015845
UM-HET3,C2017,TJL,f,JL015846,Control,0,,dead,1,1050,,,,32.0,39.0,,,C2017|JL015846
UM-HET3,C2017,TJL,f,JL015851,Control,0,,dead,1,841,,,,32.0,45.0,,,C2017|JL015851
UM-HET3,C2017,TJL,f,JL015852,Control,0,,dead,1,847,,,,25.0,33.0,,,C2017|JL015852
UM-HET3,C2017,TJL,f,JL015853,Control,0,,dead,1,841,,,,21.0,25.0,,,C2017|JL015853
UM-HET3,C2017,TJL,f,JL015854,Control,0,,dead,1,903,,,,24.0,27.0,,,C2017|JL015854
UM-HET3,C2017,TJL,f,JL015880,Control,0,,dead,1,1167,,,,25.0,32.0,,,C2017|JL015880
UM-HET3,C2017,TJL,f,JL015881,Control,0,,dead,1,590,,,,23.0,31.0,,,C2017|JL015881
UM-HET3,C2017,TJL,f,JL015882,Control,0,,dead,1,855,,,,22.0,23.0,,,C2017|JL015882
UM-HET3,C2017,TJL,f,JL015883,Control,0,,dead,1,1191,,,,31.0,38.0,,,C2017|JL015883
UM-HET3,C2017,TJL,f,JL015932,Control,0,,dead,1,1209,,,,25.0,31.0,,,C2017|JL015932
UM-HET3,C2017,TJL,f,JL015933,Control,0,,dead,1,725,,,,30.0,37.0,,,C2017|JL015933
UM-HET3,C2017,TJL,f,JL015934,Control,0,,dead,1,951,,,,37.0,46.0,,,C2017|JL015934
UM-HET3,C2017,TJL,f,JL015935,Control,0,,dead,1,1018,,,,30.0,36.0,,,C2017|JL015935
UM-HET3,C2017,TJL,f,JL015977,Control,0,,dead,1,863,,,,28.0,31.0,,,C2017|JL015977
UM-HET3,C2017,TJL,f,JL015978,Control,0,,dead,1,924,,,,29.0,41.0,,,C2017|JL015978
UM-HET3,C2017,TJL,f,JL015979,Control,0,,dead,1,979,,,,32.0,41.0,,,C2017|JL015979
UM-HET3,C2017,TJL,f,JL015980,Control,0,,dead,1,854,,,,22.0,27.0,,,C2017|JL015980
UM-HET3,C2017,TJL,f,JL015981,Control,0,,dead,1,873,,,,20.0,26.0,,,C2017|JL015981
UM-HET3,C2017,TJL,f,JL015982,Control,0,,dead,1,814,,,,24.0,29.0,,,C2017|JL015982
UM-HET3,C2017,TJL,f,JL015983,Control,0,,dead,1,1008,,,,26.0,28.0,,,C2017|JL015983
UM-HET3,C2017,TJL,f,JL015984,Control,0,,dead,1,1090,,,,25.0,32.0,,,C2017|JL015984
UM-HET3,C2017,TJL,f,JL016017,Control,0,,dead,1,936,,,,25.0,30.0,,,C2017|JL016017
UM-HET3,C2017,TJL,f,JL016018,Control,0,,dead,1,798,,,,25.0,31.0,,,C2017|JL016018
UM-HET3,C2017,TJL,f,JL016019,Control,0,,dead,1,838,,,,26.0,27.0,,,C2017|JL016019
UM-HET3,C2017,TJL,f,JL016020,Control,0,,dead,1,942,,,,36.0,45.0,,,C2017|JL016020
UM-HET3,C2017,TJL,m,JL015046,Control,0,,dead,1,757,,,,41.0,44.0,,,C2017|JL015046
UM-HET3,C2017,TJL,m,JL015047,Control,0,,dead,1,659,,,,50.0,53.0,,,C2017|JL015047
UM-HET3,C2017,TJL,m,JL015048,Control,0,,dead,1,217,,,,,,,,C2017|JL015048
UM-HET3,C2017,TJL,m,JL015068,Control,0,,dead,1,1106,,,,45.0,48.0,,,C2017|JL015068
UM-HET3,C2017,TJL,m,JL015069,Control,0,,dead,1,224,,,,,,,,C2017|JL015069
UM-HET3,C2017,TJL,m,JL015070,Control,0,,dead,1,1018,,,,44.0,47.0,,,C2017|JL015070
UM-HET3,C2017,TJL,m,JL015080,Control,0,,dead,1,252,,,,,,,,C2017|JL015080
UM-HET3,C2017,TJL,m,JL015081,Control,0,,dead,1,296,,,,50.0,,,,C2017|JL015081
UM-HET3,C2017,TJL,m,JL015082,Control,0,,dead,1,492,,,,45.0,46.0,,,C2017|JL015082
UM-HET3,C2017,TJL,m,JL015146,Control,0,,dead,1,505,,,,51.0,54.0,,,C2017|JL015146
UM-HET3,C2017,TJL,m,JL015147,Control,0,,dead,1,988,,,,47.0,48.0,,,C2017|JL015147
UM-HET3,C2017,TJL,m,JL015148,Control,0,,dead,1,1026,,,,50.0,52.0,,,C2017|JL015148
UM-HET3,C2017,TJL,m,JL015213,Control,0,,dead,1,1069,,,,47.0,54.0,,,C2017|JL015213
UM-HET3,C2017,TJL,m,JL015214,Control,0,,dead,1,939,,,,47.0,53.0,,,C2017|JL015214
UM-HET3,C2017,TJL,m,JL015215,Control,0,,dead,1,1094,,,,36.0,43.0,,,C2017|JL015215
UM-HET3,C2017,TJL,m,JL015252,Control,0,,dead,1,863,,,,45.0,48.0,,,C2017|JL015252
UM-HET3,C2017,TJL,m,JL015253,Control,0,,dead,1,860,,,,44.0,49.0,,,C2017|JL015253
UM-HET3,C2017,TJL,m,JL015254,Control,0,,dead,1,299,,,,46.0,,,,C2017|JL015254
UM-HET3,C2017,TJL,m,JL015277,Control,0,,dead,1,767,,,,47.0,51.0,,,C2017|JL015277
UM-HET3,C2017,TJL,m,JL015278,Control,0,,dead,1,666,,,,43.0,47.0,,,C2017|JL015278
UM-HET3,C2017,TJL,m,JL015279,Control,0,,dead,1,1176,,,,35.0,35.0,,,C2017|JL015279
UM-HET3,C2017,TJL,m,JL015315,Control,0,,dead,1,488,,,,49.0,,,,C2017|JL015315
UM-HET3,C2017,TJL,m,JL015316,Control,0,,dead,1,350,,,,45.0,,,,C2017|JL015316
UM-HET3,C2017,TJL,m,JL015317,Control,0,,dead,1,273,,,,48.0,,,,C2017|JL015317
UM-HET3,C2017,TJL,m,JL015324,Control,0,,dead,1,792,,,,41.0,,,,C2017|JL015324
UM-HET3,C2017,TJL,m,JL015325,Control,0,,dead,1,603,,,,46.0,,,,C2017|JL015325
UM-HET3,C2017,TJL,m,JL015326,Control,0,,dead,1,1023,,,,42.0,,,,C2017|JL015326
UM-HET3,C2017,TJL,m,JL015364,Control,0,,dead,1,1099,,,,36.0,41.0,,,C2017|JL015364
UM-HET3,C2017,TJL,m,JL015365,Control,0,,dead,1,1102,,,,42.0,33.0,,,C2017|JL015365
UM-HET3,C2017,TJL,m,JL015366,Control,0,,dead,1,1102,,,,43.0,45.0,,,C2017|JL015366
UM-HET3,C2017,TJL,m,JL015376,Control,0,,dead,1,601,,,,49.0,53.0,,,C2017|JL015376
UM-HET3,C2017,TJL,m,JL015377,Control,0,,dead,1,1150,,,,45.0,51.0,,,C2017|JL015377
UM-HET3,C2017,TJL,m,JL015378,Control,0,,dead,1,481,,,,46.0,51.0,,,C2017|JL015378
UM-HET3,C2017,TJL,m,JL015379,Control,0,,dead,1,440,,,,39.0,50.0,,,C2017|JL015379
UM-HET3,C2017,TJL,m,JL015380,Control,0,,dead,1,209,,,,35.0,,,,C2017|JL015380
UM-HET3,C2017,TJL,m,JL015381,Control,0,,dead,1,832,,,,34.0,50.0,,,C2017|JL015381
UM-HET3,C2017,TJL,m,JL015407,Control,0,,dead,1,332,,,,53.0,,,,C2017|JL015407
UM-HET3,C2017,TJL,m,JL015408,Control,0,,dead,1,1033,,,,36.0,40.0,,,C2017|JL015408
UM-HET3,C2017,TJL,m,JL015409,Control,0,,dead,1,1034,,,,48.0,58.0,,,C2017|JL015409
UM-HET3,C2017,TJL,m,JL015528,Control,0,,dead,1,634,,,,41.0,51.0,,,C2017|JL015528
UM-HET3,C2017,TJL,m,JL015529,Control,0,,dead,1,305,,,,49.0,,,,C2017|JL015529
UM-HET3,C2017,TJL,m,JL015530,Control,0,,dead,1,899,,,,36.0,45.0,,,C2017|JL015530
UM-HET3,C2017,TJL,m,JL015537,Control,0,,dead,1,949,,,,42.0,48.0,,,C2017|JL015537
UM-HET3,C2017,TJL,m,JL015538,Control,0,,dead,1,718,,,,42.0,42.0,,,C2017|JL015538
UM-HET3,C2017,TJL,m,JL015539,Control,0,,dead,1,809,,,,44.0,48.0,,,C2017|JL015539
UM-HET3,C2017,TJL,m,JL015540,Control,0,,dead,1,715,,,,46.0,49.0,,,C2017|JL015540
UM-HET3,C2017,TJL,m,JL015541,Control,0,,dead,1,525,,,,56.0,59.0,,,C2017|JL015541
UM-HET3,C2017,TJL,m,JL015542,Control,0,,dead,1,876,,,,49.0,49.0,,,C2017|JL015542
UM-HET3,C2017,TJL,m,JL015575,Control,0,,dead,1,927,,,,44.0,46.0,,,C2017|JL015575
UM-HET3,C2017,TJL,m,JL015576,Control,0,,dead,1,747,,,,46.0,49.0,,,C2017|JL015576
UM-HET3,C2017,TJL,m,JL015577,Control,0,,dead,1,388,,,,51.0,59.0,,,C2017|JL015577
UM-HET3,C2017,TJL,m,JL015620,Control,0,,dead,1,755,,,,51.0,56.0,,,C2017|JL015620
UM-HET3,C2017,TJL,m,JL015621,Control,0,,dead,1,809,,,,50.0,52.0,,,C2017|JL015621
UM-HET3,C2017,TJL,m,JL015622,Control,0,,dead,1,191,,,,,,,,C2017|JL015622
UM-HET3,C2017,TJL,m,JL015629,Control,0,,dead,1,1079,,,,40.0,44.0,,,C2017|JL015629
UM-HET3,C2017,TJL,m,JL015630,Control,0,,dead,1,831,,,,45.0,51.0,,,C2017|JL015630
UM-HET3,C2017,TJL,m,JL015631,Control,0,,dead,1,946,,,,46.0,48.0,,,C2017|JL015631
UM-HET3,C2017,TJL,m,JL015664,Control,0,,dead,1,605,,,,45.0,49.0,,,C2017|JL015664
UM-HET3,C2017,TJL,m,JL015665,Control,0,,dead,1,593,,,,51.0,57.0,,,C2017|JL015665
UM-HET3,C2017,TJL,m,JL015666,Control,0,,dead,1,877,,,,47.0,52.0,,,C2017|JL015666
UM-HET3,C2017,TJL,m,JL015702,Control,0,,dead,1,498,,,,45.0,51.0,,,C2017|JL015702
UM-HET3,C2017,TJL,m,JL015703,Control,0,,dead,1,1046,,,,39.0,43.0,,,C2017|JL015703
UM-HET3,C2017,TJL,m,JL015704,Control,0,,dead,1,428,,,,45.0,50.0,,,C2017|JL015704
UM-HET3,C2017,TJL,m,JL015743,Control,0,,dead,1,747,,,,44.0,52.0,,,C2017|JL015743
UM-HET3,C2017,TJL,m,JL015744,Control,0,,dead,1,333,,,,43.0,,,,C2017|JL015744
UM-HET3,C2017,TJL,m,JL015745,Control,0,,dead,1,530,,,,42.0,51.0,,,C2017|JL015745
UM-HET3,C2017,TJL,m,JL015770,Control,0,,dead,1,424,,,,49.0,53.0,,,C2017|JL015770
UM-HET3,C2017,TJL,m,JL015771,Control,0,,dead,1,1009,,,,47.0,50.0,,,C2017|JL015771
UM-HET3,C2017,TJL,m,JL015772,Control,0,,dead,1,304,,,,48.0,,,,C2017|JL015772
UM-HET3,C2017,TJL,m,JL015776,Control,0,,dead,1,870,,,,34.0,41.0,,,C2017|JL015776
UM-HET3,C2017,TJL,m,JL015777,Control,0,,dead,1,705,,,,47.0,53.0,,,C2017|JL015777
UM-HET3,C2017,TJL,m,JL015778,Control,0,,dead,1,1089,,,,51.0,55.0,,,C2017|JL015778
UM-HET3,C2017,TJL,m,JL015827,Control,0,,dead,1,1011,,,,40.0,42.0,,,C2017|JL015827
UM-HET3,C2017,TJL,m,JL015828,Control,0,,dead,1,558,,,,40.0,45.0,,,C2017|JL015828
UM-HET3,C2017,TJL,m,JL015829,Control,0,,dead,1,1067,,,,39.0,42.0,,,C2017|JL015829
UM-HET3,C2017,TJL,m,JL015830,Control,0,,dead,1,744,,,,44.0,47.0,,,C2017|JL015830
UM-HET3,C2017,TJL,m,JL015831,Control,0,,dead,1,748,,,,39.0,46.0,,,C2017|JL015831
UM-HET3,C2017,TJL,m,JL015832,Control,0,,dead,1,749,,,,46.0,53.0,,,C2017|JL015832
UM-HET3,C2017,TJL,m,JL015900,Control,0,,dead,1,1122,,,,40.0,48.0,,,C2017|JL015900
UM-HET3,C2017,TJL,m,JL015901,Control,0,,dead,1,648,,,,41.0,46.0,,,C2017|JL015901
UM-HET3,C2017,TJL,m,JL015902,Control,0,,dead,1,994,,,,37.0,44.0,,,C2017|JL015902
UM-HET3,C2017,TJL,m,JL015936,Control,0,,dead,1,761,,,,51.0,57.0,,,C2017|JL015936
UM-HET3,C2017,TJL,m,JL015937,Control,0,,dead,1,339,,,,49.0,,,,C2017|JL015937
UM-HET3,C2017,TJL,m,JL015938,Control,0,,dead,1,736,,,,47.0,53.0,,,C2017|JL015938
UM-HET3,C2017,TJL,m,JL015939,Control,0,,dead,1,463,,,,44.0,47.0,,,C2017|JL015939
UM-HET3,C2017,TJL,m,JL015940,Control,0,,dead,1,1028,,,,42.0,50.0,,,C2017|JL015940
UM-HET3,C2017,TJL,m,JL015941,Control,0,,dead,1,476,,,,51.0,59.0,,,C2017|JL015941
UM-HET3,C2017,TJL,m,JL016010,Control,0,,dead,1,946,,,,48.0,50.0,,,C2017|JL016010
UM-HET3,C2017,TJL,m,JL016011,Control,0,,dead,1,467,,,,47.0,53.0,,,C2017|JL016011
UM-HET3,C2017,TJL,m,JL016012,Control,0,,dead,1,714,,,,43.0,49.0,,,C2017|JL016012
UM-HET3,C2017,TJL,m,JL016040,Control,0,,dead,1,331,,,,51.0,,,,C2017|JL016040
UM-HET3,C2017,TJL,m,JL016041,Control,0,,dead,1,766,,,,44.0,50.0,,,C2017|JL016041
UM-HET3,C2017,TJL,m,JL016042,Control,0,,dead,1,1226,,,,42.0,44.0,,,C2017|JL016042
UM-HET3,C2017,TJL,m,JL016046,Control,0,,dead,1,695,,,,48.0,53.0,,,C2017|JL016046
UM-HET3,C2017,TJL,m,JL016047,Control,0,,dead,1,964,,,,44.0,47.0,,,C2017|JL016047
UM-HET3,C2017,TJL,m,JL016048,Control,0,,dead,1,847,,,,39.0,47.0,,,C2017|JL016048
UM-HET3,C2017,TJL,m,JL016049,Control,0,,dead,1,899,,,,38.0,45.0,,,C2017|JL016049
UM-HET3,C2017,TJL,m,JL016050,Control,0,,dead,1,545,,,,43.0,48.0,,,C2017|JL016050
UM-HET3,C2017,TJL,m,JL016051,Control,0,,dead,1,894,,,,41.0,46.0,,,C2017|JL016051
UM-HET3,C2017,TJL,m,JL016093,Control,0,,dead,1,421,,,,44.0,48.0,,,C2017|JL016093
UM-HET3,C2017,TJL,m,JL016094,Control,0,,dead,1,655,,,,42.0,49.0,,,C2017|JL016094
UM-HET3,C2017,TJL,m,JL016095,Control,0,,dead,1,274,,,,40.0,,,,C2017|JL016095
UM-HET3,C2017,UM,f,UM70952,Control,0,,dead,1,937,,,,,,,,C2017|UM70952
UM-HET3,C2017,UM,f,UM70959,Control,0,,dead,1,559,,,,,,,,C2017|UM70959
UM-HET3,C2017,UM,f,UM70966,Control,0,,dead,1,887,,,,,,,,C2017|UM70966
UM-HET3,C2017,UM,f,UM70973,Control,0,,dead,1,1115,,,,,,,,C2017|UM70973
UM-HET3,C2017,UM,f,UM71582,Control,0,,dead,1,826,,,,,,,,C2017|UM71582
UM-HET3,C2017,UM,f,UM71589,Control,0,,dead,1,736,,,,,,,,C2017|UM71589
UM-HET3,C2017,UM,f,UM71596,Control,0,,dead,1,956,,,,,,,,C2017|UM71596
UM-HET3,C2017,UM,f,UM71603,Control,0,,dead,1,899,,,,,,,,C2017|UM71603
UM-HET3,C2017,UM,f,UM71757,Control,0,,dead,1,1074,,,,,,,,C2017|UM71757
UM-HET3,C2017,UM,f,UM71764,Control,0,,dead,1,717,,,,,,,,C2017|UM71764
UM-HET3,C2017,UM,f,UM71771,Control,0,,dead,1,763,,,,,,,,C2017|UM71771
UM-HET3,C2017,UM,f,UM71778,Control,0,,dead,1,997,,,,,,,,C2017|UM71778
UM-HET3,C2017,UM,f,UM71995,Control,0,,dead,1,814,,,,,,,,C2017|UM71995
UM-HET3,C2017,UM,f,UM72002,Control,0,,removed,0,41,,,,,,,,C2017|UM72002
UM-HET3,C2017,UM,f,UM72009,Control,0,,dead,1,1039,,,,,,,,C2017|UM72009
UM-HET3,C2017,UM,f,UM72016,Control,0,,dead,1,864,,,,,,,,C2017|UM72016
UM-HET3,C2017,UM,f,UM72114,Control,0,,dead,1,1173,,,,,,,,C2017|UM72114
UM-HET3,C2017,UM,f,UM72121,Control,0,,dead,1,837,,,,,,,,C2017|UM72121
UM-HET3,C2017,UM,f,UM72128,Control,0,,dead,1,833,,,,,,,,C2017|UM72128
UM-HET3,C2017,UM,f,UM72135,Control,0,,dead,1,799,,,,,,,,C2017|UM72135
UM-HET3,C2017,UM,f,UM72856,Control,0,,dead,1,999,,,,,,,,C2017|UM72856
UM-HET3,C2017,UM,f,UM72863,Control,0,,dead,1,1101,,,,,,,,C2017|UM72863
UM-HET3,C2017,UM,f,UM72870,Control,0,,dead,1,1019,,,,,,,,C2017|UM72870
UM-HET3,C2017,UM,f,UM72877,Control,0,,dead,1,897,,,,,,,,C2017|UM72877
UM-HET3,C2017,UM,f,UM73143,Control,0,,dead,1,767,,,,,,,,C2017|UM73143
UM-HET3,C2017,UM,f,UM73150,Control,0,,dead,1,883,,,,,,,,C2017|UM73150
UM-HET3,C2017,UM,f,UM73157,Control,0,,dead,1,920,,,,,,,,C2017|UM73157
UM-HET3,C2017,UM,f,UM73164,Control,0,,dead,1,903,,,,,,,,C2017|UM73164
UM-HET3,C2017,UM,f,UM73402,Control,0,,dead,1,864,,,,,,,,C2017|UM73402
UM-HET3,C2017,UM,f,UM73409,Control,0,,dead,1,1080,,,,,,,,C2017|UM73409
UM-HET3,C2017,UM,f,UM73416,Control,0,,dead,1,1079,,,,,,,,C2017|UM73416
UM-HET3,C2017,UM,f,UM73423,Control,0,,dead,1,703,,,,,,,,C2017|UM73423
UM-HET3,C2017,UM,f,UM73521,Control,0,,dead,1,1038,,,,,,,,C2017|UM73521
UM-HET3,C2017,UM,f,UM73528,Control,0,,dead,1,992,,,,,,,,C2017|UM73528
UM-HET3,C2017,UM,f,UM73535,Control,0,,dead,1,984,,,,,,,,C2017|UM73535
UM-HET3,C2017,UM,f,UM73542,Control,0,,dead,1,1162,,,,,,,,C2017|UM73542
UM-HET3,C2017,UM,f,UM73836,Control,0,,dead,1,694,,,,,,,,C2017|UM73836
UM-HET3,C2017,UM,f,UM73843,Control,0,,dead,1,725,,,,,,,,C2017|UM73843
UM-HET3,C2017,UM,f,UM73850,Control,0,,dead,1,820,,,,,,,,C2017|UM73850
UM-HET3,C2017,UM,f,UM73857,Control,0,,dead,1,685,,,,,,,,C2017|UM73857
UM-HET3,C2017,UM,f,UM73955,Control,0,,dead,1,868,,,,,,,,C2017|UM73955
UM-HET3,C2017,UM,f,UM73962,Control,0,,dead,1,1136,,,,,,,,C2017|UM73962
UM-HET3,C2017,UM,f,UM73969,Control,0,,dead,1,926,,,,,,,,C2017|UM73969
UM-HET3,C2017,UM,f,UM73976,Control,0,,removed,0,856,,,,,,,,C2017|UM73976
UM-HET3,C2017,UM,f,UM74158,Control,0,,dead,1,1107,,,,,,,,C2017|UM74158
UM-HET3,C2017,UM,f,UM74165,Control,0,,dead,1,945,,,,,,,,C2017|UM74165
UM-HET3,C2017,UM,f,UM74172,Control,0,,dead,1,821,,,,,,,,C2017|UM74172
UM-HET3,C2017,UM,f,UM74179,Control,0,,dead,1,790,,,,,,,,C2017|UM74179
UM-HET3,C2017,UM,f,UM74298,Control,0,,dead,1,953,,,,,,,,C2017|UM74298
UM-HET3,C2017,UM,f,UM74305,Control,0,,dead,1,903,,,,,,,,C2017|UM74305
UM-HET3,C2017,UM,f,UM74312,Control,0,,dead,1,1014,,,,,,,,C2017|UM74312
UM-HET3,C2017,UM,f,UM74319,Control,0,,dead,1,1138,,,,,,,,C2017|UM74319
UM-HET3,C2017,UM,f,UM74368,Control,0,,dead,1,862,,,,,,,,C2017|UM74368
UM-HET3,C2017,UM,f,UM74375,Control,0,,dead,1,902,,,,,,,,C2017|UM74375
UM-HET3,C2017,UM,f,UM74382,Control,0,,dead,1,902,,,,,,,,C2017|UM74382
UM-HET3,C2017,UM,f,UM74389,Control,0,,dead,1,895,,,,,,,,C2017|UM74389
UM-HET3,C2017,UM,f,UM75040,Control,0,,dead,1,939,,,,,,,,C2017|UM75040
UM-HET3,C2017,UM,f,UM75047,Control,0,,dead,1,1016,,,,,,,,C2017|UM75047
UM-HET3,C2017,UM,f,UM75054,Control,0,,dead,1,1094,,,,,,,,C2017|UM75054
UM-HET3,C2017,UM,f,UM75061,Control,0,,dead,1,901,,,,,,,,C2017|UM75061
UM-HET3,C2017,UM,f,UM75950,Control,0,,dead,1,835,,,,,,,,C2017|UM75950
UM-HET3,C2017,UM,f,UM75957,Control,0,,dead,1,989,,,,,,,,C2017|UM75957
UM-HET3,C2017,UM,f,UM75964,Control,0,,dead,1,835,,,,,,,,C2017|UM75964
UM-HET3,C2017,UM,f,UM75971,Control,0,,dead,1,903,,,,,,,,C2017|UM75971
UM-HET3,C2017,UM,f,UM76643,Control,0,,dead,1,1013,,,,,,,,C2017|UM76643
UM-HET3,C2017,UM,f,UM76650,Control,0,,dead,1,1022,,,,,,,,C2017|UM76650
UM-HET3,C2017,UM,f,UM76657,Control,0,,dead,1,919,,,,,,,,C2017|UM76657
UM-HET3,C2017,UM,f,UM76664,Control,0,,dead,1,820,,,,,,,,C2017|UM76664
UM-HET3,C2017,UM,f,UM76811,Control,0,,dead,1,850,,,,,,,,C2017|UM76811
UM-HET3,C2017,UM,f,UM76818,Control,0,,dead,1,578,,,,,,,,C2017|UM76818
UM-HET3,C2017,UM,f,UM76825,Control,0,,dead,1,1002,,,,,,,,C2017|UM76825
UM-HET3,C2017,UM,f,UM76832,Control,0,,dead,1,575,,,,,,,,C2017|UM76832
UM-HET3,C2017,UM,f,UM77000,Control,0,,dead,1,1221,,,,,,,,C2017|UM77000
UM-HET3,C2017,UM,f,UM77007,Control,0,,dead,1,885,,,,,,,,C2017|UM77007
UM-HET3,C2017,UM,f,UM77014,Control,0,,dead,1,753,,,,,,,,C2017|UM77014
UM-HET3,C2017,UM,f,UM77021,Control,0,,dead,1,834,,,,,,,,C2017|UM77021
UM-HET3,C2017,UM,f,UM77070,Control,0,,dead,1,708,,,,,,,,C2017|UM77070
UM-HET3,C2017,UM,f,UM77077,Control,0,,dead,1,1041,,,,,,,,C2017|UM77077
UM-HET3,C2017,UM,f,UM77084,Control,0,,dead,1,804,,,,,,,,C2017|UM77084
UM-HET3,C2017,UM,f,UM77091,Control,0,,dead,1,944,,,,,,,,C2017|UM77091
UM-HET3,C2017,UM,f,UM77539,Control,0,,dead,1,767,,,,,,,,C2017|UM77539
UM-HET3,C2017,UM,f,UM77546,Control,0,,dead,1,686,,,,,,,,C2017|UM77546
UM-HET3,C2017,UM,f,UM77553,Control,0,,dead,1,1128,,,,,,,,C2017|UM77553
UM-HET3,C2017,UM,f,UM77560,Control,0,,dead,1,928,,,,,,,,C2017|UM77560
UM-HET3,C2017,UM,f,UM78036,Control,0,,dead,1,1000,,,,,,,,C2017|UM78036
UM-HET3,C2017,UM,f,UM78043,Control,0,,dead,1,647,,,,,,,,C2017|UM78043
UM-HET3,C2017,UM,f,UM78050,Control,0,,dead,1,1000,,,,,,,,C2017|UM78050
UM-HET3,C2017,UM,f,UM78057,Control,0,,dead,1,413,,,,,,,,C2017|UM78057
UM-HET3,C2017,UM,f,UM78589,Control,0,,dead,1,864,,,,,,,,C2017|UM78589
UM-HET3,C2017,UM,f,UM78596,Control,0,,dead,1,806,,,,,,,,C2017|UM78596
UM-HET3,C2017,UM,f,UM78603,Control,0,,dead,1,829,,,,,,,,C2017|UM78603
UM-HET3,C2017,UM,f,UM78610,Control,0,,dead,1,936,,,,,,,,C2017|UM78610
UM-HET3,C2017,UM,m,UM70910,Control,0,,dead,1,923,,,,,,,,C2017|UM70910
UM-HET3,C2017,UM,m,UM70917,Control,0,,dead,1,481,,,,,,,,C2017|UM70917
UM-HET3,C2017,UM,m,UM70924,Control,0,,dead,1,924,,,,,,,,C2017|UM70924
UM-HET3,C2017,UM,m,UM71064,Control,0,,dead,1,392,,,,,,,,C2017|UM71064
UM-HET3,C2017,UM,m,UM71071,Control,0,,dead,1,375,,,,,,,,C2017|UM71071
UM-HET3,C2017,UM,m,UM71078,Control,0,,dead,1,494,,,,,,,,C2017|UM71078
UM-HET3,C2017,UM,m,UM71442,Control,0,,removed,0,332,,,,,,,,C2017|UM71442
UM-HET3,C2017,UM,m,UM71449,Control,0,,removed,0,332,,,,,,,,C2017|UM71449
UM-HET3,C2017,UM,m,UM71456,Control,0,,removed,0,332,,,,,,,,C2017|UM71456
UM-HET3,C2017,UM,m,UM71806,Control,0,,dead,1,836,,,,,,,,C2017|UM71806
UM-HET3,C2017,UM,m,UM71813,Control,0,,dead,1,628,,,,,,,,C2017|UM71813
UM-HET3,C2017,UM,m,UM71820,Control,0,,dead,1,922,,,,,,,,C2017|UM71820
UM-HET3,C2017,UM,m,UM72072,Control,0,,dead,1,502,,,,,,,,C2017|UM72072
UM-HET3,C2017,UM,m,UM72079,Control,0,,dead,1,717,,,,,,,,C2017|UM72079
UM-HET3,C2017,UM,m,UM72086,Control,0,,dead,1,848,,,,,,,,C2017|UM72086
UM-HET3,C2017,UM,m,UM72261,Control,0,,dead,1,733,,,,,,,,C2017|UM72261
UM-HET3,C2017,UM,m,UM72268,Control,0,,dead,1,482,,,,,,,,C2017|UM72268
UM-HET3,C2017,UM,m,UM72275,Control,0,,dead,1,1002,,,,,,,,C2017|UM72275
UM-HET3,C2017,UM,m,UM72450,Control,0,,removed,0,362,,,,,,,,C2017|UM72450
UM-HET3,C2017,UM,m,UM72457,Control,0,,removed,0,362,,,,,,,,C2017|UM72457
UM-HET3,C2017,UM,m,UM72464,Control,0,,removed,0,362,,,,,,,,C2017|UM72464
UM-HET3,C2017,UM,m,UM72751,Control,0,,dead,1,740,,,,,,,,C2017|UM72751
UM-HET3,C2017,UM,m,UM72758,Control,0,,dead,1,386,,,,,,,,C2017|UM72758
UM-HET3,C2017,UM,m,UM72765,Control,0,,dead,1,696,,,,,,,,C2017|UM72765
UM-HET3,C2017,UM,m,UM72884,Control,0,,dead,1,351,,,,,,,,C2017|UM72884
UM-HET3,C2017,UM,m,UM72891,Control,0,,dead,1,788,,,,,,,,C2017|UM72891
UM-HET3,C2017,UM,m,UM72898,Control,0,,dead,1,843,,,,,,,,C2017|UM72898
UM-HET3,C2017,UM,m,UM73318,Control,0,,dead,1,434,,,,,,,,C2017|UM73318
UM-HET3,C2017,UM,m,UM73325,Control,0,,dead,1,271,,,,,,,,C2017|UM73325
UM-HET3,C2017,UM,m,UM73332,Control,0,,dead,1,1016,,,,,,,,C2017|UM73332
UM-HET3,C2017,UM,m,UM73360,Control,0,,dead,1,968,,,,,,,,C2017|UM73360
UM-HET3,C2017,UM,m,UM73367,Control,0,,dead,1,1007,,,,,,,,C2017|UM73367
UM-HET3,C2017,UM,m,UM73374,Control,0,,dead,1,1004,,,,,,,,C2017|UM73374
UM-HET3,C2017,UM,m,UM73619,Control,0,,dead,1,994,,,,,,,,C2017|UM73619
UM-HET3,C2017,UM,m,UM73626,Control,0,,dead,1,374,,,,,,,,C2017|UM73626
UM-HET3,C2017,UM,m,UM73633,Control,0,,dead,1,956,,,,,,,,C2017|UM73633
UM-HET3,C2017,UM,m,UM73738,Control,0,,dead,1,556,,,,,,,,C2017|UM73738
UM-HET3,C2017,UM,m,UM73745,Control,0,,dead,1,1100,,,,,,,,C2017|UM73745
UM-HET3,C2017,UM,m,UM73752,Control,0,,dead,1,432,,,,,,,,C2017|UM73752
UM-HET3,C2017,UM,m,UM74109,Control,0,,dead,1,353,,,,,,,,C2017|UM74109
UM-HET3,C2017,UM,m,UM74116,Control,0,,removed,0,373,,,,,,,,C2017|UM74116
UM-HET3,C2017,UM,m,UM74123,Control,0,,removed,0,373,,,,,,,,C2017|UM74123
UM-HET3,C2017,UM,m,UM74753,Control,0,,dead,1,1186,,,,,,,,C2017|UM74753
UM-HET3,C2017,UM,m,UM74760,Control,0,,dead,1,901,,,,,,,,C2017|UM74760
UM-HET3,C2017,UM,m,UM74767,Control,0,,dead,1,341,,,,,,,,C2017|UM74767
UM-HET3,C2017,UM,m,UM74900,Control,0,,dead,1,1006,,,,,,,,C2017|UM74900
UM-HET3,C2017,UM,m,UM74907,Control,0,,dead,1,934,,,,,,,,C2017|UM74907
UM-HET3,C2017,UM,m,UM74914,Control,0,,dead,1,470,,,,,,,,C2017|UM74914
UM-HET3,C2017,UM,m,UM74949,Control,0,,dead,1,570,,,,,,,,C2017|UM74949
UM-HET3,C2017,UM,m,UM74956,Control,0,,dead,1,730,,,,,,,,C2017|UM74956
UM-HET3,C2017,UM,m,UM74963,Control,0,,dead,1,1022,,,,,,,,C2017|UM74963
UM-HET3,C2017,UM,m,UM75110,Control,0,,dead,1,642,,,,,,,,C2017|UM75110
UM-HET3,C2017,UM,m,UM75117,Control,0,,dead,1,413,,,,,,,,C2017|UM75117
UM-HET3,C2017,UM,m,UM75124,Control,0,,dead,1,860,,,,,,,,C2017|UM75124
UM-HET3,C2017,UM,m,UM75215,Control,0,,dead,1,820,,,,,,,,C2017|UM75215
UM-HET3,C2017,UM,m,UM75222,Control,0,,dead,1,1072,,,,,,,,C2017|UM75222
UM-HET3,C2017,UM,m,UM75229,Control,0,,dead,1,1066,,,,,,,,C2017|UM75229
UM-HET3,C2017,UM,m,UM75236,Control,0,,dead,1,447,,,,,,,,C2017|UM75236
UM-HET3,C2017,UM,m,UM75243,Control,0,,dead,1,908,,,,,,,,C2017|UM75243
UM-HET3,C2017,UM,m,UM75250,Control,0,,dead,1,977,,,,,,,,C2017|UM75250
UM-HET3,C2017,UM,m,UM75278,Control,0,,removed,0,413,,,,,,,,C2017|UM75278
UM-HET3,C2017,UM,m,UM75285,Control,0,,removed,0,413,,,,,,,,C2017|UM75285
UM-HET3,C2017,UM,m,UM75292,Control,0,,removed,0,413,,,,,,,,C2017|UM75292
UM-HET3,C2017,UM,m,UM75432,Control,0,,dead,1,317,,,,,,,,C2017|UM75432
UM-HET3,C2017,UM,m,UM75439,Control,0,,dead,1,826,,,,,,,,C2017|UM75439
UM-HET3,C2017,UM,m,UM75446,Control,0,,dead,1,813,,,,,,,,C2017|UM75446
UM-HET3,C2017,UM,m,UM75628,Control,0,,dead,1,883,,,,,,,,C2017|UM75628
UM-HET3,C2017,UM,m,UM75635,Control,0,,dead,1,881,,,,,,,,C2017|UM75635
UM-HET3,C2017,UM,m,UM75642,Control,0,,dead,1,646,,,,,,,,C2017|UM75642
UM-HET3,C2017,UM,m,UM75866,Control,0,,dead,1,466,,,,,,,,C2017|UM75866
UM-HET3,C2017,UM,m,UM75873,Control,0,,dead,1,303,,,,,,,,C2017|UM75873
UM-HET3,C2017,UM,m,UM75880,Control,0,,dead,1,734,,,,,,,,C2017|UM75880
UM-HET3,C2017,UM,m,UM76132,Control,0,,dead,1,371,,,,,,,,C2017|UM76132
UM-HET3,C2017,UM,m,UM76139,Control,0,,dead,1,630,,,,,,,,C2017|UM76139
UM-HET3,C2017,UM,m,UM76146,Control,0,,dead,1,373,,,,,,,,C2017|UM76146
UM-HET3,C2017,UM,m,UM76223,Control,0,,dead,1,932,,,,,,,,C2017|UM76223
UM-HET3,C2017,UM,m,UM76230,Control,0,,dead,1,977,,,,,,,,C2017|UM76230
UM-HET3,C2017,UM,m,UM76237,Control,0,,dead,1,1019,,,,,,,,C2017|UM76237
UM-HET3,C2017,UM,m,UM76426,Control,0,,dead,1,827,,,,,,,,C2017|UM76426
UM-HET3,C2017,UM,m,UM76433,Control,0,,dead,1,1042,,,,,,,,C2017|UM76433
UM-HET3,C2017,UM,m,UM76440,Control,0,,dead,1,1233,,,,,,,,C2017|UM76440
UM-HET3,C2017,UM,m,UM76475,Control,0,,dead,1,1137,,,,,,,,C2017|UM76475
UM-HET3,C2017,UM,m,UM76482,Control,0,,dead,1,1008,,,,,,,,C2017|UM76482
UM-HET3,C2017,UM,m,UM76489,Control,0,,dead,1,417,,,,,,,,C2017|UM76489
UM-HET3,C2017,UM,m,UM76545,Control,0,,dead,1,661,,,,,,,,C2017|UM76545
UM-HET3,C2017,UM,m,UM76552,Control,0,,dead,1,552,,,,,,,,C2017|UM76552
UM-HET3,C2017,UM,m,UM76559,Control,0,,dead,1,863,,,,,,,,C2017|UM76559
UM-HET3,C2017,UM,m,UM77224,Control,0,,dead,1,791,,,,,,,,C2017|UM77224
UM-HET3,C2017,UM,m,UM77231,Control,0,,dead,1,341,,,,,,,,C2017|UM77231
UM-HET3,C2017,UM,m,UM77238,Control,0,,dead,1,644,,,,,,,,C2017|UM77238
UM-HET3,C2017,UM,m,UM77350,Control,0,,dead,1,929,,,,,,,,C2017|UM77350
UM-HET3,C2017,UM,m,UM77357,Control,0,,dead,1,980,,,,,,,,C2017|UM77357
UM-HET3,C2017,UM,m,UM77364,Control,0,,dead,1,412,,,,,,,,C2017|UM77364
UM-HET3,C2017,UM,m,UM78064,Control,0,,dead,1,423,,,,,,,,C2017|UM78064
UM-HET3,C2017,UM,m,UM78071,Control,0,,dead,1,927,,,,,,,,C2017|UM78071
UM-HET3,C2017,UM,m,UM78078,Control,0,,dead,1,856,,,,,,,,C2017|UM78078
UM-HET3,C2017,UM,m,UM78211,Control,0,,dead,1,803,,,,,,,,C2017|UM78211
UM-HET3,C2017,UM,m,UM78218,Control,0,,dead,1,755,,,,,,,,C2017|UM78218
UM-HET3,C2017,UM,m,UM78225,Control,0,,dead,1,349,,,,,,,,C2017|UM78225
UM-HET3,C2017,UT,f,UT09794,Control,0,,dead,1,760,,,,31.4,47.799999,,,C2017|UT09794
UM-HET3,C2017,UT,f,UT09795,Control,0,,dead,1,1020,,,,32.599998,30.799999,,,C2017|UT09795
UM-HET3,C2017,UT,f,UT09796,Control,0,,dead,1,722,,,,28.9,40.400002,,,C2017|UT09796
UM-HET3,C2017,UT,f,UT09797,Control,0,,dead,1,794,,,,25.299999,38.400002,,,C2017|UT09797
UM-HET3,C2017,UT,f,UT09833,Control,0,,dead,1,801,,,,24.5,41.299999,,,C2017|UT09833
UM-HET3,C2017,UT,f,UT09834,Control,0,,dead,1,910,,,,22.700001,33.200001,,,C2017|UT09834
UM-HET3,C2017,UT,f,UT09835,Control,0,,dead,1,858,,,,30.200001,48.0,,,C2017|UT09835
UM-HET3,C2017,UT,f,UT09836,Control,0,,dead,1,832,,,,30.700001,43.799999,,,C2017|UT09836
UM-HET3,C2017,UT,f,UT09897,Control,0,,dead,1,690,,,,29.700001,37.799999,,,C2017|UT09897
UM-HET3,C2017,UT,f,UT09898,Control,0,,dead,1,556,,,,24.700001,33.900002,,,C2017|UT09898
UM-HET3,C2017,UT,f,UT09899,Control,0,,dead,1,1007,,,,23.200001,33.299999,,,C2017|UT09899
UM-HET3,C2017,UT,f,UT09900,Control,0,,dead,1,906,,,,25.200001,33.900002,,,C2017|UT09900
UM-HET3,C2017,UT,f,UT09904,Control,0,,dead,1,1094,,,,25.1,32.900002,,,C2017|UT09904
UM-HET3,C2017,UT,f,UT09905,Control,0,,dead,1,622,,,,25.1,27.9,,,C2017|UT09905
UM-HET3,C2017,UT,f,UT09906,Control,0,,dead,1,812,,,,28.700001,44.5,,,C2017|UT09906
UM-HET3,C2017,UT,f,UT09907,Control,0,,dead,1,794,,,,26.200001,36.200001,,,C2017|UT09907
UM-HET3,C2017,UT,f,UT09994,Control,0,,dead,1,943,,,,33.200001,49.200001,,,C2017|UT09994
UM-HET3,C2017,UT,f,UT09995,Control,0,,dead,1,952,,,,25.700001,36.200001,,,C2017|UT09995
UM-HET3,C2017,UT,f,UT09996,Control,0,,dead,1,1049,,,,31.6,47.400002,,,C2017|UT09996
UM-HET3,C2017,UT,f,UT09997,Control,0,,dead,1,1198,,,,26.0,36.599998,,,C2017|UT09997
UM-HET3,C2017,UT,f,UT10083,Control,0,,dead,1,939,,,,23.299999,33.099998,,,C2017|UT10083
UM-HET3,C2017,UT,f,UT10084,Control,0,,dead,1,936,,,,23.299999,33.099998,,,C2017|UT10084
UM-HET3,C2017,UT,f,UT10085,Control,0,,dead,1,1079,,,,25.1,30.9,,,C2017|UT10085
UM-HET3,C2017,UT,f,UT10086,Control,0,,dead,1,635,,,,26.700001,40.200001,,,C2017|UT10086
UM-HET3,C2017,UT,f,UT10104,Control,0,,dead,1,770,,,,25.1,28.799999,,,C2017|UT10104
UM-HET3,C2017,UT,f,UT10105,Control,0,,dead,1,976,,,,30.799999,34.799999,,,C2017|UT10105
UM-HET3,C2017,UT,f,UT10106,Control,0,,dead,1,602,,,,40.900002,50.799999,,,C2017|UT10106
UM-HET3,C2017,UT,f,UT10107,Control,0,,dead,1,1125,,,,30.6,36.900002,,,C2017|UT10107
UM-HET3,C2017,UT,f,UT10135,Control,0,,dead,1,436,,,,38.0,48.0,,,C2017|UT10135
UM-HET3,C2017,UT,f,UT10136,Control,0,,dead,1,477,,,,29.4,42.099998,,,C2017|UT10136
UM-HET3,C2017,UT,f,UT10137,Control,0,,dead,1,884,,,,32.900002,50.400002,,,C2017|UT10137
UM-HET3,C2017,UT,f,UT10138,Control,0,,dead,1,950,,,,25.4,33.799999,,,C2017|UT10138
UM-HET3,C2017,UT,f,UT10192,Control,0,,dead,1,901,,,,34.599998,51.099998,,,C2017|UT10192
UM-HET3,C2017,UT,f,UT10193,Control,0,,dead,1,900,,,,39.400002,53.099998,,,C2017|UT10193
UM-HET3,C2017,UT,f,UT10194,Control,0,,dead,1,886,,,,33.099998,44.700001,,,C2017|UT10194
UM-HET3,C2017,UT,f,UT10195,Control,0,,dead,1,772,,,,34.700001,55.400002,,,C2017|UT10195
UM-HET3,C2017,UT,f,UT10214,Control,0,,dead,1,682,,,,27.5,42.5,,,C2017|UT10214
UM-HET3,C2017,UT,f,UT10215,Control,0,,removed,0,520,,,,,,,,C2017|UT10215
UM-HET3,C2017,UT,f,UT10216,Control,0,,removed,0,519,,,,,,,,C2017|UT10216
UM-HET3,C2017,UT,f,UT10217,Control,0,,dead,1,643,,,,30.799999,43.299999,,,C2017|UT10217
UM-HET3,C2017,UT,f,UT10266,Control,0,,dead,1,975,,,,28.200001,39.799999,,,C2017|UT10266
UM-HET3,C2017,UT,f,UT10267,Control,0,,dead,1,979,,,,24.1,36.5,,,C2017|UT10267
UM-HET3,C2017,UT,f,UT10268,Control,0,,dead,1,788,,,,33.099998,50.700001,,,C2017|UT10268
UM-HET3,C2017,UT,f,UT10269,Control,0,,dead,1,1046,,,,30.799999,41.400002,,,C2017|UT10269
UM-HET3,C2017,UT,f,UT10270,Control,0,,dead,1,378,,,,36.700001,45.900002,,,C2017|UT10270
UM-HET3,C2017,UT,f,UT10271,Control,0,,dead,1,816,,,,30.0,43.5,,,C2017|UT10271
UM-HET3,C2017,UT,f,UT10272,Control,0,,dead,1,964,,,,36.599998,53.700001,,,C2017|UT10272
UM-HET3,C2017,UT,f,UT10273,Control,0,,dead,1,960,,,,34.299999,47.599998,,,C2017|UT10273
UM-HET3,C2017,UT,f,UT10317,Control,0,,dead,1,556,,,,25.5,38.900002,,,C2017|UT10317
UM-HET3,C2017,UT,f,UT10318,Control,0,,dead,1,884,,,,26.799999,38.099998,,,C2017|UT10318
UM-HET3,C2017,UT,f,UT10319,Control,0,,dead,1,942,,,,27.6,42.5,,,C2017|UT10319
UM-HET3,C2017,UT,f,UT10320,Control,0,,dead,1,674,,,,31.5,47.0,,,C2017|UT10320
UM-HET3,C2017,UT,f,UT10453,Control,0,,dead,1,622,,,,25.299999,40.200001,,,C2017|UT10453
UM-HET3,C2017,UT,f,UT10454,Control,0,,dead,1,773,,,,44.400002,64.099998,,,C2017|UT10454
UM-HET3,C2017,UT,f,UT10455,Control,0,,dead,1,710,,,,24.0,32.0,,,C2017|UT10455
UM-HET3,C2017,UT,f,UT10456,Control,0,,dead,1,837,,,,26.1,43.0,,,C2017|UT10456
UM-HET3,C2017,UT,f,UT10605,Control,0,,dead,1,1013,,,,32.900002,44.299999,,,C2017|UT10605
UM-HET3,C2017,UT,f,UT10606,Control,0,,dead,1,924,,,,29.799999,49.599998,,,C2017|UT10606
UM-HET3,C2017,UT,f,UT10607,Control,0,,dead,1,827,,,,42.299999,55.099998,,,C2017|UT10607
UM-HET3,C2017,UT,f,UT10608,Control,0,,dead,1,937,,,,35.299999,50.299999,,,C2017|UT10608
UM-HET3,C2017,UT,f,UT10633,Control,0,,dead,1,754,,,,26.299999,32.299999,,,C2017|UT10633
UM-HET3,C2017,UT,f,UT10634,Control,0,,dead,1,878,,,,24.6,38.5,,,C2017|UT10634
UM-HET3,C2017,UT,f,UT10635,Control,0,,dead,1,709,,,,34.799999,60.0,,,C2017|UT10635
UM-HET3,C2017,UT,f,UT10636,Control,0,,dead,1,696,,,,29.1,48.400002,,,C2017|UT10636
UM-HET3,C2017,UT,f,UT10665,Control,0,,dead,1,878,,,,34.5,54.200001,,,C2017|UT10665
UM-HET3,C2017,UT,f,UT10666,Control,0,,dead,1,769,,,,40.0,60.799999,,,C2017|UT10666
UM-HET3,C2017,UT,f,UT10667,Control,0,,dead,1,844,,,,34.799999,47.599998,,,C2017|UT10667
UM-HET3,C2017,UT,f,UT10668,Control,0,,dead,1,794,,,,26.6,37.0,,,C2017|UT10668
UM-HET3,C2017,UT,f,UT10669,Control,0,,dead,1,813,,,,23.700001,41.200001,,,C2017|UT10669
UM-HET3,C2017,UT,f,UT10670,Control,0,,dead,1,462,,,,30.1,36.200001,,,C2017|UT10670
UM-HET3,C2017,UT,f,UT10671,Control,0,,dead,1,733,,,,23.9,30.700001,,,C2017|UT10671
UM-HET3,C2017,UT,f,UT10672,Control,0,,dead,1,594,,,,24.5,25.700001,,,C2017|UT10672
UM-HET3,C2017,UT,f,UT10696,Control,0,,dead,1,609,,,,35.200001,46.5,,,C2017|UT10696
UM-HET3,C2017,UT,f,UT10697,Control,0,,dead,1,952,,,,34.700001,45.099998,,,C2017|UT10697
UM-HET3,C2017,UT,f,UT10698,Control,0,,dead,1,819,,,,25.299999,38.599998,,,C2017|UT10698
UM-HET3,C2017,UT,f,UT10699,Control,0,,dead,1,881,,,,37.400002,53.0,,,C2017|UT10699
UM-HET3,C2017,UT,f,UT10709,Control,0,,dead,1,573,,,,34.299999,58.400002,,,C2017|UT10709
UM-HET3,C2017,UT,f,UT10710,Control,0,,dead,1,776,,,,40.5,57.400002,,,C2017|UT10710
UM-HET3,C2017,UT,f,UT10711,Control,0,,dead,1,802,,,,27.299999,43.0,,,C2017|UT10711
UM-HET3,C2017,UT,f,UT10712,Control,0,,dead,1,879,,,,22.6,25.5,,,C2017|UT10712
UM-HET3,C2017,UT,f,UT10756,Control,0,,dead,1,820,,,,34.400002,58.900002,,,C2017|UT10756
UM-HET3,C2017,UT,f,UT10757,Control,0,,dead,1,949,,,,36.0,49.900002,,,C2017|UT10757
UM-HET3,C2017,UT,f,UT10758,Control,0,,dead,1,510,,,,52.5,59.400002,,,C2017|UT10758
UM-HET3,C2017,UT,f,UT10759,Control,0,,dead,1,907,,,,31.0,46.900002,,,C2017|UT10759
UM-HET3,C2017,UT,f,UT10786,Control,0,,dead,1,832,,,,35.700001,46.200001,,,C2017|UT10786
UM-HET3,C2017,UT,f,UT10787,Control,0,,dead,1,693,,,,39.599998,52.400002,,,C2017|UT10787
UM-HET3,C2017,UT,f,UT10788,Control,0,,dead,1,647,,,,33.0,47.5,,,C2017|UT10788
UM-HET3,C2017,UT,f,UT10789,Control,0,,dead,1,560,,,,33.599998,41.900002,,,C2017|UT10789
UM-HET3,C2017,UT,f,UT10800,Control,0,,dead,1,830,,,,24.700001,33.799999,,,C2017|UT10800
UM-HET3,C2017,UT,f,UT10801,Control,0,,dead,1,857,,,,32.200001,55.0,,,C2017|UT10801
UM-HET3,C2017,UT,f,UT10802,Control,0,,dead,1,256,,,,25.4,,,,C2017|UT10802
UM-HET3,C2017,UT,f,UT10803,Control,0,,dead,1,943,,,,26.6,33.900002,,,C2017|UT10803
UM-HET3,C2017,UT,m,UT09798,Control,0,,dead,1,758,,,,36.0,45.099998,,,C2017|UT09798
UM-HET3,C2017,UT,m,UT09799,Control,0,,dead,1,529,,,,42.0,48.400002,,,C2017|UT09799
UM-HET3,C2017,UT,m,UT09800,Control,0,,dead,1,818,,,,31.4,48.400002,,,C2017|UT09800
UM-HET3,C2017,UT,m,UT09925,Control,0,,dead,1,555,,,,43.400002,50.599998,,,C2017|UT09925
UM-HET3,C2017,UT,m,UT09926,Control,0,,dead,1,391,,,,33.599998,42.799999,,,C2017|UT09926
UM-HET3,C2017,UT,m,UT09927,Control,0,,dead,1,871,,,,38.5,45.099998,,,C2017|UT09927
UM-HET3,C2017,UT,m,UT09957,Control,0,,dead,1,372,,,,44.900002,51.5,,,C2017|UT09957
UM-HET3,C2017,UT,m,UT09958,Control,0,,dead,1,578,,,,48.0,55.099998,,,C2017|UT09958
UM-HET3,C2017,UT,m,UT09959,Control,0,,dead,1,694,,,,38.0,47.5,,,C2017|UT09959
UM-HET3,C2017,UT,m,UT10094,Control,0,,removed,0,406,,,,,,,,C2017|UT10094
UM-HET3,C2017,UT,m,UT10095,Control,0,,dead,1,1110,,,,35.900002,40.700001,,,C2017|UT10095
UM-HET3,C2017,UT,m,UT10096,Control,0,,dead,1,531,,,,39.599998,49.0,,,C2017|UT10096
UM-HET3,C2017,UT,m,UT10108,Control,0,,dead,1,593,,,,42.799999,49.099998,,,C2017|UT10108
UM-HET3,C2017,UT,m,UT10109,Control,0,,dead,1,787,,,,46.599998,54.900002,,,C2017|UT10109
UM-HET3,C2017,UT,m,UT10110,Control,0,,dead,1,766,,,,45.700001,53.400002,,,C2017|UT10110
UM-HET3,C2017,UT,m,UT10149,Control,0,,dead,1,622,,,,45.099998,50.599998,,,C2017|UT10149
UM-HET3,C2017,UT,m,UT10150,Control,0,,dead,1,760,,,,45.299999,50.400002,,,C2017|UT10150
UM-HET3,C2017,UT,m,UT10151,Control,0,,dead,1,752,,,,46.5,53.900002,,,C2017|UT10151
UM-HET3,C2017,UT,m,UT10173,Control,0,,dead,1,633,,,,39.700001,46.400002,,,C2017|UT10173
UM-HET3,C2017,UT,m,UT10174,Control,0,,dead,1,574,,,,42.400002,48.0,,,C2017|UT10174
UM-HET3,C2017,UT,m,UT10175,Control,0,,dead,1,712,,,,47.099998,51.400002,,,C2017|UT10175
UM-HET3,C2017,UT,m,UT10176,Control,0,,dead,1,570,,,,44.700001,49.099998,,,C2017|UT10176
UM-HET3,C2017,UT,m,UT10177,Control,0,,dead,1,943,,,,44.799999,51.099998,,,C2017|UT10177
UM-HET3,C2017,UT,m,UT10178,Control,0,,dead,1,362,,,,43.400002,,,,C2017|UT10178
UM-HET3,C2017,UT,m,UT10189,Control,0,,dead,1,880,,,,48.400002,61.400002,,,C2017|UT10189
UM-HET3,C2017,UT,m,UT10190,Control,0,,dead,1,339,,,,44.599998,,,,C2017|UT10190
UM-HET3,C2017,UT,m,UT10191,Control,0,,dead,1,341,,,,41.700001,,,,C2017|UT10191
UM-HET3,C2017,UT,m,UT10196,Control,0,,dead,1,333,,,,41.0,,,,C2017|UT10196
UM-HET3,C2017,UT,m,UT10197,Control,0,,dead,1,451,,,,50.799999,61.0,,,C2017|UT10197
UM-HET3,C2017,UT,m,UT10198,Control,0,,dead,1,401,,,,37.099998,44.700001,,,C2017|UT10198
UM-HET3,C2017,UT,m,UT10236,Control,0,,dead,1,440,,,,44.099998,55.900002,,,C2017|UT10236
UM-HET3,C2017,UT,m,UT10237,Control,0,,dead,1,712,,,,43.5,52.799999,,,C2017|UT10237
UM-HET3,C2017,UT,m,UT10238,Control,0,,dead,1,867,,,,36.700001,48.200001,,,C2017|UT10238
UM-HET3,C2017,UT,m,UT10304,Control,0,,dead,1,280,,,,49.200001,,,,C2017|UT10304
UM-HET3,C2017,UT,m,UT10305,Control,0,,dead,1,1116,,,,43.0,46.400002,,,C2017|UT10305
UM-HET3,C2017,UT,m,UT10306,Control,0,,removed,0,589,,,,,,,,C2017|UT10306
UM-HET3,C2017,UT,m,UT10485,Control,0,,dead,1,825,,,,30.9,37.599998,,,C2017|UT10485
UM-HET3,C2017,UT,m,UT10486,Control,0,,dead,1,301,,,,45.0,,,,C2017|UT10486
UM-HET3,C2017,UT,m,UT10487,Control,0,,dead,1,840,,,,33.799999,44.0,,,C2017|UT10487
UM-HET3,C2017,UT,m,UT10562,Control,0,,dead,1,690,,,,34.700001,47.299999,,,C2017|UT10562
UM-HET3,C2017,UT,m,UT10563,Control,0,,dead,1,872,,,,38.0,44.799999,,,C2017|UT10563
UM-HET3,C2017,UT,m,UT10564,Control,0,,dead,1,1029,,,,33.599998,40.599998,,,C2017|UT10564
UM-HET3,C2017,UT,m,UT10569,Control,0,,dead,1,255,,,,48.900002,,,,C2017|UT10569
UM-HET3,C2017,UT,m,UT10570,Control,0,,dead,1,676,,,,43.400002,48.099998,,,C2017|UT10570
UM-HET3,C2017,UT,m,UT10571,Control,0,,dead,1,426,,,,43.099998,49.200001,,,C2017|UT10571
UM-HET3,C2017,UT,m,UT10579,Control,0,,dead,1,332,,,,45.099998,,,,C2017|UT10579
UM-HET3,C2017,UT,m,UT10580,Control,0,,dead,1,547,,,,43.900002,49.5,,,C2017|UT10580
UM-HET3,C2017,UT,m,UT10581,Control,0,,dead,1,685,,,,44.099998,45.700001,,,C2017|UT10581
UM-HET3,C2017,UT,m,UT10596,Control,0,,dead,1,886,,,,46.799999,52.099998,,,C2017|UT10596
UM-HET3,C2017,UT,m,UT10597,Control,0,,dead,1,262,,,,48.200001,,,,C2017|UT10597
UM-HET3,C2017,UT,m,UT10598,Control,0,,dead,1,793,,,,41.400002,43.799999,,,C2017|UT10598
UM-HET3,C2017,UT,m,UT10599,Control,0,,dead,1,986,,,,47.099998,51.700001,,,C2017|UT10599
UM-HET3,C2017,UT,m,UT10600,Control,0,,dead,1,632,,,,39.799999,47.799999,,,C2017|UT10600
UM-HET3,C2017,UT,m,UT10601,Control,0,,dead,1,1009,,,,42.299999,48.900002,,,C2017|UT10601
UM-HET3,C2017,UT,m,UT10630,Control,0,,dead,1,286,,,,46.900002,,,,C2017|UT10630
UM-HET3,C2017,UT,m,UT10631,Control,0,,dead,1,919,,,,40.700001,48.400002,,,C2017|UT10631
UM-HET3,C2017,UT,m,UT10632,Control,0,,dead,1,784,,,,41.299999,46.099998,,,C2017|UT10632
UM-HET3,C2017,UT,m,UT10651,Control,0,,dead,1,681,,,,42.799999,59.700001,,,C2017|UT10651
UM-HET3,C2017,UT,m,UT10652,Control,0,,dead,1,345,,,,57.0,,,,C2017|UT10652
UM-HET3,C2017,UT,m,UT10653,Control,0,,dead,1,421,,,,34.099998,47.5,,,C2017|UT10653
UM-HET3,C2017,UT,m,UT10673,Control,0,,dead,1,789,,,,42.599998,49.0,,,C2017|UT10673
UM-HET3,C2017,UT,m,UT10674,Control,0,,dead,1,818,,,,46.900002,50.799999,,,C2017|UT10674
UM-HET3,C2017,UT,m,UT10675,Control,0,,dead,1,538,,,,45.900002,47.5,,,C2017|UT10675
UM-HET3,C2017,UT,m,UT10687,Control,0,,dead,1,963,,,,43.900002,48.099998,,,C2017|UT10687
UM-HET3,C2017,UT,m,UT10688,Control,0,,dead,1,416,,,,40.900002,43.299999,,,C2017|UT10688
UM-HET3,C2017,UT,m,UT10689,Control,0,,dead,1,299,,,,49.599998,,,,C2017|UT10689
UM-HET3,C2017,UT,m,UT10693,Control,0,,dead,1,255,,,,46.900002,,,,C2017|UT10693
UM-HET3,C2017,UT,m,UT10694,Control,0,,dead,1,700,,,,39.799999,49.0,,,C2017|UT10694
UM-HET3,C2017,UT,m,UT10695,Control,0,,dead,1,334,,,,41.400002,,,,C2017|UT10695
UM-HET3,C2017,UT,m,UT10720,Control,0,,dead,1,864,,,,43.0,50.0,,,C2017|UT10720
UM-HET3,C2017,UT,m,UT10721,Control,0,,dead,1,856,,,,34.099998,46.299999,,,C2017|UT10721
UM-HET3,C2017,UT,m,UT10722,Control,0,,dead,1,291,,,,45.400002,,,,C2017|UT10722
UM-HET3,C2017,UT,m,UT10770,Control,0,,dead,1,681,,,,40.099998,49.5,,,C2017|UT10770
UM-HET3,C2017,UT,m,UT10771,Control,0,,dead,1,1165,,,,37.799999,43.400002,,,C2017|UT10771
UM-HET3,C2017,UT,m,UT10772,Control,0,,dead,1,318,,,,47.5,,,,C2017|UT10772
UM-HET3,C2017,UT,m,UT10780,Control,0,,dead,1,664,,,,36.200001,52.0,,,C2017|UT10780
UM-HET3,C2017,UT,m,UT10781,Control,0,,dead,1,1258,,,,40.200001,43.5,,,C2017|UT10781
UM-HET3,C2017,UT,m,UT10782,Control,0,,dead,1,323,,,,55.799999,,,,C2017|UT10782
UM-HET3,C2017,UT,m,UT10804,Control,0,,dead,1,1157,,,,27.9,33.099998,,,C2017|UT10804
UM-HET3,C2017,UT,m,UT10805,Control,0,,dead,1,692,,,,48.5,59.599998,,,C2017|UT10805
UM-HET3,C2017,UT,m,UT10806,Control,0,,dead,1,340,,,,44.900002,,,,C2017|UT10806
UM-HET3,C2017,UT,m,UT10831,Control,0,,dead,1,503,,,,53.299999,61.200001,,,C2017|UT10831
UM-HET3,C2017,UT,m,UT10832,Control,0,,dead,1,964,,,,45.900002,46.900002,,,C2017|UT10832
UM-HET3,C2017,UT,m,UT10833,Control,0,,dead,1,441,,,,47.5,56.799999,,,C2017|UT10833
UM-HET3,C2017,UT,m,UT10859,Control,0,,dead,1,819,,,,41.599998,45.0,,,C2017|UT10859
UM-HET3,C2017,UT,m,UT10860,Control,0,,dead,1,553,,,,38.599998,40.700001,,,C2017|UT10860
UM-HET3,C2017,UT,m,UT10861,Control,0,,dead,1,854,,,,30.1,39.200001,,,C2017|UT10861
UM-HET3,C2017,UT,m,UT10869,Control,0,,dead,1,953,,,,36.299999,44.299999,,,C2017|UT10869
UM-HET3,C2017,UT,m,UT10870,Control,0,,dead,1,962,,,,34.400002,47.5,,,C2017|UT10870
UM-HET3,C2017,UT,m,UT10871,Control,0,,dead,1,789,,,,44.0,49.0,,,C2017|UT10871
UM-HET3,C2017,UT,m,UT10911,Control,0,,removed,0,413,,,,,,,,C2017|UT10911
UM-HET3,C2017,UT,m,UT10912,Control,0,,dead,1,400,,,,51.200001,53.0,,,C2017|UT10912
UM-HET3,C2017,UT,m,UT10913,Control,0,,removed,0,413,,,,,,,,C2017|UT10913
UM-HET3,C2017,UT,m,UT10914,Control,0,,dead,1,694,,,,46.700001,47.599998,,,C2017|UT10914
UM-HET3,C2017,UT,m,UT10915,Control,0,,dead,1,215,,,,44.5,,,,C2017|UT10915
UM-HET3,C2017,UT,m,UT10916,Control,0,,dead,1,625,,,,44.599998,45.700001,,,C2017|UT10916
UM-HET3,C2017,UT,m,UT11153,Control,0,,dead,1,312,,,,45.400002,,,,C2017|UT11153
UM-HET3,C2017,UT,m,UT11154,Control,0,,dead,1,307,,,,47.5,,,,C2017|UT11154
UM-HET3,C2017,UT,m,UT11155,Control,0,,dead,1,773,,,,43.0,47.0,,,C2017|UT11155
UM-HET3,C2018,TJL,f,JL17001,Control,,,dead,1,977,0.0,,,26.0,31.0,,,C2018|JL17001
UM-HET3,C2018,TJL,f,JL17002,Control,,,dead,1,977,0.0,,,45.0,66.0,,,C2018|JL17002
UM-HET3,C2018,TJL,f,JL17003,Control,,,dead,1,1081,0.0,,,23.0,29.0,,,C2018|JL17003
UM-HET3,C2018,TJL,f,JL17004,Control,,,dead,1,841,0.0,,,30.0,39.0,,,C2018|JL17004
UM-HET3,C2018,TJL,f,JL17029,Control,,,dead,1,935,0.0,,,23.0,23.0,,,C2018|JL17029
UM-HET3,C2018,TJL,f,JL17030,Control,,,dead,1,791,0.0,,,27.0,31.0,,,C2018|JL17030
UM-HET3,C2018,TJL,f,JL17031,Control,,,dead,1,897,0.0,,,30.0,34.0,,,C2018|JL17031
UM-HET3,C2018,TJL,f,JL17032,Control,,,dead,1,908,0.0,,,29.0,35.0,,,C2018|JL17032
UM-HET3,C2018,TJL,f,JL17037,Control,,,dead,1,825,0.0,,,32.0,47.0,,,C2018|JL17037
UM-HET3,C2018,TJL,f,JL17038,Control,,,dead,1,995,0.0,,,26.0,37.0,,,C2018|JL17038
UM-HET3,C2018,TJL,f,JL17039,Control,,,dead,1,1104,0.0,,,31.0,39.0,,,C2018|JL17039
UM-HET3,C2018,TJL,f,JL17040,Control,,,dead,1,852,0.0,,,39.0,48.0,,,C2018|JL17040
UM-HET3,C2018,TJL,f,JL17111,Control,,,dead,1,805,0.0,,,33.0,46.0,,,C2018|JL17111
UM-HET3,C2018,TJL,f,JL17112,Control,,,dead,1,972,0.0,,,27.0,39.0,,,C2018|JL17112
UM-HET3,C2018,TJL,f,JL17113,Control,,,dead,1,831,0.0,,,36.0,49.0,,,C2018|JL17113
UM-HET3,C2018,TJL,f,JL17114,Control,,,dead,1,625,0.0,,,34.0,44.0,,,C2018|JL17114
UM-HET3,C2018,TJL,f,JL17141,Control,,,dead,1,694,0.0,,,43.0,51.0,,,C2018|JL17141
UM-HET3,C2018,TJL,f,JL17142,Control,,,dead,1,901,0.0,,,34.0,47.0,,,C2018|JL17142
UM-HET3,C2018,TJL,f,JL17143,Control,,,dead,1,821,0.0,,,32.0,54.0,,,C2018|JL17143
UM-HET3,C2018,TJL,f,JL17144,Control,,,dead,1,917,0.0,,,29.0,36.0,,,C2018|JL17144
UM-HET3,C2018,TJL,f,JL17195,Control,,,dead,1,992,0.0,,,43.0,53.0,,,C2018|JL17195
UM-HET3,C2018,TJL,f,JL17196,Control,,,dead,1,771,0.0,,,47.0,57.0,,,C2018|JL17196
UM-HET3,C2018,TJL,f,JL17197,Control,,,dead,1,928,0.0,,,34.0,44.0,,,C2018|JL17197
UM-HET3,C2018,TJL,f,JL17198,Control,,,dead,1,586,0.0,,,39.0,49.0,,,C2018|JL17198
UM-HET3,C2018,TJL,f,JL17230,Control,,,dead,1,817,0.0,,,27.0,35.0,,,C2018|JL17230
UM-HET3,C2018,TJL,f,JL17231,Control,,,dead,1,838,0.0,,,38.0,47.0,,,C2018|JL17231
UM-HET3,C2018,TJL,f,JL17232,Control,,,dead,1,1242,0.0,,,35.0,50.0,,,C2018|JL17232
UM-HET3,C2018,TJL,f,JL17233,Control,,,dead,1,670,0.0,,,44.0,51.0,,,C2018|JL17233
UM-HET3,C2018,TJL,f,JL17249,Control,,,dead,1,1173,0.0,,,30.0,35.0,,,C2018|JL17249
UM-HET3,C2018,TJL,f,JL17250,Control,,,dead,1,608,0.0,,,29.0,37.0,,,C2018|JL17250
UM-HET3,C2018,TJL,f,JL17251,Control,,,dead,1,1163,0.0,,,31.0,37.0,,,C2018|JL17251
UM-HET3,C2018,TJL,f,JL17252,Control,,,dead,1,998,0.0,,,40.0,52.0,,,C2018|JL17252
UM-HET3,C2018,TJL,f,JL17257,Control,,,dead,1,1085,0.0,,,36.0,39.0,,,C2018|JL17257
UM-HET3,C2018,TJL,f,JL17258,Control,,,dead,1,1259,0.0,,,43.0,52.0,,,C2018|JL17258
UM-HET3,C2018,TJL,f,JL17259,Control,,,dead,1,1154,0.0,,,35.0,41.0,,,C2018|JL17259
UM-HET3,C2018,TJL,f,JL17260,Control,,,dead,1,545,0.0,,,27.0,28.0,,,C2018|JL17260
UM-HET3,C2018,TJL,f,JL17277,Control,,,dead,1,949,0.0,,,28.0,35.0,,,C2018|JL17277
UM-HET3,C2018,TJL,f,JL17278,Control,,,dead,1,845,0.0,,,33.0,44.0,,,C2018|JL17278
UM-HET3,C2018,TJL,f,JL17279,Control,,,dead,1,749,0.0,,,31.0,43.0,,,C2018|JL17279
UM-HET3,C2018,TJL,f,JL17280,Control,,,dead,1,1054,0.0,,,35.0,41.0,,,C2018|JL17280
UM-HET3,C2018,TJL,f,JL17335,Control,,,dead,1,489,0.0,,,40.0,52.0,,,C2018|JL17335
UM-HET3,C2018,TJL,f,JL17336,Control,,,dead,1,933,0.0,,,39.0,52.0,,,C2018|JL17336
UM-HET3,C2018,TJL,f,JL17337,Control,,,dead,1,1167,0.0,,,38.0,49.0,,,C2018|JL17337
UM-HET3,C2018,TJL,f,JL17338,Control,,,dead,1,722,0.0,,,39.0,53.0,,,C2018|JL17338
UM-HET3,C2018,TJL,f,JL17369,Control,,,dead,1,997,0.0,,,36.0,47.0,,,C2018|JL17369
UM-HET3,C2018,TJL,f,JL17370,Control,,,dead,1,788,0.0,,,42.0,48.0,,,C2018|JL17370
UM-HET3,C2018,TJL,f,JL17371,Control,,,dead,1,725,0.0,,,34.0,37.0,,,C2018|JL17371
UM-HET3,C2018,TJL,f,JL17372,Control,,,dead,1,931,0.0,,,28.0,38.0,,,C2018|JL17372
UM-HET3,C2018,TJL,f,JL17377,Control,,,dead,1,1186,0.0,,,29.0,35.0,,,C2018|JL17377
UM-HET3,C2018,TJL,f,JL17378,Control,,,dead,1,871,0.0,,,29.0,38.0,,,C2018|JL17378
UM-HET3,C2018,TJL,f,JL17379,Control,,,dead,1,645,0.0,,,36.0,40.0,,,C2018|JL17379
UM-HET3,C2018,TJL,f,JL17380,Control,,,dead,1,885,0.0,,,25.0,33.0,,,C2018|JL17380
UM-HET3,C2018,TJL,f,JL17381,Control,,,dead,1,900,0.0,,,35.0,46.0,,,C2018|JL17381
UM-HET3,C2018,TJL,f,JL17382,Control,,,dead,1,902,0.0,,,40.0,55.0,,,C2018|JL17382
UM-HET3,C2018,TJL,f,JL17383,Control,,,dead,1,997,0.0,,,38.0,48.0,,,C2018|JL17383
UM-HET3,C2018,TJL,f,JL17384,Control,,,dead,1,1318,0.0,,,29.0,38.0,,,C2018|JL17384
UM-HET3,C2018,TJL,f,JL17413,Control,,,dead,1,976,0.0,,,33.0,43.0,,,C2018|JL17413
UM-HET3,C2018,TJL,f,JL17414,Control,,,dead,1,1151,0.0,,,34.0,41.0,,,C2018|JL17414
UM-HET3,C2018,TJL,f,JL17415,Control,,,dead,1,919,0.0,,,30.0,37.0,,,C2018|JL17415
UM-HET3,C2018,TJL,f,JL17416,Control,,,dead,1,968,0.0,,,42.0,56.0,,,C2018|JL17416
UM-HET3,C2018,TJL,f,JL17432,Control,,,dead,1,847,0.0,,,44.0,53.0,,,C2018|JL17432
UM-HET3,C2018,TJL,f,JL17433,Control,,,dead,1,1152,0.0,,,38.0,48.0,,,C2018|JL17433
UM-HET3,C2018,TJL,f,JL17434,Control,,,dead,1,862,0.0,,,48.0,60.0,,,C2018|JL17434
UM-HET3,C2018,TJL,f,JL17435,Control,,,dead,1,610,0.0,,,35.0,49.0,,,C2018|JL17435
UM-HET3,C2018,TJL,f,JL17515,Control,,,dead,1,961,0.0,,,35.0,45.0,,,C2018|JL17515
UM-HET3,C2018,TJL,f,JL17516,Control,,,dead,1,1182,0.0,,,40.0,41.0,,,C2018|JL17516
UM-HET3,C2018,TJL,f,JL17517,Control,,,dead,1,1227,0.0,,,42.0,53.0,,,C2018|JL17517
UM-HET3,C2018,TJL,f,JL17518,Control,,,dead,1,749,0.0,,,30.0,36.0,,,C2018|JL17518
UM-HET3,C2018,TJL,f,JL17563,Control,,,dead,1,851,0.0,,,32.0,43.0,,,C2018|JL17563
UM-HET3,C2018,TJL,f,JL17564,Control,,,dead,1,618,0.0,,,31.0,36.0,,,C2018|JL17564
UM-HET3,C2018,TJL,f,JL17565,Control,,,dead,1,687,0.0,,,34.0,44.0,,,C2018|JL17565
UM-HET3,C2018,TJL,f,JL17566,Control,,,dead,1,908,0.0,,,34.0,45.0,,,C2018|JL17566
UM-HET3,C2018,TJL,f,JL17585,Control,,,dead,1,921,0.0,,,29.0,41.0,,,C2018|JL17585
UM-HET3,C2018,TJL,f,JL17586,Control,,,dead,1,705,0.0,,,24.0,33.0,,,C2018|JL17586
UM-HET3,C2018,TJL,f,JL17587,Control,,,dead,1,661,0.0,,,34.0,45.0,,,C2018|JL17587
UM-HET3,C2018,TJL,f,JL17588,Control,,,dead,1,623,0.0,,,32.0,43.0,,,C2018|JL17588
UM-HET3,C2018,TJL,f,JL17613,Control,,,dead,1,830,0.0,,,27.0,36.0,,,C2018|JL17613
UM-HET3,C2018,TJL,f,JL17614,Control,,,dead,1,1116,0.0,,,26.0,31.0,,,C2018|JL17614
UM-HET3,C2018,TJL,f,JL17615,Control,,,dead,1,893,0.0,,,22.0,24.0,,,C2018|JL17615
UM-HET3,C2018,TJL,f,JL17616,Control,,,dead,1,934,0.0,,,24.0,26.0,,,C2018|JL17616
UM-HET3,C2018,TJL,f,JL17666,Control,,,dead,1,900,0.0,,,30.0,39.0,,,C2018|JL17666
UM-HET3,C2018,TJL,f,JL17667,Control,,,dead,1,1205,0.0,,,29.0,38.0,,,C2018|JL17667
UM-HET3,C2018,TJL,f,JL17668,Control,,,dead,1,967,0.0,,,25.0,31.0,,,C2018|JL17668
UM-HET3,C2018,TJL,f,JL17669,Control,,,dead,1,767,0.0,,,29.0,32.0,,,C2018|JL17669
UM-HET3,C2018,TJL,f,JL17735,Control,,,dead,1,1072,0.0,,,25.0,27.0,,,C2018|JL17735
UM-HET3,C2018,TJL,f,JL17736,Control,,,dead,1,944,0.0,,,32.0,42.0,,,C2018|JL17736
UM-HET3,C2018,TJL,f,JL17737,Control,,,dead,1,1170,0.0,,,25.0,33.0,,,C2018|JL17737
UM-HET3,C2018,TJL,f,JL17738,Control,,,dead,1,923,0.0,,,28.0,37.0,,,C2018|JL17738
UM-HET3,C2018,TJL,f,JL17739,Control,,,dead,1,814,0.0,,,34.0,51.0,,,C2018|JL17739
UM-HET3,C2018,TJL,f,JL17740,Control,,,dead,1,1100,0.0,,,40.0,52.0,,,C2018|JL17740
UM-HET3,C2018,TJL,f,JL17741,Control,,,dead,1,1105,0.0,,,28.0,43.0,,,C2018|JL17741
UM-HET3,C2018,TJL,f,JL17742,Control,,,dead,1,987,0.0,,,24.0,36.0,,,C2018|JL17742
UM-HET3,C2018,TJL,f,JL17753,Control,,,dead,1,773,0.0,,,41.0,43.0,,,C2018|JL17753
UM-HET3,C2018,TJL,f,JL17754,Control,,,dead,1,760,0.0,,,40.0,50.0,,,C2018|JL17754
UM-HET3,C2018,TJL,f,JL17755,Control,,,dead,1,892,0.0,,,38.0,41.0,,,C2018|JL17755
UM-HET3,C2018,TJL,f,JL17756,Control,,,dead,1,729,0.0,,,33.0,35.0,,,C2018|JL17756
UM-HET3,C2018,TJL,m,JL17019,Control,,,dead,1,529,0.0,,,42.0,44.0,,,C2018|JL17019
UM-HET3,C2018,TJL,m,JL17020,Control,,,dead,1,367,0.0,,,47.0,,,,C2018|JL17020
UM-HET3,C2018,TJL,m,JL17021,Control,,,dead,1,866,0.0,,,47.0,50.0,,,C2018|JL17021
UM-HET3,C2018,TJL,m,JL17022,Control,,,dead,1,460,0.0,,,47.0,47.0,,,C2018|JL17022
UM-HET3,C2018,TJL,m,JL17023,Control,,,dead,1,830,0.0,,,40.0,43.0,,,C2018|JL17023
UM-HET3,C2018,TJL,m,JL17024,Control,,,dead,1,133,0.0,,,,,,,C2018|JL17024
UM-HET3,C2018,TJL,m,JL17045,Control,,,dead,1,345,0.0,,,47.0,,,,C2018|JL17045
UM-HET3,C2018,TJL,m,JL17046,Control,,,dead,1,317,0.0,,,50.0,,,,C2018|JL17046
UM-HET3,C2018,TJL,m,JL17047,Control,,,dead,1,975,0.0,,,45.0,48.0,,,C2018|JL17047
UM-HET3,C2018,TJL,m,JL17063,Control,,,dead,1,820,0.0,,,43.0,49.0,,,C2018|JL17063
UM-HET3,C2018,TJL,m,JL17064,Control,,,dead,1,603,0.0,,,38.0,43.0,,,C2018|JL17064
UM-HET3,C2018,TJL,m,JL17065,Control,,,dead,1,603,0.0,,,43.0,46.0,,,C2018|JL17065
UM-HET3,C2018,TJL,m,JL17094,Control,,,dead,1,395,0.0,,,46.0,43.0,,,C2018|JL17094
UM-HET3,C2018,TJL,m,JL17095,Control,,,dead,1,960,0.0,,,42.0,45.0,,,C2018|JL17095
UM-HET3,C2018,TJL,m,JL17096,Control,,,dead,1,773,0.0,,,41.0,44.0,,,C2018|JL17096
UM-HET3,C2018,TJL,m,JL17097,Control,,,dead,1,443,0.0,,,41.0,45.0,,,C2018|JL17097
UM-HET3,C2018,TJL,m,JL17098,Control,,,dead,1,453,0.0,,,43.0,49.0,,,C2018|JL17098
UM-HET3,C2018,TJL,m,JL17099,Control,,,dead,1,864,0.0,,,36.0,42.0,,,C2018|JL17099
UM-HET3,C2018,TJL,m,JL17159,Control,,,dead,1,947,0.0,,,42.0,43.0,,,C2018|JL17159
UM-HET3,C2018,TJL,m,JL17160,Control,,,dead,1,454,0.0,,,41.0,42.0,,,C2018|JL17160
UM-HET3,C2018,TJL,m,JL17161,Control,,,dead,1,293,0.0,,,44.0,,,,C2018|JL17161
UM-HET3,C2018,TJL,m,JL17165,Control,,,dead,1,363,0.0,,,47.0,,,,C2018|JL17165
UM-HET3,C2018,TJL,m,JL17166,Control,,,dead,1,321,0.0,,,41.0,,,,C2018|JL17166
UM-HET3,C2018,TJL,m,JL17167,Control,,,dead,1,405,0.0,,,46.0,48.0,,,C2018|JL17167
UM-HET3,C2018,TJL,m,JL17168,Control,,,dead,1,726,0.0,,,40.0,47.0,,,C2018|JL17168
UM-HET3,C2018,TJL,m,JL17169,Control,,,dead,1,617,0.0,,,43.0,49.0,,,C2018|JL17169
UM-HET3,C2018,TJL,m,JL17170,Control,,,dead,1,419,0.0,,,48.0,53.0,,,C2018|JL17170
UM-HET3,C2018,TJL,m,JL17199,Control,,,dead,1,412,0.0,,,46.0,52.0,,,C2018|JL17199
UM-HET3,C2018,TJL,m,JL17200,Control,,,dead,1,807,0.0,,,32.0,36.0,,,C2018|JL17200
UM-HET3,C2018,TJL,m,JL17201,Control,,,dead,1,1123,0.0,,,35.0,44.0,,,C2018|JL17201
UM-HET3,C2018,TJL,m,JL17219,Control,,,dead,1,411,0.0,,,53.0,59.0,,,C2018|JL17219
UM-HET3,C2018,TJL,m,JL17220,Control,,,dead,1,579,0.0,,,48.0,52.0,,,C2018|JL17220
UM-HET3,C2018,TJL,m,JL17221,Control,,,dead,1,544,0.0,,,44.0,48.0,,,C2018|JL17221
UM-HET3,C2018,TJL,m,JL17234,Control,,,dead,1,883,0.0,,,40.0,44.0,,,C2018|JL17234
UM-HET3,C2018,TJL,m,JL17235,Control,,,dead,1,708,0.0,,,40.0,46.0,,,C2018|JL17235
UM-HET3,C2018,TJL,m,JL17236,Control,,,dead,1,953,0.0,,,41.0,49.0,,,C2018|JL17236
UM-HET3,C2018,TJL,m,JL17246,Control,,,dead,1,603,0.0,,,43.0,46.0,,,C2018|JL17246
UM-HET3,C2018,TJL,m,JL17247,Control,,,dead,1,1116,0.0,,,49.0,52.0,,,C2018|JL17247
UM-HET3,C2018,TJL,m,JL17248,Control,,,dead,1,1116,0.0,,,44.0,47.0,,,C2018|JL17248
UM-HET3,C2018,TJL,m,JL17264,Control,,,dead,1,502,0.0,,,42.0,46.0,,,C2018|JL17264
UM-HET3,C2018,TJL,m,JL17265,Control,,,dead,1,329,0.0,,,45.0,,,,C2018|JL17265
UM-HET3,C2018,TJL,m,JL17266,Control,,,dead,1,938,0.0,,,39.0,41.0,,,C2018|JL17266
UM-HET3,C2018,TJL,m,JL17289,Control,,,dead,1,934,0.0,,,42.0,43.0,,,C2018|JL17289
UM-HET3,C2018,TJL,m,JL17290,Control,,,dead,1,736,0.0,,,48.0,52.0,,,C2018|JL17290
UM-HET3,C2018,TJL,m,JL17291,Control,,,dead,1,277,0.0,,,45.0,,,,C2018|JL17291
UM-HET3,C2018,TJL,m,JL17295,Control,,,dead,1,464,0.0,,,47.0,51.0,,,C2018|JL17295
UM-HET3,C2018,TJL,m,JL17296,Control,,,dead,1,1009,0.0,,,45.0,46.0,,,C2018|JL17296
UM-HET3,C2018,TJL,m,JL17297,Control,,,dead,1,1010,0.0,,,50.0,55.0,,,C2018|JL17297
UM-HET3,C2018,TJL,m,JL17332,Control,,,dead,1,715,0.0,,,40.0,45.0,,,C2018|JL17332
UM-HET3,C2018,TJL,m,JL17333,Control,,,dead,1,573,0.0,,,42.0,45.0,,,C2018|JL17333
UM-HET3,C2018,TJL,m,JL17334,Control,,,dead,1,715,0.0,,,44.0,47.0,,,C2018|JL17334
UM-HET3,C2018,TJL,m,JL17343,Control,,,dead,1,1197,0.0,,,35.0,43.0,,,C2018|JL17343
UM-HET3,C2018,TJL,m,JL17344,Control,,,dead,1,174,0.0,,,,,,,C2018|JL17344
UM-HET3,C2018,TJL,m,JL17345,Control,,,dead,1,701,0.0,,,42.0,45.0,,,C2018|JL17345
UM-HET3,C2018,TJL,m,JL17352,Control,,,dead,1,838,0.0,,,39.0,44.0,,,C2018|JL17352
UM-HET3,C2018,TJL,m,JL17353,Control,,,dead,1,572,0.0,,,45.0,52.0,,,C2018|JL17353
UM-HET3,C2018,TJL,m,JL17354,Control,,,dead,1,454,0.0,,,43.0,47.0,,,C2018|JL17354
UM-HET3,C2018,TJL,m,JL17355,Control,,,dead,1,294,0.0,,,45.0,,,,C2018|JL17355
UM-HET3,C2018,TJL,m,JL17356,Control,,,dead,1,454,0.0,,,42.0,47.0,,,C2018|JL17356
UM-HET3,C2018,TJL,m,JL17357,Control,,,dead,1,873,0.0,,,43.0,44.0,,,C2018|JL17357
UM-HET3,C2018,TJL,m,JL17400,Control,,,dead,1,638,0.0,,,44.0,48.0,,,C2018|JL17400
UM-HET3,C2018,TJL,m,JL17401,Control,,,dead,1,662,0.0,,,44.0,47.0,,,C2018|JL17401
UM-HET3,C2018,TJL,m,JL17402,Control,,,dead,1,331,0.0,,,43.0,,,,C2018|JL17402
UM-HET3,C2018,TJL,m,JL17420,Control,,,dead,1,766,0.0,,,41.0,46.0,,,C2018|JL17420
UM-HET3,C2018,TJL,m,JL17421,Control,,,dead,1,895,0.0,,,38.0,45.0,,,C2018|JL17421
UM-HET3,C2018,TJL,m,JL17422,Control,,,dead,1,858,0.0,,,42.0,46.0,,,C2018|JL17422
UM-HET3,C2018,TJL,m,JL17429,Control,,,dead,1,408,0.0,,,45.0,50.0,,,C2018|JL17429
UM-HET3,C2018,TJL,m,JL17430,Control,,,dead,1,478,0.0,,,50.0,54.0,,,C2018|JL17430
UM-HET3,C2018,TJL,m,JL17431,Control,,,dead,1,802,0.0,,,45.0,48.0,,,C2018|JL17431
UM-HET3,C2018,TJL,m,JL17459,Control,,,dead,1,631,0.0,,,45.0,51.0,,,C2018|JL17459
UM-HET3,C2018,TJL,m,JL17460,Control,,,dead,1,686,0.0,,,45.0,53.0,,,C2018|JL17460
UM-HET3,C2018,TJL,m,JL17461,Control,,,dead,1,213,0.0,,,45.0,,,,C2018|JL17461
UM-HET3,C2018,TJL,m,JL17471,Control,,,dead,1,1003,0.0,,,45.0,49.0,,,C2018|JL17471
UM-HET3,C2018,TJL,m,JL17472,Control,,,dead,1,940,0.0,,,42.0,44.0,,,C2018|JL17472
UM-HET3,C2018,TJL,m,JL17473,Control,,,dead,1,1019,0.0,,,43.0,45.0,,,C2018|JL17473
UM-HET3,C2018,TJL,m,JL17493,Control,,,dead,1,753,0.0,,,39.0,46.0,,,C2018|JL17493
UM-HET3,C2018,TJL,m,JL17494,Control,,,dead,1,970,0.0,,,42.0,46.0,,,C2018|JL17494
UM-HET3,C2018,TJL,m,JL17495,Control,,,dead,1,514,0.0,,,50.0,56.0,,,C2018|JL17495
UM-HET3,C2018,TJL,m,JL17505,Control,,,dead,1,931,0.0,,,47.0,49.0,,,C2018|JL17505
UM-HET3,C2018,TJL,m,JL17506,Control,,,dead,1,1018,0.0,,,50.0,53.0,,,C2018|JL17506
UM-HET3,C2018,TJL,m,JL17507,Control,,,dead,1,358,0.0,,,49.0,,,,C2018|JL17507
UM-HET3,C2018,TJL,m,JL17530,Control,,,dead,1,981,0.0,,,46.0,46.0,,,C2018|JL17530
UM-HET3,C2018,TJL,m,JL17531,Control,,,dead,1,373,0.0,,,42.0,45.0,,,C2018|JL17531
UM-HET3,C2018,TJL,m,JL17532,Control,,,dead,1,331,0.0,,,40.0,,,,C2018|JL17532
UM-HET3,C2018,TJL,m,JL17539,Control,,,dead,1,857,0.0,,,39.0,43.0,,,C2018|JL17539
UM-HET3,C2018,TJL,m,JL17540,Control,,,dead,1,351,0.0,,,43.0,,,,C2018|JL17540
UM-HET3,C2018,TJL,m,JL17541,Control,,,dead,1,345,0.0,,,43.0,,,,C2018|JL17541
UM-HET3,C2018,TJL,m,JL17542,Control,,,dead,1,1057,0.0,,,33.0,35.0,,,C2018|JL17542
UM-HET3,C2018,TJL,m,JL17543,Control,,,dead,1,672,0.0,,,43.0,49.0,,,C2018|JL17543
UM-HET3,C2018,TJL,m,JL17544,Control,,,dead,1,239,0.0,,,47.0,,,,C2018|JL17544
UM-HET3,C2018,TJL,m,JL17589,Control,,,dead,1,768,0.0,,,40.0,47.0,,,C2018|JL17589
UM-HET3,C2018,TJL,m,JL17590,Control,,,dead,1,875,0.0,,,40.0,44.0,,,C2018|JL17590
UM-HET3,C2018,TJL,m,JL17591,Control,,,dead,1,869,0.0,,,48.0,51.0,,,C2018|JL17591
UM-HET3,C2018,TJL,m,JL17592,Control,,,dead,1,317,0.0,,,42.0,,,,C2018|JL17592
UM-HET3,C2018,TJL,m,JL17593,Control,,,dead,1,878,0.0,,,39.0,47.0,,,C2018|JL17593
UM-HET3,C2018,TJL,m,JL17594,Control,,,dead,1,996,0.0,,,38.0,48.0,,,C2018|JL17594
UM-HET3,C2018,TJL,m,JL17595,Control,,,dead,1,647,0.0,,,45.0,53.0,,,C2018|JL17595
UM-HET3,C2018,TJL,m,JL17596,Control,,,dead,1,703,0.0,,,41.0,46.0,,,C2018|JL17596
UM-HET3,C2018,TJL,m,JL17597,Control,,,dead,1,650,0.0,,,40.0,46.0,,,C2018|JL17597
UM-HET3,C2018,TJL,m,JL17598,Control,,,dead,1,538,0.0,,,52.0,60.0,,,C2018|JL17598
UM-HET3,C2018,TJL,m,JL17599,Control,,,dead,1,378,0.0,,,51.0,52.0,,,C2018|JL17599
UM-HET3,C2018,TJL,m,JL17600,Control,,,dead,1,1014,0.0,,,48.0,48.0,,,C2018|JL17600
UM-HET3,C2018,TJL,m,JL17629,Control,,,dead,1,801,0.0,,,46.0,49.0,,,C2018|JL17629
UM-HET3,C2018,TJL,m,JL17630,Control,,,dead,1,950,0.0,,,39.0,45.0,,,C2018|JL17630
UM-HET3,C2018,TJL,m,JL17631,Control,,,dead,1,934,0.0,,,41.0,47.0,,,C2018|JL17631
UM-HET3,C2018,TJL,m,JL17711,Control,,,dead,1,1025,0.0,,,47.0,52.0,,,C2018|JL17711
UM-HET3,C2018,TJL,m,JL17712,Control,,,dead,1,519,0.0,,,42.0,51.0,,,C2018|JL17712
UM-HET3,C2018,TJL,m,JL17713,Control,,,dead,1,649,0.0,,,42.0,44.0,,,C2018|JL17713
UM-HET3,C2018,UM,f,UM79961,Control,,,dead,1,1026,0.0,,,,,,,C2018|UM79961
UM-HET3,C2018,UM,f,UM79968,Control,,,dead,1,730,0.0,,,,,,,C2018|UM79968
UM-HET3,C2018,UM,f,UM79975,Control,,,dead,1,950,0.0,,,,,,,C2018|UM79975
UM-HET3,C2018,UM,f,UM79982,Control,,,dead,1,727,0.0,,,,,,,C2018|UM79982
UM-HET3,C2018,UM,f,UM80262,Control,,,dead,1,734,0.0,,,,,,,C2018|UM80262
UM-HET3,C2018,UM,f,UM80269,Control,,,dead,1,619,0.0,,,,,,,C2018|UM80269
UM-HET3,C2018,UM,f,UM80276,Control,,,dead,1,872,0.0,,,,,,,C2018|UM80276
UM-HET3,C2018,UM,f,UM80283,Control,,,dead,1,924,0.0,,,,,,,C2018|UM80283
UM-HET3,C2018,UM,f,UM80605,Control,,,dead,1,895,0.0,,,,,,,C2018|UM80605
UM-HET3,C2018,UM,f,UM80612,Control,,,dead,1,573,0.0,,,,,,,C2018|UM80612
UM-HET3,C2018,UM,f,UM80619,Control,,,dead,1,876,0.0,,,,,,,C2018|UM80619
UM-HET3,C2018,UM,f,UM80626,Control,,,dead,1,857,0.0,,,,,,,C2018|UM80626
UM-HET3,C2018,UM,f,UM80654,Control,,,dead,1,785,0.0,,,,,,,C2018|UM80654
UM-HET3,C2018,UM,f,UM80661,Control,,,dead,1,825,0.0,,,,,,,C2018|UM80661
UM-HET3,C2018,UM,f,UM80668,Control,,,dead,1,842,0.0,,,,,,,C2018|UM80668
UM-HET3,C2018,UM,f,UM80675,Control,,,dead,1,816,0.0,,,,,,,C2018|UM80675
UM-HET3,C2018,UM,f,UM80948,Control,,,dead,1,862,0.0,,,,,,,C2018|UM80948
UM-HET3,C2018,UM,f,UM80955,Control,,,dead,1,690,0.0,,,,,,,C2018|UM80955
UM-HET3,C2018,UM,f,UM80962,Control,,,dead,1,914,0.0,,,,,,,C2018|UM80962
UM-HET3,C2018,UM,f,UM80969,Control,,,dead,1,882,0.0,,,,,,,C2018|UM80969
UM-HET3,C2018,UM,f,UM81179,Control,,,dead,1,965,0.0,,,,,,,C2018|UM81179
UM-HET3,C2018,UM,f,UM81186,Control,,,dead,1,788,0.0,,,,,,,C2018|UM81186
UM-HET3,C2018,UM,f,UM81193,Control,,,dead,1,1016,0.0,,,,,,,C2018|UM81193
UM-HET3,C2018,UM,f,UM81200,Control,,,dead,1,851,0.0,,,,,,,C2018|UM81200
UM-HET3,C2018,UM,f,UM81424,Control,,,dead,1,890,0.0,,,,,,,C2018|UM81424
UM-HET3,C2018,UM,f,UM81431,Control,,,dead,1,798,0.0,,,,,,,C2018|UM81431
UM-HET3,C2018,UM,f,UM81438,Control,,,dead,1,830,0.0,,,,,,,C2018|UM81438
UM-HET3,C2018,UM,f,UM81445,Control,,,dead,1,1027,0.0,,,,,,,C2018|UM81445
UM-HET3,C2018,UM,f,UM81480,Control,,,dead,1,606,0.0,,,,,,,C2018|UM81480
UM-HET3,C2018,UM,f,UM81487,Control,,,dead,1,1056,0.0,,,,,,,C2018|UM81487
UM-HET3,C2018,UM,f,UM81494,Control,,,dead,1,873,0.0,,,,,,,C2018|UM81494
UM-HET3,C2018,UM,f,UM81501,Control,,,dead,1,875,0.0,,,,,,,C2018|UM81501
UM-HET3,C2018,UM,f,UM81816,Control,,,dead,1,698,0.0,,,,,,,C2018|UM81816
UM-HET3,C2018,UM,f,UM81823,Control,,,dead,1,720,0.0,,,,,,,C2018|UM81823
UM-HET3,C2018,UM,f,UM81830,Control,,,dead,1,798,0.0,,,,,,,C2018|UM81830
UM-HET3,C2018,UM,f,UM81837,Control,,,dead,1,778,0.0,,,,,,,C2018|UM81837
UM-HET3,C2018,UM,f,UM82075,Control,,,dead,1,865,0.0,,,,,,,C2018|UM82075
UM-HET3,C2018,UM,f,UM82082,Control,,,dead,1,914,0.0,,,,,,,C2018|UM82082
UM-HET3,C2018,UM,f,UM82089,Control,,,dead,1,729,0.0,,,,,,,C2018|UM82089
UM-HET3,C2018,UM,f,UM82096,Control,,,dead,1,926,0.0,,,,,,,C2018|UM82096
UM-HET3,C2018,UM,f,UM82124,Control,,,dead,1,945,0.0,,,,,,,C2018|UM82124
UM-HET3,C2018,UM,f,UM82131,Control,,,dead,1,539,0.0,,,,,,,C2018|UM82131
UM-HET3,C2018,UM,f,UM82138,Control,,,dead,1,997,0.0,,,,,,,C2018|UM82138
UM-HET3,C2018,UM,f,UM82145,Control,,,dead,1,795,0.0,,,,,,,C2018|UM82145
UM-HET3,C2018,UM,f,UM82285,Control,,,dead,1,527,0.0,,,,,,,C2018|UM82285
UM-HET3,C2018,UM,f,UM82292,Control,,,dead,1,847,0.0,,,,,,,C2018|UM82292
UM-HET3,C2018,UM,f,UM82299,Control,,,dead,1,744,0.0,,,,,,,C2018|UM82299
UM-HET3,C2018,UM,f,UM82306,Control,,,dead,1,971,0.0,,,,,,,C2018|UM82306
UM-HET3,C2018,UM,f,UM82775,Control,,,dead,1,807,0.0,,,,,,,C2018|UM82775
UM-HET3,C2018,UM,f,UM82782,Control,,,dead,1,757,0.0,,,,,,,C2018|UM82782
UM-HET3,C2018,UM,f,UM82789,Control,,,dead,1,883,0.0,,,,,,,C2018|UM82789
UM-HET3,C2018,UM,f,UM82796,Control,,,dead,1,872,0.0,,,,,,,C2018|UM82796
UM-HET3,C2018,UM,f,UM82866,Control,,,dead,1,940,0.0,,,,,,,C2018|UM82866
UM-HET3,C2018,UM,f,UM82873,Control,,,dead,1,672,0.0,,,,,,,C2018|UM82873
UM-HET3,C2018,UM,f,UM82880,Control,,,dead,1,880,0.0,,,,,,,C2018|UM82880
UM-HET3,C2018,UM,f,UM82887,Control,,,dead,1,885,0.0,,,,,,,C2018|UM82887
UM-HET3,C2018,UM,f,UM83083,Control,,,dead,1,906,0.0,,,,,,,C2018|UM83083
UM-HET3,C2018,UM,f,UM83090,Control,,,dead,1,790,0.0,,,,,,,C2018|UM83090
UM-HET3,C2018,UM,f,UM83097,Control,,,dead,1,928,0.0,,,,,,,C2018|UM83097
UM-HET3,C2018,UM,f,UM83104,Control,,,dead,1,687,0.0,,,,,,,C2018|UM83104
UM-HET3,C2018,UM,f,UM83209,Control,,,dead,1,683,0.0,,,,,,,C2018|UM83209
UM-HET3,C2018,UM,f,UM83216,Control,,,dead,1,1071,0.0,,,,,,,C2018|UM83216
UM-HET3,C2018,UM,f,UM83223,Control,,,dead,1,768,0.0,,,,,,,C2018|UM83223
UM-HET3,C2018,UM,f,UM83230,Control,,,dead,1,1032,0.0,,,,,,,C2018|UM83230
UM-HET3,C2018,UM,f,UM83510,Control,,,dead,1,1041,0.0,,,,,,,C2018|UM83510
UM-HET3,C2018,UM,f,UM83517,Control,,,dead,1,405,0.0,,,,,,,C2018|UM83517
UM-HET3,C2018,UM,f,UM83524,Control,,,dead,1,815,0.0,,,,,,,C2018|UM83524
UM-HET3,C2018,UM,f,UM83531,Control,,,dead,1,559,0.0,,,,,,,C2018|UM83531
UM-HET3,C2018,UM,f,UM83566,Control,,,dead,1,993,0.0,,,,,,,C2018|UM83566
UM-HET3,C2018,UM,f,UM83573,Control,,,dead,1,852,0.0,,,,,,,C2018|UM83573
UM-HET3,C2018,UM,f,UM83580,Control,,,dead,1,963,0.0,,,,,,,C2018|UM83580
UM-HET3,C2018,UM,f,UM83587,Control,,,dead,1,551,0.0,,,,,,,C2018|UM83587
UM-HET3,C2018,UM,f,UM83972,Control,,,dead,1,739,0.0,,,,,,,C2018|UM83972
UM-HET3,C2018,UM,f,UM83979,Control,,,dead,1,959,0.0,,,,,,,C2018|UM83979
UM-HET3,C2018,UM,f,UM83986,Control,,,dead,1,858,0.0,,,,,,,C2018|UM83986
UM-HET3,C2018,UM,f,UM83993,Control,,,dead,1,1002,0.0,,,,,,,C2018|UM83993
UM-HET3,C2018,UM,f,UM84224,Control,,,dead,1,788,0.0,,,,,,,C2018|UM84224
UM-HET3,C2018,UM,f,UM84231,Control,,,dead,1,982,0.0,,,,,,,C2018|UM84231
UM-HET3,C2018,UM,f,UM84238,Control,,,dead,1,825,0.0,,,,,,,C2018|UM84238
UM-HET3,C2018,UM,f,UM84245,Control,,,dead,1,959,0.0,,,,,,,C2018|UM84245
UM-HET3,C2018,UM,f,UM84329,Control,,,dead,1,826,0.0,,,,,,,C2018|UM84329
UM-HET3,C2018,UM,f,UM84336,Control,,,dead,1,605,0.0,,,,,,,C2018|UM84336
UM-HET3,C2018,UM,f,UM84343,Control,,,dead,1,954,0.0,,,,,,,C2018|UM84343
UM-HET3,C2018,UM,f,UM84350,Control,,,dead,1,913,0.0,,,,,,,C2018|UM84350
UM-HET3,C2018,UM,f,UM84539,Control,,,dead,1,697,0.0,,,,,,,C2018|UM84539
UM-HET3,C2018,UM,f,UM84546,Control,,,dead,1,818,0.0,,,,,,,C2018|UM84546
UM-HET3,C2018,UM,f,UM84553,Control,,,dead,1,840,0.0,,,,,,,C2018|UM84553
UM-HET3,C2018,UM,f,UM84560,Control,,,dead,1,909,0.0,,,,,,,C2018|UM84560
UM-HET3,C2018,UM,f,UM84707,Control,,,dead,1,786,0.0,,,,,,,C2018|UM84707
UM-HET3,C2018,UM,f,UM84714,Control,,,dead,1,839,0.0,,,,,,,C2018|UM84714
UM-HET3,C2018,UM,f,UM84721,Control,,,dead,1,928,0.0,,,,,,,C2018|UM84721
UM-HET3,C2018,UM,f,UM84728,Control,,,dead,1,828,0.0,,,,,,,C2018|UM84728
UM-HET3,C2018,UM,f,UM84931,Control,,,dead,1,873,0.0,,,,,,,C2018|UM84931
UM-HET3,C2018,UM,f,UM84938,Control,,,dead,1,1124,0.0,,,,,,,C2018|UM84938
UM-HET3,C2018,UM,f,UM84945,Control,,,dead,1,760,0.0,,,,,,,C2018|UM84945
UM-HET3,C2018,UM,f,UM84952,Control,,,dead,1,1167,0.0,,,,,,,C2018|UM84952
UM-HET3,C2018,UM,m,UM80192,Control,,,removed,0,671,0.0,,,,,,,C2018|UM80192
UM-HET3,C2018,UM,m,UM80199,Control,,,dead,1,833,0.0,,,,,,,C2018|UM80199
UM-HET3,C2018,UM,m,UM80206,Control,,,dead,1,670,0.0,,,,,,,C2018|UM80206
UM-HET3,C2018,UM,m,UM80290,Control,,,dead,1,677,0.0,,,,,,,C2018|UM80290
UM-HET3,C2018,UM,m,UM80297,Control,,,dead,1,1096,0.0,,,,,,,C2018|UM80297
UM-HET3,C2018,UM,m,UM80304,Control,,,dead,1,281,0.0,,,,,,,C2018|UM80304
UM-HET3,C2018,UM,m,UM80451,Control,,,dead,1,1124,0.0,,,,,,,C2018|UM80451
UM-HET3,C2018,UM,m,UM80458,Control,,,dead,1,422,0.0,,,,,,,C2018|UM80458
UM-HET3,C2018,UM,m,UM80465,Control,,,dead,1,744,0.0,,,,,,,C2018|UM80465
UM-HET3,C2018,UM,m,UM80472,Control,,,removed,0,309,0.0,,,,,,,C2018|UM80472
UM-HET3,C2018,UM,m,UM80479,Control,,,removed,0,309,0.0,,,,,,,C2018|UM80479
UM-HET3,C2018,UM,m,UM80486,Control,,,removed,0,309,0.0,,,,,,,C2018|UM80486
UM-HET3,C2018,UM,m,UM80584,Control,,,dead,1,188,0.0,,,,,,,C2018|UM80584
UM-HET3,C2018,UM,m,UM80591,Control,,,dead,1,419,0.0,,,,,,,C2018|UM80591
UM-HET3,C2018,UM,m,UM80598,Control,,,dead,1,682,0.0,,,,,,,C2018|UM80598
UM-HET3,C2018,UM,m,UM80682,Control,,,dead,1,215,0.0,,,,,,,C2018|UM80682
UM-HET3,C2018,UM,m,UM80689,Control,,,dead,1,876,0.0,,,,,,,C2018|UM80689
UM-HET3,C2018,UM,m,UM80696,Control,,,dead,1,378,0.0,,,,,,,C2018|UM80696
UM-HET3,C2018,UM,m,UM80752,Control,,,removed,0,112,0.0,,,,,,,C2018|UM80752
UM-HET3,C2018,UM,m,UM80759,Control,,,removed,0,112,0.0,,,,,,,C2018|UM80759
UM-HET3,C2018,UM,m,UM80766,Control,,,removed,0,112,0.0,,,,,,,C2018|UM80766
UM-HET3,C2018,UM,m,UM80801,Control,,,dead,1,591,0.0,,,,,,,C2018|UM80801
UM-HET3,C2018,UM,m,UM80808,Control,,,dead,1,441,0.0,,,,,,,C2018|UM80808
UM-HET3,C2018,UM,m,UM80815,Control,,,dead,1,499,0.0,,,,,,,C2018|UM80815
UM-HET3,C2018,UM,m,UM80885,Control,,,removed,0,289,0.0,,,,,,,C2018|UM80885
UM-HET3,C2018,UM,m,UM80892,Control,,,removed,0,289,0.0,,,,,,,C2018|UM80892
UM-HET3,C2018,UM,m,UM80899,Control,,,removed,0,289,0.0,,,,,,,C2018|UM80899
UM-HET3,C2018,UM,m,UM81130,Control,,,dead,1,760,0.0,,,,,,,C2018|UM81130
UM-HET3,C2018,UM,m,UM81137,Control,,,dead,1,843,0.0,,,,,,,C2018|UM81137
UM-HET3,C2018,UM,m,UM81144,Control,,,removed,0,947,0.0,,,,,,,C2018|UM81144
UM-HET3,C2018,UM,m,UM81319,Control,,,dead,1,976,0.0,,,,,,,C2018|UM81319
UM-HET3,C2018,UM,m,UM81326,Control,,,removed,0,718,0.0,,,,,,,C2018|UM81326
UM-HET3,C2018,UM,m,UM81333,Control,,,dead,1,1104,0.0,,,,,,,C2018|UM81333
UM-HET3,C2018,UM,m,UM81382,Control,,,dead,1,927,0.0,,,,,,,C2018|UM81382
UM-HET3,C2018,UM,m,UM81389,Control,,,dead,1,847,0.0,,,,,,,C2018|UM81389
UM-HET3,C2018,UM,m,UM81396,Control,,,dead,1,871,0.0,,,,,,,C2018|UM81396
UM-HET3,C2018,UM,m,UM81529,Control,,,dead,1,899,0.0,,,,,,,C2018|UM81529
UM-HET3,C2018,UM,m,UM81536,Control,,,dead,1,765,0.0,,,,,,,C2018|UM81536
UM-HET3,C2018,UM,m,UM81543,Control,,,dead,1,831,0.0,,,,,,,C2018|UM81543
UM-HET3,C2018,UM,m,UM81795,Control,,,dead,1,787,0.0,,,,,,,C2018|UM81795
UM-HET3,C2018,UM,m,UM81802,Control,,,dead,1,598,0.0,,,,,,,C2018|UM81802
UM-HET3,C2018,UM,m,UM81809,Control,,,dead,1,824,0.0,,,,,,,C2018|UM81809
UM-HET3,C2018,UM,m,UM81893,Control,,,dead,1,850,0.0,,,,,,,C2018|UM81893
UM-HET3,C2018,UM,m,UM81900,Control,,,dead,1,273,0.0,,,,,,,C2018|UM81900
UM-HET3,C2018,UM,m,UM81907,Control,,,dead,1,262,0.0,,,,,,,C2018|UM81907
UM-HET3,C2018,UM,m,UM82103,Control,,,dead,1,456,0.0,,,,,,,C2018|UM82103
UM-HET3,C2018,UM,m,UM82110,Control,,,dead,1,1029,0.0,,,,,,,C2018|UM82110
UM-HET3,C2018,UM,m,UM82117,Control,,,dead,1,373,0.0,,,,,,,C2018|UM82117
UM-HET3,C2018,UM,m,UM82152,Control,,,dead,1,779,0.0,,,,,,,C2018|UM82152
UM-HET3,C2018,UM,m,UM82159,Control,,,dead,1,859,0.0,,,,,,,C2018|UM82159
UM-HET3,C2018,UM,m,UM82166,Control,,,dead,1,828,0.0,,,,,,,C2018|UM82166
UM-HET3,C2018,UM,m,UM82194,Control,,,dead,1,544,0.0,,,,,,,C2018|UM82194
UM-HET3,C2018,UM,m,UM82201,Control,,,dead,1,1128,0.0,,,,,,,C2018|UM82201
UM-HET3,C2018,UM,m,UM82208,Control,,,dead,1,1001,0.0,,,,,,,C2018|UM82208
UM-HET3,C2018,UM,m,UM82313,Control,,,dead,1,439,0.0,,,,,,,C2018|UM82313
UM-HET3,C2018,UM,m,UM82320,Control,,,dead,1,912,0.0,,,,,,,C2018|UM82320
UM-HET3,C2018,UM,m,UM82327,Control,,,dead,1,786,0.0,,,,,,,C2018|UM82327
UM-HET3,C2018,UM,m,UM82362,Control,,,dead,1,720,0.0,,,,,,,C2018|UM82362
UM-HET3,C2018,UM,m,UM82369,Control,,,dead,1,764,0.0,,,,,,,C2018|UM82369
UM-HET3,C2018,UM,m,UM82376,Control,,,dead,1,545,0.0,,,,,,,C2018|UM82376
UM-HET3,C2018,UM,m,UM82495,Control,,,dead,1,897,0.0,,,,,,,C2018|UM82495
UM-HET3,C2018,UM,m,UM82502,Control,,,dead,1,913,0.0,,,,,,,C2018|UM82502
UM-HET3,C2018,UM,m,UM82509,Control,,,dead,1,770,0.0,,,,,,,C2018|UM82509
UM-HET3,C2018,UM,m,UM82803,Control,,,removed,0,291,0.0,,,,,,,C2018|UM82803
UM-HET3,C2018,UM,m,UM82810,Control,,,dead,1,212,0.0,,,,,,,C2018|UM82810
UM-HET3,C2018,UM,m,UM82817,Control,,,removed,0,291,0.0,,,,,,,C2018|UM82817
UM-HET3,C2018,UM,m,UM82845,Control,,,removed,0,394,0.0,,,,,,,C2018|UM82845
UM-HET3,C2018,UM,m,UM82852,Control,,,removed,0,394,0.0,,,,,,,C2018|UM82852
UM-HET3,C2018,UM,m,UM82859,Control,,,removed,0,394,0.0,,,,,,,C2018|UM82859
UM-HET3,C2018,UM,m,UM82915,Control,,,dead,1,473,0.0,,,,,,,C2018|UM82915
UM-HET3,C2018,UM,m,UM82922,Control,,,dead,1,906,0.0,,,,,,,C2018|UM82922
UM-HET3,C2018,UM,m,UM82929,Control,,,dead,1,536,0.0,,,,,,,C2018|UM82929
UM-HET3,C2018,UM,m,UM83258,Control,,,dead,1,509,0.0,,,,,,,C2018|UM83258
UM-HET3,C2018,UM,m,UM83265,Control,,,dead,1,99,0.0,,,,,,,C2018|UM83265
UM-HET3,C2018,UM,m,UM83272,Control,,,dead,1,763,0.0,,,,,,,C2018|UM83272
UM-HET3,C2018,UM,m,UM83328,Control,,,dead,1,267,0.0,,,,,,,C2018|UM83328
UM-HET3,C2018,UM,m,UM83335,Control,,,dead,1,325,0.0,,,,,,,C2018|UM83335
UM-HET3,C2018,UM,m,UM83342,Control,,,dead,1,1055,0.0,,,,,,,C2018|UM83342
UM-HET3,C2018,UM,m,UM83349,Control,,,dead,1,550,0.0,,,,,,,C2018|UM83349
UM-HET3,C2018,UM,m,UM83356,Control,,,dead,1,453,0.0,,,,,,,C2018|UM83356
UM-HET3,C2018,UM,m,UM83363,Control,,,dead,1,776,0.0,,,,,,,C2018|UM83363
UM-HET3,C2018,UM,m,UM83762,Control,,,dead,1,878,0.0,,,,,,,C2018|UM83762
UM-HET3,C2018,UM,m,UM83769,Control,,,dead,1,835,0.0,,,,,,,C2018|UM83769
UM-HET3,C2018,UM,m,UM83776,Control,,,dead,1,644,0.0,,,,,,,C2018|UM83776
UM-HET3,C2018,UM,m,UM83783,Control,,,removed,0,422,0.0,,,,,,,C2018|UM83783
UM-HET3,C2018,UM,m,UM83790,Control,,,removed,0,422,0.0,,,,,,,C2018|UM83790
UM-HET3,C2018,UM,m,UM83797,Control,,,removed,0,422,0.0,,,,,,,C2018|UM83797
UM-HET3,C2018,UM,m,UM83951,Control,,,dead,1,821,0.0,,,,,,,C2018|UM83951
UM-HET3,C2018,UM,m,UM83958,Control,,,dead,1,1085,0.0,,,,,,,C2018|UM83958
UM-HET3,C2018,UM,m,UM83965,Control,,,dead,1,671,0.0,,,,,,,C2018|UM83965
UM-HET3,C2018,UM,m,UM84133,Control,,,dead,1,718,0.0,,,,,,,C2018|UM84133
UM-HET3,C2018,UM,m,UM84140,Control,,,dead,1,1008,0.0,,,,,,,C2018|UM84140
UM-HET3,C2018,UM,m,UM84147,Control,,,dead,1,1017,0.0,,,,,,,C2018|UM84147
UM-HET3,C2018,UM,m,UM84175,Control,,,dead,1,295,0.0,,,,,,,C2018|UM84175
UM-HET3,C2018,UM,m,UM84182,Control,,,dead,1,1014,0.0,,,,,,,C2018|UM84182
UM-HET3,C2018,UM,m,UM84189,Control,,,dead,1,720,0.0,,,,,,,C2018|UM84189
UM-HET3,C2018,UM,m,UM84357,Control,,,dead,1,485,0.0,,,,,,,C2018|UM84357
UM-HET3,C2018,UM,m,UM84364,Control,,,dead,1,844,0.0,,,,,,,C2018|UM84364
UM-HET3,C2018,UM,m,UM84371,Control,,,dead,1,664,0.0,,,,,,,C2018|UM84371
UM-HET3,C2018,UM,m,UM84420,Control,,,dead,1,760,0.0,,,,,,,C2018|UM84420
UM-HET3,C2018,UM,m,UM84427,Control,,,dead,1,746,0.0,,,,,,,C2018|UM84427
UM-HET3,C2018,UM,m,UM84434,Control,,,dead,1,442,0.0,,,,,,,C2018|UM84434
UM-HET3,C2018,UM,m,UM84595,Control,,,removed,0,389,0.0,,,,,,,C2018|UM84595
UM-HET3,C2018,UM,m,UM84602,Control,,,removed,0,389,0.0,,,,,,,C2018|UM84602
UM-HET3,C2018,UM,m,UM84609,Control,,,removed,0,389,0.0,,,,,,,C2018|UM84609
UM-HET3,C2018,UT,f,UT11189,Control,,,dead,1,852,0.0,,,22.5,28.299999,,,C2018|UT11189
UM-HET3,C2018,UT,f,UT11190,Control,,,dead,1,826,0.0,,,34.0,43.900002,,,C2018|UT11190
UM-HET3,C2018,UT,f,UT11191,Control,,,dead,1,811,0.0,,,27.9,37.900002,,,C2018|UT11191
UM-HET3,C2018,UT,f,UT11192,Control,,,dead,1,888,0.0,,,29.799999,42.099998,,,C2018|UT11192
UM-HET3,C2018,UT,f,UT11242,Control,,,dead,1,709,0.0,,,38.0,48.799999,,,C2018|UT11242
UM-HET3,C2018,UT,f,UT11243,Control,,,dead,1,816,0.0,,,37.400002,50.099998,,,C2018|UT11243
UM-HET3,C2018,UT,f,UT11244,Control,,,dead,1,712,0.0,,,38.299999,41.099998,,,C2018|UT11244
UM-HET3,C2018,UT,f,UT11245,Control,,,dead,1,775,0.0,,,40.299999,53.900002,,,C2018|UT11245
UM-HET3,C2018,UT,f,UT11246,Control,,,dead,1,1131,0.0,,,39.900002,44.099998,,,C2018|UT11246
UM-HET3,C2018,UT,f,UT11247,Control,,,dead,1,966,0.0,,,38.599998,45.299999,,,C2018|UT11247
UM-HET3,C2018,UT,f,UT11248,Control,,,dead,1,893,0.0,,,35.799999,38.700001,,,C2018|UT11248
UM-HET3,C2018,UT,f,UT11249,Control,,,dead,1,962,0.0,,,46.900002,53.099998,,,C2018|UT11249
UM-HET3,C2018,UT,f,UT11270,Control,,,dead,1,800,0.0,,,37.400002,43.5,,,C2018|UT11270
UM-HET3,C2018,UT,f,UT11271,Control,,,dead,1,782,0.0,,,29.1,40.599998,,,C2018|UT11271
UM-HET3,C2018,UT,f,UT11272,Control,,,dead,1,706,0.0,,,21.0,24.4,,,C2018|UT11272
UM-HET3,C2018,UT,f,UT11273,Control,,,dead,1,1006,0.0,,,33.700001,42.0,,,C2018|UT11273
UM-HET3,C2018,UT,f,UT11355,Control,,,dead,1,734,0.0,,,36.5,43.599998,,,C2018|UT11355
UM-HET3,C2018,UT,f,UT11356,Control,,,dead,1,673,0.0,,,31.1,38.5,,,C2018|UT11356
UM-HET3,C2018,UT,f,UT11357,Control,,,dead,1,890,0.0,,,26.5,35.099998,,,C2018|UT11357
UM-HET3,C2018,UT,f,UT11358,Control,,,dead,1,1035,0.0,,,37.400002,48.099998,,,C2018|UT11358
UM-HET3,C2018,UT,f,UT11362,Control,,,dead,1,1101,0.0,,,33.200001,41.200001,,,C2018|UT11362
UM-HET3,C2018,UT,f,UT11363,Control,,,dead,1,1027,0.0,,,30.0,37.299999,,,C2018|UT11363
UM-HET3,C2018,UT,f,UT11364,Control,,,dead,1,1127,0.0,,,36.0,45.200001,,,C2018|UT11364
UM-HET3,C2018,UT,f,UT11365,Control,,,dead,1,928,0.0,,,29.1,36.599998,,,C2018|UT11365
UM-HET3,C2018,UT,f,UT11377,Control,,,dead,1,1024,0.0,,,23.0,28.6,,,C2018|UT11377
UM-HET3,C2018,UT,f,UT11378,Control,,,dead,1,824,0.0,,,29.4,45.200001,,,C2018|UT11378
UM-HET3,C2018,UT,f,UT11379,Control,,,dead,1,798,0.0,,,26.1,34.200001,,,C2018|UT11379
UM-HET3,C2018,UT,f,UT11380,Control,,,dead,1,880,0.0,,,26.6,27.4,,,C2018|UT11380
UM-HET3,C2018,UT,f,UT11422,Control,,,dead,1,804,0.0,,,22.700001,28.6,,,C2018|UT11422
UM-HET3,C2018,UT,f,UT11423,Control,,,dead,1,876,0.0,,,29.9,40.799999,,,C2018|UT11423
UM-HET3,C2018,UT,f,UT11424,Control,,,dead,1,963,0.0,,,25.299999,32.0,,,C2018|UT11424
UM-HET3,C2018,UT,f,UT11425,Control,,,dead,1,868,0.0,,,23.200001,27.1,,,C2018|UT11425
UM-HET3,C2018,UT,f,UT11447,Control,,,dead,1,512,0.0,,,34.400002,42.400002,,,C2018|UT11447
UM-HET3,C2018,UT,f,UT11448,Control,,,dead,1,1076,0.0,,,21.0,24.200001,,,C2018|UT11448
UM-HET3,C2018,UT,f,UT11449,Control,,,dead,1,941,0.0,,,26.0,29.700001,,,C2018|UT11449
UM-HET3,C2018,UT,f,UT11450,Control,,,dead,1,808,0.0,,,28.200001,46.200001,,,C2018|UT11450
UM-HET3,C2018,UT,f,UT11477,Control,,,dead,1,825,0.0,,,28.700001,34.799999,,,C2018|UT11477
UM-HET3,C2018,UT,f,UT11478,Control,,,dead,1,954,0.0,,,27.700001,35.299999,,,C2018|UT11478
UM-HET3,C2018,UT,f,UT11479,Control,,,dead,1,656,0.0,,,26.299999,41.5,,,C2018|UT11479
UM-HET3,C2018,UT,f,UT11480,Control,,,dead,1,994,0.0,,,36.700001,51.900002,,,C2018|UT11480
UM-HET3,C2018,UT,f,UT11481,Control,,,dead,1,901,0.0,,,40.400002,57.799999,,,C2018|UT11481
UM-HET3,C2018,UT,f,UT11482,Control,,,dead,1,827,0.0,,,32.299999,45.099998,,,C2018|UT11482
UM-HET3,C2018,UT,f,UT11483,Control,,,dead,1,945,0.0,,,27.6,38.5,,,C2018|UT11483
UM-HET3,C2018,UT,f,UT11484,Control,,,dead,1,969,0.0,,,42.299999,61.700001,,,C2018|UT11484
UM-HET3,C2018,UT,f,UT11522,Control,,,dead,1,881,0.0,,,30.0,37.700001,,,C2018|UT11522
UM-HET3,C2018,UT,f,UT11523,Control,,,dead,1,668,0.0,,,28.200001,40.599998,,,C2018|UT11523
UM-HET3,C2018,UT,f,UT11524,Control,,,dead,1,1105,0.0,,,35.200001,46.299999,,,C2018|UT11524
UM-HET3,C2018,UT,f,UT11525,Control,,,dead,1,987,0.0,,,26.299999,39.700001,,,C2018|UT11525
UM-HET3,C2018,UT,f,UT11597,Control,,,dead,1,756,0.0,,,29.5,33.700001,,,C2018|UT11597
UM-HET3,C2018,UT,f,UT11598,Control,,,dead,1,852,0.0,,,44.200001,56.900002,,,C2018|UT11598
UM-HET3,C2018,UT,f,UT11599,Control,,,dead,1,779,0.0,,,40.900002,54.400002,,,C2018|UT11599
UM-HET3,C2018,UT,f,UT11600,Control,,,removed,0,560,0.0,,,,,,,C2018|UT11600
UM-HET3,C2018,UT,f,UT11620,Control,,,dead,1,771,0.0,,,27.1,41.0,,,C2018|UT11620
UM-HET3,C2018,UT,f,UT11621,Control,,,dead,1,889,0.0,,,27.700001,33.900002,,,C2018|UT11621
UM-HET3,C2018,UT,f,UT11622,Control,,,dead,1,888,0.0,,,22.700001,26.9,,,C2018|UT11622
UM-HET3,C2018,UT,f,UT11623,Control,,,dead,1,598,0.0,,,39.099998,54.900002,,,C2018|UT11623
UM-HET3,C2018,UT,f,UT11627,Control,,,dead,1,967,0.0,,,27.1,46.400002,,,C2018|UT11627
UM-HET3,C2018,UT,f,UT11628,Control,,,dead,1,851,0.0,,,30.5,43.900002,,,C2018|UT11628
UM-HET3,C2018,UT,f,UT11629,Control,,,dead,1,960,0.0,,,30.6,40.799999,,,C2018|UT11629
UM-HET3,C2018,UT,f,UT11630,Control,,,dead,1,737,0.0,,,34.5,51.700001,,,C2018|UT11630
UM-HET3,C2018,UT,f,UT11682,Control,,,removed,0,319,0.0,,,,,,,C2018|UT11682
UM-HET3,C2018,UT,f,UT11683,Control,,,dead,1,934,0.0,,,40.099998,58.700001,,,C2018|UT11683
UM-HET3,C2018,UT,f,UT11684,Control,,,dead,1,1038,0.0,,,31.6,45.400002,,,C2018|UT11684
UM-HET3,C2018,UT,f,UT11685,Control,,,dead,1,813,0.0,,,31.4,42.700001,,,C2018|UT11685
UM-HET3,C2018,UT,f,UT11760,Control,,,dead,1,907,0.0,,,37.0,65.599998,,,C2018|UT11760
UM-HET3,C2018,UT,f,UT11761,Control,,,dead,1,1066,0.0,,,33.200001,40.5,,,C2018|UT11761
UM-HET3,C2018,UT,f,UT11762,Control,,,dead,1,892,0.0,,,24.6,33.700001,,,C2018|UT11762
UM-HET3,C2018,UT,f,UT11763,Control,,,dead,1,784,0.0,,,31.5,42.200001,,,C2018|UT11763
UM-HET3,C2018,UT,f,UT11774,Control,,,dead,1,783,0.0,,,31.4,43.599998,,,C2018|UT11774
UM-HET3,C2018,UT,f,UT11775,Control,,,dead,1,1068,0.0,,,35.299999,48.5,,,C2018|UT11775
UM-HET3,C2018,UT,f,UT11776,Control,,,dead,1,983,0.0,,,30.6,42.900002,,,C2018|UT11776
UM-HET3,C2018,UT,f,UT11777,Control,,,dead,1,1055,0.0,,,32.599998,47.200001,,,C2018|UT11777
UM-HET3,C2018,UT,f,UT11782,Control,,,dead,1,834,0.0,,,37.200001,51.900002,,,C2018|UT11782
UM-HET3,C2018,UT,f,UT11783,Control,,,dead,1,722,0.0,,,37.799999,53.400002,,,C2018|UT11783
UM-HET3,C2018,UT,f,UT11784,Control,,,dead,1,898,0.0,,,29.200001,46.400002,,,C2018|UT11784
UM-HET3,C2018,UT,f,UT11785,Control,,,dead,1,730,0.0,,,29.299999,47.599998,,,C2018|UT11785
UM-HET3,C2018,UT,f,UT11832,Control,,,dead,1,974,0.0,,,29.6,38.200001,,,C2018|UT11832
UM-HET3,C2018,UT,f,UT11833,Control,,,dead,1,763,0.0,,,31.5,45.599998,,,C2018|UT11833
UM-HET3,C2018,UT,f,UT11834,Control,,,dead,1,840,0.0,,,33.900002,43.700001,,,C2018|UT11834
UM-HET3,C2018,UT,f,UT11835,Control,,,dead,1,912,0.0,,,40.5,49.299999,,,C2018|UT11835
UM-HET3,C2018,UT,f,UT11859,Control,,,dead,1,641,0.0,,,26.0,36.099998,,,C2018|UT11859
UM-HET3,C2018,UT,f,UT11860,Control,,,dead,1,841,0.0,,,36.700001,45.299999,,,C2018|UT11860
UM-HET3,C2018,UT,f,UT11861,Control,,,dead,1,549,0.0,,,25.1,29.1,,,C2018|UT11861
UM-HET3,C2018,UT,f,UT11862,Control,,,dead,1,934,0.0,,,26.1,35.900002,,,C2018|UT11862
UM-HET3,C2018,UT,f,UT11897,Control,,,dead,1,788,0.0,,,49.099998,61.400002,,,C2018|UT11897
UM-HET3,C2018,UT,f,UT11898,Control,,,dead,1,1009,0.0,,,28.299999,36.200001,,,C2018|UT11898
UM-HET3,C2018,UT,f,UT11899,Control,,,dead,1,897,0.0,,,31.4,42.5,,,C2018|UT11899
UM-HET3,C2018,UT,f,UT11900,Control,,,dead,1,698,0.0,,,27.700001,35.099998,,,C2018|UT11900
UM-HET3,C2018,UT,f,UT11908,Control,,,dead,1,1071,0.0,,,32.799999,46.200001,,,C2018|UT11908
UM-HET3,C2018,UT,f,UT11909,Control,,,dead,1,886,0.0,,,34.900002,46.900002,,,C2018|UT11909
UM-HET3,C2018,UT,f,UT11910,Control,,,dead,1,1219,0.0,,,25.0,31.700001,,,C2018|UT11910
UM-HET3,C2018,UT,f,UT11911,Control,,,dead,1,898,0.0,,,27.4,36.900002,,,C2018|UT11911
UM-HET3,C2018,UT,f,UT11939,Control,,,dead,1,935,0.0,,,34.599998,47.200001,,,C2018|UT11939
UM-HET3,C2018,UT,f,UT11940,Control,,,dead,1,837,0.0,,,26.1,28.5,,,C2018|UT11940
UM-HET3,C2018,UT,f,UT11941,Control,,,dead,1,1213,0.0,,,28.1,38.099998,,,C2018|UT11941
UM-HET3,C2018,UT,f,UT11942,Control,,,dead,1,1167,0.0,,,23.700001,30.6,,,C2018|UT11942
UM-HET3,C2018,UT,m,UT11211,Control,,,dead,1,987,0.0,,,43.0,43.5,,,C2018|UT11211
UM-HET3,C2018,UT,m,UT11212,Control,,,dead,1,384,0.0,,,46.099998,51.900002,,,C2018|UT11212
UM-HET3,C2018,UT,m,UT11213,Control,,,dead,1,619,0.0,,,42.299999,46.700001,,,C2018|UT11213
UM-HET3,C2018,UT,m,UT11218,Control,,,dead,1,496,0.0,,,46.0,53.799999,,,C2018|UT11218
UM-HET3,C2018,UT,m,UT11219,Control,,,dead,1,810,0.0,,,45.400002,49.700001,,,C2018|UT11219
UM-HET3,C2018,UT,m,UT11220,Control,,,dead,1,458,0.0,,,41.200001,46.299999,,,C2018|UT11220
UM-HET3,C2018,UT,m,UT11250,Control,,,dead,1,1047,0.0,,,31.299999,38.700001,,,C2018|UT11250
UM-HET3,C2018,UT,m,UT11251,Control,,,dead,1,734,0.0,,,42.700001,46.299999,,,C2018|UT11251
UM-HET3,C2018,UT,m,UT11252,Control,,,dead,1,724,0.0,,,38.200001,45.599998,,,C2018|UT11252
UM-HET3,C2018,UT,m,UT11260,Control,,,dead,1,778,0.0,,,45.700001,51.700001,,,C2018|UT11260
UM-HET3,C2018,UT,m,UT11261,Control,,,dead,1,795,0.0,,,39.099998,45.700001,,,C2018|UT11261
UM-HET3,C2018,UT,m,UT11262,Control,,,dead,1,1020,0.0,,,30.9,39.099998,,,C2018|UT11262
UM-HET3,C2018,UT,m,UT11281,Control,,,dead,1,790,0.0,,,45.900002,48.799999,,,C2018|UT11281
UM-HET3,C2018,UT,m,UT11282,Control,,,dead,1,692,0.0,,,42.599998,47.200001,,,C2018|UT11282
UM-HET3,C2018,UT,m,UT11283,Control,,,dead,1,1149,0.0,,,42.0,46.200001,,,C2018|UT11283
UM-HET3,C2018,UT,m,UT11291,Control,,,dead,1,596,0.0,,,49.400002,53.599998,,,C2018|UT11291
UM-HET3,C2018,UT,m,UT11292,Control,,,dead,1,1338,0.0,,,30.200001,36.700001,,,C2018|UT11292
UM-HET3,C2018,UT,m,UT11293,Control,,,dead,1,692,0.0,,,41.5,43.799999,,,C2018|UT11293
UM-HET3,C2018,UT,m,UT11306,Control,,,dead,1,887,0.0,,,53.0,56.900002,,,C2018|UT11306
UM-HET3,C2018,UT,m,UT11307,Control,,,dead,1,918,0.0,,,50.200001,53.0,,,C2018|UT11307
UM-HET3,C2018,UT,m,UT11308,Control,,,dead,1,816,0.0,,,45.5,51.700001,,,C2018|UT11308
UM-HET3,C2018,UT,m,UT11309,Control,,,dead,1,901,0.0,,,41.099998,48.400002,,,C2018|UT11309
UM-HET3,C2018,UT,m,UT11310,Control,,,dead,1,792,0.0,,,41.299999,44.799999,,,C2018|UT11310
UM-HET3,C2018,UT,m,UT11311,Control,,,dead,1,244,0.0,,,41.5,,,,C2018|UT11311
UM-HET3,C2018,UT,m,UT11332,Control,,,dead,1,771,0.0,,,36.299999,48.099998,,,C2018|UT11332
UM-HET3,C2018,UT,m,UT11333,Control,,,dead,1,609,0.0,,,40.799999,43.599998,,,C2018|UT11333
UM-HET3,C2018,UT,m,UT11334,Control,,,dead,1,913,0.0,,,38.0,40.400002,,,C2018|UT11334
UM-HET3,C2018,UT,m,UT11392,Control,,,dead,1,1028,0.0,,,36.799999,46.099998,,,C2018|UT11392
UM-HET3,C2018,UT,m,UT11393,Control,,,dead,1,828,0.0,,,44.200001,47.400002,,,C2018|UT11393
UM-HET3,C2018,UT,m,UT11394,Control,,,dead,1,783,0.0,,,40.400002,46.900002,,,C2018|UT11394
UM-HET3,C2018,UT,m,UT11395,Control,,,dead,1,682,0.0,,,37.599998,45.400002,,,C2018|UT11395
UM-HET3,C2018,UT,m,UT11396,Control,,,dead,1,638,0.0,,,34.0,44.099998,,,C2018|UT11396
UM-HET3,C2018,UT,m,UT11397,Control,,,dead,1,625,0.0,,,40.700001,48.0,,,C2018|UT11397
UM-HET3,C2018,UT,m,UT11409,Control,,,dead,1,880,0.0,,,42.599998,44.799999,,,C2018|UT11409
UM-HET3,C2018,UT,m,UT11410,Control,,,dead,1,972,0.0,,,37.400002,46.900002,,,C2018|UT11410
UM-HET3,C2018,UT,m,UT11411,Control,,,dead,1,511,0.0,,,37.200001,42.700001,,,C2018|UT11411
UM-HET3,C2018,UT,m,UT11426,Control,,,dead,1,457,0.0,,,44.200001,47.299999,,,C2018|UT11426
UM-HET3,C2018,UT,m,UT11427,Control,,,dead,1,941,0.0,,,47.799999,51.299999,,,C2018|UT11427
UM-HET3,C2018,UT,m,UT11428,Control,,,dead,1,233,0.0,,,46.799999,,,,C2018|UT11428
UM-HET3,C2018,UT,m,UT11429,Control,,,dead,1,339,0.0,,,42.5,,,,C2018|UT11429
UM-HET3,C2018,UT,m,UT11430,Control,,,dead,1,1036,0.0,,,45.400002,50.099998,,,C2018|UT11430
UM-HET3,C2018,UT,m,UT11431,Control,,,dead,1,980,0.0,,,40.900002,49.099998,,,C2018|UT11431
UM-HET3,C2018,UT,m,UT11454,Control,,,dead,1,338,0.0,,,46.299999,,,,C2018|UT11454
UM-HET3,C2018,UT,m,UT11455,Control,,,dead,1,486,0.0,,,43.799999,48.5,,,C2018|UT11455
UM-HET3,C2018,UT,m,UT11456,Control,,,dead,1,943,0.0,,,34.299999,43.599998,,,C2018|UT11456
UM-HET3,C2018,UT,m,UT11464,Control,,,dead,1,750,0.0,,,39.400002,40.799999,,,C2018|UT11464
UM-HET3,C2018,UT,m,UT11465,Control,,,dead,1,649,0.0,,,42.099998,46.099998,,,C2018|UT11465
UM-HET3,C2018,UT,m,UT11466,Control,,,dead,1,1047,0.0,,,38.5,46.400002,,,C2018|UT11466
UM-HET3,C2018,UT,m,UT11471,Control,,,removed,0,575,0.0,,,,,,,C2018|UT11471
UM-HET3,C2018,UT,m,UT11472,Control,,,removed,0,576,0.0,,,,,,,C2018|UT11472
UM-HET3,C2018,UT,m,UT11473,Control,,,removed,0,576,0.0,,,,,,,C2018|UT11473
UM-HET3,C2018,UT,m,UT11474,Control,,,dead,1,744,0.0,,,38.5,37.599998,,,C2018|UT11474
UM-HET3,C2018,UT,m,UT11475,Control,,,dead,1,1066,0.0,,,39.5,39.5,,,C2018|UT11475
UM-HET3,C2018,UT,m,UT11476,Control,,,dead,1,385,0.0,,,49.200001,53.799999,,,C2018|UT11476
UM-HET3,C2018,UT,m,UT11546,Control,,,dead,1,832,0.0,,,39.0,38.299999,,,C2018|UT11546
UM-HET3,C2018,UT,m,UT11547,Control,,,dead,1,1048,0.0,,,33.400002,37.299999,,,C2018|UT11547
UM-HET3,C2018,UT,m,UT11548,Control,,,dead,1,654,0.0,,,29.1,31.1,,,C2018|UT11548
UM-HET3,C2018,UT,m,UT11561,Control,,,dead,1,918,0.0,,,44.0,48.5,,,C2018|UT11561
UM-HET3,C2018,UT,m,UT11562,Control,,,dead,1,471,0.0,,,43.900002,45.799999,,,C2018|UT11562
UM-HET3,C2018,UT,m,UT11563,Control,,,dead,1,924,0.0,,,42.799999,47.900002,,,C2018|UT11563
UM-HET3,C2018,UT,m,UT11567,Control,,,dead,1,692,0.0,,,41.0,45.599998,,,C2018|UT11567
UM-HET3,C2018,UT,m,UT11568,Control,,,dead,1,807,0.0,,,46.200001,50.200001,,,C2018|UT11568
UM-HET3,C2018,UT,m,UT11569,Control,,,dead,1,881,0.0,,,40.599998,49.900002,,,C2018|UT11569
UM-HET3,C2018,UT,m,UT11617,Control,,,dead,1,897,0.0,,,41.0,50.099998,,,C2018|UT11617
UM-HET3,C2018,UT,m,UT11618,Control,,,dead,1,900,0.0,,,45.299999,46.299999,,,C2018|UT11618
UM-HET3,C2018,UT,m,UT11619,Control,,,dead,1,331,0.0,,,46.799999,,,,C2018|UT11619
UM-HET3,C2018,UT,m,UT11631,Control,,,dead,1,1055,0.0,,,39.200001,43.099998,,,C2018|UT11631
UM-HET3,C2018,UT,m,UT11632,Control,,,dead,1,354,0.0,,,48.900002,,,,C2018|UT11632
UM-HET3,C2018,UT,m,UT11633,Control,,,dead,1,856,0.0,,,43.5,47.299999,,,C2018|UT11633
UM-HET3,C2018,UT,m,UT11675,Control,,,dead,1,658,0.0,,,48.799999,48.200001,,,C2018|UT11675
UM-HET3,C2018,UT,m,UT11676,Control,,,dead,1,722,0.0,,,43.599998,48.5,,,C2018|UT11676
UM-HET3,C2018,UT,m,UT11677,Control,,,dead,1,722,0.0,,,49.200001,53.799999,,,C2018|UT11677
UM-HET3,C2018,UT,m,UT11686,Control,,,dead,1,423,0.0,,,40.5,48.599998,,,C2018|UT11686
UM-HET3,C2018,UT,m,UT11687,Control,,,dead,1,1026,0.0,,,34.0,45.799999,,,C2018|UT11687
UM-HET3,C2018,UT,m,UT11688,Control,,,dead,1,938,0.0,,,41.599998,46.599998,,,C2018|UT11688
UM-HET3,C2018,UT,m,UT11689,Control,,,dead,1,778,0.0,,,38.099998,44.299999,,,C2018|UT11689
UM-HET3,C2018,UT,m,UT11690,Control,,,dead,1,814,0.0,,,40.299999,51.099998,,,C2018|UT11690
UM-HET3,C2018,UT,m,UT11691,Control,,,dead,1,861,0.0,,,41.200001,45.0,,,C2018|UT11691
UM-HET3,C2018,UT,m,UT11695,Control,,,dead,1,685,0.0,,,46.900002,50.900002,,,C2018|UT11695
UM-HET3,C2018,UT,m,UT11696,Control,,,dead,1,316,0.0,,,47.900002,,,,C2018|UT11696
UM-HET3,C2018,UT,m,UT11697,Control,,,dead,1,1129,0.0,,,38.0,44.900002,,,C2018|UT11697
UM-HET3,C2018,UT,m,UT11712,Control,,,dead,1,1003,0.0,,,42.599998,47.599998,,,C2018|UT11712
UM-HET3,C2018,UT,m,UT11713,Control,,,dead,1,818,0.0,,,42.5,47.599998,,,C2018|UT11713
UM-HET3,C2018,UT,m,UT11714,Control,,,dead,1,903,0.0,,,45.400002,55.299999,,,C2018|UT11714
UM-HET3,C2018,UT,m,UT11736,Control,,,dead,1,585,0.0,,,43.5,47.299999,,,C2018|UT11736
UM-HET3,C2018,UT,m,UT11737,Control,,,dead,1,559,0.0,,,45.5,46.599998,,,C2018|UT11737
UM-HET3,C2018,UT,m,UT11738,Control,,,dead,1,946,0.0,,,46.400002,48.599998,,,C2018|UT11738
UM-HET3,C2018,UT,m,UT11739,Control,,,dead,1,937,0.0,,,47.400002,50.700001,,,C2018|UT11739
UM-HET3,C2018,UT,m,UT11740,Control,,,dead,1,243,0.0,,,45.299999,,,,C2018|UT11740
UM-HET3,C2018,UT,m,UT11741,Control,,,dead,1,590,0.0,,,49.900002,57.200001,,,C2018|UT11741
UM-HET3,C2018,UT,m,UT11771,Control,,,dead,1,1163,0.0,,,43.799999,45.400002,,,C2018|UT11771
UM-HET3,C2018,UT,m,UT11772,Control,,,dead,1,920,0.0,,,43.5,48.200001,,,C2018|UT11772
UM-HET3,C2018,UT,m,UT11773,Control,,,dead,1,190,0.0,,,41.0,,,,C2018|UT11773
UM-HET3,C2018,UT,m,UT11789,Control,,,dead,1,304,0.0,,,54.5,,,,C2018|UT11789
UM-HET3,C2018,UT,m,UT11790,Control,,,dead,1,1152,0.0,,,45.799999,55.400002,,,C2018|UT11790
UM-HET3,C2018,UT,m,UT11791,Control,,,dead,1,1148,0.0,,,49.799999,52.599998,,,C2018|UT11791
UM-HET3,C2018,UT,m,UT11813,Control,,,dead,1,890,0.0,,,34.200001,33.5,,,C2018|UT11813
UM-HET3,C2018,UT,m,UT11814,Control,,,dead,1,881,0.0,,,48.299999,47.599998,,,C2018|UT11814
UM-HET3,C2018,UT,m,UT11815,Control,,,dead,1,524,0.0,,,35.0,42.0,,,C2018|UT11815
UM-HET3,C2018,UT,m,UT11839,Control,,,dead,1,248,0.0,,,47.799999,,,,C2018|UT11839
UM-HET3,C2018,UT,m,UT11840,Control,,,dead,1,1105,0.0,,,34.299999,41.200001,,,C2018|UT11840
UM-HET3,C2018,UT,m,UT11841,Control,,,dead,1,771,0.0,,,41.599998,42.900002,,,C2018|UT11841
UM-HET3,C2018,UT,m,UT11874,Control,,,dead,1,971,0.0,,,30.799999,35.400002,,,C2018|UT11874
UM-HET3,C2018,UT,m,UT11875,Control,,,dead,1,762,0.0,,,37.299999,39.799999,,,C2018|UT11875
UM-HET3,C2018,UT,m,UT11876,Control,,,dead,1,934,0.0,,,39.799999,47.099998,,,C2018|UT11876
UM-HET3,C2019,TJL,f,JL19001,Control,,,dead,1,696,0.0,,,32.0,41.0,,,C2019|JL19001
UM-HET3,C2019,TJL,f,JL19002,Control,,,dead,1,904,0.0,,,49.0,52.0,,,C2019|JL19002
UM-HET3,C2019,TJL,f,JL19003,Control,,,dead,1,766,0.0,,,30.0,34.0,,,C2019|JL19003
UM-HET3,C2019,TJL,f,JL19004,Control,,,dead,1,766,0.0,,,35.0,39.0,,,C2019|JL19004
UM-HET3,C2019,TJL,f,JL19054,Control,,,dead,1,1149,0.0,,,29.0,32.0,,,C2019|JL19054
UM-HET3,C2019,TJL,f,JL19055,Control,,,dead,1,711,0.0,,,35.0,37.0,,,C2019|JL19055
UM-HET3,C2019,TJL,f,JL19056,Control,,,dead,1,1063,0.0,,,39.0,39.0,,,C2019|JL19056
UM-HET3,C2019,TJL,f,JL19057,Control,,,dead,1,821,0.0,,,32.0,36.0,,,C2019|JL19057
UM-HET3,C2019,TJL,f,JL19073,Control,,,dead,1,1053,0.0,,,38.0,41.0,,,C2019|JL19073
UM-HET3,C2019,TJL,f,JL19074,Control,,,dead,1,1174,0.0,,,32.0,37.0,,,C2019|JL19074
UM-HET3,C2019,TJL,f,JL19075,Control,,,dead,1,1082,0.0,,,25.0,27.0,,,C2019|JL19075
UM-HET3,C2019,TJL,f,JL19076,Control,,,dead,1,1114,0.0,,,30.0,28.0,,,C2019|JL19076
UM-HET3,C2019,TJL,f,JL19125,Control,,,dead,1,800,0.0,,,47.0,51.0,,,C2019|JL19125
UM-HET3,C2019,TJL,f,JL19126,Control,,,dead,1,994,0.0,,,37.0,34.0,,,C2019|JL19126
UM-HET3,C2019,TJL,f,JL19127,Control,,,dead,1,711,0.0,,,42.0,42.0,,,C2019|JL19127
UM-HET3,C2019,TJL,f,JL19128,Control,,,dead,1,958,0.0,,,35.0,37.0,,,C2019|JL19128
UM-HET3,C2019,TJL,f,JL19195,Control,,,dead,1,942,0.0,,,26.0,27.0,,,C2019|JL19195
UM-HET3,C2019,TJL,f,JL19196,Control,,,dead,1,818,0.0,,,32.0,39.0,,,C2019|JL19196
UM-HET3,C2019,TJL,f,JL19197,Control,,,dead,1,855,0.0,,,38.0,43.0,,,C2019|JL19197
UM-HET3,C2019,TJL,f,JL19198,Control,,,dead,1,818,0.0,,,28.0,32.0,,,C2019|JL19198
UM-HET3,C2019,TJL,f,JL19199,Control,,,dead,1,847,0.0,,,33.0,43.0,,,C2019|JL19199
UM-HET3,C2019,TJL,f,JL19200,Control,,,dead,1,865,0.0,,,30.0,37.0,,,C2019|JL19200
UM-HET3,C2019,TJL,f,JL19201,Control,,,dead,1,722,0.0,,,36.0,44.0,,,C2019|JL19201
UM-HET3,C2019,TJL,f,JL19202,Control,,,dead,1,928,0.0,,,33.0,42.0,,,C2019|JL19202
UM-HET3,C2019,TJL,f,JL19271,Control,,,dead,1,1086,0.0,,,25.0,26.0,,,C2019|JL19271
UM-HET3,C2019,TJL,f,JL19272,Control,,,dead,1,867,0.0,,,25.0,28.0,,,C2019|JL19272
UM-HET3,C2019,TJL,f,JL19273,Control,,,dead,1,765,0.0,,,25.0,27.0,,,C2019|JL19273
UM-HET3,C2019,TJL,f,JL19274,Control,,,dead,1,675,0.0,,,26.0,30.0,,,C2019|JL19274
UM-HET3,C2019,TJL,f,JL19275,Control,,,dead,1,843,0.0,,,42.0,46.0,,,C2019|JL19275
UM-HET3,C2019,TJL,f,JL19276,Control,,,dead,1,799,0.0,,,36.0,39.0,,,C2019|JL19276
UM-HET3,C2019,TJL,f,JL19277,Control,,,dead,1,781,0.0,,,45.0,48.0,,,C2019|JL19277
UM-HET3,C2019,TJL,f,JL19278,Control,,,dead,1,638,0.0,,,28.0,28.0,,,C2019|JL19278
UM-HET3,C2019,TJL,f,JL19319,Control,,,dead,1,820,0.0,,,23.0,24.0,,,C2019|JL19319
UM-HET3,C2019,TJL,f,JL19320,Control,,,dead,1,983,0.0,,,25.0,31.0,,,C2019|JL19320
UM-HET3,C2019,TJL,f,JL19321,Control,,,dead,1,1139,0.0,,,25.0,30.0,,,C2019|JL19321
UM-HET3,C2019,TJL,f,JL19322,Control,,,dead,1,1031,0.0,,,35.0,39.0,,,C2019|JL19322
UM-HET3,C2019,TJL,f,JL19323,Control,,,dead,1,843,0.0,,,37.0,46.0,,,C2019|JL19323
UM-HET3,C2019,TJL,f,JL19324,Control,,,dead,1,770,0.0,,,30.0,35.0,,,C2019|JL19324
UM-HET3,C2019,TJL,f,JL19325,Control,,,dead,1,688,0.0,,,25.0,27.0,,,C2019|JL19325
UM-HET3,C2019,TJL,f,JL19326,Control,,,dead,1,984,0.0,,,31.0,34.0,,,C2019|JL19326
UM-HET3,C2019,TJL,f,JL19401,Control,,,dead,1,822,0.0,,,34.0,37.0,,,C2019|JL19401
UM-HET3,C2019,TJL,f,JL19402,Control,,,dead,1,902,0.0,,,33.0,41.0,,,C2019|JL19402
UM-HET3,C2019,TJL,f,JL19403,Control,,,dead,1,883,0.0,,,34.0,35.0,,,C2019|JL19403
UM-HET3,C2019,TJL,f,JL19404,Control,,,dead,1,1035,0.0,,,34.0,36.0,,,C2019|JL19404
UM-HET3,C2019,TJL,f,JL19426,Control,,,dead,1,1034,0.0,,,32.0,38.0,,,C2019|JL19426
UM-HET3,C2019,TJL,f,JL19427,Control,,,dead,1,942,0.0,,,29.0,28.0,,,C2019|JL19427
UM-HET3,C2019,TJL,f,JL19428,Control,,,dead,1,1120,0.0,,,25.0,25.0,,,C2019|JL19428
UM-HET3,C2019,TJL,f,JL19429,Control,,,dead,1,505,0.0,,,27.0,29.0,,,C2019|JL19429
UM-HET3,C2019,TJL,f,JL19470,Control,,,dead,1,908,0.0,,,26.0,27.0,,,C2019|JL19470
UM-HET3,C2019,TJL,f,JL19471,Control,,,dead,1,1085,0.0,,,29.0,32.0,,,C2019|JL19471
UM-HET3,C2019,TJL,f,JL19472,Control,,,dead,1,803,0.0,,,27.0,29.0,,,C2019|JL19472
UM-HET3,C2019,TJL,f,JL19473,Control,,,dead,1,871,0.0,,,31.0,38.0,,,C2019|JL19473
UM-HET3,C2019,TJL,f,JL19474,Control,,,dead,1,946,0.0,,,41.0,53.0,,,C2019|JL19474
UM-HET3,C2019,TJL,f,JL19475,Control,,,dead,1,593,0.0,,,38.0,43.0,,,C2019|JL19475
UM-HET3,C2019,TJL,f,JL19476,Control,,,dead,1,692,0.0,,,27.0,30.0,,,C2019|JL19476
UM-HET3,C2019,TJL,f,JL19477,Control,,,dead,1,659,0.0,,,34.0,36.0,,,C2019|JL19477
UM-HET3,C2019,TJL,f,JL19538,Control,,,dead,1,1220,0.0,,,35.0,46.0,,,C2019|JL19538
UM-HET3,C2019,TJL,f,JL19539,Control,,,dead,1,871,0.0,,,39.0,49.0,,,C2019|JL19539
UM-HET3,C2019,TJL,f,JL19540,Control,,,dead,1,1199,0.0,,,29.0,32.0,,,C2019|JL19540
UM-HET3,C2019,TJL,f,JL19541,Control,,,dead,1,1180,0.0,,,24.0,27.0,,,C2019|JL19541
UM-HET3,C2019,TJL,f,JL19587,Control,,,dead,1,1165,0.0,,,25.0,29.0,,,C2019|JL19587
UM-HET3,C2019,TJL,f,JL19588,Control,,,dead,1,715,0.0,,,28.0,33.0,,,C2019|JL19588
UM-HET3,C2019,TJL,f,JL19589,Control,,,dead,1,674,0.0,,,34.0,43.0,,,C2019|JL19589
UM-HET3,C2019,TJL,f,JL19590,Control,,,dead,1,829,0.0,,,27.0,37.0,,,C2019|JL19590
UM-HET3,C2019,TJL,f,JL19622,Control,,,dead,1,1071,0.0,,,25.0,34.0,,,C2019|JL19622
UM-HET3,C2019,TJL,f,JL19623,Control,,,dead,1,1306,0.0,,,25.0,24.0,,,C2019|JL19623
UM-HET3,C2019,TJL,f,JL19624,Control,,,dead,1,965,0.0,,,25.0,30.0,,,C2019|JL19624
UM-HET3,C2019,TJL,f,JL19625,Control,,,dead,1,851,0.0,,,23.0,25.0,,,C2019|JL19625
UM-HET3,C2019,TJL,f,JL19626,Control,,,dead,1,1130,0.0,,,26.0,30.0,,,C2019|JL19626
UM-HET3,C2019,TJL,f,JL19627,Control,,,dead,1,949,0.0,,,30.0,33.0,,,C2019|JL19627
UM-HET3,C2019,TJL,f,JL19628,Control,,,dead,1,1026,0.0,,,33.0,40.0,,,C2019|JL19628
UM-HET3,C2019,TJL,f,JL19629,Control,,,dead,1,1079,0.0,,,43.0,50.0,,,C2019|JL19629
UM-HET3,C2019,TJL,f,JL19691,Control,,,dead,1,1150,0.0,,,27.0,34.0,,,C2019|JL19691
UM-HET3,C2019,TJL,f,JL19692,Control,,,dead,1,1228,0.0,,,27.0,31.0,,,C2019|JL19692
UM-HET3,C2019,TJL,f,JL19693,Control,,,dead,1,770,0.0,,,30.0,38.0,,,C2019|JL19693
UM-HET3,C2019,TJL,f,JL19694,Control,,,dead,1,662,0.0,,,25.0,29.0,,,C2019|JL19694
UM-HET3,C2019,TJL,f,JL19732,Control,,,dead,1,986,0.0,,,30.0,36.0,,,C2019|JL19732
UM-HET3,C2019,TJL,f,JL19733,Control,,,dead,1,1075,0.0,,,26.0,35.0,,,C2019|JL19733
UM-HET3,C2019,TJL,f,JL19734,Control,,,dead,1,1134,0.0,,,26.0,31.0,,,C2019|JL19734
UM-HET3,C2019,TJL,f,JL19735,Control,,,dead,1,994,0.0,,,31.0,32.0,,,C2019|JL19735
UM-HET3,C2019,TJL,f,JL19778,Control,,,dead,1,524,0.0,,,41.0,47.0,,,C2019|JL19778
UM-HET3,C2019,TJL,f,JL19779,Control,,,dead,1,1034,0.0,,,32.0,40.0,,,C2019|JL19779
UM-HET3,C2019,TJL,f,JL19780,Control,,,dead,1,511,0.0,,,37.0,48.0,,,C2019|JL19780
UM-HET3,C2019,TJL,f,JL19781,Control,,,dead,1,960,0.0,,,36.0,48.0,,,C2019|JL19781
UM-HET3,C2019,TJL,f,JL19811,Control,,,dead,1,1015,0.0,,,32.0,38.0,,,C2019|JL19811
UM-HET3,C2019,TJL,f,JL19812,Control,,,dead,1,1082,0.0,,,31.0,37.0,,,C2019|JL19812
UM-HET3,C2019,TJL,f,JL19813,Control,,,dead,1,1090,0.0,,,25.0,29.0,,,C2019|JL19813
UM-HET3,C2019,TJL,f,JL19814,Control,,,dead,1,954,0.0,,,31.0,36.0,,,C2019|JL19814
UM-HET3,C2019,TJL,f,JL19832,Control,,,dead,1,1207,0.0,,,36.0,41.0,,,C2019|JL19832
UM-HET3,C2019,TJL,f,JL19833,Control,,,dead,1,884,0.0,,,27.0,26.0,,,C2019|JL19833
UM-HET3,C2019,TJL,f,JL19834,Control,,,dead,1,1130,0.0,,,36.0,46.0,,,C2019|JL19834
UM-HET3,C2019,TJL,f,JL19835,Control,,,dead,1,1057,0.0,,,34.0,40.0,,,C2019|JL19835
UM-HET3,C2019,TJL,f,JL19836,Control,,,dead,1,759,0.0,,,24.0,29.0,,,C2019|JL19836
UM-HET3,C2019,TJL,f,JL19837,Control,,,dead,1,625,0.0,,,28.0,37.0,,,C2019|JL19837
UM-HET3,C2019,TJL,f,JL19838,Control,,,dead,1,701,0.0,,,30.0,43.0,,,C2019|JL19838
UM-HET3,C2019,TJL,f,JL19839,Control,,,dead,1,1047,0.0,,,33.0,42.0,,,C2019|JL19839
UM-HET3,C2019,TJL,f,JL19910,Control,,,dead,1,936,0.0,,,35.0,42.0,,,C2019|JL19910
UM-HET3,C2019,TJL,f,JL19911,Control,,,dead,1,1006,0.0,,,38.0,53.0,,,C2019|JL19911
UM-HET3,C2019,TJL,f,JL19912,Control,,,dead,1,1040,0.0,,,43.0,53.0,,,C2019|JL19912
UM-HET3,C2019,TJL,f,JL19913,Control,,,dead,1,1120,0.0,,,37.0,45.0,,,C2019|JL19913
UM-HET3,C2019,TJL,m,JL19039,Control,,,dead,1,623,0.0,,,47.0,50.0,,,C2019|JL19039
UM-HET3,C2019,TJL,m,JL19040,Control,,,dead,1,694,0.0,,,43.0,44.0,,,C2019|JL19040
UM-HET3,C2019,TJL,m,JL19041,Control,,,dead,1,909,0.0,,,32.0,37.0,,,C2019|JL19041
UM-HET3,C2019,TJL,m,JL19061,Control,,,dead,1,659,0.0,,,42.0,45.0,,,C2019|JL19061
UM-HET3,C2019,TJL,m,JL19062,Control,,,dead,1,729,0.0,,,42.0,46.0,,,C2019|JL19062
UM-HET3,C2019,TJL,m,JL19063,Control,,,dead,1,1271,0.0,,,34.0,36.0,,,C2019|JL19063
UM-HET3,C2019,TJL,m,JL19067,Control,,,dead,1,1033,0.0,,,41.0,44.0,,,C2019|JL19067
UM-HET3,C2019,TJL,m,JL19068,Control,,,dead,1,1150,0.0,,,38.0,45.0,,,C2019|JL19068
UM-HET3,C2019,TJL,m,JL19069,Control,,,dead,1,1099,0.0,,,35.0,42.0,,,C2019|JL19069
UM-HET3,C2019,TJL,m,JL19070,Control,,,dead,1,1017,0.0,,,41.0,44.0,,,C2019|JL19070
UM-HET3,C2019,TJL,m,JL19071,Control,,,dead,1,790,0.0,,,41.0,43.0,,,C2019|JL19071
UM-HET3,C2019,TJL,m,JL19072,Control,,,dead,1,544,0.0,,,46.0,50.0,,,C2019|JL19072
UM-HET3,C2019,TJL,m,JL19136,Control,,,dead,1,351,0.0,,,43.0,,,,C2019|JL19136
UM-HET3,C2019,TJL,m,JL19137,Control,,,dead,1,861,0.0,,,44.0,46.0,,,C2019|JL19137
UM-HET3,C2019,TJL,m,JL19138,Control,,,dead,1,530,0.0,,,42.0,45.0,,,C2019|JL19138
UM-HET3,C2019,TJL,m,JL19145,Control,,,dead,1,910,0.0,,,47.0,51.0,,,C2019|JL19145
UM-HET3,C2019,TJL,m,JL19146,Control,,,dead,1,565,0.0,,,41.0,43.0,,,C2019|JL19146
UM-HET3,C2019,TJL,m,JL19147,Control,,,dead,1,883,0.0,,,40.0,44.0,,,C2019|JL19147
UM-HET3,C2019,TJL,m,JL19186,Control,,,dead,1,944,0.0,,,50.0,53.0,,,C2019|JL19186
UM-HET3,C2019,TJL,m,JL19187,Control,,,dead,1,875,0.0,,,42.0,38.0,,,C2019|JL19187
UM-HET3,C2019,TJL,m,JL19188,Control,,,dead,1,564,0.0,,,46.0,51.0,,,C2019|JL19188
UM-HET3,C2019,TJL,m,JL19206,Control,,,dead,1,877,0.0,,,44.0,45.0,,,C2019|JL19206
UM-HET3,C2019,TJL,m,JL19207,Control,,,dead,1,802,0.0,,,43.0,44.0,,,C2019|JL19207
UM-HET3,C2019,TJL,m,JL19208,Control,,,dead,1,750,0.0,,,43.0,45.0,,,C2019|JL19208
UM-HET3,C2019,TJL,m,JL19236,Control,,,dead,1,648,0.0,,,49.0,53.0,,,C2019|JL19236
UM-HET3,C2019,TJL,m,JL19237,Control,,,dead,1,794,0.0,,,45.0,48.0,,,C2019|JL19237
UM-HET3,C2019,TJL,m,JL19238,Control,,,dead,1,899,0.0,,,45.0,47.0,,,C2019|JL19238
UM-HET3,C2019,TJL,m,JL19245,Control,,,dead,1,748,0.0,,,46.0,48.0,,,C2019|JL19245
UM-HET3,C2019,TJL,m,JL19246,Control,,,dead,1,763,0.0,,,46.0,50.0,,,C2019|JL19246
UM-HET3,C2019,TJL,m,JL19247,Control,,,dead,1,743,0.0,,,41.0,47.0,,,C2019|JL19247
UM-HET3,C2019,TJL,m,JL19264,Control,,,dead,1,447,0.0,,,43.0,46.0,,,C2019|JL19264
UM-HET3,C2019,TJL,m,JL19265,Control,,,dead,1,513,0.0,,,41.0,39.0,,,C2019|JL19265
UM-HET3,C2019,TJL,m,JL19266,Control,,,dead,1,778,0.0,,,40.0,41.0,,,C2019|JL19266
UM-HET3,C2019,TJL,m,JL19289,Control,,,dead,1,619,0.0,,,46.0,55.0,,,C2019|JL19289
UM-HET3,C2019,TJL,m,JL19290,Control,,,dead,1,752,0.0,,,45.0,46.0,,,C2019|JL19290
UM-HET3,C2019,TJL,m,JL19291,Control,,,dead,1,631,0.0,,,44.0,46.0,,,C2019|JL19291
UM-HET3,C2019,TJL,m,JL19330,Control,,,dead,1,547,0.0,,,53.0,57.0,,,C2019|JL19330
UM-HET3,C2019,TJL,m,JL19331,Control,,,dead,1,946,0.0,,,40.0,44.0,,,C2019|JL19331
UM-HET3,C2019,TJL,m,JL19332,Control,,,dead,1,1034,0.0,,,43.0,46.0,,,C2019|JL19332
UM-HET3,C2019,TJL,m,JL19342,Control,,,dead,1,757,0.0,,,38.0,46.0,,,C2019|JL19342
UM-HET3,C2019,TJL,m,JL19343,Control,,,dead,1,837,0.0,,,46.0,52.0,,,C2019|JL19343
UM-HET3,C2019,TJL,m,JL19344,Control,,,dead,1,519,0.0,,,45.0,52.0,,,C2019|JL19344
UM-HET3,C2019,TJL,m,JL19376,Control,,,dead,1,1001,0.0,,,34.0,38.0,,,C2019|JL19376
UM-HET3,C2019,TJL,m,JL19377,Control,,,dead,1,765,0.0,,,48.0,49.0,,,C2019|JL19377
UM-HET3,C2019,TJL,m,JL19378,Control,,,dead,1,351,0.0,,,42.0,,,,C2019|JL19378
UM-HET3,C2019,TJL,m,JL19411,Control,,,dead,1,848,0.0,,,37.0,42.0,,,C2019|JL19411
UM-HET3,C2019,TJL,m,JL19412,Control,,,dead,1,547,0.0,,,43.0,46.0,,,C2019|JL19412
UM-HET3,C2019,TJL,m,JL19413,Control,,,dead,1,851,0.0,,,43.0,42.0,,,C2019|JL19413
UM-HET3,C2019,TJL,m,JL19451,Control,,,dead,1,533,0.0,,,43.0,45.0,,,C2019|JL19451
UM-HET3,C2019,TJL,m,JL19452,Control,,,dead,1,408,0.0,,,39.0,46.0,,,C2019|JL19452
UM-HET3,C2019,TJL,m,JL19453,Control,,,dead,1,976,0.0,,,46.0,45.0,,,C2019|JL19453
UM-HET3,C2019,TJL,m,JL19457,Control,,,dead,1,688,0.0,,,39.0,45.0,,,C2019|JL19457
UM-HET3,C2019,TJL,m,JL19458,Control,,,dead,1,699,0.0,,,39.0,42.0,,,C2019|JL19458
UM-HET3,C2019,TJL,m,JL19459,Control,,,dead,1,621,0.0,,,43.0,46.0,,,C2019|JL19459
UM-HET3,C2019,TJL,m,JL19482,Control,,,dead,1,1044,0.0,,,36.0,44.0,,,C2019|JL19482
UM-HET3,C2019,TJL,m,JL19483,Control,,,dead,1,824,0.0,,,45.0,49.0,,,C2019|JL19483
UM-HET3,C2019,TJL,m,JL19484,Control,,,dead,1,1068,0.0,,,41.0,49.0,,,C2019|JL19484
UM-HET3,C2019,TJL,m,JL19513,Control,,,dead,1,846,0.0,,,42.0,46.0,,,C2019|JL19513
UM-HET3,C2019,TJL,m,JL19514,Control,,,dead,1,645,0.0,,,47.0,55.0,,,C2019|JL19514
UM-HET3,C2019,TJL,m,JL19515,Control,,,dead,1,946,0.0,,,44.0,48.0,,,C2019|JL19515
UM-HET3,C2019,TJL,m,JL19519,Control,,,dead,1,666,0.0,,,46.0,50.0,,,C2019|JL19519
UM-HET3,C2019,TJL,m,JL19520,Control,,,dead,1,648,0.0,,,51.0,60.0,,,C2019|JL19520
UM-HET3,C2019,TJL,m,JL19521,Control,,,dead,1,838,0.0,,,35.0,40.0,,,C2019|JL19521
UM-HET3,C2019,TJL,m,JL19558,Control,,,dead,1,719,0.0,,,41.0,44.0,,,C2019|JL19558
UM-HET3,C2019,TJL,m,JL19559,Control,,,dead,1,829,0.0,,,41.0,48.0,,,C2019|JL19559
UM-HET3,C2019,TJL,m,JL19560,Control,,,dead,1,953,0.0,,,33.0,40.0,,,C2019|JL19560
UM-HET3,C2019,TJL,m,JL19573,Control,,,dead,1,1183,0.0,,,38.0,42.0,,,C2019|JL19573
UM-HET3,C2019,TJL,m,JL19574,Control,,,dead,1,596,0.0,,,43.0,47.0,,,C2019|JL19574
UM-HET3,C2019,TJL,m,JL19575,Control,,,dead,1,703,0.0,,,41.0,43.0,,,C2019|JL19575
UM-HET3,C2019,TJL,m,JL19601,Control,,,dead,1,817,0.0,,,42.0,48.0,,,C2019|JL19601
UM-HET3,C2019,TJL,m,JL19602,Control,,,dead,1,956,0.0,,,39.0,45.0,,,C2019|JL19602
UM-HET3,C2019,TJL,m,JL19603,Control,,,dead,1,1079,0.0,,,47.0,51.0,,,C2019|JL19603
UM-HET3,C2019,TJL,m,JL19633,Control,,,dead,1,992,0.0,,,41.0,46.0,,,C2019|JL19633
UM-HET3,C2019,TJL,m,JL19634,Control,,,dead,1,939,0.0,,,47.0,53.0,,,C2019|JL19634
UM-HET3,C2019,TJL,m,JL19635,Control,,,dead,1,1176,0.0,,,36.0,43.0,,,C2019|JL19635
UM-HET3,C2019,TJL,m,JL19642,Control,,,dead,1,579,0.0,,,48.0,52.0,,,C2019|JL19642
UM-HET3,C2019,TJL,m,JL19643,Control,,,dead,1,477,0.0,,,38.0,39.0,,,C2019|JL19643
UM-HET3,C2019,TJL,m,JL19644,Control,,,dead,1,306,0.0,,,43.0,,,,C2019|JL19644
UM-HET3,C2019,TJL,m,JL19679,Control,,,dead,1,837,0.0,,,39.0,45.0,,,C2019|JL19679
UM-HET3,C2019,TJL,m,JL19680,Control,,,dead,1,1075,0.0,,,44.0,48.0,,,C2019|JL19680
UM-HET3,C2019,TJL,m,JL19681,Control,,,dead,1,886,0.0,,,42.0,46.0,,,C2019|JL19681
UM-HET3,C2019,TJL,m,JL19709,Control,,,dead,1,394,0.0,,,45.0,53.0,,,C2019|JL19709
UM-HET3,C2019,TJL,m,JL19710,Control,,,dead,1,1090,0.0,,,31.0,37.0,,,C2019|JL19710
UM-HET3,C2019,TJL,m,JL19711,Control,,,dead,1,482,0.0,,,47.0,57.0,,,C2019|JL19711
UM-HET3,C2019,TJL,m,JL19723,Control,,,dead,1,1104,0.0,,,44.0,48.0,,,C2019|JL19723
UM-HET3,C2019,TJL,m,JL19724,Control,,,dead,1,678,0.0,,,42.0,47.0,,,C2019|JL19724
UM-HET3,C2019,TJL,m,JL19725,Control,,,dead,1,1062,0.0,,,38.0,45.0,,,C2019|JL19725
UM-HET3,C2019,TJL,m,JL19743,Control,,,dead,1,450,0.0,,,49.0,55.0,,,C2019|JL19743
UM-HET3,C2019,TJL,m,JL19744,Control,,,dead,1,442,0.0,,,47.0,52.0,,,C2019|JL19744
UM-HET3,C2019,TJL,m,JL19745,Control,,,dead,1,851,0.0,,,45.0,50.0,,,C2019|JL19745
UM-HET3,C2019,TJL,m,JL19788,Control,,,dead,1,323,0.0,,,45.0,,,,C2019|JL19788
UM-HET3,C2019,TJL,m,JL19789,Control,,,dead,1,696,0.0,,,43.0,46.0,,,C2019|JL19789
UM-HET3,C2019,TJL,m,JL19790,Control,,,dead,1,833,0.0,,,40.0,39.0,,,C2019|JL19790
UM-HET3,C2019,TJL,m,JL19800,Control,,,dead,1,1026,0.0,,,43.0,47.0,,,C2019|JL19800
UM-HET3,C2019,TJL,m,JL19801,Control,,,dead,1,979,0.0,,,44.0,48.0,,,C2019|JL19801
UM-HET3,C2019,TJL,m,JL19802,Control,,,dead,1,309,0.0,,,45.0,,,,C2019|JL19802
UM-HET3,C2019,TJL,m,JL19849,Control,,,removed,0,150,0.0,,,,,,,C2019|JL19849
UM-HET3,C2019,TJL,m,JL19850,Control,,,removed,0,150,0.0,,,,,,,C2019|JL19850
UM-HET3,C2019,TJL,m,JL19851,Control,,,removed,0,150,0.0,,,,,,,C2019|JL19851
UM-HET3,C2019,TJL,m,JL19852,Control,,,dead,1,1113,0.0,,,38.0,39.0,,,C2019|JL19852
UM-HET3,C2019,TJL,m,JL19853,Control,,,dead,1,597,0.0,,,45.0,46.0,,,C2019|JL19853
UM-HET3,C2019,TJL,m,JL19854,Control,,,dead,1,590,0.0,,,40.0,44.0,,,C2019|JL19854
UM-HET3,C2019,TJL,m,JL19922,Control,,,dead,1,1042,0.0,,,35.0,45.0,,,C2019|JL19922
UM-HET3,C2019,TJL,m,JL19923,Control,,,dead,1,758,0.0,,,38.0,49.0,,,C2019|JL19923
UM-HET3,C2019,TJL,m,JL19924,Control,,,dead,1,860,0.0,,,42.0,45.0,,,C2019|JL19924
UM-HET3,C2019,TJL,m,JL19928,Control,,,dead,1,980,0.0,,,41.0,47.0,,,C2019|JL19928
UM-HET3,C2019,TJL,m,JL19929,Control,,,dead,1,537,0.0,,,50.0,57.0,,,C2019|JL19929
UM-HET3,C2019,TJL,m,JL19930,Control,,,dead,1,831,0.0,,,46.0,49.0,,,C2019|JL19930
UM-HET3,C2019,UM,f,UM87752,Control,,,dead,1,1007,0.0,,,,,,,C2019|UM87752
UM-HET3,C2019,UM,f,UM87759,Control,,,dead,1,785,0.0,,,,,,,C2019|UM87759
UM-HET3,C2019,UM,f,UM87766,Control,,,dead,1,953,0.0,,,,,,,C2019|UM87766
UM-HET3,C2019,UM,f,UM87773,Control,,,dead,1,990,0.0,,,,,,,C2019|UM87773
UM-HET3,C2019,UM,f,UM87857,Control,,,dead,1,659,0.0,,,,,,,C2019|UM87857
UM-HET3,C2019,UM,f,UM87864,Control,,,dead,1,1072,0.0,,,,,,,C2019|UM87864
UM-HET3,C2019,UM,f,UM87871,Control,,,dead,1,811,0.0,,,,,,,C2019|UM87871
UM-HET3,C2019,UM,f,UM87878,Control,,,dead,1,937,0.0,,,,,,,C2019|UM87878
UM-HET3,C2019,UM,f,UM88158,Control,,,dead,1,1000,0.0,,,,,,,C2019|UM88158
UM-HET3,C2019,UM,f,UM88165,Control,,,dead,1,800,0.0,,,,,,,C2019|UM88165
UM-HET3,C2019,UM,f,UM88172,Control,,,dead,1,1198,0.0,,,,,,,C2019|UM88172
UM-HET3,C2019,UM,f,UM88179,Control,,,dead,1,803,0.0,,,,,,,C2019|UM88179
UM-HET3,C2019,UM,f,UM88431,Control,,,dead,1,833,0.0,,,,,,,C2019|UM88431
UM-HET3,C2019,UM,f,UM88438,Control,,,dead,1,896,0.0,,,,,,,C2019|UM88438
UM-HET3,C2019,UM,f,UM88445,Control,,,dead,1,955,0.0,,,,,,,C2019|UM88445
UM-HET3,C2019,UM,f,UM88452,Control,,,dead,1,346,0.0,,,,,,,C2019|UM88452
UM-HET3,C2019,UM,f,UM88459,Control,,,dead,1,950,0.0,,,,,,,C2019|UM88459
UM-HET3,C2019,UM,f,UM88466,Control,,,dead,1,948,0.0,,,,,,,C2019|UM88466
UM-HET3,C2019,UM,f,UM88473,Control,,,dead,1,429,0.0,,,,,,,C2019|UM88473
UM-HET3,C2019,UM,f,UM88480,Control,,,dead,1,896,0.0,,,,,,,C2019|UM88480
UM-HET3,C2019,UM,f,UM88893,Control,,,dead,1,989,0.0,,,,,,,C2019|UM88893
UM-HET3,C2019,UM,f,UM88900,Control,,,dead,1,1040,0.0,,,,,,,C2019|UM88900
UM-HET3,C2019,UM,f,UM88907,Control,,,removed,0,41,0.0,,,,,,,C2019|UM88907
UM-HET3,C2019,UM,f,UM88914,Control,,,dead,1,1066,0.0,,,,,,,C2019|UM88914
UM-HET3,C2019,UM,f,UM89082,Control,,,dead,1,938,0.0,,,,,,,C2019|UM89082
UM-HET3,C2019,UM,f,UM89089,Control,,,dead,1,843,0.0,,,,,,,C2019|UM89089
UM-HET3,C2019,UM,f,UM89096,Control,,,dead,1,1058,0.0,,,,,,,C2019|UM89096
UM-HET3,C2019,UM,f,UM89103,Control,,,dead,1,1118,0.0,,,,,,,C2019|UM89103
UM-HET3,C2019,UM,f,UM89180,Control,,,dead,1,1110,0.0,,,,,,,C2019|UM89180
UM-HET3,C2019,UM,f,UM89187,Control,,,dead,1,838,0.0,,,,,,,C2019|UM89187
UM-HET3,C2019,UM,f,UM89194,Control,,,dead,1,698,0.0,,,,,,,C2019|UM89194
UM-HET3,C2019,UM,f,UM89201,Control,,,dead,1,739,0.0,,,,,,,C2019|UM89201
UM-HET3,C2019,UM,f,UM89985,Control,,,dead,1,224,0.0,,,,,,,C2019|UM89985
UM-HET3,C2019,UM,f,UM89992,Control,,,dead,1,955,0.0,,,,,,,C2019|UM89992
UM-HET3,C2019,UM,f,UM89999,Control,,,dead,1,867,0.0,,,,,,,C2019|UM89999
UM-HET3,C2019,UM,f,UM90006,Control,,,dead,1,867,0.0,,,,,,,C2019|UM90006
UM-HET3,C2019,UM,f,UM90090,Control,,,dead,1,1027,0.0,,,,,,,C2019|UM90090
UM-HET3,C2019,UM,f,UM90097,Control,,,dead,1,527,0.0,,,,,,,C2019|UM90097
UM-HET3,C2019,UM,f,UM90104,Control,,,dead,1,695,0.0,,,,,,,C2019|UM90104
UM-HET3,C2019,UM,f,UM90111,Control,,,dead,1,885,0.0,,,,,,,C2019|UM90111
UM-HET3,C2019,UM,f,UM90405,Control,,,dead,1,596,0.0,,,,,,,C2019|UM90405
UM-HET3,C2019,UM,f,UM90412,Control,,,dead,1,974,0.0,,,,,,,C2019|UM90412
UM-HET3,C2019,UM,f,UM90419,Control,,,dead,1,926,0.0,,,,,,,C2019|UM90419
UM-HET3,C2019,UM,f,UM90426,Control,,,dead,1,909,0.0,,,,,,,C2019|UM90426
UM-HET3,C2019,UM,f,UM90545,Control,,,dead,1,1029,0.0,,,,,,,C2019|UM90545
UM-HET3,C2019,UM,f,UM90552,Control,,,dead,1,983,0.0,,,,,,,C2019|UM90552
UM-HET3,C2019,UM,f,UM90559,Control,,,dead,1,737,0.0,,,,,,,C2019|UM90559
UM-HET3,C2019,UM,f,UM90566,Control,,,dead,1,861,0.0,,,,,,,C2019|UM90566
UM-HET3,C2019,UM,f,UM90622,Control,,,dead,1,910,0.0,,,,,,,C2019|UM90622
UM-HET3,C2019,UM,f,UM90629,Control,,,dead,1,1070,0.0,,,,,,,C2019|UM90629
UM-HET3,C2019,UM,f,UM90636,Control,,,dead,1,906,0.0,,,,,,,C2019|UM90636
UM-HET3,C2019,UM,f,UM90643,Control,,,removed,0,877,0.0,,,,,,,C2019|UM90643
UM-HET3,C2019,UM,f,UM90650,Control,,,dead,1,787,0.0,,,,,,,C2019|UM90650
UM-HET3,C2019,UM,f,UM90657,Control,,,dead,1,927,0.0,,,,,,,C2019|UM90657
UM-HET3,C2019,UM,f,UM90664,Control,,,dead,1,895,0.0,,,,,,,C2019|UM90664
UM-HET3,C2019,UM,f,UM90671,Control,,,dead,1,970,0.0,,,,,,,C2019|UM90671
UM-HET3,C2019,UM,f,UM91637,Control,,,dead,1,704,0.0,,,,,,,C2019|UM91637
UM-HET3,C2019,UM,f,UM91644,Control,,,dead,1,706,0.0,,,,,,,C2019|UM91644
UM-HET3,C2019,UM,f,UM91651,Control,,,dead,1,984,0.0,,,,,,,C2019|UM91651
UM-HET3,C2019,UM,f,UM91658,Control,,,dead,1,112,0.0,,,,,,,C2019|UM91658
UM-HET3,C2019,UM,f,UM91714,Control,,,dead,1,977,0.0,,,,,,,C2019|UM91714
UM-HET3,C2019,UM,f,UM91721,Control,,,dead,1,1023,0.0,,,,,,,C2019|UM91721
UM-HET3,C2019,UM,f,UM91728,Control,,,dead,1,878,0.0,,,,,,,C2019|UM91728
UM-HET3,C2019,UM,f,UM91735,Control,,,dead,1,871,0.0,,,,,,,C2019|UM91735
UM-HET3,C2019,UM,f,UM92078,Control,,,dead,1,767,0.0,,,,,,,C2019|UM92078
UM-HET3,C2019,UM,f,UM92085,Control,,,dead,1,744,0.0,,,,,,,C2019|UM92085
UM-HET3,C2019,UM,f,UM92092,Control,,,dead,1,749,0.0,,,,,,,C2019|UM92092
UM-HET3,C2019,UM,f,UM92099,Control,,,dead,1,563,0.0,,,,,,,C2019|UM92099
UM-HET3,C2019,UM,f,UM92106,Control,,,dead,1,1098,0.0,,,,,,,C2019|UM92106
UM-HET3,C2019,UM,f,UM92113,Control,,,dead,1,812,0.0,,,,,,,C2019|UM92113
UM-HET3,C2019,UM,f,UM92120,Control,,,dead,1,735,0.0,,,,,,,C2019|UM92120
UM-HET3,C2019,UM,f,UM92127,Control,,,dead,1,785,0.0,,,,,,,C2019|UM92127
UM-HET3,C2019,UM,f,UM92715,Control,,,dead,1,1099,0.0,,,,,,,C2019|UM92715
UM-HET3,C2019,UM,f,UM92722,Control,,,dead,1,830,0.0,,,,,,,C2019|UM92722
UM-HET3,C2019,UM,f,UM92729,Control,,,dead,1,1094,0.0,,,,,,,C2019|UM92729
UM-HET3,C2019,UM,f,UM92736,Control,,,dead,1,788,0.0,,,,,,,C2019|UM92736
UM-HET3,C2019,UM,f,UM93072,Control,,,dead,1,1106,0.0,,,,,,,C2019|UM93072
UM-HET3,C2019,UM,f,UM93079,Control,,,dead,1,891,0.0,,,,,,,C2019|UM93079
UM-HET3,C2019,UM,f,UM93086,Control,,,dead,1,956,0.0,,,,,,,C2019|UM93086
UM-HET3,C2019,UM,f,UM93093,Control,,,dead,1,902,0.0,,,,,,,C2019|UM93093
UM-HET3,C2019,UM,f,UM93212,Control,,,dead,1,780,0.0,,,,,,,C2019|UM93212
UM-HET3,C2019,UM,f,UM93219,Control,,,dead,1,878,0.0,,,,,,,C2019|UM93219
UM-HET3,C2019,UM,f,UM93226,Control,,,dead,1,866,0.0,,,,,,,C2019|UM93226
UM-HET3,C2019,UM,f,UM93233,Control,,,dead,1,814,0.0,,,,,,,C2019|UM93233
UM-HET3,C2019,UM,f,UM93450,Control,,,dead,1,775,0.0,,,,,,,C2019|UM93450
UM-HET3,C2019,UM,f,UM93457,Control,,,dead,1,926,0.0,,,,,,,C2019|UM93457
UM-HET3,C2019,UM,f,UM93464,Control,,,dead,1,1014,0.0,,,,,,,C2019|UM93464
UM-HET3,C2019,UM,f,UM93471,Control,,,dead,1,1025,0.0,,,,,,,C2019|UM93471
UM-HET3,C2019,UM,f,UM93646,Control,,,dead,1,921,0.0,,,,,,,C2019|UM93646
UM-HET3,C2019,UM,f,UM93653,Control,,,dead,1,809,0.0,,,,,,,C2019|UM93653
UM-HET3,C2019,UM,f,UM93660,Control,,,dead,1,963,0.0,,,,,,,C2019|UM93660
UM-HET3,C2019,UM,f,UM93667,Control,,,dead,1,419,0.0,,,,,,,C2019|UM93667
UM-HET3,C2019,UM,m,UM87563,Control,,,dead,1,953,0.0,,,,,,,C2019|UM87563
UM-HET3,C2019,UM,m,UM87570,Control,,,dead,1,817,0.0,,,,,,,C2019|UM87570
UM-HET3,C2019,UM,m,UM87577,Control,,,dead,1,1178,0.0,,,,,,,C2019|UM87577
UM-HET3,C2019,UM,m,UM87626,Control,,,dead,1,859,0.0,,,,,,,C2019|UM87626
UM-HET3,C2019,UM,m,UM87633,Control,,,dead,1,820,0.0,,,,,,,C2019|UM87633
UM-HET3,C2019,UM,m,UM87640,Control,,,dead,1,1162,0.0,,,,,,,C2019|UM87640
UM-HET3,C2019,UM,m,UM88004,Control,,,dead,1,415,0.0,,,,,,,C2019|UM88004
UM-HET3,C2019,UM,m,UM88011,Control,,,dead,1,657,0.0,,,,,,,C2019|UM88011
UM-HET3,C2019,UM,m,UM88018,Control,,,dead,1,265,0.0,,,,,,,C2019|UM88018
UM-HET3,C2019,UM,m,UM88137,Control,,,dead,1,803,0.0,,,,,,,C2019|UM88137
UM-HET3,C2019,UM,m,UM88144,Control,,,dead,1,945,0.0,,,,,,,C2019|UM88144
UM-HET3,C2019,UM,m,UM88151,Control,,,dead,1,982,0.0,,,,,,,C2019|UM88151
UM-HET3,C2019,UM,m,UM88410,Control,,,removed,0,69,0.0,,,,,,,C2019|UM88410
UM-HET3,C2019,UM,m,UM88417,Control,,,removed,0,69,0.0,,,,,,,C2019|UM88417
UM-HET3,C2019,UM,m,UM88424,Control,,,removed,0,69,0.0,,,,,,,C2019|UM88424
UM-HET3,C2019,UM,m,UM88627,Control,,,dead,1,1026,0.0,,,,,,,C2019|UM88627
UM-HET3,C2019,UM,m,UM88634,Control,,,dead,1,878,0.0,,,,,,,C2019|UM88634
UM-HET3,C2019,UM,m,UM88641,Control,,,dead,1,804,0.0,,,,,,,C2019|UM88641
UM-HET3,C2019,UM,m,UM88970,Control,,,dead,1,734,0.0,,,,,,,C2019|UM88970
UM-HET3,C2019,UM,m,UM88977,Control,,,dead,1,1188,0.0,,,,,,,C2019|UM88977
UM-HET3,C2019,UM,m,UM88984,Control,,,dead,1,692,0.0,,,,,,,C2019|UM88984
UM-HET3,C2019,UM,m,UM89040,Control,,,dead,1,977,0.0,,,,,,,C2019|UM89040
UM-HET3,C2019,UM,m,UM89047,Control,,,removed,0,42,0.0,,,,,,,C2019|UM89047
UM-HET3,C2019,UM,m,UM89054,Control,,,dead,1,471,0.0,,,,,,,C2019|UM89054
UM-HET3,C2019,UM,m,UM89208,Control,,,dead,1,441,0.0,,,,,,,C2019|UM89208
UM-HET3,C2019,UM,m,UM89215,Control,,,dead,1,443,0.0,,,,,,,C2019|UM89215
UM-HET3,C2019,UM,m,UM89222,Control,,,dead,1,335,0.0,,,,,,,C2019|UM89222
UM-HET3,C2019,UM,m,UM89278,Control,,,dead,1,1125,0.0,,,,,,,C2019|UM89278
UM-HET3,C2019,UM,m,UM89285,Control,,,dead,1,871,0.0,,,,,,,C2019|UM89285
UM-HET3,C2019,UM,m,UM89292,Control,,,dead,1,649,0.0,,,,,,,C2019|UM89292
UM-HET3,C2019,UM,m,UM89614,Control,,,dead,1,637,0.0,,,,,,,C2019|UM89614
UM-HET3,C2019,UM,m,UM89621,Control,,,dead,1,730,0.0,,,,,,,C2019|UM89621
UM-HET3,C2019,UM,m,UM89628,Control,,,dead,1,1209,0.0,,,,,,,C2019|UM89628
UM-HET3,C2019,UM,m,UM89796,Control,,,dead,1,815,0.0,,,,,,,C2019|UM89796
UM-HET3,C2019,UM,m,UM89803,Control,,,dead,1,233,0.0,,,,,,,C2019|UM89803
UM-HET3,C2019,UM,m,UM89810,Control,,,dead,1,668,0.0,,,,,,,C2019|UM89810
UM-HET3,C2019,UM,m,UM89901,Control,,,dead,1,1012,0.0,,,,,,,C2019|UM89901
UM-HET3,C2019,UM,m,UM89908,Control,,,dead,1,1318,0.0,,,,,,,C2019|UM89908
UM-HET3,C2019,UM,m,UM89915,Control,,,dead,1,927,0.0,,,,,,,C2019|UM89915
UM-HET3,C2019,UM,m,UM89943,Control,,,dead,1,891,0.0,,,,,,,C2019|UM89943
UM-HET3,C2019,UM,m,UM89950,Control,,,dead,1,1086,0.0,,,,,,,C2019|UM89950
UM-HET3,C2019,UM,m,UM89957,Control,,,dead,1,296,0.0,,,,,,,C2019|UM89957
UM-HET3,C2019,UM,m,UM90139,Control,,,removed,0,292,0.0,,,,,,,C2019|UM90139
UM-HET3,C2019,UM,m,UM90146,Control,,,removed,0,292,0.0,,,,,,,C2019|UM90146
UM-HET3,C2019,UM,m,UM90153,Control,,,removed,0,292,0.0,,,,,,,C2019|UM90153
UM-HET3,C2019,UM,m,UM90454,Control,,,dead,1,755,0.0,,,,,,,C2019|UM90454
UM-HET3,C2019,UM,m,UM90461,Control,,,dead,1,1089,0.0,,,,,,,C2019|UM90461
UM-HET3,C2019,UM,m,UM90468,Control,,,dead,1,312,0.0,,,,,,,C2019|UM90468
UM-HET3,C2019,UM,m,UM90475,Control,,,dead,1,1014,0.0,,,,,,,C2019|UM90475
UM-HET3,C2019,UM,m,UM90482,Control,,,dead,1,763,0.0,,,,,,,C2019|UM90482
UM-HET3,C2019,UM,m,UM90489,Control,,,dead,1,980,0.0,,,,,,,C2019|UM90489
UM-HET3,C2019,UM,m,UM90853,Control,,,dead,1,507,0.0,,,,,,,C2019|UM90853
UM-HET3,C2019,UM,m,UM90860,Control,,,dead,1,863,0.0,,,,,,,C2019|UM90860
UM-HET3,C2019,UM,m,UM91119,Control,,,dead,1,1296,0.0,,,,,,,C2019|UM91119
UM-HET3,C2019,UM,m,UM91126,Control,,,removed,0,43,0.0,,,,,,,C2019|UM91126
UM-HET3,C2019,UM,m,UM91133,Control,,,dead,1,1012,0.0,,,,,,,C2019|UM91133
UM-HET3,C2019,UM,m,UM91140,Control,,,dead,1,1072,0.0,,,,,,,C2019|UM91140
UM-HET3,C2019,UM,m,UM91147,Control,,,dead,1,330,0.0,,,,,,,C2019|UM91147
UM-HET3,C2019,UM,m,UM91154,Control,,,dead,1,731,0.0,,,,,,,C2019|UM91154
UM-HET3,C2019,UM,m,UM91161,Control,,,dead,1,528,0.0,,,,,,,C2019|UM91161
UM-HET3,C2019,UM,m,UM91168,Control,,,dead,1,279,0.0,,,,,,,C2019|UM91168
UM-HET3,C2019,UM,m,UM91175,Control,,,dead,1,1020,0.0,,,,,,,C2019|UM91175
UM-HET3,C2019,UM,m,UM91224,Control,,,dead,1,1122,0.0,,,,,,,C2019|UM91224
UM-HET3,C2019,UM,m,UM91231,Control,,,dead,1,411,0.0,,,,,,,C2019|UM91231
UM-HET3,C2019,UM,m,UM91238,Control,,,dead,1,884,0.0,,,,,,,C2019|UM91238
UM-HET3,C2019,UM,m,UM91546,Control,,,dead,1,334,0.0,,,,,,,C2019|UM91546
UM-HET3,C2019,UM,m,UM91553,Control,,,dead,1,733,0.0,,,,,,,C2019|UM91553
UM-HET3,C2019,UM,m,UM91560,Control,,,dead,1,283,0.0,,,,,,,C2019|UM91560
UM-HET3,C2019,UM,m,UM91665,Control,,,dead,1,862,0.0,,,,,,,C2019|UM91665
UM-HET3,C2019,UM,m,UM91672,Control,,,dead,1,684,0.0,,,,,,,C2019|UM91672
UM-HET3,C2019,UM,m,UM91679,Control,,,dead,1,820,0.0,,,,,,,C2019|UM91679
UM-HET3,C2019,UM,m,UM91966,Control,,,dead,1,784,0.0,,,,,,,C2019|UM91966
UM-HET3,C2019,UM,m,UM91973,Control,,,dead,1,1046,0.0,,,,,,,C2019|UM91973
UM-HET3,C2019,UM,m,UM91980,Control,,,dead,1,312,0.0,,,,,,,C2019|UM91980
UM-HET3,C2019,UM,m,UM92036,Control,,,dead,1,792,0.0,,,,,,,C2019|UM92036
UM-HET3,C2019,UM,m,UM92043,Control,,,dead,1,420,0.0,,,,,,,C2019|UM92043
UM-HET3,C2019,UM,m,UM92050,Control,,,dead,1,465,0.0,,,,,,,C2019|UM92050
UM-HET3,C2019,UM,m,UM92260,Control,,,dead,1,870,0.0,,,,,,,C2019|UM92260
UM-HET3,C2019,UM,m,UM92267,Control,,,dead,1,1010,0.0,,,,,,,C2019|UM92267
UM-HET3,C2019,UM,m,UM92274,Control,,,dead,1,893,0.0,,,,,,,C2019|UM92274
UM-HET3,C2019,UM,m,UM92505,Control,,,dead,1,976,0.0,,,,,,,C2019|UM92505
UM-HET3,C2019,UM,m,UM92512,Control,,,dead,1,279,0.0,,,,,,,C2019|UM92512
UM-HET3,C2019,UM,m,UM92519,Control,,,dead,1,739,0.0,,,,,,,C2019|UM92519
UM-HET3,C2019,UM,m,UM92610,Control,,,dead,1,742,0.0,,,,,,,C2019|UM92610
UM-HET3,C2019,UM,m,UM92617,Control,,,dead,1,923,0.0,,,,,,,C2019|UM92617
UM-HET3,C2019,UM,m,UM92624,Control,,,dead,1,781,0.0,,,,,,,C2019|UM92624
UM-HET3,C2019,UM,m,UM92631,Control,,,dead,1,810,0.0,,,,,,,C2019|UM92631
UM-HET3,C2019,UM,m,UM92638,Control,,,dead,1,876,0.0,,,,,,,C2019|UM92638
UM-HET3,C2019,UM,m,UM92645,Control,,,dead,1,663,0.0,,,,,,,C2019|UM92645
UM-HET3,C2019,UM,m,UM92820,Control,,,dead,1,1204,0.0,,,,,,,C2019|UM92820
UM-HET3,C2019,UM,m,UM92827,Control,,,dead,1,1208,0.0,,,,,,,C2019|UM92827
UM-HET3,C2019,UM,m,UM92834,Control,,,dead,1,1046,0.0,,,,,,,C2019|UM92834
UM-HET3,C2019,UM,m,UM92988,Control,,,dead,1,914,0.0,,,,,,,C2019|UM92988
UM-HET3,C2019,UM,m,UM92995,Control,,,dead,1,1054,0.0,,,,,,,C2019|UM92995
UM-HET3,C2019,UM,m,UM93002,Control,,,dead,1,688,0.0,,,,,,,C2019|UM93002
UM-HET3,C2019,UM,m,UM93338,Control,,,dead,1,865,0.0,,,,,,,C2019|UM93338
UM-HET3,C2019,UM,m,UM93345,Control,,,dead,1,1169,0.0,,,,,,,C2019|UM93345
UM-HET3,C2019,UM,m,UM93352,Control,,,dead,1,650,0.0,,,,,,,C2019|UM93352
UM-HET3,C2019,UM,m,UM93408,Control,,,dead,1,1004,0.0,,,,,,,C2019|UM93408
UM-HET3,C2019,UM,m,UM93415,Control,,,dead,1,698,0.0,,,,,,,C2019|UM93415
UM-HET3,C2019,UM,m,UM93422,Control,,,dead,1,1005,0.0,,,,,,,C2019|UM93422
UM-HET3,C2019,UT,f,UT12452,Control,,,dead,1,837,0.0,,,24.4,29.799999,,,C2019|UT12452
UM-HET3,C2019,UT,f,UT12453,Control,,,dead,1,703,0.0,,,34.799999,46.700001,,,C2019|UT12453
UM-HET3,C2019,UT,f,UT12454,Control,,,dead,1,876,0.0,,,42.799999,55.200001,,,C2019|UT12454
UM-HET3,C2019,UT,f,UT12455,Control,,,dead,1,833,0.0,,,28.6,38.5,,,C2019|UT12455
UM-HET3,C2019,UT,f,UT12508,Control,,,dead,1,624,0.0,,,23.6,35.099998,,,C2019|UT12508
UM-HET3,C2019,UT,f,UT12509,Control,,,dead,1,366,0.0,,,22.1,,,,C2019|UT12509
UM-HET3,C2019,UT,f,UT12510,Control,,,dead,1,911,0.0,,,28.799999,42.700001,,,C2019|UT12510
UM-HET3,C2019,UT,f,UT12511,Control,,,dead,1,1026,0.0,,,29.200001,46.5,,,C2019|UT12511
UM-HET3,C2019,UT,f,UT12515,Control,,,dead,1,1019,0.0,,,26.6,34.400002,,,C2019|UT12515
UM-HET3,C2019,UT,f,UT12516,Control,,,dead,1,879,0.0,,,27.700001,35.0,,,C2019|UT12516
UM-HET3,C2019,UT,f,UT12517,Control,,,dead,1,847,0.0,,,22.799999,25.9,,,C2019|UT12517
UM-HET3,C2019,UT,f,UT12518,Control,,,dead,1,879,0.0,,,29.5,39.099998,,,C2019|UT12518
UM-HET3,C2019,UT,f,UT12522,Control,,,dead,1,972,0.0,,,25.6,42.5,,,C2019|UT12522
UM-HET3,C2019,UT,f,UT12523,Control,,,dead,1,632,0.0,,,33.400002,38.200001,,,C2019|UT12523
UM-HET3,C2019,UT,f,UT12524,Control,,,dead,1,1052,0.0,,,26.5,32.0,,,C2019|UT12524
UM-HET3,C2019,UT,f,UT12525,Control,,,dead,1,925,0.0,,,24.6,38.099998,,,C2019|UT12525
UM-HET3,C2019,UT,f,UT12573,Control,,,dead,1,815,0.0,,,23.6,25.9,,,C2019|UT12573
UM-HET3,C2019,UT,f,UT12574,Control,,,dead,1,767,0.0,,,25.0,36.799999,,,C2019|UT12574
UM-HET3,C2019,UT,f,UT12575,Control,,,dead,1,1034,0.0,,,21.700001,30.4,,,C2019|UT12575
UM-HET3,C2019,UT,f,UT12576,Control,,,dead,1,961,0.0,,,24.9,36.200001,,,C2019|UT12576
UM-HET3,C2019,UT,f,UT12637,Control,,,dead,1,1022,0.0,,,33.0,41.200001,,,C2019|UT12637
UM-HET3,C2019,UT,f,UT12638,Control,,,dead,1,755,0.0,,,34.799999,51.799999,,,C2019|UT12638
UM-HET3,C2019,UT,f,UT12639,Control,,,dead,1,1060,0.0,,,29.4,40.200001,,,C2019|UT12639
UM-HET3,C2019,UT,f,UT12640,Control,,,dead,1,801,0.0,,,38.900002,49.200001,,,C2019|UT12640
UM-HET3,C2019,UT,f,UT12695,Control,,,dead,1,319,0.0,,,28.1,,,,C2019|UT12695
UM-HET3,C2019,UT,f,UT12696,Control,,,dead,1,662,0.0,,,27.1,34.099998,,,C2019|UT12696
UM-HET3,C2019,UT,f,UT12697,Control,,,dead,1,745,0.0,,,23.1,32.900002,,,C2019|UT12697
UM-HET3,C2019,UT,f,UT12698,Control,,,dead,1,1014,0.0,,,37.799999,50.400002,,,C2019|UT12698
UM-HET3,C2019,UT,f,UT12706,Control,,,dead,1,1116,0.0,,,38.900002,51.0,,,C2019|UT12706
UM-HET3,C2019,UT,f,UT12707,Control,,,dead,1,1075,0.0,,,29.700001,44.900002,,,C2019|UT12707
UM-HET3,C2019,UT,f,UT12708,Control,,,dead,1,887,0.0,,,38.400002,46.900002,,,C2019|UT12708
UM-HET3,C2019,UT,f,UT12709,Control,,,dead,1,1023,0.0,,,28.5,27.200001,,,C2019|UT12709
UM-HET3,C2019,UT,f,UT12788,Control,,,dead,1,816,0.0,,,39.599998,51.099998,,,C2019|UT12788
UM-HET3,C2019,UT,f,UT12789,Control,,,dead,1,980,0.0,,,26.5,31.299999,,,C2019|UT12789
UM-HET3,C2019,UT,f,UT12790,Control,,,dead,1,725,0.0,,,31.1,45.400002,,,C2019|UT12790
UM-HET3,C2019,UT,f,UT12791,Control,,,dead,1,1001,0.0,,,37.900002,48.099998,,,C2019|UT12791
UM-HET3,C2019,UT,f,UT12803,Control,,,dead,1,1079,0.0,,,36.400002,46.5,,,C2019|UT12803
UM-HET3,C2019,UT,f,UT12804,Control,,,dead,1,914,0.0,,,37.700001,45.599998,,,C2019|UT12804
UM-HET3,C2019,UT,f,UT12805,Control,,,dead,1,860,0.0,,,27.1,36.5,,,C2019|UT12805
UM-HET3,C2019,UT,f,UT12806,Control,,,dead,1,1076,0.0,,,36.799999,47.900002,,,C2019|UT12806
UM-HET3,C2019,UT,f,UT12837,Control,,,dead,1,951,0.0,,,34.799999,49.200001,,,C2019|UT12837
UM-HET3,C2019,UT,f,UT12838,Control,,,dead,1,730,0.0,,,38.0,53.599998,,,C2019|UT12838
UM-HET3,C2019,UT,f,UT12839,Control,,,dead,1,622,0.0,,,27.6,31.0,,,C2019|UT12839
UM-HET3,C2019,UT,f,UT12840,Control,,,dead,1,1090,0.0,,,29.200001,40.400002,,,C2019|UT12840
UM-HET3,C2019,UT,f,UT12869,Control,,,dead,1,856,0.0,,,24.6,30.799999,,,C2019|UT12869
UM-HET3,C2019,UT,f,UT12870,Control,,,dead,1,884,0.0,,,28.200001,41.700001,,,C2019|UT12870
UM-HET3,C2019,UT,f,UT12871,Control,,,dead,1,725,0.0,,,33.400002,40.599998,,,C2019|UT12871
UM-HET3,C2019,UT,f,UT12872,Control,,,dead,1,969,0.0,,,26.4,39.0,,,C2019|UT12872
UM-HET3,C2019,UT,f,UT12905,Control,,,dead,1,971,0.0,,,29.0,39.0,,,C2019|UT12905
UM-HET3,C2019,UT,f,UT12906,Control,,,dead,1,806,0.0,,,24.799999,32.0,,,C2019|UT12906
UM-HET3,C2019,UT,f,UT12907,Control,,,dead,1,909,0.0,,,43.200001,55.799999,,,C2019|UT12907
UM-HET3,C2019,UT,f,UT12908,Control,,,dead,1,879,0.0,,,39.299999,53.299999,,,C2019|UT12908
UM-HET3,C2019,UT,f,UT12912,Control,,,dead,1,918,0.0,,,31.5,38.099998,,,C2019|UT12912
UM-HET3,C2019,UT,f,UT12913,Control,,,dead,1,541,0.0,,,38.099998,45.5,,,C2019|UT12913
UM-HET3,C2019,UT,f,UT12914,Control,,,dead,1,747,0.0,,,32.5,43.900002,,,C2019|UT12914
UM-HET3,C2019,UT,f,UT12915,Control,,,dead,1,634,0.0,,,33.0,48.599998,,,C2019|UT12915
UM-HET3,C2019,UT,f,UT12976,Control,,,dead,1,1188,0.0,,,28.700001,37.799999,,,C2019|UT12976
UM-HET3,C2019,UT,f,UT12977,Control,,,dead,1,834,0.0,,,33.400002,40.900002,,,C2019|UT12977
UM-HET3,C2019,UT,f,UT12978,Control,,,dead,1,592,0.0,,,29.0,38.0,,,C2019|UT12978
UM-HET3,C2019,UT,f,UT12979,Control,,,dead,1,1167,0.0,,,27.200001,35.299999,,,C2019|UT12979
UM-HET3,C2019,UT,f,UT13017,Control,,,dead,1,912,0.0,,,27.700001,41.900002,,,C2019|UT13017
UM-HET3,C2019,UT,f,UT13018,Control,,,dead,1,860,0.0,,,26.700001,35.200001,,,C2019|UT13018
UM-HET3,C2019,UT,f,UT13019,Control,,,dead,1,1039,0.0,,,24.4,32.400002,,,C2019|UT13019
UM-HET3,C2019,UT,f,UT13020,Control,,,dead,1,751,0.0,,,22.9,25.9,,,C2019|UT13020
UM-HET3,C2019,UT,f,UT13065,Control,,,dead,1,813,0.0,,,24.1,31.9,,,C2019|UT13065
UM-HET3,C2019,UT,f,UT13066,Control,,,dead,1,338,0.0,,,26.6,,,,C2019|UT13066
UM-HET3,C2019,UT,f,UT13067,Control,,,dead,1,884,0.0,,,25.0,39.400002,,,C2019|UT13067
UM-HET3,C2019,UT,f,UT13068,Control,,,dead,1,867,0.0,,,30.799999,41.599998,,,C2019|UT13068
UM-HET3,C2019,UT,f,UT13093,Control,,,dead,1,681,0.0,,,38.200001,47.0,,,C2019|UT13093
UM-HET3,C2019,UT,f,UT13094,Control,,,dead,1,630,0.0,,,32.400002,39.5,,,C2019|UT13094
UM-HET3,C2019,UT,f,UT13095,Control,,,dead,1,1087,0.0,,,38.5,58.200001,,,C2019|UT13095
UM-HET3,C2019,UT,f,UT13096,Control,,,dead,1,1018,0.0,,,24.700001,34.200001,,,C2019|UT13096
UM-HET3,C2019,UT,f,UT13126,Control,,,dead,1,753,0.0,,,30.5,42.900002,,,C2019|UT13126
UM-HET3,C2019,UT,f,UT13127,Control,,,dead,1,924,0.0,,,37.099998,57.400002,,,C2019|UT13127
UM-HET3,C2019,UT,f,UT13128,Control,,,dead,1,859,0.0,,,26.0,38.0,,,C2019|UT13128
UM-HET3,C2019,UT,f,UT13129,Control,,,dead,1,684,0.0,,,27.299999,42.599998,,,C2019|UT13129
UM-HET3,C2019,UT,f,UT13186,Control,,,dead,1,1122,0.0,,,20.1,22.299999,,,C2019|UT13186
UM-HET3,C2019,UT,f,UT13187,Control,,,dead,1,704,0.0,,,23.799999,29.1,,,C2019|UT13187
UM-HET3,C2019,UT,f,UT13188,Control,,,dead,1,800,0.0,,,27.0,33.599998,,,C2019|UT13188
UM-HET3,C2019,UT,f,UT13189,Control,,,dead,1,711,0.0,,,22.9,38.900002,,,C2019|UT13189
UM-HET3,C2019,UT,f,UT13210,Control,,,dead,1,1223,0.0,,,26.1,33.900002,,,C2019|UT13210
UM-HET3,C2019,UT,f,UT13211,Control,,,dead,1,1111,0.0,,,21.0,24.200001,,,C2019|UT13211
UM-HET3,C2019,UT,f,UT13212,Control,,,dead,1,665,0.0,,,22.200001,23.799999,,,C2019|UT13212
UM-HET3,C2019,UT,f,UT13213,Control,,,dead,1,818,0.0,,,30.0,39.5,,,C2019|UT13213
UM-HET3,C2019,UT,f,UT13221,Control,,,dead,1,772,0.0,,,28.0,41.5,,,C2019|UT13221
UM-HET3,C2019,UT,f,UT13222,Control,,,dead,1,918,0.0,,,21.200001,29.1,,,C2019|UT13222
UM-HET3,C2019,UT,f,UT13223,Control,,,dead,1,565,0.0,,,37.599998,49.599998,,,C2019|UT13223
UM-HET3,C2019,UT,f,UT13224,Control,,,dead,1,772,0.0,,,29.700001,46.200001,,,C2019|UT13224
UM-HET3,C2019,UT,f,UT13275,Control,,,dead,1,906,0.0,,,25.799999,32.099998,,,C2019|UT13275
UM-HET3,C2019,UT,f,UT13276,Control,,,dead,1,974,0.0,,,27.9,35.5,,,C2019|UT13276
UM-HET3,C2019,UT,f,UT13277,Control,,,dead,1,922,0.0,,,32.700001,45.599998,,,C2019|UT13277
UM-HET3,C2019,UT,f,UT13278,Control,,,dead,1,897,0.0,,,25.1,30.0,,,C2019|UT13278
UM-HET3,C2019,UT,m,UT12442,Control,,,dead,1,824,0.0,,,36.400002,40.700001,,,C2019|UT12442
UM-HET3,C2019,UT,m,UT12443,Control,,,dead,1,407,0.0,,,42.099998,46.0,,,C2019|UT12443
UM-HET3,C2019,UT,m,UT12444,Control,,,dead,1,858,0.0,,,34.799999,46.200001,,,C2019|UT12444
UM-HET3,C2019,UT,m,UT12464,Control,,,dead,1,493,0.0,,,40.299999,46.099998,,,C2019|UT12464
UM-HET3,C2019,UT,m,UT12465,Control,,,dead,1,461,0.0,,,34.799999,47.099998,,,C2019|UT12465
UM-HET3,C2019,UT,m,UT12466,Control,,,dead,1,712,0.0,,,39.400002,45.0,,,C2019|UT12466
UM-HET3,C2019,UT,m,UT12485,Control,,,dead,1,768,0.0,,,36.5,43.799999,,,C2019|UT12485
UM-HET3,C2019,UT,m,UT12486,Control,,,dead,1,640,0.0,,,42.0,44.299999,,,C2019|UT12486
UM-HET3,C2019,UT,m,UT12487,Control,,,dead,1,951,0.0,,,35.799999,46.0,,,C2019|UT12487
UM-HET3,C2019,UT,m,UT12526,Control,,,dead,1,917,0.0,,,42.599998,49.099998,,,C2019|UT12526
UM-HET3,C2019,UT,m,UT12527,Control,,,dead,1,1063,0.0,,,42.700001,49.5,,,C2019|UT12527
UM-HET3,C2019,UT,m,UT12528,Control,,,dead,1,732,0.0,,,37.299999,44.799999,,,C2019|UT12528
UM-HET3,C2019,UT,m,UT12560,Control,,,dead,1,677,0.0,,,43.900002,51.799999,,,C2019|UT12560
UM-HET3,C2019,UT,m,UT12561,Control,,,dead,1,875,0.0,,,39.0,49.700001,,,C2019|UT12561
UM-HET3,C2019,UT,m,UT12562,Control,,,dead,1,973,0.0,,,34.099998,40.400002,,,C2019|UT12562
UM-HET3,C2019,UT,m,UT12584,Control,,,dead,1,849,0.0,,,40.900002,43.400002,,,C2019|UT12584
UM-HET3,C2019,UT,m,UT12585,Control,,,dead,1,959,0.0,,,39.099998,44.700001,,,C2019|UT12585
UM-HET3,C2019,UT,m,UT12586,Control,,,dead,1,734,0.0,,,43.599998,50.299999,,,C2019|UT12586
UM-HET3,C2019,UT,m,UT12617,Control,,,dead,1,524,0.0,,,40.5,45.700001,,,C2019|UT12617
UM-HET3,C2019,UT,m,UT12618,Control,,,dead,1,1150,0.0,,,30.9,41.400002,,,C2019|UT12618
UM-HET3,C2019,UT,m,UT12619,Control,,,dead,1,843,0.0,,,37.099998,46.700001,,,C2019|UT12619
UM-HET3,C2019,UT,m,UT12627,Control,,,dead,1,855,0.0,,,43.799999,48.400002,,,C2019|UT12627
UM-HET3,C2019,UT,m,UT12628,Control,,,dead,1,1241,0.0,,,32.799999,41.099998,,,C2019|UT12628
UM-HET3,C2019,UT,m,UT12629,Control,,,dead,1,536,0.0,,,40.799999,47.299999,,,C2019|UT12629
UM-HET3,C2019,UT,m,UT12665,Control,,,dead,1,638,0.0,,,33.0,39.299999,,,C2019|UT12665
UM-HET3,C2019,UT,m,UT12666,Control,,,dead,1,870,0.0,,,41.299999,52.299999,,,C2019|UT12666
UM-HET3,C2019,UT,m,UT12667,Control,,,dead,1,814,0.0,,,32.5,42.099998,,,C2019|UT12667
UM-HET3,C2019,UT,m,UT12682,Control,,,removed,0,458,0.0,,,,,,,C2019|UT12682
UM-HET3,C2019,UT,m,UT12683,Control,,,removed,0,458,0.0,,,,,,,C2019|UT12683
UM-HET3,C2019,UT,m,UT12684,Control,,,removed,0,458,0.0,,,,,,,C2019|UT12684
UM-HET3,C2019,UT,m,UT12710,Control,,,dead,1,1234,0.0,,,40.900002,50.799999,,,C2019|UT12710
UM-HET3,C2019,UT,m,UT12711,Control,,,dead,1,388,0.0,,,34.400002,40.200001,,,C2019|UT12711
UM-HET3,C2019,UT,m,UT12712,Control,,,dead,1,741,0.0,,,40.900002,47.299999,,,C2019|UT12712
UM-HET3,C2019,UT,m,UT12731,Control,,,dead,1,820,0.0,,,38.599998,44.099998,,,C2019|UT12731
UM-HET3,C2019,UT,m,UT12732,Control,,,dead,1,277,0.0,,,45.099998,,,,C2019|UT12732
UM-HET3,C2019,UT,m,UT12733,Control,,,dead,1,610,0.0,,,43.299999,45.5,,,C2019|UT12733
UM-HET3,C2019,UT,m,UT12766,Control,,,dead,1,793,0.0,,,46.400002,52.5,,,C2019|UT12766
UM-HET3,C2019,UT,m,UT12767,Control,,,dead,1,652,0.0,,,45.200001,50.099998,,,C2019|UT12767
UM-HET3,C2019,UT,m,UT12768,Control,,,dead,1,875,0.0,,,41.299999,51.599998,,,C2019|UT12768
UM-HET3,C2019,UT,m,UT12769,Control,,,dead,1,1090,0.0,,,42.5,47.700001,,,C2019|UT12769
UM-HET3,C2019,UT,m,UT12770,Control,,,dead,1,315,0.0,,,46.599998,,,,C2019|UT12770
UM-HET3,C2019,UT,m,UT12771,Control,,,dead,1,610,0.0,,,41.599998,46.299999,,,C2019|UT12771
UM-HET3,C2019,UT,m,UT12782,Control,,,dead,1,1121,0.0,,,36.299999,43.0,,,C2019|UT12782
UM-HET3,C2019,UT,m,UT12783,Control,,,dead,1,589,0.0,,,49.700001,55.299999,,,C2019|UT12783
UM-HET3,C2019,UT,m,UT12784,Control,,,dead,1,439,0.0,,,32.299999,41.099998,,,C2019|UT12784
UM-HET3,C2019,UT,m,UT12807,Control,,,dead,1,335,0.0,,,47.900002,,,,C2019|UT12807
UM-HET3,C2019,UT,m,UT12808,Control,,,dead,1,383,0.0,,,44.200001,50.0,,,C2019|UT12808
UM-HET3,C2019,UT,m,UT12809,Control,,,dead,1,1130,0.0,,,45.0,46.700001,,,C2019|UT12809
UM-HET3,C2019,UT,m,UT12830,Control,,,dead,1,564,0.0,,,42.5,49.200001,,,C2019|UT12830
UM-HET3,C2019,UT,m,UT12831,Control,,,dead,1,822,0.0,,,41.200001,44.799999,,,C2019|UT12831
UM-HET3,C2019,UT,m,UT12832,Control,,,dead,1,972,0.0,,,38.200001,41.700001,,,C2019|UT12832
UM-HET3,C2019,UT,m,UT12882,Control,,,dead,1,449,0.0,,,45.200001,47.299999,,,C2019|UT12882
UM-HET3,C2019,UT,m,UT12883,Control,,,dead,1,848,0.0,,,46.5,52.200001,,,C2019|UT12883
UM-HET3,C2019,UT,m,UT12884,Control,,,dead,1,837,0.0,,,42.299999,44.700001,,,C2019|UT12884
UM-HET3,C2019,UT,m,UT12902,Control,,,dead,1,1131,0.0,,,43.400002,47.700001,,,C2019|UT12902
UM-HET3,C2019,UT,m,UT12903,Control,,,dead,1,421,0.0,,,45.099998,50.700001,,,C2019|UT12903
UM-HET3,C2019,UT,m,UT12904,Control,,,dead,1,955,0.0,,,40.799999,46.5,,,C2019|UT12904
UM-HET3,C2019,UT,m,UT12909,Control,,,dead,1,436,0.0,,,45.0,50.799999,,,C2019|UT12909
UM-HET3,C2019,UT,m,UT12910,Control,,,dead,1,452,0.0,,,45.200001,53.400002,,,C2019|UT12910
UM-HET3,C2019,UT,m,UT12911,Control,,,dead,1,1040,0.0,,,43.900002,49.400002,,,C2019|UT12911
UM-HET3,C2019,UT,m,UT12963,Control,,,dead,1,623,0.0,,,46.200001,51.799999,,,C2019|UT12963
UM-HET3,C2019,UT,m,UT12964,Control,,,dead,1,989,0.0,,,42.400002,49.299999,,,C2019|UT12964
UM-HET3,C2019,UT,m,UT12965,Control,,,dead,1,536,0.0,,,43.400002,52.599998,,,C2019|UT12965
UM-HET3,C2019,UT,m,UT12980,Control,,,dead,1,495,0.0,,,43.200001,52.5,,,C2019|UT12980
UM-HET3,C2019,UT,m,UT12981,Control,,,dead,1,787,0.0,,,41.900002,48.200001,,,C2019|UT12981
UM-HET3,C2019,UT,m,UT12982,Control,,,dead,1,1133,0.0,,,44.5,49.0,,,C2019|UT12982
UM-HET3,C2019,UT,m,UT12983,Control,,,dead,1,1048,0.0,,,40.099998,42.200001,,,C2019|UT12983
UM-HET3,C2019,UT,m,UT12984,Control,,,dead,1,354,0.0,,,46.900002,,,,C2019|UT12984
UM-HET3,C2019,UT,m,UT12985,Control,,,dead,1,729,0.0,,,44.799999,46.700001,,,C2019|UT12985
UM-HET3,C2019,UT,m,UT13004,Control,,,dead,1,559,0.0,,,36.799999,44.799999,,,C2019|UT13004
UM-HET3,C2019,UT,m,UT13005,Control,,,dead,1,987,0.0,,,37.299999,42.0,,,C2019|UT13005
UM-HET3,C2019,UT,m,UT13006,Control,,,dead,1,378,0.0,,,46.799999,56.0,,,C2019|UT13006
UM-HET3,C2019,UT,m,UT13021,Control,,,dead,1,487,0.0,,,43.799999,50.700001,,,C2019|UT13021
UM-HET3,C2019,UT,m,UT13022,Control,,,dead,1,945,0.0,,,34.0,42.099998,,,C2019|UT13022
UM-HET3,C2019,UT,m,UT13023,Control,,,dead,1,579,0.0,,,38.599998,45.299999,,,C2019|UT13023
UM-HET3,C2019,UT,m,UT13059,Control,,,dead,1,959,0.0,,,45.5,51.200001,,,C2019|UT13059
UM-HET3,C2019,UT,m,UT13060,Control,,,dead,1,700,0.0,,,40.599998,50.0,,,C2019|UT13060
UM-HET3,C2019,UT,m,UT13061,Control,,,dead,1,841,0.0,,,36.299999,45.0,,,C2019|UT13061
UM-HET3,C2019,UT,m,UT13090,Control,,,dead,1,420,0.0,,,39.200001,43.400002,,,C2019|UT13090
UM-HET3,C2019,UT,m,UT13091,Control,,,dead,1,1047,0.0,,,36.299999,41.599998,,,C2019|UT13091
UM-HET3,C2019,UT,m,UT13092,Control,,,dead,1,1007,0.0,,,35.599998,44.400002,,,C2019|UT13092
UM-HET3,C2019,UT,m,UT13116,Control,,,dead,1,969,0.0,,,32.799999,39.099998,,,C2019|UT13116
UM-HET3,C2019,UT,m,UT13117,Control,,,dead,1,950,0.0,,,33.299999,45.799999,,,C2019|UT13117
UM-HET3,C2019,UT,m,UT13118,Control,,,dead,1,475,0.0,,,44.400002,53.799999,,,C2019|UT13118
UM-HET3,C2019,UT,m,UT13153,Control,,,dead,1,922,0.0,,,35.700001,48.299999,,,C2019|UT13153
UM-HET3,C2019,UT,m,UT13154,Control,,,dead,1,349,0.0,,,47.599998,,,,C2019|UT13154
UM-HET3,C2019,UT,m,UT13155,Control,,,dead,1,817,0.0,,,45.299999,49.200001,,,C2019|UT13155
UM-HET3,C2019,UT,m,UT13156,Control,,,dead,1,395,0.0,,,43.299999,54.900002,,,C2019|UT13156
UM-HET3,C2019,UT,m,UT13157,Control,,,dead,1,906,0.0,,,46.0,54.0,,,C2019|UT13157
UM-HET3,C2019,UT,m,UT13158,Control,,,dead,1,518,0.0,,,42.299999,51.700001,,,C2019|UT13158
UM-HET3,C2019,UT,m,UT13194,Control,,,dead,1,859,0.0,,,34.700001,43.599998,,,C2019|UT13194
UM-HET3,C2019,UT,m,UT13195,Control,,,dead,1,1092,0.0,,,37.700001,46.400002,,,C2019|UT13195
UM-HET3,C2019,UT,m,UT13196,Control,,,dead,1,909,0.0,,,33.799999,42.0,,,C2019|UT13196
UM-HET3,C2019,UT,m,UT13200,Control,,,dead,1,912,0.0,,,36.799999,49.099998,,,C2019|UT13200
UM-HET3,C2019,UT,m,UT13201,Control,,,dead,1,867,0.0,,,38.799999,52.799999,,,C2019|UT13201
UM-HET3,C2019,UT,m,UT13202,Control,,,dead,1,1157,0.0,,,42.799999,48.099998,,,C2019|UT13202
UM-HET3,C2019,UT,m,UT13247,Control,,,dead,1,789,0.0,,,36.0,42.700001,,,C2019|UT13247
UM-HET3,C2019,UT,m,UT13248,Control,,,dead,1,330,0.0,,,39.0,,,,C2019|UT13248
UM-HET3,C2019,UT,m,UT13249,Control,,,dead,1,861,0.0,,,35.0,46.700001,,,C2019|UT13249
UM-HET3,C2019,UT,m,UT13342,Control,,,dead,1,231,0.0,,,34.0,,,,C2019|UT13342
UM-HET3,C2019,UT,m,UT13343,Control,,,dead,1,637,0.0,,,31.9,39.5,,,C2019|UT13343
UM-HET3,C2019,UT,m,UT13344,Control,,,dead,1,1037,0.0,,,35.299999,44.099998,,,C2019|UT13344
UM-HET3,C2020,TJL,f,JL21009,Control,,,dead,1,1300,0.0,,,27.0,38.0,,,C2020|JL21009
UM-HET3,C2020,TJL,f,JL21010,Control,,,dead,1,1073,0.0,,,25.0,30.0,,,C2020|JL21010
UM-HET3,C2020,TJL,f,JL21011,Control,,,dead,1,949,0.0,,,44.0,55.0,,,C2020|JL21011
UM-HET3,C2020,TJL,f,JL21012,Control,,,dead,1,1096,0.0,,,27.0,35.0,,,C2020|JL21012
UM-HET3,C2020,TJL,f,JL21069,Control,,,dead,1,898,0.0,,,23.0,28.0,,,C2020|JL21069
UM-HET3,C2020,TJL,f,JL21070,Control,,,dead,1,1008,0.0,,,29.0,46.0,,,C2020|JL21070
UM-HET3,C2020,TJL,f,JL21071,Control,,,dead,1,898,0.0,,,23.0,30.0,,,C2020|JL21071
UM-HET3,C2020,TJL,f,JL21072,Control,,,dead,1,896,0.0,,,27.0,41.0,,,C2020|JL21072
UM-HET3,C2020,TJL,f,JL21097,Control,,,dead,1,981,0.0,,,26.0,35.0,,,C2020|JL21097
UM-HET3,C2020,TJL,f,JL21098,Control,,,dead,1,916,0.0,,,31.0,31.0,,,C2020|JL21098
UM-HET3,C2020,TJL,f,JL21099,Control,,,dead,1,927,0.0,,,33.0,41.0,,,C2020|JL21099
UM-HET3,C2020,TJL,f,JL21100,Control,,,dead,1,680,0.0,,,23.0,27.0,,,C2020|JL21100
UM-HET3,C2020,TJL,f,JL21146,Control,,,dead,1,1061,0.0,,,35.0,42.0,,,C2020|JL21146
UM-HET3,C2020,TJL,f,JL21147,Control,,,dead,1,771,0.0,,,34.0,45.0,,,C2020|JL21147
UM-HET3,C2020,TJL,f,JL21148,Control,,,dead,1,885,0.0,,,32.0,40.0,,,C2020|JL21148
UM-HET3,C2020,TJL,f,JL21149,Control,,,dead,1,1081,0.0,,,34.0,46.0,,,C2020|JL21149
UM-HET3,C2020,TJL,f,JL21198,Control,,,dead,1,981,0.0,,,25.0,31.0,,,C2020|JL21198
UM-HET3,C2020,TJL,f,JL21199,Control,,,dead,1,1147,0.0,,,28.0,36.0,,,C2020|JL21199
UM-HET3,C2020,TJL,f,JL21200,Control,,,dead,1,638,0.0,,,27.0,33.0,,,C2020|JL21200
UM-HET3,C2020,TJL,f,JL21201,Control,,,dead,1,932,0.0,,,25.0,32.0,,,C2020|JL21201
UM-HET3,C2020,TJL,f,JL21209,Control,,,dead,1,1098,0.0,,,32.0,37.0,,,C2020|JL21209
UM-HET3,C2020,TJL,f,JL21210,Control,,,dead,1,966,0.0,,,26.0,34.0,,,C2020|JL21210
UM-HET3,C2020,TJL,f,JL21211,Control,,,dead,1,861,0.0,,,28.0,37.0,,,C2020|JL21211
UM-HET3,C2020,TJL,f,JL21212,Control,,,dead,1,975,0.0,,,25.0,36.0,,,C2020|JL21212
UM-HET3,C2020,TJL,f,JL21268,Control,,,dead,1,1084,0.0,,,30.0,39.0,,,C2020|JL21268
UM-HET3,C2020,TJL,f,JL21269,Control,,,dead,1,972,0.0,,,26.0,28.0,,,C2020|JL21269
UM-HET3,C2020,TJL,f,JL21270,Control,,,dead,1,1009,0.0,,,24.0,26.0,,,C2020|JL21270
UM-HET3,C2020,TJL,f,JL21271,Control,,,dead,1,630,0.0,,,37.0,45.0,,,C2020|JL21271
UM-HET3,C2020,TJL,f,JL21299,Control,,,dead,1,833,0.0,,,32.0,42.0,,,C2020|JL21299
UM-HET3,C2020,TJL,f,JL21300,Control,,,dead,1,992,0.0,,,27.0,32.0,,,C2020|JL21300
UM-HET3,C2020,TJL,f,JL21301,Control,,,dead,1,931,0.0,,,32.0,40.0,,,C2020|JL21301
UM-HET3,C2020,TJL,f,JL21302,Control,,,dead,1,872,0.0,,,35.0,50.0,,,C2020|JL21302
UM-HET3,C2020,TJL,f,JL21340,Control,,,dead,1,855,0.0,,,27.0,31.0,,,C2020|JL21340
UM-HET3,C2020,TJL,f,JL21341,Control,,,dead,1,913,0.0,,,27.0,33.0,,,C2020|JL21341
UM-HET3,C2020,TJL,f,JL21342,Control,,,dead,1,1114,0.0,,,34.0,45.0,,,C2020|JL21342
UM-HET3,C2020,TJL,f,JL21343,Control,,,dead,1,951,0.0,,,29.0,40.0,,,C2020|JL21343
UM-HET3,C2020,TJL,f,JL21361,Control,,,dead,1,1081,0.0,,,28.0,34.0,,,C2020|JL21361
UM-HET3,C2020,TJL,f,JL21362,Control,,,dead,1,1078,0.0,,,31.0,43.0,,,C2020|JL21362
UM-HET3,C2020,TJL,f,JL21363,Control,,,dead,1,884,0.0,,,25.0,29.0,,,C2020|JL21363
UM-HET3,C2020,TJL,f,JL21364,Control,,,dead,1,662,0.0,,,28.0,38.0,,,C2020|JL21364
UM-HET3,C2020,TJL,f,JL21422,Control,,,dead,1,878,0.0,,,35.0,44.0,,,C2020|JL21422
UM-HET3,C2020,TJL,f,JL21423,Control,,,dead,1,768,0.0,,,31.0,42.0,,,C2020|JL21423
UM-HET3,C2020,TJL,f,JL21424,Control,,,dead,1,1054,0.0,,,31.0,43.0,,,C2020|JL21424
UM-HET3,C2020,TJL,f,JL21425,Control,,,dead,1,973,0.0,,,27.0,36.0,,,C2020|JL21425
UM-HET3,C2020,TJL,f,JL21448,Control,,,dead,1,667,0.0,,,48.0,61.0,,,C2020|JL21448
UM-HET3,C2020,TJL,f,JL21449,Control,,,dead,1,1001,0.0,,,29.0,36.0,,,C2020|JL21449
UM-HET3,C2020,TJL,f,JL21450,Control,,,dead,1,722,0.0,,,31.0,44.0,,,C2020|JL21450
UM-HET3,C2020,TJL,f,JL21451,Control,,,dead,1,949,0.0,,,30.0,40.0,,,C2020|JL21451
UM-HET3,C2020,TJL,f,JL21499,Control,,,dead,1,984,0.0,,,41.0,54.0,,,C2020|JL21499
UM-HET3,C2020,TJL,f,JL21500,Control,,,dead,1,875,0.0,,,40.0,57.0,,,C2020|JL21500
UM-HET3,C2020,TJL,f,JL21501,Control,,,dead,1,620,0.0,,,34.0,41.0,,,C2020|JL21501
UM-HET3,C2020,TJL,f,JL21502,Control,,,dead,1,807,0.0,,,30.0,41.0,,,C2020|JL21502
UM-HET3,C2020,TJL,f,JL21523,Control,,,dead,1,1159,0.0,,,24.0,27.0,,,C2020|JL21523
UM-HET3,C2020,TJL,f,JL21524,Control,,,dead,1,742,0.0,,,25.0,27.0,,,C2020|JL21524
UM-HET3,C2020,TJL,f,JL21525,Control,,,dead,1,953,0.0,,,24.0,28.0,,,C2020|JL21525
UM-HET3,C2020,TJL,f,JL21526,Control,,,dead,1,1131,0.0,,,26.0,35.0,,,C2020|JL21526
UM-HET3,C2020,TJL,f,JL21600,Control,,,dead,1,751,0.0,,,38.0,43.0,,,C2020|JL21600
UM-HET3,C2020,TJL,f,JL21601,Control,,,dead,1,1199,0.0,,,,,,,C2020|JL21601
UM-HET3,C2020,TJL,f,JL21602,Control,,,dead,1,846,0.0,,,36.0,48.0,,,C2020|JL21602
UM-HET3,C2020,TJL,f,JL21603,Control,,,dead,1,916,0.0,,,29.0,41.0,,,C2020|JL21603
UM-HET3,C2020,TJL,f,JL21612,Control,,,dead,1,1105,0.0,,,23.0,25.0,,,C2020|JL21612
UM-HET3,C2020,TJL,f,JL21613,Control,,,dead,1,1088,0.0,,,26.0,28.0,,,C2020|JL21613
UM-HET3,C2020,TJL,f,JL21614,Control,,,dead,1,1109,0.0,,,22.0,25.0,,,C2020|JL21614
UM-HET3,C2020,TJL,f,JL21615,Control,,,dead,1,1070,0.0,,,20.0,23.0,,,C2020|JL21615
UM-HET3,C2020,TJL,f,JL21718,Control,,,dead,1,936,0.0,,,36.0,46.0,,,C2020|JL21718
UM-HET3,C2020,TJL,f,JL21719,Control,,,dead,1,622,0.0,,,33.0,49.0,,,C2020|JL21719
UM-HET3,C2020,TJL,f,JL21720,Control,,,dead,1,602,0.0,,,30.0,39.0,,,C2020|JL21720
UM-HET3,C2020,TJL,f,JL21721,Control,,,dead,1,876,0.0,,,26.0,32.0,,,C2020|JL21721
UM-HET3,C2020,TJL,f,JL21726,Control,,,dead,1,1035,0.0,,,41.0,53.0,,,C2020|JL21726
UM-HET3,C2020,TJL,f,JL21727,Control,,,dead,1,827,0.0,,,33.0,42.0,,,C2020|JL21727
UM-HET3,C2020,TJL,f,JL21728,Control,,,dead,1,770,0.0,,,26.0,29.0,,,C2020|JL21728
UM-HET3,C2020,TJL,f,JL21729,Control,,,dead,1,640,0.0,,,29.0,35.0,,,C2020|JL21729
UM-HET3,C2020,TJL,f,JL21773,Control,,,dead,1,644,0.0,,,38.0,49.0,,,C2020|JL21773
UM-HET3,C2020,TJL,f,JL21774,Control,,,dead,1,979,0.0,,,35.0,46.0,,,C2020|JL21774
UM-HET3,C2020,TJL,f,JL21775,Control,,,dead,1,561,0.0,,,41.0,54.0,,,C2020|JL21775
UM-HET3,C2020,TJL,f,JL21776,Control,,,dead,1,983,0.0,,,28.0,35.0,,,C2020|JL21776
UM-HET3,C2020,TJL,f,JL21777,Control,,,dead,1,316,0.0,,,44.0,,,,C2020|JL21777
UM-HET3,C2020,TJL,f,JL21778,Control,,,dead,1,1014,0.0,,,33.0,52.0,,,C2020|JL21778
UM-HET3,C2020,TJL,f,JL21779,Control,,,dead,1,712,0.0,,,39.0,55.0,,,C2020|JL21779
UM-HET3,C2020,TJL,f,JL21780,Control,,,dead,1,791,0.0,,,34.0,42.0,,,C2020|JL21780
UM-HET3,C2020,TJL,f,JL21832,Control,,,dead,1,640,0.0,,,31.0,43.0,,,C2020|JL21832
UM-HET3,C2020,TJL,f,JL21833,Control,,,dead,1,1177,0.0,,,,,,,C2020|JL21833
UM-HET3,C2020,TJL,f,JL21834,Control,,,dead,1,805,0.0,,,31.0,38.0,,,C2020|JL21834
UM-HET3,C2020,TJL,f,JL21835,Control,,,dead,1,819,0.0,,,32.0,44.0,,,C2020|JL21835
UM-HET3,C2020,TJL,f,JL21872,Control,,,dead,1,1032,0.0,,,29.0,33.0,,,C2020|JL21872
UM-HET3,C2020,TJL,f,JL21873,Control,,,dead,1,1206,0.0,,,,,,,C2020|JL21873
UM-HET3,C2020,TJL,f,JL21874,Control,,,dead,1,913,0.0,,,31.0,45.0,,,C2020|JL21874
UM-HET3,C2020,TJL,f,JL21875,Control,,,dead,1,617,0.0,,,28.0,42.0,,,C2020|JL21875
UM-HET3,C2020,TJL,f,JL21888,Control,,,dead,1,855,0.0,,,25.0,27.0,,,C2020|JL21888
UM-HET3,C2020,TJL,f,JL21889,Control,,,dead,1,946,0.0,,,36.0,43.0,,,C2020|JL21889
UM-HET3,C2020,TJL,f,JL21890,Control,,,dead,1,915,0.0,,,38.0,53.0,,,C2020|JL21890
UM-HET3,C2020,TJL,f,JL21891,Control,,,dead,1,929,0.0,,,25.0,29.0,,,C2020|JL21891
UM-HET3,C2020,TJL,m,JL21036,Control,,,dead,1,880,0.0,,,45.0,48.0,,,C2020|JL21036
UM-HET3,C2020,TJL,m,JL21037,Control,,,dead,1,986,0.0,,,42.0,46.0,,,C2020|JL21037
UM-HET3,C2020,TJL,m,JL21038,Control,,,dead,1,659,0.0,,,49.0,52.0,,,C2020|JL21038
UM-HET3,C2020,TJL,m,JL21045,Control,,,dead,1,913,0.0,,,38.0,46.0,,,C2020|JL21045
UM-HET3,C2020,TJL,m,JL21046,Control,,,dead,1,821,0.0,,,38.0,50.0,,,C2020|JL21046
UM-HET3,C2020,TJL,m,JL21047,Control,,,dead,1,1057,0.0,,,39.0,44.0,,,C2020|JL21047
UM-HET3,C2020,TJL,m,JL21059,Control,,,dead,1,694,0.0,,,30.0,34.0,,,C2020|JL21059
UM-HET3,C2020,TJL,m,JL21060,Control,,,dead,1,774,0.0,,,33.0,46.0,,,C2020|JL21060
UM-HET3,C2020,TJL,m,JL21061,Control,,,dead,1,718,0.0,,,46.0,56.0,,,C2020|JL21061
UM-HET3,C2020,TJL,m,JL21066,Control,,,dead,1,945,0.0,,,37.0,41.0,,,C2020|JL21066
UM-HET3,C2020,TJL,m,JL21067,Control,,,dead,1,578,0.0,,,47.0,54.0,,,C2020|JL21067
UM-HET3,C2020,TJL,m,JL21068,Control,,,dead,1,531,0.0,,,42.0,47.0,,,C2020|JL21068
UM-HET3,C2020,TJL,m,JL21150,Control,,,dead,1,1131,0.0,,,37.0,42.0,,,C2020|JL21150
UM-HET3,C2020,TJL,m,JL21151,Control,,,dead,1,284,0.0,,,45.0,,,,C2020|JL21151
UM-HET3,C2020,TJL,m,JL21152,Control,,,dead,1,669,0.0,,,46.0,49.0,,,C2020|JL21152
UM-HET3,C2020,TJL,m,JL21153,Control,,,dead,1,1257,0.0,,,34.0,40.0,,,C2020|JL21153
UM-HET3,C2020,TJL,m,JL21154,Control,,,dead,1,827,0.0,,,43.0,47.0,,,C2020|JL21154
UM-HET3,C2020,TJL,m,JL21155,Control,,,dead,1,605,0.0,,,43.0,47.0,,,C2020|JL21155
UM-HET3,C2020,TJL,m,JL21192,Control,,,dead,1,939,0.0,,,40.0,47.0,,,C2020|JL21192
UM-HET3,C2020,TJL,m,JL21193,Control,,,dead,1,267,0.0,,,45.0,,,,C2020|JL21193
UM-HET3,C2020,TJL,m,JL21194,Control,,,dead,1,344,0.0,,,48.0,,,,C2020|JL21194
UM-HET3,C2020,TJL,m,JL21234,Control,,,dead,1,1088,0.0,,,40.0,48.0,,,C2020|JL21234
UM-HET3,C2020,TJL,m,JL21235,Control,,,dead,1,989,0.0,,,37.0,43.0,,,C2020|JL21235
UM-HET3,C2020,TJL,m,JL21236,Control,,,dead,1,1070,0.0,,,34.0,44.0,,,C2020|JL21236
UM-HET3,C2020,TJL,m,JL21243,Control,,,dead,1,526,0.0,,,36.0,41.0,,,C2020|JL21243
UM-HET3,C2020,TJL,m,JL21244,Control,,,dead,1,893,0.0,,,38.0,43.0,,,C2020|JL21244
UM-HET3,C2020,TJL,m,JL21245,Control,,,dead,1,624,0.0,,,42.0,40.0,,,C2020|JL21245
UM-HET3,C2020,TJL,m,JL21249,Control,,,dead,1,911,0.0,,,36.0,45.0,,,C2020|JL21249
UM-HET3,C2020,TJL,m,JL21250,Control,,,dead,1,638,0.0,,,36.0,43.0,,,C2020|JL21250
UM-HET3,C2020,TJL,m,JL21251,Control,,,dead,1,962,0.0,,,35.0,39.0,,,C2020|JL21251
UM-HET3,C2020,TJL,m,JL21329,Control,,,dead,1,795,0.0,,,44.0,49.0,,,C2020|JL21329
UM-HET3,C2020,TJL,m,JL21330,Control,,,dead,1,1188,0.0,,,41.0,45.0,,,C2020|JL21330
UM-HET3,C2020,TJL,m,JL21331,Control,,,dead,1,909,0.0,,,44.0,50.0,,,C2020|JL21331
UM-HET3,C2020,TJL,m,JL21347,Control,,,dead,1,1072,0.0,,,45.0,50.0,,,C2020|JL21347
UM-HET3,C2020,TJL,m,JL21348,Control,,,dead,1,875,0.0,,,40.0,48.0,,,C2020|JL21348
UM-HET3,C2020,TJL,m,JL21349,Control,,,dead,1,487,0.0,,,44.0,50.0,,,C2020|JL21349
UM-HET3,C2020,TJL,m,JL21382,Control,,,dead,1,984,0.0,,,39.0,45.0,,,C2020|JL21382
UM-HET3,C2020,TJL,m,JL21383,Control,,,dead,1,456,0.0,,,40.0,48.0,,,C2020|JL21383
UM-HET3,C2020,TJL,m,JL21384,Control,,,dead,1,727,0.0,,,32.0,46.0,,,C2020|JL21384
UM-HET3,C2020,TJL,m,JL21388,Control,,,dead,1,295,0.0,,,43.0,,,,C2020|JL21388
UM-HET3,C2020,TJL,m,JL21389,Control,,,dead,1,506,0.0,,,43.0,50.0,,,C2020|JL21389
UM-HET3,C2020,TJL,m,JL21390,Control,,,dead,1,809,0.0,,,47.0,49.0,,,C2020|JL21390
UM-HET3,C2020,TJL,m,JL21442,Control,,,dead,1,1176,0.0,,,32.0,41.0,,,C2020|JL21442
UM-HET3,C2020,TJL,m,JL21443,Control,,,dead,1,516,0.0,,,40.0,53.0,,,C2020|JL21443
UM-HET3,C2020,TJL,m,JL21444,Control,,,dead,1,519,0.0,,,38.0,44.0,,,C2020|JL21444
UM-HET3,C2020,TJL,m,JL21463,Control,,,dead,1,845,0.0,,,40.0,48.0,,,C2020|JL21463
UM-HET3,C2020,TJL,m,JL21464,Control,,,dead,1,904,0.0,,,41.0,48.0,,,C2020|JL21464
UM-HET3,C2020,TJL,m,JL21465,Control,,,dead,1,977,0.0,,,36.0,42.0,,,C2020|JL21465
UM-HET3,C2020,TJL,m,JL21469,Control,,,dead,1,845,0.0,,,43.0,50.0,,,C2020|JL21469
UM-HET3,C2020,TJL,m,JL21470,Control,,,dead,1,462,0.0,,,41.0,47.0,,,C2020|JL21470
UM-HET3,C2020,TJL,m,JL21471,Control,,,dead,1,602,0.0,,,54.0,63.0,,,C2020|JL21471
UM-HET3,C2020,TJL,m,JL21472,Control,,,removed,0,422,0.0,,,,,,,C2020|JL21472
UM-HET3,C2020,TJL,m,JL21473,Control,,,removed,0,422,0.0,,,,,,,C2020|JL21473
UM-HET3,C2020,TJL,m,JL21474,Control,,,removed,0,422,0.0,,,,,,,C2020|JL21474
UM-HET3,C2020,TJL,m,JL21551,Control,,,dead,1,634,0.0,,,40.0,49.0,,,C2020|JL21551
UM-HET3,C2020,TJL,m,JL21552,Control,,,dead,1,714,0.0,,,35.0,40.0,,,C2020|JL21552
UM-HET3,C2020,TJL,m,JL21553,Control,,,dead,1,1218,0.0,,,,,,,C2020|JL21553
UM-HET3,C2020,TJL,m,JL21566,Control,,,dead,1,899,0.0,,,39.0,45.0,,,C2020|JL21566
UM-HET3,C2020,TJL,m,JL21567,Control,,,dead,1,1079,0.0,,,48.0,51.0,,,C2020|JL21567
UM-HET3,C2020,TJL,m,JL21568,Control,,,dead,1,949,0.0,,,39.0,41.0,,,C2020|JL21568
UM-HET3,C2020,TJL,m,JL21626,Control,,,dead,1,564,0.0,,,30.0,39.0,,,C2020|JL21626
UM-HET3,C2020,TJL,m,JL21627,Control,,,dead,1,946,0.0,,,28.0,35.0,,,C2020|JL21627
UM-HET3,C2020,TJL,m,JL21628,Control,,,dead,1,607,0.0,,,31.0,36.0,,,C2020|JL21628
UM-HET3,C2020,TJL,m,JL21644,Control,,,dead,1,939,0.0,,,37.0,47.0,,,C2020|JL21644
UM-HET3,C2020,TJL,m,JL21645,Control,,,dead,1,715,0.0,,,47.0,50.0,,,C2020|JL21645
UM-HET3,C2020,TJL,m,JL21646,Control,,,dead,1,681,0.0,,,46.0,36.0,,,C2020|JL21646
UM-HET3,C2020,TJL,m,JL21677,Control,,,dead,1,379,0.0,,,44.0,52.0,,,C2020|JL21677
UM-HET3,C2020,TJL,m,JL21678,Control,,,dead,1,645,0.0,,,44.0,50.0,,,C2020|JL21678
UM-HET3,C2020,TJL,m,JL21679,Control,,,dead,1,463,0.0,,,43.0,46.0,,,C2020|JL21679
UM-HET3,C2020,TJL,m,JL21689,Control,,,dead,1,676,0.0,,,46.0,55.0,,,C2020|JL21689
UM-HET3,C2020,TJL,m,JL21690,Control,,,dead,1,736,0.0,,,41.0,50.0,,,C2020|JL21690
UM-HET3,C2020,TJL,m,JL21691,Control,,,dead,1,1019,0.0,,,45.0,50.0,,,C2020|JL21691
UM-HET3,C2020,TJL,m,JL21712,Control,,,dead,1,861,0.0,,,44.0,53.0,,,C2020|JL21712
UM-HET3,C2020,TJL,m,JL21713,Control,,,dead,1,607,0.0,,,42.0,46.0,,,C2020|JL21713
UM-HET3,C2020,TJL,m,JL21714,Control,,,dead,1,525,0.0,,,43.0,48.0,,,C2020|JL21714
UM-HET3,C2020,TJL,m,JL21754,Control,,,dead,1,1116,0.0,,,44.0,48.0,,,C2020|JL21754
UM-HET3,C2020,TJL,m,JL21755,Control,,,dead,1,824,0.0,,,39.0,44.0,,,C2020|JL21755
UM-HET3,C2020,TJL,m,JL21756,Control,,,dead,1,564,0.0,,,40.0,49.0,,,C2020|JL21756
UM-HET3,C2020,TJL,m,JL21781,Control,,,dead,1,644,0.0,,,39.0,44.0,,,C2020|JL21781
UM-HET3,C2020,TJL,m,JL21782,Control,,,dead,1,928,0.0,,,44.0,50.0,,,C2020|JL21782
UM-HET3,C2020,TJL,m,JL21783,Control,,,dead,1,778,0.0,,,38.0,46.0,,,C2020|JL21783
UM-HET3,C2020,TJL,m,JL21806,Control,,,dead,1,458,0.0,,,37.0,39.0,,,C2020|JL21806
UM-HET3,C2020,TJL,m,JL21807,Control,,,dead,1,1175,0.0,,,,,,,C2020|JL21807
UM-HET3,C2020,TJL,m,JL21808,Control,,,dead,1,1141,0.0,,,37.0,43.0,,,C2020|JL21808
UM-HET3,C2020,TJL,m,JL21853,Control,,,dead,1,922,0.0,,,30.0,35.0,,,C2020|JL21853
UM-HET3,C2020,TJL,m,JL21854,Control,,,dead,1,877,0.0,,,38.0,45.0,,,C2020|JL21854
UM-HET3,C2020,TJL,m,JL21855,Control,,,dead,1,641,0.0,,,48.0,55.0,,,C2020|JL21855
UM-HET3,C2020,TJL,m,JL21856,Control,,,dead,1,841,0.0,,,38.0,50.0,,,C2020|JL21856
UM-HET3,C2020,TJL,m,JL21857,Control,,,dead,1,693,0.0,,,35.0,50.0,,,C2020|JL21857
UM-HET3,C2020,TJL,m,JL21858,Control,,,dead,1,852,0.0,,,44.0,50.0,,,C2020|JL21858
UM-HET3,C2020,TJL,m,JL21910,Control,,,dead,1,585,0.0,,,46.0,51.0,,,C2020|JL21910
UM-HET3,C2020,TJL,m,JL21911,Control,,,dead,1,765,0.0,,,50.0,55.0,,,C2020|JL21911
UM-HET3,C2020,TJL,m,JL21912,Control,,,dead,1,811,0.0,,,38.0,52.0,,,C2020|JL21912
UM-HET3,C2020,TJL,m,JL21922,Control,,,dead,1,1012,0.0,,,47.0,50.0,,,C2020|JL21922
UM-HET3,C2020,TJL,m,JL21923,Control,,,dead,1,877,0.0,,,41.0,46.0,,,C2020|JL21923
UM-HET3,C2020,TJL,m,JL21924,Control,,,dead,1,998,0.0,,,36.0,45.0,,,C2020|JL21924
UM-HET3,C2020,TJL,m,JL21925,Control,,,dead,1,1063,0.0,,,38.0,49.0,,,C2020|JL21925
UM-HET3,C2020,TJL,m,JL21926,Control,,,dead,1,921,0.0,,,38.0,50.0,,,C2020|JL21926
UM-HET3,C2020,TJL,m,JL21927,Control,,,dead,1,1092,0.0,,,38.0,48.0,,,C2020|JL21927
UM-HET3,C2020,TJL,m,JL21943,Control,,,dead,1,581,0.0,,,43.0,52.0,,,C2020|JL21943
UM-HET3,C2020,TJL,m,JL21944,Control,,,dead,1,613,0.0,,,33.0,42.0,,,C2020|JL21944
UM-HET3,C2020,TJL,m,JL21945,Control,,,dead,1,393,0.0,,,43.0,48.0,,,C2020|JL21945
UM-HET3,C2020,UM,f,UM100506,Control,,,dead,1,909,0.0,,,,,,,C2020|UM100506
UM-HET3,C2020,UM,f,UM100513,Control,,,dead,1,803,0.0,,,,,,,C2020|UM100513
UM-HET3,C2020,UM,f,UM100520,Control,,,dead,1,1112,0.0,,,,,,,C2020|UM100520
UM-HET3,C2020,UM,f,UM100527,Control,,,dead,1,770,0.0,,,,,,,C2020|UM100527
UM-HET3,C2020,UM,f,UM100555,Control,,,dead,1,563,0.0,,,,,,,C2020|UM100555
UM-HET3,C2020,UM,f,UM100562,Control,,,dead,1,1030,0.0,,,,,,,C2020|UM100562
UM-HET3,C2020,UM,f,UM100569,Control,,,dead,1,927,0.0,,,,,,,C2020|UM100569
UM-HET3,C2020,UM,f,UM100576,Control,,,dead,1,1069,0.0,,,,,,,C2020|UM100576
UM-HET3,C2020,UM,f,UM100954,Control,,,dead,1,425,0.0,,,,,,,C2020|UM100954
UM-HET3,C2020,UM,f,UM100961,Control,,,dead,1,791,0.0,,,,,,,C2020|UM100961
UM-HET3,C2020,UM,f,UM100968,Control,,,dead,1,753,0.0,,,,,,,C2020|UM100968
UM-HET3,C2020,UM,f,UM100975,Control,,,dead,1,850,0.0,,,,,,,C2020|UM100975
UM-HET3,C2020,UM,f,UM100982,Control,,,dead,1,993,0.0,,,,,,,C2020|UM100982
UM-HET3,C2020,UM,f,UM100989,Control,,,dead,1,813,0.0,,,,,,,C2020|UM100989
UM-HET3,C2020,UM,f,UM100996,Control,,,dead,1,1027,0.0,,,,,,,C2020|UM100996
UM-HET3,C2020,UM,f,UM101003,Control,,,dead,1,887,0.0,,,,,,,C2020|UM101003
UM-HET3,C2020,UM,f,UM101220,Control,,,dead,1,1192,0.0,,,,,,,C2020|UM101220
UM-HET3,C2020,UM,f,UM101227,Control,,,dead,1,787,0.0,,,,,,,C2020|UM101227
UM-HET3,C2020,UM,f,UM101234,Control,,,dead,1,1084,0.0,,,,,,,C2020|UM101234
UM-HET3,C2020,UM,f,UM101241,Control,,,dead,1,793,0.0,,,,,,,C2020|UM101241
UM-HET3,C2020,UM,f,UM101549,Control,,,dead,1,826,0.0,,,,,,,C2020|UM101549
UM-HET3,C2020,UM,f,UM101556,Control,,,dead,1,792,0.0,,,,,,,C2020|UM101556
UM-HET3,C2020,UM,f,UM101563,Control,,,dead,1,864,0.0,,,,,,,C2020|UM101563
UM-HET3,C2020,UM,f,UM101570,Control,,,dead,1,866,0.0,,,,,,,C2020|UM101570
UM-HET3,C2020,UM,f,UM95424,Control,,,dead,1,930,0.0,,,,,,,C2020|UM95424
UM-HET3,C2020,UM,f,UM95431,Control,,,dead,1,1187,0.0,,,,,,,C2020|UM95431
UM-HET3,C2020,UM,f,UM95438,Control,,,dead,1,980,0.0,,,,,,,C2020|UM95438
UM-HET3,C2020,UM,f,UM95445,Control,,,dead,1,852,0.0,,,,,,,C2020|UM95445
UM-HET3,C2020,UM,f,UM95508,Control,,,dead,1,1063,0.0,,,,,,,C2020|UM95508
UM-HET3,C2020,UM,f,UM95515,Control,,,dead,1,902,0.0,,,,,,,C2020|UM95515
UM-HET3,C2020,UM,f,UM95522,Control,,,dead,1,949,0.0,,,,,,,C2020|UM95522
UM-HET3,C2020,UM,f,UM95529,Control,,,dead,1,889,0.0,,,,,,,C2020|UM95529
UM-HET3,C2020,UM,f,UM95697,Control,,,dead,1,1134,0.0,,,,,,,C2020|UM95697
UM-HET3,C2020,UM,f,UM95704,Control,,,dead,1,1080,0.0,,,,,,,C2020|UM95704
UM-HET3,C2020,UM,f,UM95711,Control,,,dead,1,1159,0.0,,,,,,,C2020|UM95711
UM-HET3,C2020,UM,f,UM95718,Control,,,dead,1,912,0.0,,,,,,,C2020|UM95718
UM-HET3,C2020,UM,f,UM95984,Control,,,dead,1,1353,0.0,,,,,,,C2020|UM95984
UM-HET3,C2020,UM,f,UM95991,Control,,,dead,1,1133,0.0,,,,,,,C2020|UM95991
UM-HET3,C2020,UM,f,UM95998,Control,,,dead,1,853,0.0,,,,,,,C2020|UM95998
UM-HET3,C2020,UM,f,UM96005,Control,,,dead,1,869,0.0,,,,,,,C2020|UM96005
UM-HET3,C2020,UM,f,UM96299,Control,,,dead,1,1017,0.0,,,,,,,C2020|UM96299
UM-HET3,C2020,UM,f,UM96306,Control,,,dead,1,544,0.0,,,,,,,C2020|UM96306
UM-HET3,C2020,UM,f,UM96313,Control,,,dead,1,880,0.0,,,,,,,C2020|UM96313
UM-HET3,C2020,UM,f,UM96320,Control,,,dead,1,919,0.0,,,,,,,C2020|UM96320
UM-HET3,C2020,UM,f,UM96586,Control,,,dead,1,910,0.0,,,,,,,C2020|UM96586
UM-HET3,C2020,UM,f,UM96593,Control,,,dead,1,596,0.0,,,,,,,C2020|UM96593
UM-HET3,C2020,UM,f,UM96600,Control,,,dead,1,720,0.0,,,,,,,C2020|UM96600
UM-HET3,C2020,UM,f,UM96607,Control,,,removed,0,1461,0.0,,,,,,,C2020|UM96607
UM-HET3,C2020,UM,f,UM96810,Control,,,dead,1,993,0.0,,,,,,,C2020|UM96810
UM-HET3,C2020,UM,f,UM96817,Control,,,dead,1,804,0.0,,,,,,,C2020|UM96817
UM-HET3,C2020,UM,f,UM96824,Control,,,dead,1,804,0.0,,,,,,,C2020|UM96824
UM-HET3,C2020,UM,f,UM96831,Control,,,dead,1,601,0.0,,,,,,,C2020|UM96831
UM-HET3,C2020,UM,f,UM97300,Control,,,dead,1,1111,0.0,,,,,,,C2020|UM97300
UM-HET3,C2020,UM,f,UM97307,Control,,,dead,1,798,0.0,,,,,,,C2020|UM97307
UM-HET3,C2020,UM,f,UM97314,Control,,,dead,1,1003,0.0,,,,,,,C2020|UM97314
UM-HET3,C2020,UM,f,UM97321,Control,,,dead,1,1043,0.0,,,,,,,C2020|UM97321
UM-HET3,C2020,UM,f,UM97356,Control,,,dead,1,878,0.0,,,,,,,C2020|UM97356
UM-HET3,C2020,UM,f,UM97363,Control,,,dead,1,882,0.0,,,,,,,C2020|UM97363
UM-HET3,C2020,UM,f,UM97370,Control,,,dead,1,193,0.0,,,,,,,C2020|UM97370
UM-HET3,C2020,UM,f,UM97377,Control,,,dead,1,920,0.0,,,,,,,C2020|UM97377
UM-HET3,C2020,UM,f,UM97454,Control,,,dead,1,756,0.0,,,,,,,C2020|UM97454
UM-HET3,C2020,UM,f,UM97461,Control,,,dead,1,1124,0.0,,,,,,,C2020|UM97461
UM-HET3,C2020,UM,f,UM97468,Control,,,dead,1,741,0.0,,,,,,,C2020|UM97468
UM-HET3,C2020,UM,f,UM97475,Control,,,dead,1,832,0.0,,,,,,,C2020|UM97475
UM-HET3,C2020,UM,f,UM98070,Control,,,dead,1,1145,0.0,,,,,,,C2020|UM98070
UM-HET3,C2020,UM,f,UM98077,Control,,,dead,1,767,0.0,,,,,,,C2020|UM98077
UM-HET3,C2020,UM,f,UM98084,Control,,,dead,1,905,0.0,,,,,,,C2020|UM98084
UM-HET3,C2020,UM,f,UM98091,Control,,,dead,1,530,0.0,,,,,,,C2020|UM98091
UM-HET3,C2020,UM,f,UM98287,Control,,,dead,1,956,0.0,,,,,,,C2020|UM98287
UM-HET3,C2020,UM,f,UM98294,Control,,,dead,1,944,0.0,,,,,,,C2020|UM98294
UM-HET3,C2020,UM,f,UM98301,Control,,,dead,1,686,0.0,,,,,,,C2020|UM98301
UM-HET3,C2020,UM,f,UM98308,Control,,,dead,1,862,0.0,,,,,,,C2020|UM98308
UM-HET3,C2020,UM,f,UM98609,Control,,,dead,1,896,0.0,,,,,,,C2020|UM98609
UM-HET3,C2020,UM,f,UM98616,Control,,,dead,1,937,0.0,,,,,,,C2020|UM98616
UM-HET3,C2020,UM,f,UM98623,Control,,,dead,1,823,0.0,,,,,,,C2020|UM98623
UM-HET3,C2020,UM,f,UM98630,Control,,,dead,1,727,0.0,,,,,,,C2020|UM98630
UM-HET3,C2020,UM,f,UM98966,Control,,,dead,1,1178,0.0,,,,,,,C2020|UM98966
UM-HET3,C2020,UM,f,UM98973,Control,,,dead,1,756,0.0,,,,,,,C2020|UM98973
UM-HET3,C2020,UM,f,UM98980,Control,,,dead,1,1132,0.0,,,,,,,C2020|UM98980
UM-HET3,C2020,UM,f,UM98987,Control,,,dead,1,866,0.0,,,,,,,C2020|UM98987
UM-HET3,C2020,UM,f,UM99274,Control,,,dead,1,648,0.0,,,,,,,C2020|UM99274
UM-HET3,C2020,UM,f,UM99281,Control,,,dead,1,1016,0.0,,,,,,,C2020|UM99281
UM-HET3,C2020,UM,f,UM99288,Control,,,dead,1,747,0.0,,,,,,,C2020|UM99288
UM-HET3,C2020,UM,f,UM99295,Control,,,dead,1,591,0.0,,,,,,,C2020|UM99295
UM-HET3,C2020,UM,f,UM99589,Control,,,dead,1,570,0.0,,,,,,,C2020|UM99589
UM-HET3,C2020,UM,f,UM99596,Control,,,dead,1,748,0.0,,,,,,,C2020|UM99596
UM-HET3,C2020,UM,f,UM99603,Control,,,dead,1,539,0.0,,,,,,,C2020|UM99603
UM-HET3,C2020,UM,f,UM99610,Control,,,dead,1,568,0.0,,,,,,,C2020|UM99610
UM-HET3,C2020,UM,m,UM100072,Control,,,dead,1,1077,0.0,,,,,,,C2020|UM100072
UM-HET3,C2020,UM,m,UM100079,Control,,,dead,1,401,0.0,,,,,,,C2020|UM100079
UM-HET3,C2020,UM,m,UM100086,Control,,,dead,1,791,0.0,,,,,,,C2020|UM100086
UM-HET3,C2020,UM,m,UM100289,Control,,,dead,1,396,0.0,,,,,,,C2020|UM100289
UM-HET3,C2020,UM,m,UM100296,Control,,,dead,1,906,0.0,,,,,,,C2020|UM100296
UM-HET3,C2020,UM,m,UM100303,Control,,,dead,1,286,0.0,,,,,,,C2020|UM100303
UM-HET3,C2020,UM,m,UM100331,Control,,,dead,1,645,0.0,,,,,,,C2020|UM100331
UM-HET3,C2020,UM,m,UM100338,Control,,,dead,1,482,0.0,,,,,,,C2020|UM100338
UM-HET3,C2020,UM,m,UM100345,Control,,,dead,1,519,0.0,,,,,,,C2020|UM100345
UM-HET3,C2020,UM,m,UM100534,Control,,,removed,0,40,0.0,,,,,,,C2020|UM100534
UM-HET3,C2020,UM,m,UM100541,Control,,,dead,1,304,0.0,,,,,,,C2020|UM100541
UM-HET3,C2020,UM,m,UM100548,Control,,,dead,1,831,0.0,,,,,,,C2020|UM100548
UM-HET3,C2020,UM,m,UM100632,Control,,,dead,1,612,0.0,,,,,,,C2020|UM100632
UM-HET3,C2020,UM,m,UM100639,Control,,,dead,1,718,0.0,,,,,,,C2020|UM100639
UM-HET3,C2020,UM,m,UM100646,Control,,,dead,1,703,0.0,,,,,,,C2020|UM100646
UM-HET3,C2020,UM,m,UM100933,Control,,,dead,1,641,0.0,,,,,,,C2020|UM100933
UM-HET3,C2020,UM,m,UM100940,Control,,,dead,1,1100,0.0,,,,,,,C2020|UM100940
UM-HET3,C2020,UM,m,UM100947,Control,,,dead,1,754,0.0,,,,,,,C2020|UM100947
UM-HET3,C2020,UM,m,UM101038,Control,,,dead,1,1241,0.0,,,,,,,C2020|UM101038
UM-HET3,C2020,UM,m,UM101045,Control,,,dead,1,1069,0.0,,,,,,,C2020|UM101045
UM-HET3,C2020,UM,m,UM101052,Control,,,dead,1,956,0.0,,,,,,,C2020|UM101052
UM-HET3,C2020,UM,m,UM101108,Control,,,dead,1,758,0.0,,,,,,,C2020|UM101108
UM-HET3,C2020,UM,m,UM101115,Control,,,dead,1,603,0.0,,,,,,,C2020|UM101115
UM-HET3,C2020,UM,m,UM101122,Control,,,dead,1,722,0.0,,,,,,,C2020|UM101122
UM-HET3,C2020,UM,m,UM101178,Control,,,dead,1,1081,0.0,,,,,,,C2020|UM101178
UM-HET3,C2020,UM,m,UM101185,Control,,,dead,1,509,0.0,,,,,,,C2020|UM101185
UM-HET3,C2020,UM,m,UM101192,Control,,,dead,1,903,0.0,,,,,,,C2020|UM101192
UM-HET3,C2020,UM,m,UM101430,Control,,,dead,1,318,0.0,,,,,,,C2020|UM101430
UM-HET3,C2020,UM,m,UM101437,Control,,,dead,1,1220,0.0,,,,,,,C2020|UM101437
UM-HET3,C2020,UM,m,UM101444,Control,,,dead,1,532,0.0,,,,,,,C2020|UM101444
UM-HET3,C2020,UM,m,UM101745,Control,,,dead,1,836,0.0,,,,,,,C2020|UM101745
UM-HET3,C2020,UM,m,UM101752,Control,,,dead,1,836,0.0,,,,,,,C2020|UM101752
UM-HET3,C2020,UM,m,UM101759,Control,,,dead,1,896,0.0,,,,,,,C2020|UM101759
UM-HET3,C2020,UM,m,UM95165,Control,,,dead,1,866,0.0,,,,,,,C2020|UM95165
UM-HET3,C2020,UM,m,UM95172,Control,,,dead,1,716,0.0,,,,,,,C2020|UM95172
UM-HET3,C2020,UM,m,UM95179,Control,,,dead,1,1077,0.0,,,,,,,C2020|UM95179
UM-HET3,C2020,UM,m,UM95186,Control,,,dead,1,501,0.0,,,,,,,C2020|UM95186
UM-HET3,C2020,UM,m,UM95193,Control,,,dead,1,1143,0.0,,,,,,,C2020|UM95193
UM-HET3,C2020,UM,m,UM95200,Control,,,dead,1,730,0.0,,,,,,,C2020|UM95200
UM-HET3,C2020,UM,m,UM95774,Control,,,dead,1,824,0.0,,,,,,,C2020|UM95774
UM-HET3,C2020,UM,m,UM95781,Control,,,dead,1,618,0.0,,,,,,,C2020|UM95781
UM-HET3,C2020,UM,m,UM95788,Control,,,dead,1,1074,0.0,,,,,,,C2020|UM95788
UM-HET3,C2020,UM,m,UM95816,Control,,,dead,1,896,0.0,,,,,,,C2020|UM95816
UM-HET3,C2020,UM,m,UM95823,Control,,,dead,1,704,0.0,,,,,,,C2020|UM95823
UM-HET3,C2020,UM,m,UM95830,Control,,,dead,1,928,0.0,,,,,,,C2020|UM95830
UM-HET3,C2020,UM,m,UM96089,Control,,,dead,1,562,0.0,,,,,,,C2020|UM96089
UM-HET3,C2020,UM,m,UM96096,Control,,,dead,1,1064,0.0,,,,,,,C2020|UM96096
UM-HET3,C2020,UM,m,UM96103,Control,,,dead,1,1045,0.0,,,,,,,C2020|UM96103
UM-HET3,C2020,UM,m,UM96390,Control,,,dead,1,965,0.0,,,,,,,C2020|UM96390
UM-HET3,C2020,UM,m,UM96397,Control,,,dead,1,1009,0.0,,,,,,,C2020|UM96397
UM-HET3,C2020,UM,m,UM96404,Control,,,dead,1,219,0.0,,,,,,,C2020|UM96404
UM-HET3,C2020,UM,m,UM96432,Control,,,dead,1,618,0.0,,,,,,,C2020|UM96432
UM-HET3,C2020,UM,m,UM96439,Control,,,dead,1,870,0.0,,,,,,,C2020|UM96439
UM-HET3,C2020,UM,m,UM96446,Control,,,dead,1,968,0.0,,,,,,,C2020|UM96446
UM-HET3,C2020,UM,m,UM96866,Control,,,dead,1,606,0.0,,,,,,,C2020|UM96866
UM-HET3,C2020,UM,m,UM96873,Control,,,dead,1,632,0.0,,,,,,,C2020|UM96873
UM-HET3,C2020,UM,m,UM96880,Control,,,dead,1,680,0.0,,,,,,,C2020|UM96880
UM-HET3,C2020,UM,m,UM96950,Control,,,dead,1,817,0.0,,,,,,,C2020|UM96950
UM-HET3,C2020,UM,m,UM96957,Control,,,dead,1,901,0.0,,,,,,,C2020|UM96957
UM-HET3,C2020,UM,m,UM96964,Control,,,dead,1,1109,0.0,,,,,,,C2020|UM96964
UM-HET3,C2020,UM,m,UM97048,Control,,,dead,1,434,0.0,,,,,,,C2020|UM97048
UM-HET3,C2020,UM,m,UM97055,Control,,,dead,1,509,0.0,,,,,,,C2020|UM97055
UM-HET3,C2020,UM,m,UM97062,Control,,,dead,1,926,0.0,,,,,,,C2020|UM97062
UM-HET3,C2020,UM,m,UM97531,Control,,,dead,1,789,0.0,,,,,,,C2020|UM97531
UM-HET3,C2020,UM,m,UM97538,Control,,,dead,1,1289,0.0,,,,,,,C2020|UM97538
UM-HET3,C2020,UM,m,UM97545,Control,,,removed,0,733,0.0,,,,,,,C2020|UM97545
UM-HET3,C2020,UM,m,UM97552,Control,,,dead,1,1096,0.0,,,,,,,C2020|UM97552
UM-HET3,C2020,UM,m,UM97559,Control,,,dead,1,435,0.0,,,,,,,C2020|UM97559
UM-HET3,C2020,UM,m,UM97566,Control,,,dead,1,867,0.0,,,,,,,C2020|UM97566
UM-HET3,C2020,UM,m,UM97832,Control,,,dead,1,961,0.0,,,,,,,C2020|UM97832
UM-HET3,C2020,UM,m,UM97839,Control,,,removed,0,44,0.0,,,,,,,C2020|UM97839
UM-HET3,C2020,UM,m,UM97846,Control,,,dead,1,851,0.0,,,,,,,C2020|UM97846
UM-HET3,C2020,UM,m,UM97853,Control,,,dead,1,919,0.0,,,,,,,C2020|UM97853
UM-HET3,C2020,UM,m,UM97860,Control,,,dead,1,826,0.0,,,,,,,C2020|UM97860
UM-HET3,C2020,UM,m,UM97867,Control,,,dead,1,1104,0.0,,,,,,,C2020|UM97867
UM-HET3,C2020,UM,m,UM98175,Control,,,dead,1,719,0.0,,,,,,,C2020|UM98175
UM-HET3,C2020,UM,m,UM98182,Control,,,removed,0,45,0.0,,,,,,,C2020|UM98182
UM-HET3,C2020,UM,m,UM98189,Control,,,dead,1,844,0.0,,,,,,,C2020|UM98189
UM-HET3,C2020,UM,m,UM98266,Control,,,dead,1,1139,0.0,,,,,,,C2020|UM98266
UM-HET3,C2020,UM,m,UM98273,Control,,,dead,1,818,0.0,,,,,,,C2020|UM98273
UM-HET3,C2020,UM,m,UM98280,Control,,,dead,1,1005,0.0,,,,,,,C2020|UM98280
UM-HET3,C2020,UM,m,UM98532,Control,,,dead,1,1022,0.0,,,,,,,C2020|UM98532
UM-HET3,C2020,UM,m,UM98539,Control,,,dead,1,885,0.0,,,,,,,C2020|UM98539
UM-HET3,C2020,UM,m,UM98546,Control,,,dead,1,936,0.0,,,,,,,C2020|UM98546
UM-HET3,C2020,UM,m,UM98707,Control,,,dead,1,1099,0.0,,,,,,,C2020|UM98707
UM-HET3,C2020,UM,m,UM98714,Control,,,dead,1,1233,0.0,,,,,,,C2020|UM98714
UM-HET3,C2020,UM,m,UM98721,Control,,,dead,1,548,0.0,,,,,,,C2020|UM98721
UM-HET3,C2020,UM,m,UM98819,Control,,,dead,1,928,0.0,,,,,,,C2020|UM98819
UM-HET3,C2020,UM,m,UM98826,Control,,,dead,1,610,0.0,,,,,,,C2020|UM98826
UM-HET3,C2020,UM,m,UM98833,Control,,,dead,1,781,0.0,,,,,,,C2020|UM98833
UM-HET3,C2020,UM,m,UM99099,Control,,,dead,1,755,0.0,,,,,,,C2020|UM99099
UM-HET3,C2020,UM,m,UM99106,Control,,,dead,1,1012,0.0,,,,,,,C2020|UM99106
UM-HET3,C2020,UM,m,UM99113,Control,,,dead,1,878,0.0,,,,,,,C2020|UM99113
UM-HET3,C2020,UM,m,UM99477,Control,,,dead,1,760,0.0,,,,,,,C2020|UM99477
UM-HET3,C2020,UM,m,UM99484,Control,,,dead,1,834,0.0,,,,,,,C2020|UM99484
UM-HET3,C2020,UM,m,UM99491,Control,,,dead,1,931,0.0,,,,,,,C2020|UM99491
UM-HET3,C2020,UM,m,UM99617,Control,,,dead,1,731,0.0,,,,,,,C2020|UM99617
UM-HET3,C2020,UM,m,UM99624,Control,,,dead,1,662,0.0,,,,,,,C2020|UM99624
UM-HET3,C2020,UM,m,UM99631,Control,,,dead,1,358,0.0,,,,,,,C2020|UM99631
UM-HET3,C2020,UM,m,UM99806,Control,,,dead,1,1106,0.0,,,,,,,C2020|UM99806
UM-HET3,C2020,UM,m,UM99813,Control,,,dead,1,1116,0.0,,,,,,,C2020|UM99813
UM-HET3,C2020,UM,m,UM99820,Control,,,dead,1,975,0.0,,,,,,,C2020|UM99820
UM-HET3,C2020,UT,f,UT13525,Control,,,dead,1,825,0.0,,,,,,,C2020|UT13525
UM-HET3,C2020,UT,f,UT13526,Control,,,dead,1,818,0.0,,,,,,,C2020|UT13526
UM-HET3,C2020,UT,f,UT13527,Control,,,dead,1,802,0.0,,,,,,,C2020|UT13527
UM-HET3,C2020,UT,f,UT13528,Control,,,dead,1,955,0.0,,,,,,,C2020|UT13528
UM-HET3,C2020,UT,f,UT13601,Control,,,dead,1,1057,0.0,,,,,,,C2020|UT13601
UM-HET3,C2020,UT,f,UT13602,Control,,,dead,1,912,0.0,,,,,,,C2020|UT13602
UM-HET3,C2020,UT,f,UT13603,Control,,,dead,1,537,0.0,,,,,,,C2020|UT13603
UM-HET3,C2020,UT,f,UT13604,Control,,,dead,1,920,0.0,,,,,,,C2020|UT13604
UM-HET3,C2020,UT,f,UT13639,Control,,,dead,1,1149,0.0,,,,,,,C2020|UT13639
UM-HET3,C2020,UT,f,UT13640,Control,,,dead,1,1051,0.0,,,,,,,C2020|UT13640
UM-HET3,C2020,UT,f,UT13641,Control,,,dead,1,749,0.0,,,,,,,C2020|UT13641
UM-HET3,C2020,UT,f,UT13642,Control,,,dead,1,826,0.0,,,,,,,C2020|UT13642
UM-HET3,C2020,UT,f,UT13700,Control,,,dead,1,499,0.0,,,,,,,C2020|UT13700
UM-HET3,C2020,UT,f,UT13701,Control,,,dead,1,1010,0.0,,,,,,,C2020|UT13701
UM-HET3,C2020,UT,f,UT13702,Control,,,dead,1,756,0.0,,,,,,,C2020|UT13702
UM-HET3,C2020,UT,f,UT13703,Control,,,dead,1,740,0.0,,,,,,,C2020|UT13703
UM-HET3,C2020,UT,f,UT13721,Control,,,dead,1,1151,0.0,,,,,,,C2020|UT13721
UM-HET3,C2020,UT,f,UT13722,Control,,,dead,1,903,0.0,,,,,,,C2020|UT13722
UM-HET3,C2020,UT,f,UT13723,Control,,,dead,1,1082,0.0,,,,,,,C2020|UT13723
UM-HET3,C2020,UT,f,UT13724,Control,,,dead,1,920,0.0,,,,,,,C2020|UT13724
UM-HET3,C2020,UT,f,UT13778,Control,,,dead,1,1030,0.0,,,,,,,C2020|UT13778
UM-HET3,C2020,UT,f,UT13779,Control,,,dead,1,1010,0.0,,,,,,,C2020|UT13779
UM-HET3,C2020,UT,f,UT13780,Control,,,dead,1,994,0.0,,,,,,,C2020|UT13780
UM-HET3,C2020,UT,f,UT13781,Control,,,dead,1,994,0.0,,,,,,,C2020|UT13781
UM-HET3,C2020,UT,f,UT13827,Control,,,dead,1,842,0.0,,,,,,,C2020|UT13827
UM-HET3,C2020,UT,f,UT13828,Control,,,dead,1,762,0.0,,,,,,,C2020|UT13828
UM-HET3,C2020,UT,f,UT13829,Control,,,dead,1,957,0.0,,,,,,,C2020|UT13829
UM-HET3,C2020,UT,f,UT13830,Control,,,dead,1,754,0.0,,,,,,,C2020|UT13830
UM-HET3,C2020,UT,f,UT13844,Control,,,dead,1,750,0.0,,,,,,,C2020|UT13844
UM-HET3,C2020,UT,f,UT13845,Control,,,dead,1,872,0.0,,,,,,,C2020|UT13845
UM-HET3,C2020,UT,f,UT13846,Control,,,dead,1,1172,0.0,,,,,,,C2020|UT13846
UM-HET3,C2020,UT,f,UT13847,Control,,,dead,1,826,0.0,,,,,,,C2020|UT13847
UM-HET3,C2020,UT,f,UT13936,Control,,,dead,1,997,0.0,,,,,,,C2020|UT13936
UM-HET3,C2020,UT,f,UT13937,Control,,,dead,1,816,0.0,,,,,,,C2020|UT13937
UM-HET3,C2020,UT,f,UT13938,Control,,,dead,1,866,0.0,,,,,,,C2020|UT13938
UM-HET3,C2020,UT,f,UT13939,Control,,,dead,1,1062,0.0,,,,,,,C2020|UT13939
UM-HET3,C2020,UT,f,UT13954,Control,,,dead,1,906,0.0,,,,,,,C2020|UT13954
UM-HET3,C2020,UT,f,UT13955,Control,,,dead,1,871,0.0,,,,,,,C2020|UT13955
UM-HET3,C2020,UT,f,UT13956,Control,,,dead,1,793,0.0,,,,,,,C2020|UT13956
UM-HET3,C2020,UT,f,UT13957,Control,,,dead,1,1064,0.0,,,,,,,C2020|UT13957
UM-HET3,C2020,UT,f,UT13988,Control,,,dead,1,979,0.0,,,,,,,C2020|UT13988
UM-HET3,C2020,UT,f,UT13989,Control,,,dead,1,798,0.0,,,,,,,C2020|UT13989
UM-HET3,C2020,UT,f,UT13990,Control,,,dead,1,1026,0.0,,,,,,,C2020|UT13990
UM-HET3,C2020,UT,f,UT13991,Control,,,dead,1,939,0.0,,,,,,,C2020|UT13991
UM-HET3,C2020,UT,f,UT14018,Control,,,dead,1,826,0.0,,,,,,,C2020|UT14018
UM-HET3,C2020,UT,f,UT14019,Control,,,dead,1,920,0.0,,,,,,,C2020|UT14019
UM-HET3,C2020,UT,f,UT14020,Control,,,dead,1,544,0.0,,,,,,,C2020|UT14020
UM-HET3,C2020,UT,f,UT14021,Control,,,dead,1,909,0.0,,,,,,,C2020|UT14021
UM-HET3,C2020,UT,f,UT14086,Control,,,dead,1,860,0.0,,,,,,,C2020|UT14086
UM-HET3,C2020,UT,f,UT14087,Control,,,dead,1,930,0.0,,,,,,,C2020|UT14087
UM-HET3,C2020,UT,f,UT14088,Control,,,dead,1,897,0.0,,,,,,,C2020|UT14088
UM-HET3,C2020,UT,f,UT14089,Control,,,dead,1,960,0.0,,,,,,,C2020|UT14089
UM-HET3,C2020,UT,f,UT14155,Control,,,dead,1,908,0.0,,,,,,,C2020|UT14155
UM-HET3,C2020,UT,f,UT14156,Control,,,dead,1,1211,0.0,,,,,,,C2020|UT14156
UM-HET3,C2020,UT,f,UT14157,Control,,,dead,1,1042,0.0,,,,,,,C2020|UT14157
UM-HET3,C2020,UT,f,UT14158,Control,,,dead,1,982,0.0,,,,,,,C2020|UT14158
UM-HET3,C2020,UT,f,UT14186,Control,,,dead,1,1085,0.0,,,,,,,C2020|UT14186
UM-HET3,C2020,UT,f,UT14187,Control,,,dead,1,910,0.0,,,,,,,C2020|UT14187
UM-HET3,C2020,UT,f,UT14188,Control,,,dead,1,844,0.0,,,,,,,C2020|UT14188
UM-HET3,C2020,UT,f,UT14189,Control,,,dead,1,920,0.0,,,,,,,C2020|UT14189
UM-HET3,C2020,UT,f,UT14222,Control,,,dead,1,997,0.0,,,,,,,C2020|UT14222
UM-HET3,C2020,UT,f,UT14223,Control,,,dead,1,932,0.0,,,,,,,C2020|UT14223
UM-HET3,C2020,UT,f,UT14224,Control,,,dead,1,679,0.0,,,,,,,C2020|UT14224
UM-HET3,C2020,UT,f,UT14225,Control,,,dead,1,1011,0.0,,,,,,,C2020|UT14225
UM-HET3,C2020,UT,f,UT14272,Control,,,dead,1,640,0.0,,,,,,,C2020|UT14272
UM-HET3,C2020,UT,f,UT14273,Control,,,dead,1,1065,0.0,,,,,,,C2020|UT14273
UM-HET3,C2020,UT,f,UT14274,Control,,,dead,1,935,0.0,,,,,,,C2020|UT14274
UM-HET3,C2020,UT,f,UT14275,Control,,,dead,1,1135,0.0,,,,,,,C2020|UT14275
UM-HET3,C2020,UT,f,UT14286,Control,,,dead,1,751,0.0,,,,,,,C2020|UT14286
UM-HET3,C2020,UT,f,UT14287,Control,,,dead,1,924,0.0,,,,,,,C2020|UT14287
UM-HET3,C2020,UT,f,UT14288,Control,,,dead,1,1018,0.0,,,,,,,C2020|UT14288
UM-HET3,C2020,UT,f,UT14289,Control,,,dead,1,800,0.0,,,,,,,C2020|UT14289
UM-HET3,C2020,UT,f,UT14369,Control,,,dead,1,1003,0.0,,,,,,,C2020|UT14369
UM-HET3,C2020,UT,f,UT14370,Control,,,dead,1,768,0.0,,,,,,,C2020|UT14370
UM-HET3,C2020,UT,f,UT14371,Control,,,dead,1,894,0.0,,,,,,,C2020|UT14371
UM-HET3,C2020,UT,f,UT14372,Control,,,dead,1,888,0.0,,,,,,,C2020|UT14372
UM-HET3,C2020,UT,f,UT14406,Control,,,dead,1,1141,0.0,,,,,,,C2020|UT14406
UM-HET3,C2020,UT,f,UT14407,Control,,,dead,1,930,0.0,,,,,,,C2020|UT14407
UM-HET3,C2020,UT,f,UT14408,Control,,,dead,1,841,0.0,,,,,,,C2020|UT14408
UM-HET3,C2020,UT,f,UT14409,Control,,,dead,1,1074,0.0,,,,,,,C2020|UT14409
UM-HET3,C2020,UT,f,UT14410,Control,,,dead,1,659,0.0,,,,,,,C2020|UT14410
UM-HET3,C2020,UT,f,UT14411,Control,,,dead,1,1189,0.0,,,,,,,C2020|UT14411
UM-HET3,C2020,UT,f,UT14412,Control,,,dead,1,796,0.0,,,,,,,C2020|UT14412
UM-HET3,C2020,UT,f,UT14413,Control,,,dead,1,992,0.0,,,,,,,C2020|UT14413
UM-HET3,C2020,UT,f,UT14424,Control,,,dead,1,894,0.0,,,,,,,C2020|UT14424
UM-HET3,C2020,UT,f,UT14425,Control,,,dead,1,696,0.0,,,,,,,C2020|UT14425
UM-HET3,C2020,UT,f,UT14426,Control,,,dead,1,839,0.0,,,,,,,C2020|UT14426
UM-HET3,C2020,UT,f,UT14427,Control,,,dead,1,838,0.0,,,,,,,C2020|UT14427
UM-HET3,C2020,UT,f,UT14483,Control,,,dead,1,857,0.0,,,,,,,C2020|UT14483
UM-HET3,C2020,UT,f,UT14484,Control,,,dead,1,494,0.0,,,,,,,C2020|UT14484
UM-HET3,C2020,UT,f,UT14485,Control,,,dead,1,724,0.0,,,,,,,C2020|UT14485
UM-HET3,C2020,UT,f,UT14486,Control,,,dead,1,890,0.0,,,,,,,C2020|UT14486
UM-HET3,C2020,UT,m,UT13522,Control,,,dead,1,985,0.0,,,,,,,C2020|UT13522
UM-HET3,C2020,UT,m,UT13523,Control,,,dead,1,745,0.0,,,,,,,C2020|UT13523
UM-HET3,C2020,UT,m,UT13524,Control,,,dead,1,1118,0.0,,,,,,,C2020|UT13524
UM-HET3,C2020,UT,m,UT13552,Control,,,dead,1,744,0.0,,,,,,,C2020|UT13552
UM-HET3,C2020,UT,m,UT13553,Control,,,dead,1,1108,0.0,,,,,,,C2020|UT13553
UM-HET3,C2020,UT,m,UT13554,Control,,,dead,1,1185,0.0,,,,,,,C2020|UT13554
UM-HET3,C2020,UT,m,UT13622,Control,,,dead,1,798,0.0,,,,,,,C2020|UT13622
UM-HET3,C2020,UT,m,UT13623,Control,,,dead,1,369,0.0,,,,,,,C2020|UT13623
UM-HET3,C2020,UT,m,UT13624,Control,,,dead,1,452,0.0,,,,,,,C2020|UT13624
UM-HET3,C2020,UT,m,UT13643,Control,,,dead,1,818,0.0,,,,,,,C2020|UT13643
UM-HET3,C2020,UT,m,UT13644,Control,,,dead,1,639,0.0,,,,,,,C2020|UT13644
UM-HET3,C2020,UT,m,UT13645,Control,,,dead,1,933,0.0,,,,,,,C2020|UT13645
UM-HET3,C2020,UT,m,UT13677,Control,,,dead,1,423,0.0,,,,,,,C2020|UT13677
UM-HET3,C2020,UT,m,UT13678,Control,,,dead,1,656,0.0,,,,,,,C2020|UT13678
UM-HET3,C2020,UT,m,UT13679,Control,,,dead,1,1079,0.0,,,,,,,C2020|UT13679
UM-HET3,C2020,UT,m,UT13680,Control,,,dead,1,833,0.0,,,,,,,C2020|UT13680
UM-HET3,C2020,UT,m,UT13681,Control,,,dead,1,866,0.0,,,,,,,C2020|UT13681
UM-HET3,C2020,UT,m,UT13682,Control,,,dead,1,980,0.0,,,,,,,C2020|UT13682
UM-HET3,C2020,UT,m,UT13755,Control,,,dead,1,747,0.0,,,,,,,C2020|UT13755
UM-HET3,C2020,UT,m,UT13756,Control,,,dead,1,900,0.0,,,,,,,C2020|UT13756
UM-HET3,C2020,UT,m,UT13757,Control,,,dead,1,1158,0.0,,,,,,,C2020|UT13757
UM-HET3,C2020,UT,m,UT13758,Control,,,dead,1,1033,0.0,,,,,,,C2020|UT13758
UM-HET3,C2020,UT,m,UT13759,Control,,,dead,1,446,0.0,,,,,,,C2020|UT13759
UM-HET3,C2020,UT,m,UT13760,Control,,,dead,1,765,0.0,,,,,,,C2020|UT13760
UM-HET3,C2020,UT,m,UT13782,Control,,,dead,1,628,0.0,,,,,,,C2020|UT13782
UM-HET3,C2020,UT,m,UT13783,Control,,,dead,1,1062,0.0,,,,,,,C2020|UT13783
UM-HET3,C2020,UT,m,UT13784,Control,,,dead,1,1125,0.0,,,,,,,C2020|UT13784
UM-HET3,C2020,UT,m,UT13812,Control,,,dead,1,821,0.0,,,,,,,C2020|UT13812
UM-HET3,C2020,UT,m,UT13813,Control,,,dead,1,1015,0.0,,,,,,,C2020|UT13813
UM-HET3,C2020,UT,m,UT13814,Control,,,dead,1,977,0.0,,,,,,,C2020|UT13814
UM-HET3,C2020,UT,m,UT13834,Control,,,dead,1,487,0.0,,,,,,,C2020|UT13834
UM-HET3,C2020,UT,m,UT13835,Control,,,dead,1,890,0.0,,,,,,,C2020|UT13835
UM-HET3,C2020,UT,m,UT13836,Control,,,dead,1,372,0.0,,,,,,,C2020|UT13836
UM-HET3,C2020,UT,m,UT13848,Control,,,dead,1,955,0.0,,,,,,,C2020|UT13848
UM-HET3,C2020,UT,m,UT13849,Control,,,dead,1,891,0.0,,,,,,,C2020|UT13849
UM-HET3,C2020,UT,m,UT13850,Control,,,dead,1,1097,0.0,,,,,,,C2020|UT13850
UM-HET3,C2020,UT,m,UT13882,Control,,,dead,1,581,0.0,,,,,,,C2020|UT13882
UM-HET3,C2020,UT,m,UT13883,Control,,,dead,1,630,0.0,,,,,,,C2020|UT13883
UM-HET3,C2020,UT,m,UT13884,Control,,,dead,1,1016,0.0,,,,,,,C2020|UT13884
UM-HET3,C2020,UT,m,UT13927,Control,,,dead,1,1134,0.0,,,,,,,C2020|UT13927
UM-HET3,C2020,UT,m,UT13928,Control,,,dead,1,1125,0.0,,,,,,,C2020|UT13928
UM-HET3,C2020,UT,m,UT13929,Control,,,dead,1,1076,0.0,,,,,,,C2020|UT13929
UM-HET3,C2020,UT,m,UT13940,Control,,,dead,1,675,0.0,,,,,,,C2020|UT13940
UM-HET3,C2020,UT,m,UT13941,Control,,,dead,1,1079,0.0,,,,,,,C2020|UT13941
UM-HET3,C2020,UT,m,UT13942,Control,,,dead,1,601,0.0,,,,,,,C2020|UT13942
UM-HET3,C2020,UT,m,UT13947,Control,,,removed,0,214,0.0,,,,,,,C2020|UT13947
UM-HET3,C2020,UT,m,UT13948,Control,,,removed,0,214,0.0,,,,,,,C2020|UT13948
UM-HET3,C2020,UT,m,UT13949,Control,,,removed,0,214,0.0,,,,,,,C2020|UT13949
UM-HET3,C2020,UT,m,UT14002,Control,,,dead,1,924,0.0,,,,,,,C2020|UT14002
UM-HET3,C2020,UT,m,UT14003,Control,,,dead,1,686,0.0,,,,,,,C2020|UT14003
UM-HET3,C2020,UT,m,UT14004,Control,,,dead,1,957,0.0,,,,,,,C2020|UT14004
UM-HET3,C2020,UT,m,UT14005,Control,,,dead,1,514,0.0,,,,,,,C2020|UT14005
UM-HET3,C2020,UT,m,UT14006,Control,,,dead,1,1001,0.0,,,,,,,C2020|UT14006
UM-HET3,C2020,UT,m,UT14007,Control,,,dead,1,687,0.0,,,,,,,C2020|UT14007
UM-HET3,C2020,UT,m,UT14049,Control,,,dead,1,625,0.0,,,,,,,C2020|UT14049
UM-HET3,C2020,UT,m,UT14050,Control,,,dead,1,392,0.0,,,,,,,C2020|UT14050
UM-HET3,C2020,UT,m,UT14051,Control,,,dead,1,774,0.0,,,,,,,C2020|UT14051
UM-HET3,C2020,UT,m,UT14062,Control,,,dead,1,468,0.0,,,,,,,C2020|UT14062
UM-HET3,C2020,UT,m,UT14063,Control,,,dead,1,148,0.0,,,,,,,C2020|UT14063
UM-HET3,C2020,UT,m,UT14064,Control,,,dead,1,844,0.0,,,,,,,C2020|UT14064
UM-HET3,C2020,UT,m,UT14125,Control,,,dead,1,1166,0.0,,,,,,,C2020|UT14125
UM-HET3,C2020,UT,m,UT14126,Control,,,dead,1,994,0.0,,,,,,,C2020|UT14126
UM-HET3,C2020,UT,m,UT14127,Control,,,dead,1,663,0.0,,,,,,,C2020|UT14127
UM-HET3,C2020,UT,m,UT14139,Control,,,dead,1,852,0.0,,,,,,,C2020|UT14139
UM-HET3,C2020,UT,m,UT14140,Control,,,dead,1,870,0.0,,,,,,,C2020|UT14140
UM-HET3,C2020,UT,m,UT14141,Control,,,dead,1,654,0.0,,,,,,,C2020|UT14141
UM-HET3,C2020,UT,m,UT14148,Control,,,dead,1,807,0.0,,,,,,,C2020|UT14148
UM-HET3,C2020,UT,m,UT14149,Control,,,dead,1,1083,0.0,,,,,,,C2020|UT14149
UM-HET3,C2020,UT,m,UT14150,Control,,,dead,1,1092,0.0,,,,,,,C2020|UT14150
UM-HET3,C2020,UT,m,UT14208,Control,,,dead,1,899,0.0,,,,,,,C2020|UT14208
UM-HET3,C2020,UT,m,UT14209,Control,,,dead,1,1046,0.0,,,,,,,C2020|UT14209
UM-HET3,C2020,UT,m,UT14210,Control,,,dead,1,1128,0.0,,,,,,,C2020|UT14210
UM-HET3,C2020,UT,m,UT14246,Control,,,dead,1,615,0.0,,,,,,,C2020|UT14246
UM-HET3,C2020,UT,m,UT14247,Control,,,dead,1,1061,0.0,,,,,,,C2020|UT14247
UM-HET3,C2020,UT,m,UT14248,Control,,,dead,1,1251,0.0,,,,,,,C2020|UT14248
UM-HET3,C2020,UT,m,UT14259,Control,,,dead,1,706,0.0,,,,,,,C2020|UT14259
UM-HET3,C2020,UT,m,UT14260,Control,,,dead,1,755,0.0,,,,,,,C2020|UT14260
UM-HET3,C2020,UT,m,UT14261,Control,,,dead,1,799,0.0,,,,,,,C2020|UT14261
UM-HET3,C2020,UT,m,UT14290,Control,,,dead,1,532,0.0,,,,,,,C2020|UT14290
UM-HET3,C2020,UT,m,UT14291,Control,,,dead,1,1193,0.0,,,,,,,C2020|UT14291
UM-HET3,C2020,UT,m,UT14292,Control,,,dead,1,783,0.0,,,,,,,C2020|UT14292
UM-HET3,C2020,UT,m,UT14325,Control,,,dead,1,751,0.0,,,,,,,C2020|UT14325
UM-HET3,C2020,UT,m,UT14326,Control,,,dead,1,631,0.0,,,,,,,C2020|UT14326
UM-HET3,C2020,UT,m,UT14327,Control,,,dead,1,582,0.0,,,,,,,C2020|UT14327
UM-HET3,C2020,UT,m,UT14335,Control,,,dead,1,944,0.0,,,,,,,C2020|UT14335
UM-HET3,C2020,UT,m,UT14336,Control,,,dead,1,613,0.0,,,,,,,C2020|UT14336
UM-HET3,C2020,UT,m,UT14337,Control,,,dead,1,1293,0.0,,,,,,,C2020|UT14337
UM-HET3,C2020,UT,m,UT14353,Control,,,dead,1,715,0.0,,,,,,,C2020|UT14353
UM-HET3,C2020,UT,m,UT14354,Control,,,dead,1,759,0.0,,,,,,,C2020|UT14354
UM-HET3,C2020,UT,m,UT14355,Control,,,dead,1,1072,0.0,,,,,,,C2020|UT14355
UM-HET3,C2020,UT,m,UT14400,Control,,,dead,1,848,0.0,,,,,,,C2020|UT14400
UM-HET3,C2020,UT,m,UT14401,Control,,,dead,1,803,0.0,,,,,,,C2020|UT14401
UM-HET3,C2020,UT,m,UT14402,Control,,,dead,1,1195,0.0,,,,,,,C2020|UT14402
UM-HET3,C2020,UT,m,UT14428,Control,,,dead,1,486,0.0,,,,,,,C2020|UT14428
UM-HET3,C2020,UT,m,UT14429,Control,,,dead,1,798,0.0,,,,,,,C2020|UT14429
UM-HET3,C2020,UT,m,UT14430,Control,,,dead,1,1008,0.0,,,,,,,C2020|UT14430
UM-HET3,C2020,UT,m,UT14487,Control,,,dead,1,1057,0.0,,,,,,,C2020|UT14487
UM-HET3,C2020,UT,m,UT14488,Control,,,dead,1,620,0.0,,,,,,,C2020|UT14488
UM-HET3,C2020,UT,m,UT14489,Control,,,dead,1,828,0.0,,,,,,,C2020|UT14489
UM-HET3,C2021,TJL,f,JL23015,Control,0.0,,dead,1,891,,,,,,,,C2021|JL23015
UM-HET3,C2021,TJL,f,JL23016,Control,0.0,,dead,1,248,,,,,,,,C2021|JL23016
UM-HET3,C2021,TJL,f,JL23017,Control,0.0,,dead,1,1034,,,,,,,,C2021|JL23017
UM-HET3,C2021,TJL,f,JL23018,Control,0.0,,dead,1,1013,,,,,,,,C2021|JL23018
UM-HET3,C2021,TJL,f,JL23019,Control,0.0,,dead,1,1011,,,,,,,,C2021|JL23019
UM-HET3,C2021,TJL,f,JL23020,Control,0.0,,dead,1,1075,,,,,,,,C2021|JL23020
UM-HET3,C2021,TJL,f,JL23021,Control,0.0,,dead,1,656,,,,,,,,C2021|JL23021
UM-HET3,C2021,TJL,f,JL23022,Control,0.0,,dead,1,1074,,,,,,,,C2021|JL23022
UM-HET3,C2021,TJL,f,JL23100,Control,0.0,,dead,1,966,,,,,,,,C2021|JL23100
UM-HET3,C2021,TJL,f,JL23101,Control,0.0,,dead,1,1280,,,,,,,,C2021|JL23101
UM-HET3,C2021,TJL,f,JL23102,Control,0.0,,dead,1,715,,,,,,,,C2021|JL23102
UM-HET3,C2021,TJL,f,JL23103,Control,0.0,,dead,1,1135,,,,,,,,C2021|JL23103
UM-HET3,C2021,TJL,f,JL23112,Control,0.0,,dead,1,795,,,,,,,,C2021|JL23112
UM-HET3,C2021,TJL,f,JL23113,Control,0.0,,dead,1,919,,,,,,,,C2021|JL23113
UM-HET3,C2021,TJL,f,JL23114,Control,0.0,,dead,1,848,,,,,,,,C2021|JL23114
UM-HET3,C2021,TJL,f,JL23115,Control,0.0,,dead,1,861,,,,,,,,C2021|JL23115
UM-HET3,C2021,TJL,f,JL23161,Control,0.0,,dead,1,957,,,,,,,,C2021|JL23161
UM-HET3,C2021,TJL,f,JL23162,Control,0.0,,dead,1,1112,,,,,,,,C2021|JL23162
UM-HET3,C2021,TJL,f,JL23163,Control,0.0,,dead,1,921,,,,,,,,C2021|JL23163
UM-HET3,C2021,TJL,f,JL23164,Control,0.0,,dead,1,890,,,,,,,,C2021|JL23164
UM-HET3,C2021,TJL,f,JL23169,Control,0.0,,dead,1,1058,,,,,,,,C2021|JL23169
UM-HET3,C2021,TJL,f,JL23170,Control,0.0,,dead,1,1026,,,,,,,,C2021|JL23170
UM-HET3,C2021,TJL,f,JL23171,Control,0.0,,dead,1,1002,,,,,,,,C2021|JL23171
UM-HET3,C2021,TJL,f,JL23172,Control,0.0,,dead,1,929,,,,,,,,C2021|JL23172
UM-HET3,C2021,TJL,f,JL23203,Control,0.0,,dead,1,1079,,,,,,,,C2021|JL23203
UM-HET3,C2021,TJL,f,JL23204,Control,0.0,,dead,1,836,,,,,,,,C2021|JL23204
UM-HET3,C2021,TJL,f,JL23205,Control,0.0,,dead,1,581,,,,,,,,C2021|JL23205
UM-HET3,C2021,TJL,f,JL23206,Control,0.0,,dead,1,812,,,,,,,,C2021|JL23206
UM-HET3,C2021,TJL,f,JL23230,Control,0.0,,dead,1,894,,,,,,,,C2021|JL23230
UM-HET3,C2021,TJL,f,JL23231,Control,0.0,,dead,1,903,,,,,,,,C2021|JL23231
UM-HET3,C2021,TJL,f,JL23232,Control,0.0,,dead,1,740,,,,,,,,C2021|JL23232
UM-HET3,C2021,TJL,f,JL23233,Control,0.0,,dead,1,847,,,,,,,,C2021|JL23233
UM-HET3,C2021,TJL,f,JL23302,Control,0.0,,dead,1,1187,,,,,,,,C2021|JL23302
UM-HET3,C2021,TJL,f,JL23303,Control,0.0,,dead,1,883,,,,,,,,C2021|JL23303
UM-HET3,C2021,TJL,f,JL23304,Control,0.0,,dead,1,631,,,,,,,,C2021|JL23304
UM-HET3,C2021,TJL,f,JL23305,Control,0.0,,dead,1,191,,,,,,,,C2021|JL23305
UM-HET3,C2021,TJL,f,JL23306,Control,0.0,,dead,1,759,,,,,,,,C2021|JL23306
UM-HET3,C2021,TJL,f,JL23307,Control,0.0,,dead,1,562,,,,,,,,C2021|JL23307
UM-HET3,C2021,TJL,f,JL23308,Control,0.0,,dead,1,548,,,,,,,,C2021|JL23308
UM-HET3,C2021,TJL,f,JL23309,Control,0.0,,dead,1,951,,,,,,,,C2021|JL23309
UM-HET3,C2021,TJL,f,JL23329,Control,0.0,,dead,1,1095,,,,,,,,C2021|JL23329
UM-HET3,C2021,TJL,f,JL23330,Control,0.0,,dead,1,808,,,,,,,,C2021|JL23330
UM-HET3,C2021,TJL,f,JL23331,Control,0.0,,dead,1,795,,,,,,,,C2021|JL23331
UM-HET3,C2021,TJL,f,JL23332,Control,0.0,,dead,1,595,,,,,,,,C2021|JL23332
UM-HET3,C2021,TJL,f,JL23359,Control,0.0,,dead,1,1003,,,,,,,,C2021|JL23359
UM-HET3,C2021,TJL,f,JL23360,Control,0.0,,dead,1,645,,,,,,,,C2021|JL23360
UM-HET3,C2021,TJL,f,JL23361,Control,0.0,,dead,1,647,,,,,,,,C2021|JL23361
UM-HET3,C2021,TJL,f,JL23362,Control,0.0,,dead,1,897,,,,,,,,C2021|JL23362
UM-HET3,C2021,TJL,f,JL23397,Control,0.0,,dead,1,990,,,,,,,,C2021|JL23397
UM-HET3,C2021,TJL,f,JL23398,Control,0.0,,dead,1,901,,,,,,,,C2021|JL23398
UM-HET3,C2021,TJL,f,JL23399,Control,0.0,,dead,1,900,,,,,,,,C2021|JL23399
UM-HET3,C2021,TJL,f,JL23400,Control,0.0,,dead,1,1184,,,,,,,,C2021|JL23400
UM-HET3,C2021,TJL,f,JL23428,Control,0.0,,dead,1,961,,,,,,,,C2021|JL23428
UM-HET3,C2021,TJL,f,JL23429,Control,0.0,,dead,1,1005,,,,,,,,C2021|JL23429
UM-HET3,C2021,TJL,f,JL23430,Control,0.0,,dead,1,624,,,,,,,,C2021|JL23430
UM-HET3,C2021,TJL,f,JL23431,Control,0.0,,dead,1,865,,,,,,,,C2021|JL23431
UM-HET3,C2021,TJL,f,JL23500,Control,0.0,,dead,1,848,,,,,,,,C2021|JL23500
UM-HET3,C2021,TJL,f,JL23501,Control,0.0,,dead,1,998,,,,,,,,C2021|JL23501
UM-HET3,C2021,TJL,f,JL23502,Control,0.0,,dead,1,547,,,,,,,,C2021|JL23502
UM-HET3,C2021,TJL,f,JL23503,Control,0.0,,dead,1,753,,,,,,,,C2021|JL23503
UM-HET3,C2021,TJL,f,JL23520,Control,0.0,,dead,1,816,,,,,,,,C2021|JL23520
UM-HET3,C2021,TJL,f,JL23521,Control,0.0,,dead,1,687,,,,,,,,C2021|JL23521
UM-HET3,C2021,TJL,f,JL23522,Control,0.0,,dead,1,851,,,,,,,,C2021|JL23522
UM-HET3,C2021,TJL,f,JL23523,Control,0.0,,dead,1,981,,,,,,,,C2021|JL23523
UM-HET3,C2021,TJL,f,JL23555,Control,0.0,,dead,1,1008,,,,,,,,C2021|JL23555
UM-HET3,C2021,TJL,f,JL23556,Control,0.0,,dead,1,869,,,,,,,,C2021|JL23556
UM-HET3,C2021,TJL,f,JL23557,Control,0.0,,dead,1,1019,,,,,,,,C2021|JL23557
UM-HET3,C2021,TJL,f,JL23558,Control,0.0,,dead,1,1021,,,,,,,,C2021|JL23558
UM-HET3,C2021,TJL,f,JL23559,Control,0.0,,dead,1,978,,,,,,,,C2021|JL23559
UM-HET3,C2021,TJL,f,JL23560,Control,0.0,,dead,1,768,,,,,,,,C2021|JL23560
UM-HET3,C2021,TJL,f,JL23561,Control,0.0,,dead,1,588,,,,,,,,C2021|JL23561
UM-HET3,C2021,TJL,f,JL23562,Control,0.0,,dead,1,565,,,,,,,,C2021|JL23562
UM-HET3,C2021,TJL,f,JL23595,Control,0.0,,dead,1,998,,,,,,,,C2021|JL23595
UM-HET3,C2021,TJL,f,JL23596,Control,0.0,,dead,1,855,,,,,,,,C2021|JL23596
UM-HET3,C2021,TJL,f,JL23597,Control,0.0,,dead,1,788,,,,,,,,C2021|JL23597
UM-HET3,C2021,TJL,f,JL23598,Control,0.0,,dead,1,1166,,,,,,,,C2021|JL23598
UM-HET3,C2021,TJL,f,JL23599,Control,0.0,,dead,1,809,,,,,,,,C2021|JL23599
UM-HET3,C2021,TJL,f,JL23600,Control,0.0,,dead,1,879,,,,,,,,C2021|JL23600
UM-HET3,C2021,TJL,f,JL23601,Control,0.0,,dead,1,930,,,,,,,,C2021|JL23601
UM-HET3,C2021,TJL,f,JL23602,Control,0.0,,dead,1,894,,,,,,,,C2021|JL23602
UM-HET3,C2021,TJL,f,JL23658,Control,0.0,,dead,1,848,,,,,,,,C2021|JL23658
UM-HET3,C2021,TJL,f,JL23659,Control,0.0,,dead,1,990,,,,,,,,C2021|JL23659
UM-HET3,C2021,TJL,f,JL23660,Control,0.0,,dead,1,967,,,,,,,,C2021|JL23660
UM-HET3,C2021,TJL,f,JL23661,Control,0.0,,dead,1,835,,,,,,,,C2021|JL23661
UM-HET3,C2021,TJL,f,JL23697,Control,0.0,,dead,1,867,,,,,,,,C2021|JL23697
UM-HET3,C2021,TJL,f,JL23698,Control,0.0,,dead,1,1031,,,,,,,,C2021|JL23698
UM-HET3,C2021,TJL,f,JL23699,Control,0.0,,dead,1,908,,,,,,,,C2021|JL23699
UM-HET3,C2021,TJL,f,JL23700,Control,0.0,,dead,1,1043,,,,,,,,C2021|JL23700
UM-HET3,C2021,TJL,f,JL23736,Control,0.0,,dead,1,1172,,,,,,,,C2021|JL23736
UM-HET3,C2021,TJL,f,JL23737,Control,0.0,,dead,1,753,,,,,,,,C2021|JL23737
UM-HET3,C2021,TJL,f,JL23738,Control,0.0,,dead,1,788,,,,,,,,C2021|JL23738
UM-HET3,C2021,TJL,f,JL23739,Control,0.0,,dead,1,1110,,,,,,,,C2021|JL23739
UM-HET3,C2021,TJL,f,JL23740,Control,0.0,,dead,1,932,,,,,,,,C2021|JL23740
UM-HET3,C2021,TJL,f,JL23741,Control,0.0,,dead,1,832,,,,,,,,C2021|JL23741
UM-HET3,C2021,TJL,f,JL23742,Control,0.0,,dead,1,706,,,,,,,,C2021|JL23742
UM-HET3,C2021,TJL,f,JL23743,Control,0.0,,dead,1,661,,,,,,,,C2021|JL23743
UM-HET3,C2021,TJL,m,JL23009,Control,0.0,,removed,0,487,,,,,,,,C2021|JL23009
UM-HET3,C2021,TJL,m,JL23010,Control,0.0,,removed,0,487,,,,,,,,C2021|JL23010
UM-HET3,C2021,TJL,m,JL23011,Control,0.0,,dead,1,436,,,,,,,,C2021|JL23011
UM-HET3,C2021,TJL,m,JL23023,Control,0.0,,dead,1,313,,,,,,,,C2021|JL23023
UM-HET3,C2021,TJL,m,JL23024,Control,0.0,,dead,1,883,,,,,,,,C2021|JL23024
UM-HET3,C2021,TJL,m,JL23025,Control,0.0,,dead,1,588,,,,,,,,C2021|JL23025
UM-HET3,C2021,TJL,m,JL23060,Control,0.0,,dead,1,612,,,,,,,,C2021|JL23060
UM-HET3,C2021,TJL,m,JL23061,Control,0.0,,dead,1,359,,,,,,,,C2021|JL23061
UM-HET3,C2021,TJL,m,JL23062,Control,0.0,,dead,1,1112,,,,,,,,C2021|JL23062
UM-HET3,C2021,TJL,m,JL23063,Control,0.0,,dead,1,690,,,,,,,,C2021|JL23063
UM-HET3,C2021,TJL,m,JL23064,Control,0.0,,dead,1,649,,,,,,,,C2021|JL23064
UM-HET3,C2021,TJL,m,JL23065,Control,0.0,,dead,1,669,,,,,,,,C2021|JL23065
UM-HET3,C2021,TJL,m,JL23116,Control,0.0,,dead,1,351,,,,,,,,C2021|JL23116
UM-HET3,C2021,TJL,m,JL23117,Control,0.0,,dead,1,324,,,,,,,,C2021|JL23117
UM-HET3,C2021,TJL,m,JL23118,Control,0.0,,dead,1,574,,,,,,,,C2021|JL23118
UM-HET3,C2021,TJL,m,JL23122,Control,0.0,,dead,1,1128,,,,,,,,C2021|JL23122
UM-HET3,C2021,TJL,m,JL23123,Control,0.0,,dead,1,809,,,,,,,,C2021|JL23123
UM-HET3,C2021,TJL,m,JL23124,Control,0.0,,dead,1,1080,,,,,,,,C2021|JL23124
UM-HET3,C2021,TJL,m,JL23155,Control,0.0,,dead,1,999,,,,,,,,C2021|JL23155
UM-HET3,C2021,TJL,m,JL23156,Control,0.0,,dead,1,675,,,,,,,,C2021|JL23156
UM-HET3,C2021,TJL,m,JL23157,Control,0.0,,dead,1,1048,,,,,,,,C2021|JL23157
UM-HET3,C2021,TJL,m,JL23187,Control,0.0,,dead,1,825,,,,,,,,C2021|JL23187
UM-HET3,C2021,TJL,m,JL23188,Control,0.0,,dead,1,658,,,,,,,,C2021|JL23188
UM-HET3,C2021,TJL,m,JL23189,Control,0.0,,dead,1,695,,,,,,,,C2021|JL23189
UM-HET3,C2021,TJL,m,JL23193,Control,0.0,,dead,1,992,,,,,,,,C2021|JL23193
UM-HET3,C2021,TJL,m,JL23194,Control,0.0,,dead,1,421,,,,,,,,C2021|JL23194
UM-HET3,C2021,TJL,m,JL23195,Control,0.0,,dead,1,559,,,,,,,,C2021|JL23195
UM-HET3,C2021,TJL,m,JL23215,Control,0.0,,dead,1,609,,,,,,,,C2021|JL23215
UM-HET3,C2021,TJL,m,JL23216,Control,0.0,,dead,1,749,,,,,,,,C2021|JL23216
UM-HET3,C2021,TJL,m,JL23217,Control,0.0,,dead,1,456,,,,,,,,C2021|JL23217
UM-HET3,C2021,TJL,m,JL23249,Control,0.0,,dead,1,894,,,,,,,,C2021|JL23249
UM-HET3,C2021,TJL,m,JL23250,Control,0.0,,dead,1,760,,,,,,,,C2021|JL23250
UM-HET3,C2021,TJL,m,JL23251,Control,0.0,,dead,1,724,,,,,,,,C2021|JL23251
UM-HET3,C2021,TJL,m,JL23258,Control,0.0,,dead,1,485,,,,,,,,C2021|JL23258
UM-HET3,C2021,TJL,m,JL23259,Control,0.0,,dead,1,826,,,,,,,,C2021|JL23259
UM-HET3,C2021,TJL,m,JL23260,Control,0.0,,dead,1,334,,,,,,,,C2021|JL23260
UM-HET3,C2021,TJL,m,JL23281,Control,0.0,,dead,1,856,,,,,,,,C2021|JL23281
UM-HET3,C2021,TJL,m,JL23282,Control,0.0,,dead,1,783,,,,,,,,C2021|JL23282
UM-HET3,C2021,TJL,m,JL23283,Control,0.0,,dead,1,726,,,,,,,,C2021|JL23283
UM-HET3,C2021,TJL,m,JL23317,Control,0.0,,dead,1,415,,,,,,,,C2021|JL23317
UM-HET3,C2021,TJL,m,JL23318,Control,0.0,,dead,1,233,,,,,,,,C2021|JL23318
UM-HET3,C2021,TJL,m,JL23319,Control,0.0,,dead,1,491,,,,,,,,C2021|JL23319
UM-HET3,C2021,TJL,m,JL23353,Control,0.0,,dead,1,721,,,,,,,,C2021|JL23353
UM-HET3,C2021,TJL,m,JL23354,Control,0.0,,dead,1,729,,,,,,,,C2021|JL23354
UM-HET3,C2021,TJL,m,JL23355,Control,0.0,,dead,1,628,,,,,,,,C2021|JL23355
UM-HET3,C2021,TJL,m,JL23379,Control,0.0,,dead,1,330,,,,,,,,C2021|JL23379
UM-HET3,C2021,TJL,m,JL23380,Control,0.0,,dead,1,969,,,,,,,,C2021|JL23380
UM-HET3,C2021,TJL,m,JL23381,Control,0.0,,dead,1,568,,,,,,,,C2021|JL23381
UM-HET3,C2021,TJL,m,JL23388,Control,0.0,,dead,1,599,,,,,,,,C2021|JL23388
UM-HET3,C2021,TJL,m,JL23389,Control,0.0,,dead,1,934,,,,,,,,C2021|JL23389
UM-HET3,C2021,TJL,m,JL23390,Control,0.0,,dead,1,801,,,,,,,,C2021|JL23390
UM-HET3,C2021,TJL,m,JL23416,Control,0.0,,dead,1,708,,,,,,,,C2021|JL23416
UM-HET3,C2021,TJL,m,JL23417,Control,0.0,,dead,1,1169,,,,,,,,C2021|JL23417
UM-HET3,C2021,TJL,m,JL23418,Control,0.0,,dead,1,670,,,,,,,,C2021|JL23418
UM-HET3,C2021,TJL,m,JL23436,Control,0.0,,dead,1,1088,,,,,,,,C2021|JL23436
UM-HET3,C2021,TJL,m,JL23437,Control,0.0,,dead,1,1067,,,,,,,,C2021|JL23437
UM-HET3,C2021,TJL,m,JL23438,Control,0.0,,dead,1,437,,,,,,,,C2021|JL23438
UM-HET3,C2021,TJL,m,JL23474,Control,0.0,,dead,1,585,,,,,,,,C2021|JL23474
UM-HET3,C2021,TJL,m,JL23475,Control,0.0,,dead,1,961,,,,,,,,C2021|JL23475
UM-HET3,C2021,TJL,m,JL23476,Control,0.0,,dead,1,275,,,,,,,,C2021|JL23476
UM-HET3,C2021,TJL,m,JL23511,Control,0.0,,dead,1,653,,,,,,,,C2021|JL23511
UM-HET3,C2021,TJL,m,JL23512,Control,0.0,,dead,1,630,,,,,,,,C2021|JL23512
UM-HET3,C2021,TJL,m,JL23513,Control,0.0,,dead,1,862,,,,,,,,C2021|JL23513
UM-HET3,C2021,TJL,m,JL23514,Control,0.0,,dead,1,557,,,,,,,,C2021|JL23514
UM-HET3,C2021,TJL,m,JL23515,Control,0.0,,dead,1,240,,,,,,,,C2021|JL23515
UM-HET3,C2021,TJL,m,JL23516,Control,0.0,,dead,1,380,,,,,,,,C2021|JL23516
UM-HET3,C2021,TJL,m,JL23545,Control,0.0,,dead,1,729,,,,,,,,C2021|JL23545
UM-HET3,C2021,TJL,m,JL23546,Control,0.0,,dead,1,496,,,,,,,,C2021|JL23546
UM-HET3,C2021,TJL,m,JL23547,Control,0.0,,dead,1,1166,,,,,,,,C2021|JL23547
UM-HET3,C2021,TJL,m,JL23571,Control,0.0,,dead,1,843,,,,,,,,C2021|JL23571
UM-HET3,C2021,TJL,m,JL23572,Control,0.0,,dead,1,337,,,,,,,,C2021|JL23572
UM-HET3,C2021,TJL,m,JL23573,Control,0.0,,dead,1,967,,,,,,,,C2021|JL23573
UM-HET3,C2021,TJL,m,JL23583,Control,0.0,,dead,1,934,,,,,,,,C2021|JL23583
UM-HET3,C2021,TJL,m,JL23584,Control,0.0,,dead,1,673,,,,,,,,C2021|JL23584
UM-HET3,C2021,TJL,m,JL23585,Control,0.0,,dead,1,473,,,,,,,,C2021|JL23585
UM-HET3,C2021,TJL,m,JL23614,Control,0.0,,dead,1,775,,,,,,,,C2021|JL23614
UM-HET3,C2021,TJL,m,JL23615,Control,0.0,,dead,1,1009,,,,,,,,C2021|JL23615
UM-HET3,C2021,TJL,m,JL23616,Control,0.0,,dead,1,1012,,,,,,,,C2021|JL23616
UM-HET3,C2021,TJL,m,JL23617,Control,0.0,,dead,1,944,,,,,,,,C2021|JL23617
UM-HET3,C2021,TJL,m,JL23618,Control,0.0,,dead,1,1017,,,,,,,,C2021|JL23618
UM-HET3,C2021,TJL,m,JL23619,Control,0.0,,dead,1,605,,,,,,,,C2021|JL23619
UM-HET3,C2021,TJL,m,JL23662,Control,0.0,,dead,1,621,,,,,,,,C2021|JL23662
UM-HET3,C2021,TJL,m,JL23663,Control,0.0,,dead,1,1001,,,,,,,,C2021|JL23663
UM-HET3,C2021,TJL,m,JL23664,Control,0.0,,dead,1,718,,,,,,,,C2021|JL23664
UM-HET3,C2021,TJL,m,JL23665,Control,0.0,,removed,0,281,,,,,,,,C2021|JL23665
UM-HET3,C2021,TJL,m,JL23666,Control,0.0,,removed,0,281,,,,,,,,C2021|JL23666
UM-HET3,C2021,TJL,m,JL23667,Control,0.0,,removed,0,281,,,,,,,,C2021|JL23667
UM-HET3,C2021,TJL,m,JL23704,Control,0.0,,dead,1,626,,,,,,,,C2021|JL23704
UM-HET3,C2021,TJL,m,JL23705,Control,0.0,,dead,1,343,,,,,,,,C2021|JL23705
UM-HET3,C2021,TJL,m,JL23706,Control,0.0,,dead,1,884,,,,,,,,C2021|JL23706
UM-HET3,C2021,TJL,m,JL23713,Control,0.0,,dead,1,351,,,,,,,,C2021|JL23713
UM-HET3,C2021,TJL,m,JL23714,Control,0.0,,dead,1,787,,,,,,,,C2021|JL23714
UM-HET3,C2021,TJL,m,JL23715,Control,0.0,,dead,1,715,,,,,,,,C2021|JL23715
UM-HET3,C2021,TJL,m,JL23754,Control,0.0,,dead,1,1180,,,,,,,,C2021|JL23754
UM-HET3,C2021,TJL,m,JL23755,Control,0.0,,dead,1,832,,,,,,,,C2021|JL23755
UM-HET3,C2021,TJL,m,JL23756,Control,0.0,,dead,1,1190,,,,,,,,C2021|JL23756
UM-HET3,C2021,TJL,m,JL23779,Control,0.0,,dead,1,982,,,,,,,,C2021|JL23779
UM-HET3,C2021,TJL,m,JL23780,Control,0.0,,dead,1,624,,,,,,,,C2021|JL23780
UM-HET3,C2021,TJL,m,JL23781,Control,0.0,,dead,1,789,,,,,,,,C2021|JL23781
UM-HET3,C2021,TJL,m,JL23806,Control,0.0,,dead,1,775,,,,,,,,C2021|JL23806
UM-HET3,C2021,TJL,m,JL23807,Control,0.0,,dead,1,621,,,,,,,,C2021|JL23807
UM-HET3,C2021,TJL,m,JL23808,Control,0.0,,dead,1,740,,,,,,,,C2021|JL23808
UM-HET3,C2021,UM,f,UM103334,Control,0.0,,dead,1,534,,,,,,,,C2021|UM103334
UM-HET3,C2021,UM,f,UM103341,Control,0.0,,dead,1,1067,,,,,,,,C2021|UM103341
UM-HET3,C2021,UM,f,UM103348,Control,0.0,,dead,1,896,,,,,,,,C2021|UM103348
UM-HET3,C2021,UM,f,UM103355,Control,0.0,,dead,1,703,,,,,,,,C2021|UM103355
UM-HET3,C2021,UM,f,UM103362,Control,0.0,,dead,1,997,,,,,,,,C2021|UM103362
UM-HET3,C2021,UM,f,UM103369,Control,0.0,,dead,1,636,,,,,,,,C2021|UM103369
UM-HET3,C2021,UM,f,UM103376,Control,0.0,,dead,1,972,,,,,,,,C2021|UM103376
UM-HET3,C2021,UM,f,UM103383,Control,0.0,,dead,1,719,,,,,,,,C2021|UM103383
UM-HET3,C2021,UM,f,UM103950,Control,0.0,,dead,1,755,,,,,,,,C2021|UM103950
UM-HET3,C2021,UM,f,UM103957,Control,0.0,,dead,1,846,,,,,,,,C2021|UM103957
UM-HET3,C2021,UM,f,UM103964,Control,0.0,,dead,1,740,,,,,,,,C2021|UM103964
UM-HET3,C2021,UM,f,UM103971,Control,0.0,,dead,1,831,,,,,,,,C2021|UM103971
UM-HET3,C2021,UM,f,UM104209,Control,0.0,,dead,1,778,,,,,,,,C2021|UM104209
UM-HET3,C2021,UM,f,UM104216,Control,0.0,,dead,1,725,,,,,,,,C2021|UM104216
UM-HET3,C2021,UM,f,UM104223,Control,0.0,,dead,1,744,,,,,,,,C2021|UM104223
UM-HET3,C2021,UM,f,UM104230,Control,0.0,,dead,1,633,,,,,,,,C2021|UM104230
UM-HET3,C2021,UM,f,UM104237,Control,0.0,,dead,1,997,,,,,,,,C2021|UM104237
UM-HET3,C2021,UM,f,UM104244,Control,0.0,,dead,1,1038,,,,,,,,C2021|UM104244
UM-HET3,C2021,UM,f,UM104251,Control,0.0,,dead,1,857,,,,,,,,C2021|UM104251
UM-HET3,C2021,UM,f,UM104258,Control,0.0,,dead,1,1113,,,,,,,,C2021|UM104258
UM-HET3,C2021,UM,f,UM104307,Control,0.0,,dead,1,715,,,,,,,,C2021|UM104307
UM-HET3,C2021,UM,f,UM104314,Control,0.0,,dead,1,863,,,,,,,,C2021|UM104314
UM-HET3,C2021,UM,f,UM104321,Control,0.0,,dead,1,910,,,,,,,,C2021|UM104321
UM-HET3,C2021,UM,f,UM104328,Control,0.0,,dead,1,888,,,,,,,,C2021|UM104328
UM-HET3,C2021,UM,f,UM104888,Control,0.0,,dead,1,1048,,,,,,,,C2021|UM104888
UM-HET3,C2021,UM,f,UM104895,Control,0.0,,dead,1,1021,,,,,,,,C2021|UM104895
UM-HET3,C2021,UM,f,UM104902,Control,0.0,,dead,1,792,,,,,,,,C2021|UM104902
UM-HET3,C2021,UM,f,UM104909,Control,0.0,,dead,1,1191,,,,,,,,C2021|UM104909
UM-HET3,C2021,UM,f,UM105007,Control,0.0,,dead,1,935,,,,,,,,C2021|UM105007
UM-HET3,C2021,UM,f,UM105014,Control,0.0,,dead,1,1033,,,,,,,,C2021|UM105014
UM-HET3,C2021,UM,f,UM105021,Control,0.0,,dead,1,955,,,,,,,,C2021|UM105021
UM-HET3,C2021,UM,f,UM105028,Control,0.0,,dead,1,913,,,,,,,,C2021|UM105028
UM-HET3,C2021,UM,f,UM105273,Control,0.0,,dead,1,954,,,,,,,,C2021|UM105273
UM-HET3,C2021,UM,f,UM105280,Control,0.0,,dead,1,652,,,,,,,,C2021|UM105280
UM-HET3,C2021,UM,f,UM105287,Control,0.0,,dead,1,955,,,,,,,,C2021|UM105287
UM-HET3,C2021,UM,f,UM105294,Control,0.0,,dead,1,870,,,,,,,,C2021|UM105294
UM-HET3,C2021,UM,f,UM105511,Control,0.0,,dead,1,921,,,,,,,,C2021|UM105511
UM-HET3,C2021,UM,f,UM105518,Control,0.0,,dead,1,770,,,,,,,,C2021|UM105518
UM-HET3,C2021,UM,f,UM105525,Control,0.0,,dead,1,842,,,,,,,,C2021|UM105525
UM-HET3,C2021,UM,f,UM105532,Control,0.0,,dead,1,844,,,,,,,,C2021|UM105532
UM-HET3,C2021,UM,f,UM105714,Control,0.0,,dead,1,1089,,,,,,,,C2021|UM105714
UM-HET3,C2021,UM,f,UM105721,Control,0.0,,dead,1,1008,,,,,,,,C2021|UM105721
UM-HET3,C2021,UM,f,UM105728,Control,0.0,,dead,1,841,,,,,,,,C2021|UM105728
UM-HET3,C2021,UM,f,UM105735,Control,0.0,,dead,1,401,,,,,,,,C2021|UM105735
UM-HET3,C2021,UM,f,UM105854,Control,0.0,,dead,1,809,,,,,,,,C2021|UM105854
UM-HET3,C2021,UM,f,UM105861,Control,0.0,,dead,1,623,,,,,,,,C2021|UM105861
UM-HET3,C2021,UM,f,UM105868,Control,0.0,,dead,1,977,,,,,,,,C2021|UM105868
UM-HET3,C2021,UM,f,UM105875,Control,0.0,,dead,1,989,,,,,,,,C2021|UM105875
UM-HET3,C2021,UM,f,UM106113,Control,0.0,,dead,1,1060,,,,,,,,C2021|UM106113
UM-HET3,C2021,UM,f,UM106120,Control,0.0,,dead,1,932,,,,,,,,C2021|UM106120
UM-HET3,C2021,UM,f,UM106127,Control,0.0,,dead,1,772,,,,,,,,C2021|UM106127
UM-HET3,C2021,UM,f,UM106134,Control,0.0,,dead,1,918,,,,,,,,C2021|UM106134
UM-HET3,C2021,UM,f,UM106519,Control,0.0,,dead,1,419,,,,,,,,C2021|UM106519
UM-HET3,C2021,UM,f,UM106526,Control,0.0,,dead,1,38,,,,,,,,C2021|UM106526
UM-HET3,C2021,UM,f,UM106533,Control,0.0,,dead,1,1067,,,,,,,,C2021|UM106533
UM-HET3,C2021,UM,f,UM106540,Control,0.0,,dead,1,387,,,,,,,,C2021|UM106540
UM-HET3,C2021,UM,f,UM106848,Control,0.0,,dead,1,1207,,,,,,,,C2021|UM106848
UM-HET3,C2021,UM,f,UM106855,Control,0.0,,dead,1,856,,,,,,,,C2021|UM106855
UM-HET3,C2021,UM,f,UM106862,Control,0.0,,dead,1,888,,,,,,,,C2021|UM106862
UM-HET3,C2021,UM,f,UM106869,Control,0.0,,dead,1,954,,,,,,,,C2021|UM106869
UM-HET3,C2021,UM,f,UM107149,Control,0.0,,dead,1,1182,,,,,,,,C2021|UM107149
UM-HET3,C2021,UM,f,UM107156,Control,0.0,,dead,1,1006,,,,,,,,C2021|UM107156
UM-HET3,C2021,UM,f,UM107163,Control,0.0,,dead,1,617,,,,,,,,C2021|UM107163
UM-HET3,C2021,UM,f,UM107170,Control,0.0,,dead,1,589,,,,,,,,C2021|UM107170
UM-HET3,C2021,UM,f,UM107373,Control,0.0,,dead,1,935,,,,,,,,C2021|UM107373
UM-HET3,C2021,UM,f,UM107380,Control,0.0,,dead,1,926,,,,,,,,C2021|UM107380
UM-HET3,C2021,UM,f,UM107387,Control,0.0,,dead,1,1035,,,,,,,,C2021|UM107387
UM-HET3,C2021,UM,f,UM107394,Control,0.0,,dead,1,1022,,,,,,,,C2021|UM107394
UM-HET3,C2021,UM,f,UM107562,Control,0.0,,dead,1,922,,,,,,,,C2021|UM107562
UM-HET3,C2021,UM,f,UM107569,Control,0.0,,dead,1,927,,,,,,,,C2021|UM107569
UM-HET3,C2021,UM,f,UM107576,Control,0.0,,dead,1,1005,,,,,,,,C2021|UM107576
UM-HET3,C2021,UM,f,UM107583,Control,0.0,,dead,1,850,,,,,,,,C2021|UM107583
UM-HET3,C2021,UM,f,UM107674,Control,0.0,,dead,1,778,,,,,,,,C2021|UM107674
UM-HET3,C2021,UM,f,UM107681,Control,0.0,,dead,1,859,,,,,,,,C2021|UM107681
UM-HET3,C2021,UM,f,UM107688,Control,0.0,,dead,1,1102,,,,,,,,C2021|UM107688
UM-HET3,C2021,UM,f,UM107695,Control,0.0,,dead,1,870,,,,,,,,C2021|UM107695
UM-HET3,C2021,UM,f,UM107870,Control,0.0,,dead,1,869,,,,,,,,C2021|UM107870
UM-HET3,C2021,UM,f,UM107877,Control,0.0,,removed,0,1062,,,,,,,,C2021|UM107877
UM-HET3,C2021,UM,f,UM107884,Control,0.0,,dead,1,798,,,,,,,,C2021|UM107884
UM-HET3,C2021,UM,f,UM107891,Control,0.0,,removed,0,1028,,,,,,,,C2021|UM107891
UM-HET3,C2021,UM,f,UM108304,Control,0.0,,dead,1,764,,,,,,,,C2021|UM108304
UM-HET3,C2021,UM,f,UM108311,Control,0.0,,dead,1,1099,,,,,,,,C2021|UM108311
UM-HET3,C2021,UM,f,UM108318,Control,0.0,,dead,1,900,,,,,,,,C2021|UM108318
UM-HET3,C2021,UM,f,UM108325,Control,0.0,,dead,1,652,,,,,,,,C2021|UM108325
UM-HET3,C2021,UM,f,UM108381,Control,0.0,,dead,1,800,,,,,,,,C2021|UM108381
UM-HET3,C2021,UM,f,UM108388,Control,0.0,,dead,1,1003,,,,,,,,C2021|UM108388
UM-HET3,C2021,UM,f,UM108395,Control,0.0,,dead,1,703,,,,,,,,C2021|UM108395
UM-HET3,C2021,UM,f,UM108402,Control,0.0,,dead,1,877,,,,,,,,C2021|UM108402
UM-HET3,C2021,UM,f,UM108479,Control,0.0,,dead,1,834,,,,,,,,C2021|UM108479
UM-HET3,C2021,UM,f,UM108486,Control,0.0,,dead,1,716,,,,,,,,C2021|UM108486
UM-HET3,C2021,UM,f,UM108493,Control,0.0,,dead,1,1125,,,,,,,,C2021|UM108493
UM-HET3,C2021,UM,f,UM108500,Control,0.0,,dead,1,750,,,,,,,,C2021|UM108500
UM-HET3,C2021,UM,f,UM108724,Control,0.0,,dead,1,580,,,,,,,,C2021|UM108724
UM-HET3,C2021,UM,f,UM108731,Control,0.0,,dead,1,1197,,,,,,,,C2021|UM108731
UM-HET3,C2021,UM,f,UM108738,Control,0.0,,dead,1,1292,,,,,,,,C2021|UM108738
UM-HET3,C2021,UM,f,UM108745,Control,0.0,,dead,1,1115,,,,,,,,C2021|UM108745
UM-HET3,C2021,UM,m,UM103271,Control,0.0,,removed,0,394,,,,,,,,C2021|UM103271
UM-HET3,C2021,UM,m,UM103278,Control,0.0,,removed,0,394,,,,,,,,C2021|UM103278
UM-HET3,C2021,UM,m,UM103285,Control,0.0,,removed,0,394,,,,,,,,C2021|UM103285
UM-HET3,C2021,UM,m,UM103313,Control,0.0,,dead,1,787,,,,,,,,C2021|UM103313
UM-HET3,C2021,UM,m,UM103320,Control,0.0,,dead,1,843,,,,,,,,C2021|UM103320
UM-HET3,C2021,UM,m,UM103327,Control,0.0,,dead,1,863,,,,,,,,C2021|UM103327
UM-HET3,C2021,UM,m,UM103474,Control,0.0,,dead,1,962,,,,,,,,C2021|UM103474
UM-HET3,C2021,UM,m,UM103481,Control,0.0,,dead,1,1040,,,,,,,,C2021|UM103481
UM-HET3,C2021,UM,m,UM103488,Control,0.0,,dead,1,1137,,,,,,,,C2021|UM103488
UM-HET3,C2021,UM,m,UM103670,Control,0.0,,dead,1,370,,,,,,,,C2021|UM103670
UM-HET3,C2021,UM,m,UM103677,Control,0.0,,dead,1,607,,,,,,,,C2021|UM103677
UM-HET3,C2021,UM,m,UM103684,Control,0.0,,dead,1,401,,,,,,,,C2021|UM103684
UM-HET3,C2021,UM,m,UM104146,Control,0.0,,dead,1,847,,,,,,,,C2021|UM104146
UM-HET3,C2021,UM,m,UM104153,Control,0.0,,dead,1,1091,,,,,,,,C2021|UM104153
UM-HET3,C2021,UM,m,UM104160,Control,0.0,,dead,1,608,,,,,,,,C2021|UM104160
UM-HET3,C2021,UM,m,UM104188,Control,0.0,,dead,1,707,,,,,,,,C2021|UM104188
UM-HET3,C2021,UM,m,UM104195,Control,0.0,,dead,1,968,,,,,,,,C2021|UM104195
UM-HET3,C2021,UM,m,UM104202,Control,0.0,,dead,1,717,,,,,,,,C2021|UM104202
UM-HET3,C2021,UM,m,UM104335,Control,0.0,,dead,1,943,,,,,,,,C2021|UM104335
UM-HET3,C2021,UM,m,UM104342,Control,0.0,,dead,1,961,,,,,,,,C2021|UM104342
UM-HET3,C2021,UM,m,UM104349,Control,0.0,,dead,1,942,,,,,,,,C2021|UM104349
UM-HET3,C2021,UM,m,UM104524,Control,0.0,,dead,1,1041,,,,,,,,C2021|UM104524
UM-HET3,C2021,UM,m,UM104531,Control,0.0,,dead,1,1016,,,,,,,,C2021|UM104531
UM-HET3,C2021,UM,m,UM104538,Control,0.0,,dead,1,785,,,,,,,,C2021|UM104538
UM-HET3,C2021,UM,m,UM104762,Control,0.0,,dead,1,1008,,,,,,,,C2021|UM104762
UM-HET3,C2021,UM,m,UM104769,Control,0.0,,dead,1,846,,,,,,,,C2021|UM104769
UM-HET3,C2021,UM,m,UM104776,Control,0.0,,dead,1,861,,,,,,,,C2021|UM104776
UM-HET3,C2021,UM,m,UM104783,Control,0.0,,dead,1,1031,,,,,,,,C2021|UM104783
UM-HET3,C2021,UM,m,UM104790,Control,0.0,,dead,1,640,,,,,,,,C2021|UM104790
UM-HET3,C2021,UM,m,UM104797,Control,0.0,,dead,1,1089,,,,,,,,C2021|UM104797
UM-HET3,C2021,UM,m,UM104986,Control,0.0,,dead,1,875,,,,,,,,C2021|UM104986
UM-HET3,C2021,UM,m,UM104993,Control,0.0,,dead,1,1019,,,,,,,,C2021|UM104993
UM-HET3,C2021,UM,m,UM105000,Control,0.0,,dead,1,990,,,,,,,,C2021|UM105000
UM-HET3,C2021,UM,m,UM105063,Control,0.0,,dead,1,1219,,,,,,,,C2021|UM105063
UM-HET3,C2021,UM,m,UM105070,Control,0.0,,dead,1,1151,,,,,,,,C2021|UM105070
UM-HET3,C2021,UM,m,UM105077,Control,0.0,,dead,1,838,,,,,,,,C2021|UM105077
UM-HET3,C2021,UM,m,UM105350,Control,0.0,,dead,1,875,,,,,,,,C2021|UM105350
UM-HET3,C2021,UM,m,UM105357,Control,0.0,,dead,1,757,,,,,,,,C2021|UM105357
UM-HET3,C2021,UM,m,UM105364,Control,0.0,,dead,1,379,,,,,,,,C2021|UM105364
UM-HET3,C2021,UM,m,UM105392,Control,0.0,,dead,1,889,,,,,,,,C2021|UM105392
UM-HET3,C2021,UM,m,UM105399,Control,0.0,,dead,1,708,,,,,,,,C2021|UM105399
UM-HET3,C2021,UM,m,UM105406,Control,0.0,,dead,1,408,,,,,,,,C2021|UM105406
UM-HET3,C2021,UM,m,UM105644,Control,0.0,,dead,1,1025,,,,,,,,C2021|UM105644
UM-HET3,C2021,UM,m,UM105651,Control,0.0,,dead,1,868,,,,,,,,C2021|UM105651
UM-HET3,C2021,UM,m,UM105658,Control,0.0,,dead,1,860,,,,,,,,C2021|UM105658
UM-HET3,C2021,UM,m,UM105833,Control,0.0,,dead,1,916,,,,,,,,C2021|UM105833
UM-HET3,C2021,UM,m,UM105840,Control,0.0,,dead,1,669,,,,,,,,C2021|UM105840
UM-HET3,C2021,UM,m,UM105847,Control,0.0,,dead,1,883,,,,,,,,C2021|UM105847
UM-HET3,C2021,UM,m,UM106015,Control,0.0,,dead,1,1087,,,,,,,,C2021|UM106015
UM-HET3,C2021,UM,m,UM106022,Control,0.0,,dead,1,1124,,,,,,,,C2021|UM106022
UM-HET3,C2021,UM,m,UM106029,Control,0.0,,dead,1,1229,,,,,,,,C2021|UM106029
UM-HET3,C2021,UM,m,UM106253,Control,0.0,,dead,1,930,,,,,,,,C2021|UM106253
UM-HET3,C2021,UM,m,UM106260,Control,0.0,,dead,1,894,,,,,,,,C2021|UM106260
UM-HET3,C2021,UM,m,UM106267,Control,0.0,,dead,1,842,,,,,,,,C2021|UM106267
UM-HET3,C2021,UM,m,UM106302,Control,0.0,,dead,1,949,,,,,,,,C2021|UM106302
UM-HET3,C2021,UM,m,UM106309,Control,0.0,,dead,1,574,,,,,,,,C2021|UM106309
UM-HET3,C2021,UM,m,UM106316,Control,0.0,,dead,1,828,,,,,,,,C2021|UM106316
UM-HET3,C2021,UM,m,UM106477,Control,0.0,,dead,1,874,,,,,,,,C2021|UM106477
UM-HET3,C2021,UM,m,UM106484,Control,0.0,,dead,1,985,,,,,,,,C2021|UM106484
UM-HET3,C2021,UM,m,UM106491,Control,0.0,,dead,1,803,,,,,,,,C2021|UM106491
UM-HET3,C2021,UM,m,UM106638,Control,0.0,,dead,1,1051,,,,,,,,C2021|UM106638
UM-HET3,C2021,UM,m,UM106645,Control,0.0,,dead,1,1173,,,,,,,,C2021|UM106645
UM-HET3,C2021,UM,m,UM106652,Control,0.0,,dead,1,45,,,,,,,,C2021|UM106652
UM-HET3,C2021,UM,m,UM106715,Control,0.0,,dead,1,1123,,,,,,,,C2021|UM106715
UM-HET3,C2021,UM,m,UM106722,Control,0.0,,dead,1,194,,,,,,,,C2021|UM106722
UM-HET3,C2021,UM,m,UM106729,Control,0.0,,dead,1,248,,,,,,,,C2021|UM106729
UM-HET3,C2021,UM,m,UM106953,Control,0.0,,dead,1,1245,,,,,,,,C2021|UM106953
UM-HET3,C2021,UM,m,UM106960,Control,0.0,,dead,1,502,,,,,,,,C2021|UM106960
UM-HET3,C2021,UM,m,UM106967,Control,0.0,,dead,1,762,,,,,,,,C2021|UM106967
UM-HET3,C2021,UM,m,UM107044,Control,0.0,,dead,1,875,,,,,,,,C2021|UM107044
UM-HET3,C2021,UM,m,UM107051,Control,0.0,,dead,1,914,,,,,,,,C2021|UM107051
UM-HET3,C2021,UM,m,UM107058,Control,0.0,,dead,1,865,,,,,,,,C2021|UM107058
UM-HET3,C2021,UM,m,UM107177,Control,0.0,,dead,1,732,,,,,,,,C2021|UM107177
UM-HET3,C2021,UM,m,UM107184,Control,0.0,,dead,1,843,,,,,,,,C2021|UM107184
UM-HET3,C2021,UM,m,UM107191,Control,0.0,,dead,1,727,,,,,,,,C2021|UM107191
UM-HET3,C2021,UM,m,UM107247,Control,0.0,,dead,1,538,,,,,,,,C2021|UM107247
UM-HET3,C2021,UM,m,UM107254,Control,0.0,,dead,1,749,,,,,,,,C2021|UM107254
UM-HET3,C2021,UM,m,UM107261,Control,0.0,,dead,1,706,,,,,,,,C2021|UM107261
UM-HET3,C2021,UM,m,UM107443,Control,0.0,,dead,1,947,,,,,,,,C2021|UM107443
UM-HET3,C2021,UM,m,UM107450,Control,0.0,,dead,1,921,,,,,,,,C2021|UM107450
UM-HET3,C2021,UM,m,UM107457,Control,0.0,,dead,1,1019,,,,,,,,C2021|UM107457
UM-HET3,C2021,UM,m,UM107653,Control,0.0,,dead,1,863,,,,,,,,C2021|UM107653
UM-HET3,C2021,UM,m,UM107660,Control,0.0,,dead,1,861,,,,,,,,C2021|UM107660
UM-HET3,C2021,UM,m,UM107667,Control,0.0,,dead,1,455,,,,,,,,C2021|UM107667
UM-HET3,C2021,UM,m,UM107723,Control,0.0,,dead,1,727,,,,,,,,C2021|UM107723
UM-HET3,C2021,UM,m,UM107730,Control,0.0,,dead,1,890,,,,,,,,C2021|UM107730
UM-HET3,C2021,UM,m,UM107737,Control,0.0,,dead,1,1075,,,,,,,,C2021|UM107737
UM-HET3,C2021,UM,m,UM108017,Control,0.0,,dead,1,908,,,,,,,,C2021|UM108017
UM-HET3,C2021,UM,m,UM108024,Control,0.0,,dead,1,1199,,,,,,,,C2021|UM108024
UM-HET3,C2021,UM,m,UM108031,Control,0.0,,dead,1,900,,,,,,,,C2021|UM108031
UM-HET3,C2021,UM,m,UM108332,Control,0.0,,dead,1,645,,,,,,,,C2021|UM108332
UM-HET3,C2021,UM,m,UM108339,Control,0.0,,dead,1,813,,,,,,,,C2021|UM108339
UM-HET3,C2021,UM,m,UM108346,Control,0.0,,dead,1,781,,,,,,,,C2021|UM108346
UM-HET3,C2021,UM,m,UM108437,Control,0.0,,dead,1,781,,,,,,,,C2021|UM108437
UM-HET3,C2021,UM,m,UM108444,Control,0.0,,dead,1,1092,,,,,,,,C2021|UM108444
UM-HET3,C2021,UM,m,UM108451,Control,0.0,,dead,1,947,,,,,,,,C2021|UM108451
UM-HET3,C2021,UM,m,UM108549,Control,0.0,,dead,1,1192,,,,,,,,C2021|UM108549
UM-HET3,C2021,UM,m,UM108556,Control,0.0,,dead,1,1031,,,,,,,,C2021|UM108556
UM-HET3,C2021,UM,m,UM108563,Control,0.0,,dead,1,857,,,,,,,,C2021|UM108563
UM-HET3,C2021,UM,m,UM108661,Control,0.0,,dead,1,865,,,,,,,,C2021|UM108661
UM-HET3,C2021,UM,m,UM108668,Control,0.0,,dead,1,829,,,,,,,,C2021|UM108668
UM-HET3,C2021,UM,m,UM108675,Control,0.0,,dead,1,973,,,,,,,,C2021|UM108675
UM-HET3,C2021,UT,f,UT14731,Control,0.0,,dead,1,782,,,,,,,,C2021|UT14731
UM-HET3,C2021,UT,f,UT14732,Control,0.0,,dead,1,914,,,,,,,,C2021|UT14732
UM-HET3,C2021,UT,f,UT14733,Control,0.0,,dead,1,1031,,,,,,,,C2021|UT14733
UM-HET3,C2021,UT,f,UT14734,Control,0.0,,dead,1,703,,,,,,,,C2021|UT14734
UM-HET3,C2021,UT,f,UT14753,Control,0.0,,dead,1,877,,,,,,,,C2021|UT14753
UM-HET3,C2021,UT,f,UT14754,Control,0.0,,dead,1,1014,,,,,,,,C2021|UT14754
UM-HET3,C2021,UT,f,UT14755,Control,0.0,,dead,1,939,,,,,,,,C2021|UT14755
UM-HET3,C2021,UT,f,UT14756,Control,0.0,,dead,1,862,,,,,,,,C2021|UT14756
UM-HET3,C2021,UT,f,UT14777,Control,0.0,,dead,1,682,,,,,,,,C2021|UT14777
UM-HET3,C2021,UT,f,UT14778,Control,0.0,,dead,1,487,,,,,,,,C2021|UT14778
UM-HET3,C2021,UT,f,UT14779,Control,0.0,,dead,1,736,,,,,,,,C2021|UT14779
UM-HET3,C2021,UT,f,UT14780,Control,0.0,,dead,1,1097,,,,,,,,C2021|UT14780
UM-HET3,C2021,UT,f,UT14794,Control,0.0,,dead,1,1021,,,,,,,,C2021|UT14794
UM-HET3,C2021,UT,f,UT14795,Control,0.0,,dead,1,903,,,,,,,,C2021|UT14795
UM-HET3,C2021,UT,f,UT14796,Control,0.0,,dead,1,853,,,,,,,,C2021|UT14796
UM-HET3,C2021,UT,f,UT14797,Control,0.0,,dead,1,957,,,,,,,,C2021|UT14797
UM-HET3,C2021,UT,f,UT14816,Control,0.0,,dead,1,752,,,,,,,,C2021|UT14816
UM-HET3,C2021,UT,f,UT14817,Control,0.0,,dead,1,809,,,,,,,,C2021|UT14817
UM-HET3,C2021,UT,f,UT14818,Control,0.0,,dead,1,822,,,,,,,,C2021|UT14818
UM-HET3,C2021,UT,f,UT14819,Control,0.0,,dead,1,882,,,,,,,,C2021|UT14819
UM-HET3,C2021,UT,f,UT14887,Control,0.0,,dead,1,1125,,,,,,,,C2021|UT14887
UM-HET3,C2021,UT,f,UT14888,Control,0.0,,dead,1,738,,,,,,,,C2021|UT14888
UM-HET3,C2021,UT,f,UT14889,Control,0.0,,dead,1,883,,,,,,,,C2021|UT14889
UM-HET3,C2021,UT,f,UT14890,Control,0.0,,dead,1,749,,,,,,,,C2021|UT14890
UM-HET3,C2021,UT,f,UT14941,Control,0.0,,dead,1,746,,,,,,,,C2021|UT14941
UM-HET3,C2021,UT,f,UT14942,Control,0.0,,dead,1,650,,,,,,,,C2021|UT14942
UM-HET3,C2021,UT,f,UT14943,Control,0.0,,dead,1,790,,,,,,,,C2021|UT14943
UM-HET3,C2021,UT,f,UT14944,Control,0.0,,dead,1,863,,,,,,,,C2021|UT14944
UM-HET3,C2021,UT,f,UT14959,Control,0.0,,dead,1,705,,,,,,,,C2021|UT14959
UM-HET3,C2021,UT,f,UT14960,Control,0.0,,dead,1,875,,,,,,,,C2021|UT14960
UM-HET3,C2021,UT,f,UT14961,Control,0.0,,dead,1,757,,,,,,,,C2021|UT14961
UM-HET3,C2021,UT,f,UT14962,Control,0.0,,dead,1,894,,,,,,,,C2021|UT14962
UM-HET3,C2021,UT,f,UT14966,Control,0.0,,dead,1,1036,,,,,,,,C2021|UT14966
UM-HET3,C2021,UT,f,UT14967,Control,0.0,,dead,1,1262,,,,,,,,C2021|UT14967
UM-HET3,C2021,UT,f,UT14968,Control,0.0,,dead,1,1007,,,,,,,,C2021|UT14968
UM-HET3,C2021,UT,f,UT14969,Control,0.0,,dead,1,819,,,,,,,,C2021|UT14969
UM-HET3,C2021,UT,f,UT15050,Control,0.0,,dead,1,667,,,,,,,,C2021|UT15050
UM-HET3,C2021,UT,f,UT15051,Control,0.0,,dead,1,1034,,,,,,,,C2021|UT15051
UM-HET3,C2021,UT,f,UT15052,Control,0.0,,dead,1,876,,,,,,,,C2021|UT15052
UM-HET3,C2021,UT,f,UT15053,Control,0.0,,dead,1,526,,,,,,,,C2021|UT15053
UM-HET3,C2021,UT,f,UT15067,Control,0.0,,dead,1,886,,,,,,,,C2021|UT15067
UM-HET3,C2021,UT,f,UT15068,Control,0.0,,dead,1,747,,,,,,,,C2021|UT15068
UM-HET3,C2021,UT,f,UT15069,Control,0.0,,dead,1,726,,,,,,,,C2021|UT15069
UM-HET3,C2021,UT,f,UT15070,Control,0.0,,dead,1,669,,,,,,,,C2021|UT15070
UM-HET3,C2021,UT,f,UT15071,Control,0.0,,dead,1,824,,,,,,,,C2021|UT15071
UM-HET3,C2021,UT,f,UT15072,Control,0.0,,dead,1,281,,,,,,,,C2021|UT15072
UM-HET3,C2021,UT,f,UT15073,Control,0.0,,dead,1,822,,,,,,,,C2021|UT15073
UM-HET3,C2021,UT,f,UT15074,Control,0.0,,dead,1,694,,,,,,,,C2021|UT15074
UM-HET3,C2021,UT,f,UT15126,Control,0.0,,dead,1,1050,,,,,,,,C2021|UT15126
UM-HET3,C2021,UT,f,UT15127,Control,0.0,,dead,1,946,,,,,,,,C2021|UT15127
UM-HET3,C2021,UT,f,UT15128,Control,0.0,,dead,1,1014,,,,,,,,C2021|UT15128
UM-HET3,C2021,UT,f,UT15129,Control,0.0,,dead,1,1068,,,,,,,,C2021|UT15129
UM-HET3,C2021,UT,f,UT15140,Control,0.0,,dead,1,861,,,,,,,,C2021|UT15140
UM-HET3,C2021,UT,f,UT15141,Control,0.0,,dead,1,764,,,,,,,,C2021|UT15141
UM-HET3,C2021,UT,f,UT15142,Control,0.0,,dead,1,786,,,,,,,,C2021|UT15142
UM-HET3,C2021,UT,f,UT15143,Control,0.0,,dead,1,926,,,,,,,,C2021|UT15143
UM-HET3,C2021,UT,f,UT15236,Control,0.0,,dead,1,1171,,,,,,,,C2021|UT15236
UM-HET3,C2021,UT,f,UT15237,Control,0.0,,dead,1,853,,,,,,,,C2021|UT15237
UM-HET3,C2021,UT,f,UT15238,Control,0.0,,dead,1,957,,,,,,,,C2021|UT15238
UM-HET3,C2021,UT,f,UT15239,Control,0.0,,dead,1,1136,,,,,,,,C2021|UT15239
UM-HET3,C2021,UT,f,UT15240,Control,0.0,,dead,1,508,,,,,,,,C2021|UT15240
UM-HET3,C2021,UT,f,UT15241,Control,0.0,,dead,1,1035,,,,,,,,C2021|UT15241
UM-HET3,C2021,UT,f,UT15242,Control,0.0,,dead,1,1008,,,,,,,,C2021|UT15242
UM-HET3,C2021,UT,f,UT15243,Control,0.0,,dead,1,752,,,,,,,,C2021|UT15243
UM-HET3,C2021,UT,f,UT15341,Control,0.0,,dead,1,626,,,,,,,,C2021|UT15341
UM-HET3,C2021,UT,f,UT15342,Control,0.0,,dead,1,926,,,,,,,,C2021|UT15342
UM-HET3,C2021,UT,f,UT15343,Control,0.0,,dead,1,1036,,,,,,,,C2021|UT15343
UM-HET3,C2021,UT,f,UT15344,Control,0.0,,dead,1,854,,,,,,,,C2021|UT15344
UM-HET3,C2021,UT,f,UT15345,Control,0.0,,dead,1,495,,,,,,,,C2021|UT15345
UM-HET3,C2021,UT,f,UT15346,Control,0.0,,dead,1,826,,,,,,,,C2021|UT15346
UM-HET3,C2021,UT,f,UT15347,Control,0.0,,dead,1,926,,,,,,,,C2021|UT15347
UM-HET3,C2021,UT,f,UT15348,Control,0.0,,dead,1,987,,,,,,,,C2021|UT15348
UM-HET3,C2021,UT,f,UT15363,Control,0.0,,dead,1,805,,,,,,,,C2021|UT15363
UM-HET3,C2021,UT,f,UT15364,Control,0.0,,dead,1,871,,,,,,,,C2021|UT15364
UM-HET3,C2021,UT,f,UT15365,Control,0.0,,dead,1,721,,,,,,,,C2021|UT15365
UM-HET3,C2021,UT,f,UT15366,Control,0.0,,dead,1,686,,,,,,,,C2021|UT15366
UM-HET3,C2021,UT,f,UT15370,Control,0.0,,dead,1,644,,,,,,,,C2021|UT15370
UM-HET3,C2021,UT,f,UT15371,Control,0.0,,dead,1,736,,,,,,,,C2021|UT15371
UM-HET3,C2021,UT,f,UT15372,Control,0.0,,dead,1,714,,,,,,,,C2021|UT15372
UM-HET3,C2021,UT,f,UT15373,Control,0.0,,dead,1,948,,,,,,,,C2021|UT15373
UM-HET3,C2021,UT,f,UT15416,Control,0.0,,dead,1,785,,,,,,,,C2021|UT15416
UM-HET3,C2021,UT,f,UT15417,Control,0.0,,dead,1,787,,,,,,,,C2021|UT15417
UM-HET3,C2021,UT,f,UT15418,Control,0.0,,dead,1,827,,,,,,,,C2021|UT15418
UM-HET3,C2021,UT,f,UT15419,Control,0.0,,dead,1,844,,,,,,,,C2021|UT15419
UM-HET3,C2021,UT,f,UT15456,Control,0.0,,dead,1,1128,,,,,,,,C2021|UT15456
UM-HET3,C2021,UT,f,UT15457,Control,0.0,,dead,1,802,,,,,,,,C2021|UT15457
UM-HET3,C2021,UT,f,UT15458,Control,0.0,,dead,1,1088,,,,,,,,C2021|UT15458
UM-HET3,C2021,UT,f,UT15459,Control,0.0,,dead,1,720,,,,,,,,C2021|UT15459
UM-HET3,C2021,UT,f,UT15545,Control,0.0,,dead,1,799,,,,,,,,C2021|UT15545
UM-HET3,C2021,UT,f,UT15546,Control,0.0,,dead,1,919,,,,,,,,C2021|UT15546
UM-HET3,C2021,UT,f,UT15547,Control,0.0,,dead,1,982,,,,,,,,C2021|UT15547
UM-HET3,C2021,UT,f,UT15548,Control,0.0,,dead,1,1016,,,,,,,,C2021|UT15548
UM-HET3,C2021,UT,f,UT15555,Control,0.0,,dead,1,770,,,,,,,,C2021|UT15555
UM-HET3,C2021,UT,f,UT15556,Control,0.0,,dead,1,1099,,,,,,,,C2021|UT15556
UM-HET3,C2021,UT,f,UT15557,Control,0.0,,dead,1,826,,,,,,,,C2021|UT15557
UM-HET3,C2021,UT,f,UT15558,Control,0.0,,dead,1,784,,,,,,,,C2021|UT15558
UM-HET3,C2021,UT,m,UT14710,Control,0.0,,dead,1,764,,,,,,,,C2021|UT14710
UM-HET3,C2021,UT,m,UT14711,Control,0.0,,dead,1,950,,,,,,,,C2021|UT14711
UM-HET3,C2021,UT,m,UT14712,Control,0.0,,dead,1,699,,,,,,,,C2021|UT14712
UM-HET3,C2021,UT,m,UT14771,Control,0.0,,dead,1,794,,,,,,,,C2021|UT14771
UM-HET3,C2021,UT,m,UT14772,Control,0.0,,dead,1,966,,,,,,,,C2021|UT14772
UM-HET3,C2021,UT,m,UT14773,Control,0.0,,dead,1,605,,,,,,,,C2021|UT14773
UM-HET3,C2021,UT,m,UT14813,Control,0.0,,dead,1,740,,,,,,,,C2021|UT14813
UM-HET3,C2021,UT,m,UT14814,Control,0.0,,dead,1,692,,,,,,,,C2021|UT14814
UM-HET3,C2021,UT,m,UT14815,Control,0.0,,dead,1,802,,,,,,,,C2021|UT14815
UM-HET3,C2021,UT,m,UT14820,Control,0.0,,dead,1,929,,,,,,,,C2021|UT14820
UM-HET3,C2021,UT,m,UT14821,Control,0.0,,dead,1,1174,,,,,,,,C2021|UT14821
UM-HET3,C2021,UT,m,UT14822,Control,0.0,,dead,1,611,,,,,,,,C2021|UT14822
UM-HET3,C2021,UT,m,UT14839,Control,0.0,,dead,1,1022,,,,,,,,C2021|UT14839
UM-HET3,C2021,UT,m,UT14840,Control,0.0,,dead,1,314,,,,,,,,C2021|UT14840
UM-HET3,C2021,UT,m,UT14841,Control,0.0,,dead,1,540,,,,,,,,C2021|UT14841
UM-HET3,C2021,UT,m,UT14849,Control,0.0,,dead,1,457,,,,,,,,C2021|UT14849
UM-HET3,C2021,UT,m,UT14850,Control,0.0,,dead,1,1184,,,,,,,,C2021|UT14850
UM-HET3,C2021,UT,m,UT14851,Control,0.0,,dead,1,786,,,,,,,,C2021|UT14851
UM-HET3,C2021,UT,m,UT14884,Control,0.0,,dead,1,792,,,,,,,,C2021|UT14884
UM-HET3,C2021,UT,m,UT14885,Control,0.0,,dead,1,760,,,,,,,,C2021|UT14885
UM-HET3,C2021,UT,m,UT14886,Control,0.0,,dead,1,862,,,,,,,,C2021|UT14886
UM-HET3,C2021,UT,m,UT14895,Control,0.0,,dead,1,754,,,,,,,,C2021|UT14895
UM-HET3,C2021,UT,m,UT14896,Control,0.0,,dead,1,851,,,,,,,,C2021|UT14896
UM-HET3,C2021,UT,m,UT14897,Control,0.0,,dead,1,759,,,,,,,,C2021|UT14897
UM-HET3,C2021,UT,m,UT14917,Control,0.0,,dead,1,628,,,,,,,,C2021|UT14917
UM-HET3,C2021,UT,m,UT14918,Control,0.0,,dead,1,318,,,,,,,,C2021|UT14918
UM-HET3,C2021,UT,m,UT14919,Control,0.0,,dead,1,500,,,,,,,,C2021|UT14919
UM-HET3,C2021,UT,m,UT14920,Control,0.0,,dead,1,394,,,,,,,,C2021|UT14920
UM-HET3,C2021,UT,m,UT14921,Control,0.0,,dead,1,844,,,,,,,,C2021|UT14921
UM-HET3,C2021,UT,m,UT14922,Control,0.0,,dead,1,872,,,,,,,,C2021|UT14922
UM-HET3,C2021,UT,m,UT14970,Control,0.0,,dead,1,609,,,,,,,,C2021|UT14970
UM-HET3,C2021,UT,m,UT14971,Control,0.0,,dead,1,1062,,,,,,,,C2021|UT14971
UM-HET3,C2021,UT,m,UT14972,Control,0.0,,dead,1,1292,,,,,,,,C2021|UT14972
UM-HET3,C2021,UT,m,UT15000,Control,0.0,,dead,1,374,,,,,,,,C2021|UT15000
UM-HET3,C2021,UT,m,UT15001,Control,0.0,,dead,1,722,,,,,,,,C2021|UT15001
UM-HET3,C2021,UT,m,UT15002,Control,0.0,,dead,1,1008,,,,,,,,C2021|UT15002
UM-HET3,C2021,UT,m,UT15006,Control,0.0,,dead,1,794,,,,,,,,C2021|UT15006
UM-HET3,C2021,UT,m,UT15007,Control,0.0,,dead,1,1121,,,,,,,,C2021|UT15007
UM-HET3,C2021,UT,m,UT15008,Control,0.0,,dead,1,741,,,,,,,,C2021|UT15008
UM-HET3,C2021,UT,m,UT15024,Control,0.0,,dead,1,726,,,,,,,,C2021|UT15024
UM-HET3,C2021,UT,m,UT15025,Control,0.0,,dead,1,1025,,,,,,,,C2021|UT15025
UM-HET3,C2021,UT,m,UT15026,Control,0.0,,dead,1,959,,,,,,,,C2021|UT15026
UM-HET3,C2021,UT,m,UT15039,Control,0.0,,dead,1,480,,,,,,,,C2021|UT15039
UM-HET3,C2021,UT,m,UT15040,Control,0.0,,dead,1,359,,,,,,,,C2021|UT15040
UM-HET3,C2021,UT,m,UT15041,Control,0.0,,dead,1,1011,,,,,,,,C2021|UT15041
UM-HET3,C2021,UT,m,UT15061,Control,0.0,,dead,1,1194,,,,,,,,C2021|UT15061
UM-HET3,C2021,UT,m,UT15062,Control,0.0,,dead,1,976,,,,,,,,C2021|UT15062
UM-HET3,C2021,UT,m,UT15063,Control,0.0,,dead,1,941,,,,,,,,C2021|UT15063
UM-HET3,C2021,UT,m,UT15098,Control,0.0,,dead,1,717,,,,,,,,C2021|UT15098
UM-HET3,C2021,UT,m,UT15099,Control,0.0,,dead,1,790,,,,,,,,C2021|UT15099
UM-HET3,C2021,UT,m,UT15100,Control,0.0,,dead,1,1039,,,,,,,,C2021|UT15100
UM-HET3,C2021,UT,m,UT15109,Control,0.0,,dead,1,1069,,,,,,,,C2021|UT15109
UM-HET3,C2021,UT,m,UT15110,Control,0.0,,dead,1,714,,,,,,,,C2021|UT15110
UM-HET3,C2021,UT,m,UT15111,Control,0.0,,dead,1,785,,,,,,,,C2021|UT15111
UM-HET3,C2021,UT,m,UT15157,Control,0.0,,dead,1,706,,,,,,,,C2021|UT15157
UM-HET3,C2021,UT,m,UT15158,Control,0.0,,dead,1,865,,,,,,,,C2021|UT15158
UM-HET3,C2021,UT,m,UT15159,Control,0.0,,dead,1,441,,,,,,,,C2021|UT15159
UM-HET3,C2021,UT,m,UT15160,Control,0.0,,dead,1,775,,,,,,,,C2021|UT15160
UM-HET3,C2021,UT,m,UT15161,Control,0.0,,dead,1,462,,,,,,,,C2021|UT15161
UM-HET3,C2021,UT,m,UT15162,Control,0.0,,dead,1,799,,,,,,,,C2021|UT15162
UM-HET3,C2021,UT,m,UT15177,Control,0.0,,dead,1,732,,,,,,,,C2021|UT15177
UM-HET3,C2021,UT,m,UT15178,Control,0.0,,dead,1,432,,,,,,,,C2021|UT15178
UM-HET3,C2021,UT,m,UT15179,Control,0.0,,dead,1,493,,,,,,,,C2021|UT15179
UM-HET3,C2021,UT,m,UT15206,Control,0.0,,dead,1,1038,,,,,,,,C2021|UT15206
UM-HET3,C2021,UT,m,UT15207,Control,0.0,,dead,1,954,,,,,,,,C2021|UT15207
UM-HET3,C2021,UT,m,UT15208,Control,0.0,,dead,1,893,,,,,,,,C2021|UT15208
UM-HET3,C2021,UT,m,UT15251,Control,0.0,,dead,1,781,,,,,,,,C2021|UT15251
UM-HET3,C2021,UT,m,UT15252,Control,0.0,,dead,1,960,,,,,,,,C2021|UT15252
UM-HET3,C2021,UT,m,UT15253,Control,0.0,,dead,1,599,,,,,,,,C2021|UT15253
UM-HET3,C2021,UT,m,UT15258,Control,0.0,,dead,1,635,,,,,,,,C2021|UT15258
UM-HET3,C2021,UT,m,UT15259,Control,0.0,,dead,1,1010,,,,,,,,C2021|UT15259
UM-HET3,C2021,UT,m,UT15260,Control,0.0,,dead,1,840,,,,,,,,C2021|UT15260
UM-HET3,C2021,UT,m,UT15268,Control,0.0,,dead,1,643,,,,,,,,C2021|UT15268
UM-HET3,C2021,UT,m,UT15269,Control,0.0,,dead,1,642,,,,,,,,C2021|UT15269
UM-HET3,C2021,UT,m,UT15270,Control,0.0,,dead,1,267,,,,,,,,C2021|UT15270
UM-HET3,C2021,UT,m,UT15288,Control,0.0,,dead,1,967,,,,,,,,C2021|UT15288
UM-HET3,C2021,UT,m,UT15289,Control,0.0,,dead,1,700,,,,,,,,C2021|UT15289
UM-HET3,C2021,UT,m,UT15290,Control,0.0,,dead,1,970,,,,,,,,C2021|UT15290
UM-HET3,C2021,UT,m,UT15315,Control,0.0,,dead,1,1013,,,,,,,,C2021|UT15315
UM-HET3,C2021,UT,m,UT15316,Control,0.0,,dead,1,1055,,,,,,,,C2021|UT15316
UM-HET3,C2021,UT,m,UT15317,Control,0.0,,dead,1,1015,,,,,,,,C2021|UT15317
UM-HET3,C2021,UT,m,UT15334,Control,0.0,,dead,1,840,,,,,,,,C2021|UT15334
UM-HET3,C2021,UT,m,UT15335,Control,0.0,,dead,1,583,,,,,,,,C2021|UT15335
UM-HET3,C2021,UT,m,UT15336,Control,0.0,,dead,1,743,,,,,,,,C2021|UT15336
UM-HET3,C2021,UT,m,UT15357,Control,0.0,,dead,1,353,,,,,,,,C2021|UT15357
UM-HET3,C2021,UT,m,UT15358,Control,0.0,,dead,1,512,,,,,,,,C2021|UT15358
UM-HET3,C2021,UT,m,UT15359,Control,0.0,,dead,1,1035,,,,,,,,C2021|UT15359
UM-HET3,C2021,UT,m,UT15378,Control,0.0,,dead,1,964,,,,,,,,C2021|UT15378
UM-HET3,C2021,UT,m,UT15379,Control,0.0,,dead,1,1138,,,,,,,,C2021|UT15379
UM-HET3,C2021,UT,m,UT15380,Control,0.0,,dead,1,649,,,,,,,,C2021|UT15380
UM-HET3,C2021,UT,m,UT15405,Control,0.0,,dead,1,715,,,,,,,,C2021|UT15405
UM-HET3,C2021,UT,m,UT15406,Control,0.0,,dead,1,1008,,,,,,,,C2021|UT15406
UM-HET3,C2021,UT,m,UT15407,Control,0.0,,dead,1,619,,,,,,,,C2021|UT15407
UM-HET3,C2021,UT,m,UT15420,Control,0.0,,dead,1,988,,,,,,,,C2021|UT15420
UM-HET3,C2021,UT,m,UT15421,Control,0.0,,dead,1,538,,,,,,,,C2021|UT15421
UM-HET3,C2021,UT,m,UT15422,Control,0.0,,dead,1,1059,,,,,,,,C2021|UT15422
UM-HET3,C2021,UT,m,UT15485,Control,0.0,,dead,1,893,,,,,,,,C2021|UT15485
UM-HET3,C2021,UT,m,UT15486,Control,0.0,,dead,1,952,,,,,,,,C2021|UT15486
UM-HET3,C2021,UT,m,UT15487,Control,0.0,,dead,1,640,,,,,,,,C2021|UT15487
UM-HET3,C2021,UT,m,UT15488,Control,0.0,,dead,1,378,,,,,,,,C2021|UT15488
UM-HET3,C2021,UT,m,UT15489,Control,0.0,,dead,1,388,,,,,,,,C2021|UT15489
UM-HET3,C2021,UT,m,UT15490,Control,0.0,,dead,1,781,,,,,,,,C2021|UT15490
