population,cohort,site,sex,id,group,dose,age_initiation,status,dead,age,Rx(ppm),Unnamed: 11,weight_42d,weight_6m,weight_12m,maternal_age_days,parity,Tx,entry,mean,std,weight_42d_z,arm,positive_m,positive_f,mouse
UM-HET3,C2004,UM,f,UM00609,Aspirin,21,4.0,dead,1,1013,,,20.799999,39.0,38.5,,,1,121.75,16.733962188679246,1.640115255074368,2.479116512538252,C2004|Aspirin,True,False,C2004|UM00609
UM-HET3,C2004,UM,f,UM00616,Aspirin,21,4.0,dead,1,1089,,,18.799999,29.200001,33.400002,,,1,121.75,16.733962188679246,1.640115255074368,1.2596900156428779,C2004|Aspirin,True,False,C2004|UM00616
UM-HET3,C2004,UM,f,UM01421,Aspirin,21,4.0,dead,1,931,,,20.0,33.0,41.0,,,1,121.75,16.733962188679246,1.640115255074368,1.991346523493351,C2004|Aspirin,True,False,C2004|UM01421
UM-HET3,C2004,UM,f,UM01442,Aspirin,21,4.0,dead,1,940,,,18.9,30.200001,30.0,,,1,121.75,16.733962188679246,1.640115255074368,1.3206619502008943,C2004|Aspirin,True,False,C2004|UM01442
UM-HET3,C2004,UM,f,UM03332,Aspirin,21,4.0,dead,1,927,,,16.200001,24.9,32.700001,,,1,121.75,16.733962188679246,1.640115255074368,-0.32556321089461154,C2004|Aspirin,True,False,C2004|UM03332
UM-HET3,C2004,UM,f,UM03703,Aspirin,21,4.0,dead,1,1133,,,16.700001,28.700001,44.299999,,,1,121.75,16.733962188679246,1.640115255074368,-0.02070658667076798,C2004|Aspirin,True,False,C2004|UM03703
UM-HET3,C2004,UM,f,UM03836,Aspirin,21,4.0,dead,1,1011,,,15.0,27.5,37.900002,,,1,121.75,16.733962188679246,1.640115255074368,-1.057219718745085,C2004|Aspirin,True,False,C2004|UM03836
UM-HET3,C2004,UM,f,UM03850,Aspirin,21,4.0,dead,1,966,,,15.2,34.900002,42.0,,,1,121.75,16.733962188679246,1.640115255074368,-0.9352770690555479,C2004|Aspirin,True,False,C2004|UM03850
UM-HET3,C2004,UM,f,UM03857,Aspirin,21,4.0,dead,1,1175,,,16.799999,38.0,44.5,,,1,121.75,16.733962188679246,1.640115255074368,0.04026351874750345,C2004|Aspirin,True,False,C2004|UM03857
UM-HET3,C2004,UM,f,UM04249,Aspirin,21,4.0,dead,1,969,,,16.5,25.1,29.6,,,1,121.75,16.733962188679246,1.640115255074368,-0.14264984607355405,C2004|Aspirin,True,False,C2004|UM04249
UM-HET3,C2004,UM,f,UM04361,Aspirin,21,4.0,dead,1,1073,,,16.9,31.1,30.799999,,,1,121.75,16.733962188679246,1.640115255074368,0.10123545330551995,C2004|Aspirin,True,False,C2004|UM04361
UM-HET3,C2004,UM,f,UM04368,Aspirin,21,4.0,dead,1,1021,,,17.4,30.5,37.5,,,1,121.75,16.733962188679246,1.640115255074368,0.40609207752936355,C2004|Aspirin,True,False,C2004|UM04368
UM-HET3,C2004,UM,f,UM04998,Aspirin,21,4.0,dead,1,1023,,,17.0,28.700001,34.400002,,,1,121.75,16.733962188679246,1.640115255074368,0.16220677815028953,C2004|Aspirin,True,False,C2004|UM04998
UM-HET3,C2004,UM,m,UM00322,Aspirin,21,4.0,dead,1,926,,,22.200001,39.299999,44.799999,,,1,121.75,21.1257144,2.399558276603475,0.4477018168196486,C2004|Aspirin,True,False,C2004|UM00322
UM-HET3,C2004,UM,m,UM00385,Aspirin,21,4.0,dead,1,1036,,,22.299999,37.700001,41.5,,,1,121.75,21.1257144,2.399558276603475,0.48937532022025965,C2004|Aspirin,True,False,C2004|UM00385
UM-HET3,C2004,UM,m,UM00399,Aspirin,21,4.0,dead,1,1029,,,21.700001,39.0,43.299999,,,1,121.75,21.1257144,2.399558276603475,0.23933013238290315,C2004|Aspirin,True,False,C2004|UM00399
UM-HET3,C2004,UM,m,UM01001,Aspirin,21,4.0,dead,1,1032,,,23.9,37.599998,43.599998,,,1,121.75,21.1257144,2.399558276603475,1.1561651271612134,C2004|Aspirin,True,False,C2004|UM01001
UM-HET3,C2004,UM,m,UM01015,Aspirin,21,4.0,dead,1,1009,,,23.299999,38.200001,44.200001,,,1,121.75,21.1257144,2.399558276603475,0.9061186890937505,C2004|Aspirin,True,False,C2004|UM01015
UM-HET3,C2004,UM,m,UM01029,Aspirin,21,4.0,dead,1,1177,,,24.0,38.099998,45.200001,,,1,121.75,21.1257144,2.399558276603475,1.197839464048563,C2004|Aspirin,True,False,C2004|UM01029
UM-HET3,C2004,UM,m,UM01449,Aspirin,21,4.0,dead,1,1137,,,22.9,39.599998,38.900002,,,1,121.75,21.1257144,2.399558276603475,0.7394217582877226,C2004|Aspirin,True,False,C2004|UM01449
UM-HET3,C2004,UM,m,UM01456,Aspirin,21,4.0,dead,1,921,,,21.299999,35.700001,39.400002,,,1,121.75,21.1257144,2.399558276603475,0.07263195134676881,C2004|Aspirin,True,False,C2004|UM01456
UM-HET3,C2004,UM,m,UM01722,Aspirin,21,4.0,dead,1,997,,,22.200001,43.799999,49.099998,,,1,121.75,21.1257144,2.399558276603475,0.4477018168196486,C2004|Aspirin,True,False,C2004|UM01722
UM-HET3,C2004,UM,m,UM02345,Aspirin,21,4.0,dead,1,1118,,,19.9,34.599998,42.0,,,1,121.75,21.1257144,2.399558276603475,-0.51080834833275,C2004|Aspirin,True,False,C2004|UM02345
UM-HET3,C2004,UM,m,UM02415,Aspirin,21,4.0,dead,1,991,,,18.0,33.799999,42.200001,,,1,121.75,21.1257144,2.399558276603475,-1.302620749192382,C2004|Aspirin,True,False,C2004|UM02415
UM-HET3,C2004,UM,m,UM02527,Aspirin,21,4.0,dead,1,1096,,,23.299999,37.0,42.700001,,,1,121.75,21.1257144,2.399558276603475,0.9061186890937505,C2004|Aspirin,True,False,C2004|UM02527
UM-HET3,C2004,UM,m,UM02996,Aspirin,21,4.0,dead,1,998,,,22.4,43.200001,45.799999,,,1,121.75,21.1257144,2.399558276603475,0.5310500738509771,C2004|Aspirin,True,False,C2004|UM02996
UM-HET3,C2004,UM,m,UM03003,Aspirin,21,4.0,dead,1,961,,,19.6,41.5,43.700001,,,1,121.75,21.1257144,2.399558276603475,-0.635831358994796,C2004|Aspirin,True,False,C2004|UM03003
UM-HET3,C2004,UM,m,UM03178,Aspirin,21,4.0,dead,1,1154,,,18.799999,31.4,40.099998,,,1,121.75,21.1257144,2.399558276603475,-0.9692264708369583,C2004|Aspirin,True,False,C2004|UM03178
UM-HET3,C2004,UM,m,UM03353,Aspirin,21,4.0,dead,1,942,,,18.5,36.900002,45.400002,,,1,121.75,21.1257144,2.399558276603475,-1.0942490647556367,C2004|Aspirin,True,False,C2004|UM03353
UM-HET3,C2004,UM,m,UM03388,Aspirin,21,4.0,dead,1,1103,,,21.4,35.099998,35.700001,,,1,121.75,21.1257144,2.399558276603475,0.11430670497748631,C2004|Aspirin,True,False,C2004|UM03388
UM-HET3,C2004,UM,m,UM03724,Aspirin,21,4.0,dead,1,1049,,,17.700001,32.200001,41.700001,,,1,121.75,21.1257144,2.399558276603475,-1.4276433431110602,C2004|Aspirin,True,False,C2004|UM03724
UM-HET3,C2004,UM,m,UM03731,Aspirin,21,4.0,dead,1,1202,,,19.4,32.099998,38.599998,,,1,121.75,21.1257144,2.399558276603475,-0.7191800327694954,C2004|Aspirin,True,False,C2004|UM03731
UM-HET3,C2004,UM,m,UM03997,Aspirin,21,4.0,dead,1,1034,,,21.299999,36.900002,40.900002,,,1,121.75,21.1257144,2.399558276603475,0.07263195134676881,C2004|Aspirin,True,False,C2004|UM03997
UM-HET3,C2004,UM,m,UM04536,Aspirin,21,4.0,dead,1,1256,,,19.5,31.700001,36.200001,,,1,121.75,21.1257144,2.399558276603475,-0.6775056958821457,C2004|Aspirin,True,False,C2004|UM04536
UM-HET3,C2004,UM,f,UM00028,Control,0,,dead,1,945,,,15.5,32.700001,32.5,,,0,121.75,16.733962188679246,1.640115255074368,-0.7523630945212413,C2004|Aspirin,True,False,C2004|UM00028
UM-HET3,C2004,UM,f,UM00035,Control,0,,dead,1,985,,,16.299999,26.6,32.599998,,,0,121.75,16.733962188679246,1.640115255074368,-0.26459310547634013,C2004|Aspirin,True,False,C2004|UM00035
UM-HET3,C2004,UM,f,UM00077,Control,0,,dead,1,988,,,14.9,26.6,33.0,,,0,121.75,16.733962188679246,1.640115255074368,-1.1181910435898532,C2004|Aspirin,True,False,C2004|UM00077
UM-HET3,C2004,UM,f,UM00091,Control,0,,dead,1,831,,,15.7,30.4,35.799999,,,0,121.75,16.733962188679246,1.640115255074368,-0.6304204448317042,C2004|Aspirin,True,False,C2004|UM00091
UM-HET3,C2004,UM,f,UM00098,Control,0,,dead,1,803,,,14.8,25.1,29.9,,,0,121.75,16.733962188679246,1.640115255074368,-1.1791623684346217,C2004|Aspirin,True,False,C2004|UM00098
UM-HET3,C2004,UM,f,UM00875,Control,0,,dead,1,973,,,17.200001,23.1,26.6,,,0,121.75,16.733962188679246,1.640115255074368,0.2841500375530756,C2004|Aspirin,True,False,C2004|UM00875
UM-HET3,C2004,UM,f,UM00882,Control,0,,dead,1,1010,,,19.200001,27.0,30.799999,,,0,121.75,16.733962188679246,1.640115255074368,1.50357653444845,C2004|Aspirin,True,False,C2004|UM00882
UM-HET3,C2004,UM,f,UM00889,Control,0,,dead,1,1005,,,17.9,29.0,30.4,,,0,121.75,16.733962188679246,1.640115255074368,0.7109487017532071,C2004|Aspirin,True,False,C2004|UM00889
UM-HET3,C2004,UM,f,UM01379,Control,0,,dead,1,1093,,,18.4,27.799999,33.200001,,,0,121.75,16.733962188679246,1.640115255074368,1.0158053259770508,C2004|Aspirin,True,False,C2004|UM01379
UM-HET3,C2004,UM,f,UM01386,Control,0,,dead,1,1111,,,19.9,32.200001,35.5,,,0,121.75,16.733962188679246,1.640115255074368,1.9303751986485815,C2004|Aspirin,True,False,C2004|UM01386
UM-HET3,C2004,UM,f,UM01820,Control,0,,dead,1,1021,,,14.3,21.9,26.4,,,0,121.75,16.733962188679246,1.640115255074368,-1.4840189926584655,C2004|Aspirin,True,False,C2004|UM01820
UM-HET3,C2004,UM,f,UM01827,Control,0,,dead,1,1159,,,16.5,21.799999,23.9,,,0,121.75,16.733962188679246,1.640115255074368,-0.14264984607355405,C2004|Aspirin,True,False,C2004|UM01827
UM-HET3,C2004,UM,f,UM01834,Control,0,,dead,1,958,,,20.299999,25.6,28.6,,,0,121.75,16.733962188679246,1.640115255074368,2.1742598883144084,C2004|Aspirin,True,False,C2004|UM01834
UM-HET3,C2004,UM,f,UM01841,Control,0,,dead,1,991,,,19.6,25.9,30.299999,,,0,121.75,16.733962188679246,1.640115255074368,1.747461224114277,C2004|Aspirin,True,False,C2004|UM01841
UM-HET3,C2004,UM,f,UM02093,Control,0,,dead,1,939,,,16.9,25.200001,29.200001,,,0,121.75,16.733962188679246,1.640115255074368,0.10123545330551995,C2004|Aspirin,True,False,C2004|UM02093
UM-HET3,C2004,UM,f,UM02100,Control,0,,dead,1,957,,,15.1,21.299999,23.1,,,0,121.75,16.733962188679246,1.640115255074368,-0.9962483939003163,C2004|Aspirin,True,False,C2004|UM02100
UM-HET3,C2004,UM,f,UM02107,Control,0,,dead,1,1006,,,17.0,28.1,31.299999,,,0,121.75,16.733962188679246,1.640115255074368,0.16220677815028953,C2004|Aspirin,True,False,C2004|UM02107
UM-HET3,C2004,UM,f,UM02114,Control,0,,dead,1,939,,,16.0,26.6,30.799999,,,0,121.75,16.733962188679246,1.640115255074368,-0.44750647029739765,C2004|Aspirin,True,False,C2004|UM02114
UM-HET3,C2004,UM,f,UM02226,Control,0,,dead,1,944,,,14.0,24.1,26.299999,,,0,121.75,16.733962188679246,1.640115255074368,-1.666932967192772,C2004|Aspirin,True,False,C2004|UM02226
UM-HET3,C2004,UM,f,UM02429,Control,0,,dead,1,1044,,,15.4,25.9,26.4,,,0,121.75,16.733962188679246,1.640115255074368,-0.8133344193660097,C2004|Aspirin,True,False,C2004|UM02429
UM-HET3,C2004,UM,f,UM02436,Control,0,,dead,1,1178,,,13.6,21.299999,25.799999,,,0,121.75,16.733962188679246,1.640115255074368,-1.9108182665718472,C2004|Aspirin,True,False,C2004|UM02436
UM-HET3,C2004,UM,f,UM02443,Control,0,,dead,1,1126,,,15.1,22.299999,25.6,,,0,121.75,16.733962188679246,1.640115255074368,-0.9962483939003163,C2004|Aspirin,True,False,C2004|UM02443
UM-HET3,C2004,UM,f,UM02450,Control,0,,dead,1,673,,,17.799999,26.1,32.900002,,,0,121.75,16.733962188679246,1.640115255074368,0.6499767671951906,C2004|Aspirin,True,False,C2004|UM02450
UM-HET3,C2004,UM,f,UM02590,Control,0,,dead,1,959,,,16.1,27.0,30.0,,,0,121.75,16.733962188679246,1.640115255074368,-0.38653514545262807,C2004|Aspirin,True,False,C2004|UM02590
UM-HET3,C2004,UM,f,UM02597,Control,0,,dead,1,929,,,15.2,23.9,27.9,,,0,121.75,16.733962188679246,1.640115255074368,-0.9352770690555479,C2004|Aspirin,True,False,C2004|UM02597
UM-HET3,C2004,UM,f,UM02604,Control,0,,dead,1,938,,,14.6,24.5,26.200001,,,0,121.75,16.733962188679246,1.640115255074368,-1.30110501812416,C2004|Aspirin,True,False,C2004|UM02604
UM-HET3,C2004,UM,f,UM02639,Control,0,,dead,1,496,,,17.6,23.700001,27.0,,,0,121.75,16.733962188679246,1.640115255074368,0.5280347272189027,C2004|Aspirin,True,False,C2004|UM02639
UM-HET3,C2004,UM,f,UM02646,Control,0,,dead,1,868,,,16.6,24.200001,32.599998,,,0,121.75,16.733962188679246,1.640115255074368,-0.08167852122878447,C2004|Aspirin,True,False,C2004|UM02646
UM-HET3,C2004,UM,f,UM02653,Control,0,,dead,1,848,,,15.9,24.5,29.6,,,0,121.75,16.733962188679246,1.640115255074368,-0.5084777951421662,C2004|Aspirin,True,False,C2004|UM02653
UM-HET3,C2004,UM,f,UM02660,Control,0,,dead,1,1125,,,15.4,23.4,25.4,,,0,121.75,16.733962188679246,1.640115255074368,-0.8133344193660097,C2004|Aspirin,True,False,C2004|UM02660
UM-HET3,C2004,UM,f,UM03199,Control,0,,dead,1,945,,,19.700001,37.099998,44.299999,,,0,121.75,16.733962188679246,1.640115255074368,1.8084331586722935,C2004|Aspirin,True,False,C2004|UM03199
UM-HET3,C2004,UM,f,UM03206,Control,0,,dead,1,1146,,,17.799999,32.900002,33.900002,,,0,121.75,16.733962188679246,1.640115255074368,0.6499767671951906,C2004|Aspirin,True,False,C2004|UM03206
UM-HET3,C2004,UM,f,UM03213,Control,0,,dead,1,665,,,16.1,31.1,39.599998,,,0,121.75,16.733962188679246,1.640115255074368,-0.38653514545262807,C2004|Aspirin,True,False,C2004|UM03213
UM-HET3,C2004,UM,f,UM03220,Control,0,,dead,1,1210,,,17.0,27.200001,30.700001,,,0,121.75,16.733962188679246,1.640115255074368,0.16220677815028953,C2004|Aspirin,True,False,C2004|UM03220
UM-HET3,C2004,UM,f,UM03227,Control,0,,dead,1,1122,,,16.6,34.700001,41.0,,,0,121.75,16.733962188679246,1.640115255074368,-0.08167852122878447,C2004|Aspirin,True,False,C2004|UM03227
UM-HET3,C2004,UM,f,UM03234,Control,0,,dead,1,583,,,15.1,23.200001,24.700001,,,0,121.75,16.733962188679246,1.640115255074368,-0.9962483939003163,C2004|Aspirin,True,False,C2004|UM03234
UM-HET3,C2004,UM,f,UM03283,Control,0,,dead,1,907,,,17.5,34.200001,45.299999,,,0,121.75,16.733962188679246,1.640115255074368,0.46706340237413313,C2004|Aspirin,True,False,C2004|UM03283
UM-HET3,C2004,UM,f,UM03290,Control,0,,dead,1,887,,,17.6,28.299999,34.700001,,,0,121.75,16.733962188679246,1.640115255074368,0.5280347272189027,C2004|Aspirin,True,False,C2004|UM03290
UM-HET3,C2004,UM,f,UM03304,Control,0,,dead,1,905,,,15.5,26.200001,34.599998,,,0,121.75,16.733962188679246,1.640115255074368,-0.7523630945212413,C2004|Aspirin,True,False,C2004|UM03304
UM-HET3,C2004,UM,f,UM03451,Control,0,,dead,1,922,,,14.6,26.4,33.400002,,,0,121.75,16.733962188679246,1.640115255074368,-1.30110501812416,C2004|Aspirin,True,False,C2004|UM03451
UM-HET3,C2004,UM,f,UM03500,Control,0,,dead,1,1111,,,17.6,28.4,36.799999,,,0,121.75,16.733962188679246,1.640115255074368,0.5280347272189027,C2004|Aspirin,True,False,C2004|UM03500
UM-HET3,C2004,UM,f,UM03507,Control,0,,dead,1,637,,,15.7,21.700001,24.799999,,,0,121.75,16.733962188679246,1.640115255074368,-0.6304204448317042,C2004|Aspirin,True,False,C2004|UM03507
UM-HET3,C2004,UM,f,UM03514,Control,0,,dead,1,427,,,17.299999,29.0,36.400002,,,0,121.75,16.733962188679246,1.640115255074368,0.345120142971347,C2004|Aspirin,True,False,C2004|UM03514
UM-HET3,C2004,UM,f,UM03521,Control,0,,dead,1,1039,,,16.5,28.799999,35.0,,,0,121.75,16.733962188679246,1.640115255074368,-0.14264984607355405,C2004|Aspirin,True,False,C2004|UM03521
UM-HET3,C2004,UM,f,UM03780,Control,0,,dead,1,1032,,,17.700001,28.5,33.5,,,0,121.75,16.733962188679246,1.640115255074368,0.5890066617769192,C2004|Aspirin,True,False,C2004|UM03780
UM-HET3,C2004,UM,f,UM03787,Control,0,,dead,1,927,,,18.5,26.200001,28.5,,,0,121.75,16.733962188679246,1.640115255074368,1.0767766508218204,C2004|Aspirin,True,False,C2004|UM03787
UM-HET3,C2004,UM,f,UM04676,Control,0,,dead,1,1037,,,19.799999,42.799999,50.599998,,,0,121.75,16.733962188679246,1.640115255074368,1.869403264090565,C2004|Aspirin,True,False,C2004|UM04676
UM-HET3,C2004,UM,f,UM04683,Control,0,,dead,1,942,,,19.299999,30.200001,30.4,,,0,121.75,16.733962188679246,1.640115255074368,1.5645466398667214,C2004|Aspirin,True,False,C2004|UM04683
UM-HET3,C2004,UM,f,UM04704,Control,0,,dead,1,1022,,,18.0,29.200001,30.200001,,,0,121.75,16.733962188679246,1.640115255074368,0.7719200265979768,C2004|Aspirin,True,False,C2004|UM04704
UM-HET3,C2004,UM,f,UM04711,Control,0,,dead,1,1050,,,15.9,21.9,23.4,,,0,121.75,16.733962188679246,1.640115255074368,-0.5084777951421662,C2004|Aspirin,True,False,C2004|UM04711
UM-HET3,C2004,UM,f,UM04935,Control,0,,dead,1,971,,,16.1,25.299999,36.799999,,,0,121.75,16.733962188679246,1.640115255074368,-0.38653514545262807,C2004|Aspirin,True,False,C2004|UM04935
UM-HET3,C2004,UM,f,UM04942,Control,0,,dead,1,1008,,,17.4,28.299999,43.299999,,,0,121.75,16.733962188679246,1.640115255074368,0.40609207752936355,C2004|Aspirin,True,False,C2004|UM04942
UM-HET3,C2004,UM,f,UM04949,Control,0,,dead,1,936,,,16.799999,30.6,36.299999,,,0,121.75,16.733962188679246,1.640115255074368,0.04026351874750345,C2004|Aspirin,True,False,C2004|UM04949
UM-HET3,C2004,UM,m,UM00070,Control,0,,dead,1,1033,,,17.799999,35.299999,45.099998,,,0,121.75,21.1257144,2.399558276603475,-1.3859698397104492,C2004|Aspirin,True,False,C2004|UM00070
UM-HET3,C2004,UM,m,UM00126,Control,0,,dead,1,910,,,21.6,40.400002,45.299999,,,0,121.75,21.1257144,2.399558276603475,0.19765537875218567,C2004|Aspirin,True,False,C2004|UM00126
UM-HET3,C2004,UM,m,UM00133,Control,0,,dead,1,876,,,21.700001,41.299999,48.299999,,,0,121.75,21.1257144,2.399558276603475,0.23933013238290315,C2004|Aspirin,True,False,C2004|UM00133
UM-HET3,C2004,UM,m,UM00140,Control,0,,dead,1,722,,,20.200001,38.799999,42.299999,,,0,121.75,21.1257144,2.399558276603475,-0.38578492092733313,C2004|Aspirin,True,False,C2004|UM00140
UM-HET3,C2004,UM,m,UM00203,Control,0,,dead,1,1305,,,19.200001,31.6,37.700001,,,0,121.75,21.1257144,2.399558276603475,-0.8025282898008239,C2004|Aspirin,True,False,C2004|UM00203
UM-HET3,C2004,UM,m,UM00210,Control,0,,dead,1,1134,,,18.0,33.400002,41.900002,,,0,121.75,21.1257144,2.399558276603475,-1.302620749192382,C2004|Aspirin,True,False,C2004|UM00210
UM-HET3,C2004,UM,m,UM00350,Control,0,,dead,1,432,,,19.700001,34.799999,38.799999,,,0,121.75,21.1257144,2.399558276603475,-0.5941566053640785,C2004|Aspirin,True,False,C2004|UM00350
UM-HET3,C2004,UM,m,UM00525,Control,0,,dead,1,766,,,20.799999,40.099998,46.900002,,,0,121.75,21.1257144,2.399558276603475,-0.1357397330899766,C2004|Aspirin,True,False,C2004|UM00525
UM-HET3,C2004,UM,m,UM00532,Control,0,,dead,1,1004,,,21.200001,43.599998,47.299999,,,0,121.75,21.1257144,2.399558276603475,0.030958447946157736,C2004|Aspirin,True,False,C2004|UM00532
UM-HET3,C2004,UM,m,UM00539,Control,0,,dead,1,1083,,,19.700001,35.099998,39.200001,,,0,121.75,21.1257144,2.399558276603475,-0.5941566053640785,C2004|Aspirin,True,False,C2004|UM00539
UM-HET3,C2004,UM,m,UM00623,Control,0,,dead,1,507,,,24.6,41.799999,36.700001,,,0,121.75,21.1257144,2.399558276603475,1.4478854853726582,C2004|Aspirin,True,False,C2004|UM00623
UM-HET3,C2004,UM,m,UM00630,Control,0,,dead,1,644,,,21.5,34.900002,37.5,,,0,121.75,21.1257144,2.399558276603475,0.155981041864836,C2004|Aspirin,True,False,C2004|UM00630
UM-HET3,C2004,UM,m,UM00637,Control,0,,dead,1,321,,,24.9,44.599998,,,,0,121.75,21.1257144,2.399558276603475,1.5729084960347042,C2004|Aspirin,True,False,C2004|UM00637
UM-HET3,C2004,UM,m,UM00721,Control,0,,dead,1,1121,,,21.299999,31.9,32.900002,,,0,121.75,21.1257144,2.399558276603475,0.07263195134676881,C2004|Aspirin,True,False,C2004|UM00721
UM-HET3,C2004,UM,m,UM00728,Control,0,,dead,1,970,,,23.9,40.400002,44.799999,,,0,121.75,21.1257144,2.399558276603475,1.1561651271612134,C2004|Aspirin,True,False,C2004|UM00728
UM-HET3,C2004,UM,m,UM00735,Control,0,,dead,1,893,,,22.200001,37.599998,39.5,,,0,121.75,21.1257144,2.399558276603475,0.4477018168196486,C2004|Aspirin,True,False,C2004|UM00735
UM-HET3,C2004,UM,m,UM00763,Control,0,,dead,1,1209,,,24.799999,38.900002,43.700001,,,0,121.75,21.1257144,2.399558276603475,1.5312337424039868,C2004|Aspirin,True,False,C2004|UM00763
UM-HET3,C2004,UM,m,UM00770,Control,0,,dead,1,1011,,,22.700001,35.299999,42.599998,,,0,121.75,21.1257144,2.399558276603475,0.656073501256394,C2004|Aspirin,True,False,C2004|UM00770
UM-HET3,C2004,UM,m,UM00777,Control,0,,dead,1,728,,,25.799999,39.799999,48.0,,,0,121.75,21.1257144,2.399558276603475,1.9479771112774775,C2004|Aspirin,True,False,C2004|UM00777
UM-HET3,C2004,UM,m,UM00924,Control,0,,dead,1,967,,,18.6,32.0,37.400002,,,0,121.75,21.1257144,2.399558276603475,-1.0525747278682869,C2004|Aspirin,True,False,C2004|UM00924
UM-HET3,C2004,UM,m,UM00931,Control,0,,dead,1,1103,,,22.0,40.299999,47.200001,,,0,121.75,21.1257144,2.399558276603475,0.3643527263015814,C2004|Aspirin,True,False,C2004|UM00931
UM-HET3,C2004,UM,m,UM01071,Control,0,,dead,1,972,,,24.6,32.299999,35.400002,,,0,121.75,21.1257144,2.399558276603475,1.4478854853726582,C2004|Aspirin,True,False,C2004|UM01071
UM-HET3,C2004,UM,m,UM01078,Control,0,,dead,1,765,,,22.4,32.299999,38.299999,,,0,121.75,21.1257144,2.399558276603475,0.5310500738509771,C2004|Aspirin,True,False,C2004|UM01078
UM-HET3,C2004,UM,m,UM01085,Control,0,,dead,1,790,,,24.0,35.799999,42.700001,,,0,121.75,21.1257144,2.399558276603475,1.197839464048563,C2004|Aspirin,True,False,C2004|UM01085
UM-HET3,C2004,UM,m,UM01190,Control,0,,dead,1,1135,,,21.700001,30.200001,36.200001,,,0,121.75,21.1257144,2.399558276603475,0.23933013238290315,C2004|Aspirin,True,False,C2004|UM01190
UM-HET3,C2004,UM,m,UM01218,Control,0,,dead,1,1115,,,19.700001,29.0,32.5,,,0,121.75,21.1257144,2.399558276603475,-0.5941566053640785,C2004|Aspirin,True,False,C2004|UM01218
UM-HET3,C2004,UM,m,UM01351,Control,0,,dead,1,949,,,23.4,36.299999,47.299999,,,0,121.75,21.1257144,2.399558276603475,0.947793442724468,C2004|Aspirin,True,False,C2004|UM01351
UM-HET3,C2004,UM,m,UM01365,Control,0,,dead,1,1047,,,22.0,40.5,45.799999,,,0,121.75,21.1257144,2.399558276603475,0.3643527263015814,C2004|Aspirin,True,False,C2004|UM01365
UM-HET3,C2004,UM,m,UM01470,Control,0,,dead,1,1043,,,25.4,42.099998,48.900002,,,0,121.75,21.1257144,2.399558276603475,1.7812801804714498,C2004|Aspirin,True,False,C2004|UM01470
UM-HET3,C2004,UM,m,UM01477,Control,0,,dead,1,1176,,,21.9,30.9,36.0,,,0,121.75,21.1257144,2.399558276603475,0.3226783894142317,C2004|Aspirin,True,False,C2004|UM01477
UM-HET3,C2004,UM,m,UM01484,Control,0,,dead,1,1053,,,24.4,39.400002,45.700001,,,0,121.75,21.1257144,2.399558276603475,1.3645368115979588,C2004|Aspirin,True,False,C2004|UM01484
UM-HET3,C2004,UM,m,UM01519,Control,0,,dead,1,983,,,25.700001,37.900002,47.299999,,,0,121.75,21.1257144,2.399558276603475,1.9063036078768665,C2004|Aspirin,True,False,C2004|UM01519
UM-HET3,C2004,UM,m,UM01526,Control,0,,dead,1,995,,,21.700001,39.700001,49.299999,,,0,121.75,21.1257144,2.399558276603475,0.23933013238290315,C2004|Aspirin,True,False,C2004|UM01526
UM-HET3,C2004,UM,m,UM01533,Control,0,,dead,1,995,,,23.5,41.200001,48.400002,,,0,121.75,21.1257144,2.399558276603475,0.9894677796118176,C2004|Aspirin,True,False,C2004|UM01533
UM-HET3,C2004,UM,m,UM01995,Control,0,,dead,1,1111,,,18.200001,30.200001,35.900002,,,0,121.75,21.1257144,2.399558276603475,-1.2192716586743149,C2004|Aspirin,True,False,C2004|UM01995
UM-HET3,C2004,UM,m,UM02009,Control,0,,dead,1,988,,,18.6,30.299999,34.5,,,0,121.75,21.1257144,2.399558276603475,-1.0525747278682869,C2004|Aspirin,True,False,C2004|UM02009
UM-HET3,C2004,UM,m,UM02282,Control,0,,dead,1,995,,,17.0,29.1,36.5,,,0,121.75,21.1257144,2.399558276603475,-1.7193641180658727,C2004|Aspirin,True,False,C2004|UM02282
UM-HET3,C2004,UM,m,UM02296,Control,0,,dead,1,1130,,,19.0,34.900002,43.200001,,,0,121.75,21.1257144,2.399558276603475,-0.8858773803188912,C2004|Aspirin,True,False,C2004|UM02296
UM-HET3,C2004,UM,m,UM02548,Control,0,,dead,1,866,,,18.4,32.799999,38.799999,,,0,121.75,21.1257144,2.399558276603475,-1.1359234016429862,C2004|Aspirin,True,False,C2004|UM02548
UM-HET3,C2004,UM,m,UM02555,Control,0,,dead,1,684,,,19.700001,45.0,54.0,,,0,121.75,21.1257144,2.399558276603475,-0.5941566053640785,C2004|Aspirin,True,False,C2004|UM02555
UM-HET3,C2004,UM,m,UM02562,Control,0,,dead,1,362,,,17.4,34.200001,,,,0,121.75,21.1257144,2.399558276603475,-1.5526667705164772,C2004|Aspirin,True,False,C2004|UM02562
UM-HET3,C2004,UM,m,UM02842,Control,0,,dead,1,979,,,20.4,34.099998,41.200001,,,0,121.75,21.1257144,2.399558276603475,-0.30243666389600454,C2004|Aspirin,True,False,C2004|UM02842
UM-HET3,C2004,UM,m,UM02849,Control,0,,dead,1,1193,,,20.9,32.099998,38.299999,,,0,121.75,21.1257144,2.399558276603475,-0.09406497945925912,C2004|Aspirin,True,False,C2004|UM02849
UM-HET3,C2004,UM,m,UM03045,Control,0,,dead,1,932,,,19.1,30.4,33.700001,,,0,121.75,21.1257144,2.399558276603475,-0.8442030434315415,C2004|Aspirin,True,False,C2004|UM03045
UM-HET3,C2004,UM,m,UM03052,Control,0,,dead,1,978,,,16.799999,29.799999,35.700001,,,0,121.75,21.1257144,2.399558276603475,-1.80271320858394,C2004|Aspirin,True,False,C2004|UM03052
UM-HET3,C2004,UM,m,UM03255,Control,0,,dead,1,968,,,19.0,39.5,47.400002,,,0,121.75,21.1257144,2.399558276603475,-0.8858773803188912,C2004|Aspirin,True,False,C2004|UM03255
UM-HET3,C2004,UM,m,UM03472,Control,0,,dead,1,1136,,,18.700001,30.6,35.599998,,,0,121.75,21.1257144,2.399558276603475,-1.0108999742375693,C2004|Aspirin,True,False,C2004|UM03472
UM-HET3,C2004,UM,m,UM03570,Control,0,,dead,1,870,,,19.700001,33.5,42.400002,,,0,121.75,21.1257144,2.399558276603475,-0.5941566053640785,C2004|Aspirin,True,False,C2004|UM03570
UM-HET3,C2004,UM,m,UM03577,Control,0,,dead,1,390,,,22.299999,41.099998,50.400002,,,0,121.75,21.1257144,2.399558276603475,0.48937532022025965,C2004|Aspirin,True,False,C2004|UM03577
UM-HET3,C2004,UM,m,UM03584,Control,0,,dead,1,506,,,20.5,35.900002,45.400002,,,0,121.75,21.1257144,2.399558276603475,-0.26076232700865487,C2004|Aspirin,True,False,C2004|UM03584
UM-HET3,C2004,UM,m,UM03591,Control,0,,dead,1,736,,,17.200001,28.1,31.9,,,0,121.75,21.1257144,2.399558276603475,-1.6360150275478056,C2004|Aspirin,True,False,C2004|UM03591
UM-HET3,C2004,UM,m,UM03598,Control,0,,dead,1,681,,,18.6,30.9,35.700001,,,0,121.75,21.1257144,2.399558276603475,-1.0525747278682869,C2004|Aspirin,True,False,C2004|UM03598
UM-HET3,C2004,UM,m,UM03605,Control,0,,dead,1,1020,,,17.0,30.700001,32.599998,,,0,121.75,21.1257144,2.399558276603475,-1.7193641180658727,C2004|Aspirin,True,False,C2004|UM03605
UM-HET3,C2004,UM,m,UM03738,Control,0,,dead,1,957,,,19.299999,29.9,37.400002,,,0,121.75,21.1257144,2.399558276603475,-0.7608547864002129,C2004|Aspirin,True,False,C2004|UM03738
UM-HET3,C2004,UM,m,UM04046,Control,0,,dead,1,657,,,20.799999,37.5,43.299999,,,0,121.75,21.1257144,2.399558276603475,-0.1357397330899766,C2004|Aspirin,True,False,C2004|UM04046
UM-HET3,C2004,UM,m,UM04053,Control,0,,dead,1,995,,,23.5,40.700001,45.0,,,0,121.75,21.1257144,2.399558276603475,0.9894677796118176,C2004|Aspirin,True,False,C2004|UM04053
UM-HET3,C2004,UM,m,UM04060,Control,0,,dead,1,812,,,22.200001,43.299999,52.0,,,0,121.75,21.1257144,2.399558276603475,0.4477018168196486,C2004|Aspirin,True,False,C2004|UM04060
UM-HET3,C2004,UM,m,UM04144,Control,0,,dead,1,526,,,21.200001,44.700001,48.400002,,,0,121.75,21.1257144,2.399558276603475,0.030958447946157736,C2004|Aspirin,True,False,C2004|UM04144
UM-HET3,C2004,UM,m,UM04151,Control,0,,dead,1,828,,,19.799999,36.299999,43.299999,,,0,121.75,21.1257144,2.399558276603475,-0.5524831019634675,C2004|Aspirin,True,False,C2004|UM04151
UM-HET3,C2004,UM,m,UM04158,Control,0,,dead,1,840,,,22.700001,37.5,44.0,,,0,121.75,21.1257144,2.399558276603475,0.656073501256394,C2004|Aspirin,True,False,C2004|UM04158
UM-HET3,C2004,UM,m,UM04256,Control,0,,dead,1,1161,,,21.4,39.5,41.700001,,,0,121.75,21.1257144,2.399558276603475,0.11430670497748631,C2004|Aspirin,True,False,C2004|UM04256
UM-HET3,C2004,UM,m,UM04270,Control,0,,dead,1,1161,,,20.799999,30.299999,30.5,,,0,121.75,21.1257144,2.399558276603475,-0.1357397330899766,C2004|Aspirin,True,False,C2004|UM04270
UM-HET3,C2004,UM,m,UM04319,Control,0,,dead,1,976,,,25.299999,45.0,48.700001,,,0,121.75,21.1257144,2.399558276603475,1.7396054268407322,C2004|Aspirin,True,False,C2004|UM04319
UM-HET3,C2004,UM,m,UM04326,Control,0,,dead,1,304,,,24.200001,45.099998,,,,0,121.75,21.1257144,2.399558276603475,1.2811885545666302,C2004|Aspirin,True,False,C2004|UM04326
UM-HET3,C2004,UM,m,UM04333,Control,0,,dead,1,776,,,23.200001,38.0,38.900002,,,0,121.75,21.1257144,2.399558276603475,0.8644451856931394,C2004|Aspirin,True,False,C2004|UM04333
UM-HET3,C2004,UM,m,UM04585,Control,0,,dead,1,989,,,23.1,43.799999,43.700001,,,0,121.75,21.1257144,2.399558276603475,0.822770432062422,C2004|Aspirin,True,False,C2004|UM04585
UM-HET3,C2004,UM,m,UM04725,Control,0,,dead,1,544,,,20.5,39.5,41.400002,,,0,121.75,21.1257144,2.399558276603475,-0.26076232700865487,C2004|Aspirin,True,False,C2004|UM04725
UM-HET3,C2004,UM,m,UM04732,Control,0,,dead,1,1024,,,19.799999,37.0,44.299999,,,0,121.75,21.1257144,2.399558276603475,-0.5524831019634675,C2004|Aspirin,True,False,C2004|UM04732
UM-HET3,C2004,UM,m,UM04739,Control,0,,dead,1,822,,,22.1,40.299999,40.799999,,,0,121.75,21.1257144,2.399558276603475,0.40602706318893106,C2004|Aspirin,True,False,C2004|UM04739
UM-HET3,C2004,UM,m,UM04907,Control,0,,dead,1,1048,,,17.799999,28.299999,35.799999,,,0,121.75,21.1257144,2.399558276603475,-1.3859698397104492,C2004|Aspirin,True,False,C2004|UM04907
UM-HET3,C2004,UM,f,UM00028,Control,0,,dead,1,945,,,15.5,32.700001,32.5,,,0,273.9375,16.733962188679246,1.640115255074368,-0.7523630945212413,C2004|NDGA,True,False,C2004|UM00028
UM-HET3,C2004,UM,f,UM00035,Control,0,,dead,1,985,,,16.299999,26.6,32.599998,,,0,273.9375,16.733962188679246,1.640115255074368,-0.26459310547634013,C2004|NDGA,True,False,C2004|UM00035
UM-HET3,C2004,UM,f,UM00077,Control,0,,dead,1,988,,,14.9,26.6,33.0,,,0,273.9375,16.733962188679246,1.640115255074368,-1.1181910435898532,C2004|NDGA,True,False,C2004|UM00077
UM-HET3,C2004,UM,f,UM00091,Control,0,,dead,1,831,,,15.7,30.4,35.799999,,,0,273.9375,16.733962188679246,1.640115255074368,-0.6304204448317042,C2004|NDGA,True,False,C2004|UM00091
UM-HET3,C2004,UM,f,UM00098,Control,0,,dead,1,803,,,14.8,25.1,29.9,,,0,273.9375,16.733962188679246,1.640115255074368,-1.1791623684346217,C2004|NDGA,True,False,C2004|UM00098
UM-HET3,C2004,UM,f,UM00875,Control,0,,dead,1,973,,,17.200001,23.1,26.6,,,0,273.9375,16.733962188679246,1.640115255074368,0.2841500375530756,C2004|NDGA,True,False,C2004|UM00875
UM-HET3,C2004,UM,f,UM00882,Control,0,,dead,1,1010,,,19.200001,27.0,30.799999,,,0,273.9375,16.733962188679246,1.640115255074368,1.50357653444845,C2004|NDGA,True,False,C2004|UM00882
UM-HET3,C2004,UM,f,UM00889,Control,0,,dead,1,1005,,,17.9,29.0,30.4,,,0,273.9375,16.733962188679246,1.640115255074368,0.7109487017532071,C2004|NDGA,True,False,C2004|UM00889
UM-HET3,C2004,UM,f,UM01379,Control,0,,dead,1,1093,,,18.4,27.799999,33.200001,,,0,273.9375,16.733962188679246,1.640115255074368,1.0158053259770508,C2004|NDGA,True,False,C2004|UM01379
UM-HET3,C2004,UM,f,UM01386,Control,0,,dead,1,1111,,,19.9,32.200001,35.5,,,0,273.9375,16.733962188679246,1.640115255074368,1.9303751986485815,C2004|NDGA,True,False,C2004|UM01386
UM-HET3,C2004,UM,f,UM01820,Control,0,,dead,1,1021,,,14.3,21.9,26.4,,,0,273.9375,16.733962188679246,1.640115255074368,-1.4840189926584655,C2004|NDGA,True,False,C2004|UM01820
UM-HET3,C2004,UM,f,UM01827,Control,0,,dead,1,1159,,,16.5,21.799999,23.9,,,0,273.9375,16.733962188679246,1.640115255074368,-0.14264984607355405,C2004|NDGA,True,False,C2004|UM01827
UM-HET3,C2004,UM,f,UM01834,Control,0,,dead,1,958,,,20.299999,25.6,28.6,,,0,273.9375,16.733962188679246,1.640115255074368,2.1742598883144084,C2004|NDGA,True,False,C2004|UM01834
UM-HET3,C2004,UM,f,UM01841,Control,0,,dead,1,991,,,19.6,25.9,30.299999,,,0,273.9375,16.733962188679246,1.640115255074368,1.747461224114277,C2004|NDGA,True,False,C2004|UM01841
UM-HET3,C2004,UM,f,UM02093,Control,0,,dead,1,939,,,16.9,25.200001,29.200001,,,0,273.9375,16.733962188679246,1.640115255074368,0.10123545330551995,C2004|NDGA,True,False,C2004|UM02093
UM-HET3,C2004,UM,f,UM02100,Control,0,,dead,1,957,,,15.1,21.299999,23.1,,,0,273.9375,16.733962188679246,1.640115255074368,-0.9962483939003163,C2004|NDGA,True,False,C2004|UM02100
UM-HET3,C2004,UM,f,UM02107,Control,0,,dead,1,1006,,,17.0,28.1,31.299999,,,0,273.9375,16.733962188679246,1.640115255074368,0.16220677815028953,C2004|NDGA,True,False,C2004|UM02107
UM-HET3,C2004,UM,f,UM02114,Control,0,,dead,1,939,,,16.0,26.6,30.799999,,,0,273.9375,16.733962188679246,1.640115255074368,-0.44750647029739765,C2004|NDGA,True,False,C2004|UM02114
UM-HET3,C2004,UM,f,UM02226,Control,0,,dead,1,944,,,14.0,24.1,26.299999,,,0,273.9375,16.733962188679246,1.640115255074368,-1.666932967192772,C2004|NDGA,True,False,C2004|UM02226
UM-HET3,C2004,UM,f,UM02429,Control,0,,dead,1,1044,,,15.4,25.9,26.4,,,0,273.9375,16.733962188679246,1.640115255074368,-0.8133344193660097,C2004|NDGA,True,False,C2004|UM02429
UM-HET3,C2004,UM,f,UM02436,Control,0,,dead,1,1178,,,13.6,21.299999,25.799999,,,0,273.9375,16.733962188679246,1.640115255074368,-1.9108182665718472,C2004|NDGA,True,False,C2004|UM02436
UM-HET3,C2004,UM,f,UM02443,Control,0,,dead,1,1126,,,15.1,22.299999,25.6,,,0,273.9375,16.733962188679246,1.640115255074368,-0.9962483939003163,C2004|NDGA,True,False,C2004|UM02443
UM-HET3,C2004,UM,f,UM02450,Control,0,,dead,1,673,,,17.799999,26.1,32.900002,,,0,273.9375,16.733962188679246,1.640115255074368,0.6499767671951906,C2004|NDGA,True,False,C2004|UM02450
UM-HET3,C2004,UM,f,UM02590,Control,0,,dead,1,959,,,16.1,27.0,30.0,,,0,273.9375,16.733962188679246,1.640115255074368,-0.38653514545262807,C2004|NDGA,True,False,C2004|UM02590
UM-HET3,C2004,UM,f,UM02597,Control,0,,dead,1,929,,,15.2,23.9,27.9,,,0,273.9375,16.733962188679246,1.640115255074368,-0.9352770690555479,C2004|NDGA,True,False,C2004|UM02597
UM-HET3,C2004,UM,f,UM02604,Control,0,,dead,1,938,,,14.6,24.5,26.200001,,,0,273.9375,16.733962188679246,1.640115255074368,-1.30110501812416,C2004|NDGA,True,False,C2004|UM02604
UM-HET3,C2004,UM,f,UM02639,Control,0,,dead,1,496,,,17.6,23.700001,27.0,,,0,273.9375,16.733962188679246,1.640115255074368,0.5280347272189027,C2004|NDGA,True,False,C2004|UM02639
UM-HET3,C2004,UM,f,UM02646,Control,0,,dead,1,868,,,16.6,24.200001,32.599998,,,0,273.9375,16.733962188679246,1.640115255074368,-0.08167852122878447,C2004|NDGA,True,False,C2004|UM02646
UM-HET3,C2004,UM,f,UM02653,Control,0,,dead,1,848,,,15.9,24.5,29.6,,,0,273.9375,16.733962188679246,1.640115255074368,-0.5084777951421662,C2004|NDGA,True,False,C2004|UM02653
UM-HET3,C2004,UM,f,UM02660,Control,0,,dead,1,1125,,,15.4,23.4,25.4,,,0,273.9375,16.733962188679246,1.640115255074368,-0.8133344193660097,C2004|NDGA,True,False,C2004|UM02660
UM-HET3,C2004,UM,f,UM03199,Control,0,,dead,1,945,,,19.700001,37.099998,44.299999,,,0,273.9375,16.733962188679246,1.640115255074368,1.8084331586722935,C2004|NDGA,True,False,C2004|UM03199
UM-HET3,C2004,UM,f,UM03206,Control,0,,dead,1,1146,,,17.799999,32.900002,33.900002,,,0,273.9375,16.733962188679246,1.640115255074368,0.6499767671951906,C2004|NDGA,True,False,C2004|UM03206
UM-HET3,C2004,UM,f,UM03213,Control,0,,dead,1,665,,,16.1,31.1,39.599998,,,0,273.9375,16.733962188679246,1.640115255074368,-0.38653514545262807,C2004|NDGA,True,False,C2004|UM03213
UM-HET3,C2004,UM,f,UM03220,Control,0,,dead,1,1210,,,17.0,27.200001,30.700001,,,0,273.9375,16.733962188679246,1.640115255074368,0.16220677815028953,C2004|NDGA,True,False,C2004|UM03220
UM-HET3,C2004,UM,f,UM03227,Control,0,,dead,1,1122,,,16.6,34.700001,41.0,,,0,273.9375,16.733962188679246,1.640115255074368,-0.08167852122878447,C2004|NDGA,True,False,C2004|UM03227
UM-HET3,C2004,UM,f,UM03234,Control,0,,dead,1,583,,,15.1,23.200001,24.700001,,,0,273.9375,16.733962188679246,1.640115255074368,-0.9962483939003163,C2004|NDGA,True,False,C2004|UM03234
UM-HET3,C2004,UM,f,UM03283,Control,0,,dead,1,907,,,17.5,34.200001,45.299999,,,0,273.9375,16.733962188679246,1.640115255074368,0.46706340237413313,C2004|NDGA,True,False,C2004|UM03283
UM-HET3,C2004,UM,f,UM03290,Control,0,,dead,1,887,,,17.6,28.299999,34.700001,,,0,273.9375,16.733962188679246,1.640115255074368,0.5280347272189027,C2004|NDGA,True,False,C2004|UM03290
UM-HET3,C2004,UM,f,UM03304,Control,0,,dead,1,905,,,15.5,26.200001,34.599998,,,0,273.9375,16.733962188679246,1.640115255074368,-0.7523630945212413,C2004|NDGA,True,False,C2004|UM03304
UM-HET3,C2004,UM,f,UM03451,Control,0,,dead,1,922,,,14.6,26.4,33.400002,,,0,273.9375,16.733962188679246,1.640115255074368,-1.30110501812416,C2004|NDGA,True,False,C2004|UM03451
UM-HET3,C2004,UM,f,UM03500,Control,0,,dead,1,1111,,,17.6,28.4,36.799999,,,0,273.9375,16.733962188679246,1.640115255074368,0.5280347272189027,C2004|NDGA,True,False,C2004|UM03500
UM-HET3,C2004,UM,f,UM03507,Control,0,,dead,1,637,,,15.7,21.700001,24.799999,,,0,273.9375,16.733962188679246,1.640115255074368,-0.6304204448317042,C2004|NDGA,True,False,C2004|UM03507
UM-HET3,C2004,UM,f,UM03514,Control,0,,dead,1,427,,,17.299999,29.0,36.400002,,,0,273.9375,16.733962188679246,1.640115255074368,0.345120142971347,C2004|NDGA,True,False,C2004|UM03514
UM-HET3,C2004,UM,f,UM03521,Control,0,,dead,1,1039,,,16.5,28.799999,35.0,,,0,273.9375,16.733962188679246,1.640115255074368,-0.14264984607355405,C2004|NDGA,True,False,C2004|UM03521
UM-HET3,C2004,UM,f,UM03780,Control,0,,dead,1,1032,,,17.700001,28.5,33.5,,,0,273.9375,16.733962188679246,1.640115255074368,0.5890066617769192,C2004|NDGA,True,False,C2004|UM03780
UM-HET3,C2004,UM,f,UM03787,Control,0,,dead,1,927,,,18.5,26.200001,28.5,,,0,273.9375,16.733962188679246,1.640115255074368,1.0767766508218204,C2004|NDGA,True,False,C2004|UM03787
UM-HET3,C2004,UM,f,UM04676,Control,0,,dead,1,1037,,,19.799999,42.799999,50.599998,,,0,273.9375,16.733962188679246,1.640115255074368,1.869403264090565,C2004|NDGA,True,False,C2004|UM04676
UM-HET3,C2004,UM,f,UM04683,Control,0,,dead,1,942,,,19.299999,30.200001,30.4,,,0,273.9375,16.733962188679246,1.640115255074368,1.5645466398667214,C2004|NDGA,True,False,C2004|UM04683
UM-HET3,C2004,UM,f,UM04704,Control,0,,dead,1,1022,,,18.0,29.200001,30.200001,,,0,273.9375,16.733962188679246,1.640115255074368,0.7719200265979768,C2004|NDGA,True,False,C2004|UM04704
UM-HET3,C2004,UM,f,UM04711,Control,0,,dead,1,1050,,,15.9,21.9,23.4,,,0,273.9375,16.733962188679246,1.640115255074368,-0.5084777951421662,C2004|NDGA,True,False,C2004|UM04711
UM-HET3,C2004,UM,f,UM04935,Control,0,,dead,1,971,,,16.1,25.299999,36.799999,,,0,273.9375,16.733962188679246,1.640115255074368,-0.38653514545262807,C2004|NDGA,True,False,C2004|UM04935
UM-HET3,C2004,UM,f,UM04942,Control,0,,dead,1,1008,,,17.4,28.299999,43.299999,,,0,273.9375,16.733962188679246,1.640115255074368,0.40609207752936355,C2004|NDGA,True,False,C2004|UM04942
UM-HET3,C2004,UM,f,UM04949,Control,0,,dead,1,936,,,16.799999,30.6,36.299999,,,0,273.9375,16.733962188679246,1.640115255074368,0.04026351874750345,C2004|NDGA,True,False,C2004|UM04949
UM-HET3,C2004,UM,m,UM00070,Control,0,,dead,1,1033,,,17.799999,35.299999,45.099998,,,0,273.9375,21.1257144,2.399558276603475,-1.3859698397104492,C2004|NDGA,True,False,C2004|UM00070
UM-HET3,C2004,UM,m,UM00126,Control,0,,dead,1,910,,,21.6,40.400002,45.299999,,,0,273.9375,21.1257144,2.399558276603475,0.19765537875218567,C2004|NDGA,True,False,C2004|UM00126
UM-HET3,C2004,UM,m,UM00133,Control,0,,dead,1,876,,,21.700001,41.299999,48.299999,,,0,273.9375,21.1257144,2.399558276603475,0.23933013238290315,C2004|NDGA,True,False,C2004|UM00133
UM-HET3,C2004,UM,m,UM00140,Control,0,,dead,1,722,,,20.200001,38.799999,42.299999,,,0,273.9375,21.1257144,2.399558276603475,-0.38578492092733313,C2004|NDGA,True,False,C2004|UM00140
UM-HET3,C2004,UM,m,UM00203,Control,0,,dead,1,1305,,,19.200001,31.6,37.700001,,,0,273.9375,21.1257144,2.399558276603475,-0.8025282898008239,C2004|NDGA,True,False,C2004|UM00203
UM-HET3,C2004,UM,m,UM00210,Control,0,,dead,1,1134,,,18.0,33.400002,41.900002,,,0,273.9375,21.1257144,2.399558276603475,-1.302620749192382,C2004|NDGA,True,False,C2004|UM00210
UM-HET3,C2004,UM,m,UM00350,Control,0,,dead,1,432,,,19.700001,34.799999,38.799999,,,0,273.9375,21.1257144,2.399558276603475,-0.5941566053640785,C2004|NDGA,True,False,C2004|UM00350
UM-HET3,C2004,UM,m,UM00525,Control,0,,dead,1,766,,,20.799999,40.099998,46.900002,,,0,273.9375,21.1257144,2.399558276603475,-0.1357397330899766,C2004|NDGA,True,False,C2004|UM00525
UM-HET3,C2004,UM,m,UM00532,Control,0,,dead,1,1004,,,21.200001,43.599998,47.299999,,,0,273.9375,21.1257144,2.399558276603475,0.030958447946157736,C2004|NDGA,True,False,C2004|UM00532
UM-HET3,C2004,UM,m,UM00539,Control,0,,dead,1,1083,,,19.700001,35.099998,39.200001,,,0,273.9375,21.1257144,2.399558276603475,-0.5941566053640785,C2004|NDGA,True,False,C2004|UM00539
UM-HET3,C2004,UM,m,UM00623,Control,0,,dead,1,507,,,24.6,41.799999,36.700001,,,0,273.9375,21.1257144,2.399558276603475,1.4478854853726582,C2004|NDGA,True,False,C2004|UM00623
UM-HET3,C2004,UM,m,UM00630,Control,0,,dead,1,644,,,21.5,34.900002,37.5,,,0,273.9375,21.1257144,2.399558276603475,0.155981041864836,C2004|NDGA,True,False,C2004|UM00630
UM-HET3,C2004,UM,m,UM00637,Control,0,,dead,1,321,,,24.9,44.599998,,,,0,273.9375,21.1257144,2.399558276603475,1.5729084960347042,C2004|NDGA,True,False,C2004|UM00637
UM-HET3,C2004,UM,m,UM00721,Control,0,,dead,1,1121,,,21.299999,31.9,32.900002,,,0,273.9375,21.1257144,2.399558276603475,0.07263195134676881,C2004|NDGA,True,False,C2004|UM00721
UM-HET3,C2004,UM,m,UM00728,Control,0,,dead,1,970,,,23.9,40.400002,44.799999,,,0,273.9375,21.1257144,2.399558276603475,1.1561651271612134,C2004|NDGA,True,False,C2004|UM00728
UM-HET3,C2004,UM,m,UM00735,Control,0,,dead,1,893,,,22.200001,37.599998,39.5,,,0,273.9375,21.1257144,2.399558276603475,0.4477018168196486,C2004|NDGA,True,False,C2004|UM00735
UM-HET3,C2004,UM,m,UM00763,Control,0,,dead,1,1209,,,24.799999,38.900002,43.700001,,,0,273.9375,21.1257144,2.399558276603475,1.5312337424039868,C2004|NDGA,True,False,C2004|UM00763
UM-HET3,C2004,UM,m,UM00770,Control,0,,dead,1,1011,,,22.700001,35.299999,42.599998,,,0,273.9375,21.1257144,2.399558276603475,0.656073501256394,C2004|NDGA,True,False,C2004|UM00770
UM-HET3,C2004,UM,m,UM00777,Control,0,,dead,1,728,,,25.799999,39.799999,48.0,,,0,273.9375,21.1257144,2.399558276603475,1.9479771112774775,C2004|NDGA,True,False,C2004|UM00777
UM-HET3,C2004,UM,m,UM00924,Control,0,,dead,1,967,,,18.6,32.0,37.400002,,,0,273.9375,21.1257144,2.399558276603475,-1.0525747278682869,C2004|NDGA,True,False,C2004|UM00924
UM-HET3,C2004,UM,m,UM00931,Control,0,,dead,1,1103,,,22.0,40.299999,47.200001,,,0,273.9375,21.1257144,2.399558276603475,0.3643527263015814,C2004|NDGA,True,False,C2004|UM00931
UM-HET3,C2004,UM,m,UM01071,Control,0,,dead,1,972,,,24.6,32.299999,35.400002,,,0,273.9375,21.1257144,2.399558276603475,1.4478854853726582,C2004|NDGA,True,False,C2004|UM01071
UM-HET3,C2004,UM,m,UM01078,Control,0,,dead,1,765,,,22.4,32.299999,38.299999,,,0,273.9375,21.1257144,2.399558276603475,0.5310500738509771,C2004|NDGA,True,False,C2004|UM01078
UM-HET3,C2004,UM,m,UM01085,Control,0,,dead,1,790,,,24.0,35.799999,42.700001,,,0,273.9375,21.1257144,2.399558276603475,1.197839464048563,C2004|NDGA,True,False,C2004|UM01085
UM-HET3,C2004,UM,m,UM01190,Control,0,,dead,1,1135,,,21.700001,30.200001,36.200001,,,0,273.9375,21.1257144,2.399558276603475,0.23933013238290315,C2004|NDGA,True,False,C2004|UM01190
UM-HET3,C2004,UM,m,UM01218,Control,0,,dead,1,1115,,,19.700001,29.0,32.5,,,0,273.9375,21.1257144,2.399558276603475,-0.5941566053640785,C2004|NDGA,True,False,C2004|UM01218
UM-HET3,C2004,UM,m,UM01351,Control,0,,dead,1,949,,,23.4,36.299999,47.299999,,,0,273.9375,21.1257144,2.399558276603475,0.947793442724468,C2004|NDGA,True,False,C2004|UM01351
UM-HET3,C2004,UM,m,UM01365,Control,0,,dead,1,1047,,,22.0,40.5,45.799999,,,0,273.9375,21.1257144,2.399558276603475,0.3643527263015814,C2004|NDGA,True,False,C2004|UM01365
UM-HET3,C2004,UM,m,UM01470,Control,0,,dead,1,1043,,,25.4,42.099998,48.900002,,,0,273.9375,21.1257144,2.399558276603475,1.7812801804714498,C2004|NDGA,True,False,C2004|UM01470
UM-HET3,C2004,UM,m,UM01477,Control,0,,dead,1,1176,,,21.9,30.9,36.0,,,0,273.9375,21.1257144,2.399558276603475,0.3226783894142317,C2004|NDGA,True,False,C2004|UM01477
UM-HET3,C2004,UM,m,UM01484,Control,0,,dead,1,1053,,,24.4,39.400002,45.700001,,,0,273.9375,21.1257144,2.399558276603475,1.3645368115979588,C2004|NDGA,True,False,C2004|UM01484
UM-HET3,C2004,UM,m,UM01519,Control,0,,dead,1,983,,,25.700001,37.900002,47.299999,,,0,273.9375,21.1257144,2.399558276603475,1.9063036078768665,C2004|NDGA,True,False,C2004|UM01519
UM-HET3,C2004,UM,m,UM01526,Control,0,,dead,1,995,,,21.700001,39.700001,49.299999,,,0,273.9375,21.1257144,2.399558276603475,0.23933013238290315,C2004|NDGA,True,False,C2004|UM01526
UM-HET3,C2004,UM,m,UM01533,Control,0,,dead,1,995,,,23.5,41.200001,48.400002,,,0,273.9375,21.1257144,2.399558276603475,0.9894677796118176,C2004|NDGA,True,False,C2004|UM01533
UM-HET3,C2004,UM,m,UM01995,Control,0,,dead,1,1111,,,18.200001,30.200001,35.900002,,,0,273.9375,21.1257144,2.399558276603475,-1.2192716586743149,C2004|NDGA,True,False,C2004|UM01995
UM-HET3,C2004,UM,m,UM02009,Control,0,,dead,1,988,,,18.6,30.299999,34.5,,,0,273.9375,21.1257144,2.399558276603475,-1.0525747278682869,C2004|NDGA,True,False,C2004|UM02009
UM-HET3,C2004,UM,m,UM02282,Control,0,,dead,1,995,,,17.0,29.1,36.5,,,0,273.9375,21.1257144,2.399558276603475,-1.7193641180658727,C2004|NDGA,True,False,C2004|UM02282
UM-HET3,C2004,UM,m,UM02296,Control,0,,dead,1,1130,,,19.0,34.900002,43.200001,,,0,273.9375,21.1257144,2.399558276603475,-0.8858773803188912,C2004|NDGA,True,False,C2004|UM02296
UM-HET3,C2004,UM,m,UM02548,Control,0,,dead,1,866,,,18.4,32.799999,38.799999,,,0,273.9375,21.1257144,2.399558276603475,-1.1359234016429862,C2004|NDGA,True,False,C2004|UM02548
UM-HET3,C2004,UM,m,UM02555,Control,0,,dead,1,684,,,19.700001,45.0,54.0,,,0,273.9375,21.1257144,2.399558276603475,-0.5941566053640785,C2004|NDGA,True,False,C2004|UM02555
UM-HET3,C2004,UM,m,UM02562,Control,0,,dead,1,362,,,17.4,34.200001,,,,0,273.9375,21.1257144,2.399558276603475,-1.5526667705164772,C2004|NDGA,True,False,C2004|UM02562
UM-HET3,C2004,UM,m,UM02842,Control,0,,dead,1,979,,,20.4,34.099998,41.200001,,,0,273.9375,21.1257144,2.399558276603475,-0.30243666389600454,C2004|NDGA,True,False,C2004|UM02842
UM-HET3,C2004,UM,m,UM02849,Control,0,,dead,1,1193,,,20.9,32.099998,38.299999,,,0,273.9375,21.1257144,2.399558276603475,-0.09406497945925912,C2004|NDGA,True,False,C2004|UM02849
UM-HET3,C2004,UM,m,UM03045,Control,0,,dead,1,932,,,19.1,30.4,33.700001,,,0,273.9375,21.1257144,2.399558276603475,-0.8442030434315415,C2004|NDGA,True,False,C2004|UM03045
UM-HET3,C2004,UM,m,UM03052,Control,0,,dead,1,978,,,16.799999,29.799999,35.700001,,,0,273.9375,21.1257144,2.399558276603475,-1.80271320858394,C2004|NDGA,True,False,C2004|UM03052
UM-HET3,C2004,UM,m,UM03255,Control,0,,dead,1,968,,,19.0,39.5,47.400002,,,0,273.9375,21.1257144,2.399558276603475,-0.8858773803188912,C2004|NDGA,True,False,C2004|UM03255
UM-HET3,C2004,UM,m,UM03472,Control,0,,dead,1,1136,,,18.700001,30.6,35.599998,,,0,273.9375,21.1257144,2.399558276603475,-1.0108999742375693,C2004|NDGA,True,False,C2004|UM03472
UM-HET3,C2004,UM,m,UM03570,Control,0,,dead,1,870,,,19.700001,33.5,42.400002,,,0,273.9375,21.1257144,2.399558276603475,-0.5941566053640785,C2004|NDGA,True,False,C2004|UM03570
UM-HET3,C2004,UM,m,UM03577,Control,0,,dead,1,390,,,22.299999,41.099998,50.400002,,,0,273.9375,21.1257144,2.399558276603475,0.48937532022025965,C2004|NDGA,True,False,C2004|UM03577
UM-HET3,C2004,UM,m,UM03584,Control,0,,dead,1,506,,,20.5,35.900002,45.400002,,,0,273.9375,21.1257144,2.399558276603475,-0.26076232700865487,C2004|NDGA,True,False,C2004|UM03584
UM-HET3,C2004,UM,m,UM03591,Control,0,,dead,1,736,,,17.200001,28.1,31.9,,,0,273.9375,21.1257144,2.399558276603475,-1.6360150275478056,C2004|NDGA,True,False,C2004|UM03591
UM-HET3,C2004,UM,m,UM03598,Control,0,,dead,1,681,,,18.6,30.9,35.700001,,,0,273.9375,21.1257144,2.399558276603475,-1.0525747278682869,C2004|NDGA,True,False,C2004|UM03598
UM-HET3,C2004,UM,m,UM03605,Control,0,,dead,1,1020,,,17.0,30.700001,32.599998,,,0,273.9375,21.1257144,2.399558276603475,-1.7193641180658727,C2004|NDGA,True,False,C2004|UM03605
UM-HET3,C2004,UM,m,UM03738,Control,0,,dead,1,957,,,19.299999,29.9,37.400002,,,0,273.9375,21.1257144,2.399558276603475,-0.7608547864002129,C2004|NDGA,True,False,C2004|UM03738
UM-HET3,C2004,UM,m,UM04046,Control,0,,dead,1,657,,,20.799999,37.5,43.299999,,,0,273.9375,21.1257144,2.399558276603475,-0.1357397330899766,C2004|NDGA,True,False,C2004|UM04046
UM-HET3,C2004,UM,m,UM04053,Control,0,,dead,1,995,,,23.5,40.700001,45.0,,,0,273.9375,21.1257144,2.399558276603475,0.9894677796118176,C2004|NDGA,True,False,C2004|UM04053
UM-HET3,C2004,UM,m,UM04060,Control,0,,dead,1,812,,,22.200001,43.299999,52.0,,,0,273.9375,21.1257144,2.399558276603475,0.4477018168196486,C2004|NDGA,True,False,C2004|UM04060
UM-HET3,C2004,UM,m,UM04144,Control,0,,dead,1,526,,,21.200001,44.700001,48.400002,,,0,273.9375,21.1257144,2.399558276603475,0.030958447946157736,C2004|NDGA,True,False,C2004|UM04144
UM-HET3,C2004,UM,m,UM04151,Control,0,,dead,1,828,,,19.799999,36.299999,43.299999,,,0,273.9375,21.1257144,2.399558276603475,-0.5524831019634675,C2004|NDGA,True,False,C2004|UM04151
UM-HET3,C2004,UM,m,UM04158,Control,0,,dead,1,840,,,22.700001,37.5,44.0,,,0,273.9375,21.1257144,2.399558276603475,0.656073501256394,C2004|NDGA,True,False,C2004|UM04158
UM-HET3,C2004,UM,m,UM04256,Control,0,,dead,1,1161,,,21.4,39.5,41.700001,,,0,273.9375,21.1257144,2.399558276603475,0.11430670497748631,C2004|NDGA,True,False,C2004|UM04256
UM-HET3,C2004,UM,m,UM04270,Control,0,,dead,1,1161,,,20.799999,30.299999,30.5,,,0,273.9375,21.1257144,2.399558276603475,-0.1357397330899766,C2004|NDGA,True,False,C2004|UM04270
UM-HET3,C2004,UM,m,UM04319,Control,0,,dead,1,976,,,25.299999,45.0,48.700001,,,0,273.9375,21.1257144,2.399558276603475,1.7396054268407322,C2004|NDGA,True,False,C2004|UM04319
UM-HET3,C2004,UM,m,UM04326,Control,0,,dead,1,304,,,24.200001,45.099998,,,,0,273.9375,21.1257144,2.399558276603475,1.2811885545666302,C2004|NDGA,True,False,C2004|UM04326
UM-HET3,C2004,UM,m,UM04333,Control,0,,dead,1,776,,,23.200001,38.0,38.900002,,,0,273.9375,21.1257144,2.399558276603475,0.8644451856931394,C2004|NDGA,True,False,C2004|UM04333
UM-HET3,C2004,UM,m,UM04585,Control,0,,dead,1,989,,,23.1,43.799999,43.700001,,,0,273.9375,21.1257144,2.399558276603475,0.822770432062422,C2004|NDGA,True,False,C2004|UM04585
UM-HET3,C2004,UM,m,UM04725,Control,0,,dead,1,544,,,20.5,39.5,41.400002,,,0,273.9375,21.1257144,2.399558276603475,-0.26076232700865487,C2004|NDGA,True,False,C2004|UM04725
UM-HET3,C2004,UM,m,UM04732,Control,0,,dead,1,1024,,,19.799999,37.0,44.299999,,,0,273.9375,21.1257144,2.399558276603475,-0.5524831019634675,C2004|NDGA,True,False,C2004|UM04732
UM-HET3,C2004,UM,m,UM04739,Control,0,,dead,1,822,,,22.1,40.299999,40.799999,,,0,273.9375,21.1257144,2.399558276603475,0.40602706318893106,C2004|NDGA,True,False,C2004|UM04739
UM-HET3,C2004,UM,m,UM04907,Control,0,,dead,1,1048,,,17.799999,28.299999,35.799999,,,0,273.9375,21.1257144,2.399558276603475,-1.3859698397104492,C2004|NDGA,True,False,C2004|UM04907
UM-HET3,C2004,UM,f,UM00175,NDGA,2500,9.0,dead,1,1113,,,18.299999,,33.200001,,,1,273.9375,16.733962188679246,1.640115255074368,0.9548333914190342,C2004|NDGA,True,False,C2004|UM00175
UM-HET3,C2004,UM,f,UM00413,NDGA,2500,9.0,dead,1,1236,,,16.6,,37.700001,,,1,273.9375,16.733962188679246,1.640115255074368,-0.08167852122878447,C2004|NDGA,True,False,C2004|UM00413
UM-HET3,C2004,UM,f,UM00945,NDGA,2500,9.0,dead,1,946,,,20.299999,,47.900002,,,1,273.9375,16.733962188679246,1.640115255074368,2.1742598883144084,C2004|NDGA,True,False,C2004|UM00945
UM-HET3,C2004,UM,f,UM00959,NDGA,2500,9.0,dead,1,921,,,17.9,,32.200001,,,1,273.9375,16.733962188679246,1.640115255074368,0.7109487017532071,C2004|NDGA,True,False,C2004|UM00959
UM-HET3,C2004,UM,f,UM01092,NDGA,2500,9.0,dead,1,1021,,,20.1,,32.0,,,1,273.9375,16.733962188679246,1.640115255074368,2.0523178483381206,C2004|NDGA,True,False,C2004|UM01092
UM-HET3,C2004,UM,f,UM01099,NDGA,2500,9.0,dead,1,950,,,19.6,,31.9,,,1,273.9375,16.733962188679246,1.640115255074368,1.747461224114277,C2004|NDGA,True,False,C2004|UM01099
UM-HET3,C2004,UM,f,UM01106,NDGA,2500,9.0,dead,1,1055,,,20.4,,33.299999,,,1,273.9375,16.733962188679246,1.640115255074368,2.235231822872425,C2004|NDGA,True,False,C2004|UM01106
UM-HET3,C2004,UM,f,UM01162,NDGA,2500,9.0,dead,1,1067,,,19.299999,,28.700001,,,1,273.9375,16.733962188679246,1.640115255074368,1.5645466398667214,C2004|NDGA,True,False,C2004|UM01162
UM-HET3,C2004,UM,f,UM01169,NDGA,2500,9.0,dead,1,1249,,,18.0,,25.700001,,,1,273.9375,16.733962188679246,1.640115255074368,0.7719200265979768,C2004|NDGA,True,False,C2004|UM01169
UM-HET3,C2004,UM,f,UM01323,NDGA,2500,9.0,dead,1,1083,,,18.5,,31.200001,,,1,273.9375,16.733962188679246,1.640115255074368,1.0767766508218204,C2004|NDGA,True,False,C2004|UM01323
UM-HET3,C2004,UM,f,UM01337,NDGA,2500,9.0,dead,1,1153,,,19.9,,38.299999,,,1,273.9375,16.733962188679246,1.640115255074368,1.9303751986485815,C2004|NDGA,True,False,C2004|UM01337
UM-HET3,C2004,UM,f,UM01344,NDGA,2500,9.0,dead,1,971,,,20.200001,,33.400002,,,1,273.9375,16.733962188679246,1.640115255074368,2.1132897828961372,C2004|NDGA,True,False,C2004|UM01344
UM-HET3,C2004,UM,f,UM01687,NDGA,2500,9.0,dead,1,949,,,17.0,26.5,31.6,,,1,273.9375,16.733962188679246,1.640115255074368,0.16220677815028953,C2004|NDGA,True,False,C2004|UM01687
UM-HET3,C2004,UM,f,UM02184,NDGA,2500,9.0,dead,1,982,,,18.4,27.0,33.400002,,,1,273.9375,16.733962188679246,1.640115255074368,1.0158053259770508,C2004|NDGA,True,False,C2004|UM02184
UM-HET3,C2004,UM,f,UM02191,NDGA,2500,9.0,dead,1,1225,,,17.700001,27.9,31.1,,,1,273.9375,16.733962188679246,1.640115255074368,0.5890066617769192,C2004|NDGA,True,False,C2004|UM02191
UM-HET3,C2004,UM,f,UM02198,NDGA,2500,9.0,dead,1,1203,,,16.9,25.5,31.5,,,1,273.9375,16.733962188679246,1.640115255074368,0.10123545330551995,C2004|NDGA,True,False,C2004|UM02198
UM-HET3,C2004,UM,f,UM03122,NDGA,2500,9.0,dead,1,1026,,,16.9,29.0,36.799999,,,1,273.9375,16.733962188679246,1.640115255074368,0.10123545330551995,C2004|NDGA,True,False,C2004|UM03122
UM-HET3,C2004,UM,f,UM03136,NDGA,2500,9.0,dead,1,983,,,17.200001,25.299999,29.299999,,,1,273.9375,16.733962188679246,1.640115255074368,0.2841500375530756,C2004|NDGA,True,False,C2004|UM03136
UM-HET3,C2004,UM,f,UM03150,NDGA,2500,9.0,dead,1,1062,,,17.6,26.299999,28.200001,,,1,273.9375,16.733962188679246,1.640115255074368,0.5280347272189027,C2004|NDGA,True,False,C2004|UM03150
UM-HET3,C2004,UM,f,UM03157,NDGA,2500,9.0,dead,1,1188,,,15.7,25.1,33.700001,,,1,273.9375,16.733962188679246,1.640115255074368,-0.6304204448317042,C2004|NDGA,True,False,C2004|UM03157
UM-HET3,C2004,UM,f,UM05145,NDGA,2500,9.0,dead,1,923,,,16.6,25.799999,26.4,,,1,273.9375,16.733962188679246,1.640115255074368,-0.08167852122878447,C2004|NDGA,True,False,C2004|UM05145
UM-HET3,C2004,UM,m,UM00259,NDGA,2500,9.0,dead,1,983,,,22.1,,45.700001,,,1,273.9375,21.1257144,2.399558276603475,0.40602706318893106,C2004|NDGA,True,False,C2004|UM00259
UM-HET3,C2004,UM,m,UM00266,NDGA,2500,9.0,dead,1,970,,,17.6,,35.299999,,,1,273.9375,21.1257144,2.399558276603475,-1.4693180967417778,C2004|NDGA,True,False,C2004|UM00266
UM-HET3,C2004,UM,m,UM00700,NDGA,2500,9.0,dead,1,1098,,,25.6,,50.400002,,,1,273.9375,21.1257144,2.399558276603475,1.864628854246149,C2004|NDGA,True,False,C2004|UM00700
UM-HET3,C2004,UM,m,UM00714,NDGA,2500,9.0,dead,1,940,,,27.0,,51.599998,,,1,273.9375,21.1257144,2.399558276603475,2.448069570669036,C2004|NDGA,True,False,C2004|UM00714
UM-HET3,C2004,UM,m,UM01120,NDGA,2500,9.0,dead,1,960,,,23.799999,,33.599998,,,1,273.9375,21.1257144,2.399558276603475,1.1144903735304958,C2004|NDGA,True,False,C2004|UM01120
UM-HET3,C2004,UM,m,UM01127,NDGA,2500,9.0,dead,1,939,,,22.700001,,38.5,,,1,273.9375,21.1257144,2.399558276603475,0.656073501256394,C2004|NDGA,True,False,C2004|UM01127
UM-HET3,C2004,UM,m,UM01134,NDGA,2500,9.0,dead,1,921,,,21.200001,,38.0,,,1,273.9375,21.1257144,2.399558276603475,0.030958447946157736,C2004|NDGA,True,False,C2004|UM01134
UM-HET3,C2004,UM,m,UM01239,NDGA,2500,9.0,dead,1,1055,,,24.200001,,39.200001,,,1,273.9375,21.1257144,2.399558276603475,1.2811885545666302,C2004|NDGA,True,False,C2004|UM01239
UM-HET3,C2004,UM,m,UM01246,NDGA,2500,9.0,dead,1,970,,,22.200001,,35.200001,,,1,273.9375,21.1257144,2.399558276603475,0.4477018168196486,C2004|NDGA,True,False,C2004|UM01246
UM-HET3,C2004,UM,m,UM01540,NDGA,2500,9.0,dead,1,950,,,25.299999,,45.0,,,1,273.9375,21.1257144,2.399558276603475,1.7396054268407322,C2004|NDGA,True,False,C2004|UM01540
UM-HET3,C2004,UM,m,UM01554,NDGA,2500,9.0,dead,1,929,,,24.6,,41.0,,,1,273.9375,21.1257144,2.399558276603475,1.4478854853726582,C2004|NDGA,True,False,C2004|UM01554
UM-HET3,C2004,UM,m,UM01568,NDGA,2500,9.0,dead,1,1120,,,23.5,31.200001,37.599998,,,1,273.9375,21.1257144,2.399558276603475,0.9894677796118176,C2004|NDGA,True,False,C2004|UM01568
UM-HET3,C2004,UM,m,UM01575,NDGA,2500,9.0,dead,1,1047,,,21.6,30.6,36.700001,,,1,273.9375,21.1257144,2.399558276603475,0.19765537875218567,C2004|NDGA,True,False,C2004|UM01575
UM-HET3,C2004,UM,m,UM01659,NDGA,2500,9.0,dead,1,939,,,22.799999,35.900002,44.900002,,,1,273.9375,21.1257144,2.399558276603475,0.6977470046570051,C2004|NDGA,True,False,C2004|UM01659
UM-HET3,C2004,UM,m,UM02072,NDGA,2500,9.0,dead,1,1116,,,19.5,31.4,39.299999,,,1,273.9375,21.1257144,2.399558276603475,-0.6775056958821457,C2004|NDGA,True,False,C2004|UM02072
UM-HET3,C2004,UM,m,UM02079,NDGA,2500,9.0,dead,1,1106,,,17.9,32.0,41.5,,,1,273.9375,21.1257144,2.399558276603475,-1.3442950860797316,C2004|NDGA,True,False,C2004|UM02079
UM-HET3,C2004,UM,m,UM02156,NDGA,2500,9.0,dead,1,1267,,,19.799999,27.799999,32.799999,,,1,273.9375,21.1257144,2.399558276603475,-0.5524831019634675,C2004|NDGA,True,False,C2004|UM02156
UM-HET3,C2004,UM,m,UM02366,NDGA,2500,9.0,dead,1,1124,,,17.1,29.299999,32.400002,,,1,273.9375,21.1257144,2.399558276603475,-1.6776897811785232,C2004|NDGA,True,False,C2004|UM02366
UM-HET3,C2004,UM,m,UM02373,NDGA,2500,9.0,dead,1,1142,,,20.1,30.6,33.599998,,,1,273.9375,21.1257144,2.399558276603475,-0.4274596745580506,C2004|NDGA,True,False,C2004|UM02373
UM-HET3,C2004,UM,m,UM02569,NDGA,2500,9.0,dead,1,1226,,,19.6,29.799999,39.799999,,,1,273.9375,21.1257144,2.399558276603475,-0.635831358994796,C2004|NDGA,True,False,C2004|UM02569
UM-HET3,C2004,UM,m,UM02576,NDGA,2500,9.0,dead,1,1090,,,18.700001,29.200001,36.599998,,,1,273.9375,21.1257144,2.399558276603475,-1.0108999742375693,C2004|NDGA,True,False,C2004|UM02576
UM-HET3,C2004,UM,m,UM02583,NDGA,2500,9.0,dead,1,1104,,,18.9,26.799999,35.200001,,,1,273.9375,21.1257144,2.399558276603475,-0.9275517172062409,C2004|NDGA,True,False,C2004|UM02583
UM-HET3,C2004,UM,m,UM03276,NDGA,2500,9.0,dead,1,1084,,,19.0,29.5,36.099998,,,1,273.9375,21.1257144,2.399558276603475,-0.8858773803188912,C2004|NDGA,True,False,C2004|UM03276
UM-HET3,C2004,UM,m,UM03416,NDGA,2500,9.0,dead,1,962,,,20.200001,40.200001,45.900002,,,1,273.9375,21.1257144,2.399558276603475,-0.38578492092733313,C2004|NDGA,True,False,C2004|UM03416
UM-HET3,C2004,UM,m,UM03423,NDGA,2500,9.0,dead,1,998,,,17.5,31.299999,40.299999,,,1,273.9375,21.1257144,2.399558276603475,-1.5109924336291274,C2004|NDGA,True,False,C2004|UM03423
UM-HET3,C2004,UM,m,UM03535,NDGA,2500,9.0,dead,1,1173,,,21.299999,32.700001,41.400002,,,1,273.9375,21.1257144,2.399558276603475,0.07263195134676881,C2004|NDGA,True,False,C2004|UM03535
UM-HET3,C2004,UM,m,UM03549,NDGA,2500,9.0,dead,1,1049,,,24.799999,42.900002,52.0,,,1,273.9375,21.1257144,2.399558276603475,1.5312337424039868,C2004|NDGA,True,False,C2004|UM03549
UM-HET3,C2004,UM,m,UM03619,NDGA,2500,9.0,dead,1,928,,,21.4,32.099998,45.599998,,,1,273.9375,21.1257144,2.399558276603475,0.11430670497748631,C2004|NDGA,True,False,C2004|UM03619
UM-HET3,C2004,UM,m,UM04767,NDGA,2500,9.0,dead,1,1186,,,18.200001,28.299999,33.799999,,,1,273.9375,21.1257144,2.399558276603475,-1.2192716586743149,C2004|NDGA,True,False,C2004|UM04767
UM-HET3,C2004,UM,m,UM04774,NDGA,2500,9.0,dead,1,1213,,,20.0,33.799999,33.099998,,,1,273.9375,21.1257144,2.399558276603475,-0.4691340114454003,C2004|NDGA,True,False,C2004|UM04774
UM-HET3,C2004,UM,m,UM04956,NDGA,2500,9.0,dead,1,1022,,,16.4,27.5,35.299999,,,1,273.9375,21.1257144,2.399558276603475,-1.969410139389968,C2004|NDGA,True,False,C2004|UM04956
UM-HET3,C2005,TJL,f,JL01029,Control,0,,dead,1,963,,,17.0,23.0,33.0,,,0,608.75,18.529411764705884,1.3097862219928142,-1.1676804496988171,C2005|Rapa,True,True,C2005|JL01029
UM-HET3,C2005,TJL,f,JL01030,Control,0,,dead,1,1005,,,18.0,25.0,30.0,,,0,608.75,18.529411764705884,1.3097862219928142,-0.4041970787418991,C2005|Rapa,True,True,C2005|JL01030
UM-HET3,C2005,TJL,f,JL01031,Control,0,,dead,1,886,,,19.0,25.0,31.0,,,0,608.75,18.529411764705884,1.3097862219928142,0.35928629221501895,C2005|Rapa,True,True,C2005|JL01031
UM-HET3,C2005,TJL,f,JL01032,Control,0,,dead,1,952,,,19.0,28.0,40.0,,,0,608.75,18.529411764705884,1.3097862219928142,0.35928629221501895,C2005|Rapa,True,True,C2005|JL01032
UM-HET3,C2005,TJL,f,JL01045,Control,0,,dead,1,700,,,19.0,39.0,50.0,,,0,608.75,18.529411764705884,1.3097862219928142,0.35928629221501895,C2005|Rapa,True,True,C2005|JL01045
UM-HET3,C2005,TJL,f,JL01046,Control,0,,dead,1,895,,,17.0,26.0,34.0,,,0,608.75,18.529411764705884,1.3097862219928142,-1.1676804496988171,C2005|Rapa,True,True,C2005|JL01046
UM-HET3,C2005,TJL,f,JL01047,Control,0,,dead,1,719,,,18.0,38.0,44.0,,,0,608.75,18.529411764705884,1.3097862219928142,-0.4041970787418991,C2005|Rapa,True,True,C2005|JL01047
UM-HET3,C2005,TJL,f,JL01048,Control,0,,dead,1,749,,,18.0,43.0,52.0,,,0,608.75,18.529411764705884,1.3097862219928142,-0.4041970787418991,C2005|Rapa,True,True,C2005|JL01048
UM-HET3,C2005,TJL,f,JL01101,Control,0,,dead,1,1214,,,19.0,30.0,37.0,,,0,608.75,18.529411764705884,1.3097862219928142,0.35928629221501895,C2005|Rapa,True,True,C2005|JL01101
UM-HET3,C2005,TJL,f,JL01103,Control,0,,dead,1,858,,,21.0,41.0,56.0,,,0,608.75,18.529411764705884,1.3097862219928142,1.886253034128855,C2005|Rapa,True,True,C2005|JL01103
UM-HET3,C2005,TJL,f,JL01104,Control,0,,dead,1,890,,,20.0,31.0,43.0,,,0,608.75,18.529411764705884,1.3097862219928142,1.122769663171937,C2005|Rapa,True,True,C2005|JL01104
UM-HET3,C2005,TJL,f,JL01134,Control,0,,dead,1,1043,,,20.0,26.0,35.0,,,0,608.75,18.529411764705884,1.3097862219928142,1.122769663171937,C2005|Rapa,True,True,C2005|JL01134
UM-HET3,C2005,TJL,f,JL01135,Control,0,,dead,1,1005,,,20.0,23.0,34.0,,,0,608.75,18.529411764705884,1.3097862219928142,1.122769663171937,C2005|Rapa,True,True,C2005|JL01135
UM-HET3,C2005,TJL,f,JL01136,Control,0,,dead,1,903,,,17.0,25.0,41.0,,,0,608.75,18.529411764705884,1.3097862219928142,-1.1676804496988171,C2005|Rapa,True,True,C2005|JL01136
UM-HET3,C2005,TJL,f,JL01142,Control,0,,dead,1,781,,,21.0,40.0,52.0,,,0,608.75,18.529411764705884,1.3097862219928142,1.886253034128855,C2005|Rapa,True,True,C2005|JL01142
UM-HET3,C2005,TJL,f,JL01143,Control,0,,dead,1,679,,,19.0,43.0,52.0,,,0,608.75,18.529411764705884,1.3097862219928142,0.35928629221501895,C2005|Rapa,True,True,C2005|JL01143
UM-HET3,C2005,TJL,f,JL01144,Control,0,,dead,1,872,,,19.0,27.0,37.0,,,0,608.75,18.529411764705884,1.3097862219928142,0.35928629221501895,C2005|Rapa,True,True,C2005|JL01144
UM-HET3,C2005,TJL,f,JL01145,Control,0,,dead,1,1229,,,20.0,31.0,39.0,,,0,608.75,18.529411764705884,1.3097862219928142,1.122769663171937,C2005|Rapa,True,True,C2005|JL01145
UM-HET3,C2005,TJL,f,JL01169,Control,0,,dead,1,1165,,,22.0,39.0,33.0,,,0,608.75,18.529411764705884,1.3097862219928142,2.6497364050857732,C2005|Rapa,True,True,C2005|JL01169
UM-HET3,C2005,TJL,f,JL01170,Control,0,,dead,1,807,,,19.0,26.0,49.0,,,0,608.75,18.529411764705884,1.3097862219928142,0.35928629221501895,C2005|Rapa,True,True,C2005|JL01170
UM-HET3,C2005,TJL,f,JL01185,Control,0,,dead,1,991,,,19.0,32.0,35.0,,,0,608.75,18.529411764705884,1.3097862219928142,0.35928629221501895,C2005|Rapa,True,True,C2005|JL01185
UM-HET3,C2005,TJL,f,JL01186,Control,0,,dead,1,1188,,,18.0,26.0,29.0,,,0,608.75,18.529411764705884,1.3097862219928142,-0.4041970787418991,C2005|Rapa,True,True,C2005|JL01186
UM-HET3,C2005,TJL,f,JL01187,Control,0,,dead,1,1110,,,16.0,23.0,44.0,,,0,608.75,18.529411764705884,1.3097862219928142,-1.931163820655735,C2005|Rapa,True,True,C2005|JL01187
UM-HET3,C2005,TJL,f,JL01188,Control,0,,dead,1,923,,,17.0,34.0,50.0,,,0,608.75,18.529411764705884,1.3097862219928142,-1.1676804496988171,C2005|Rapa,True,True,C2005|JL01188
UM-HET3,C2005,TJL,f,JL01211,Control,0,,dead,1,735,,,17.0,25.0,56.0,,,0,608.75,18.529411764705884,1.3097862219928142,-1.1676804496988171,C2005|Rapa,True,True,C2005|JL01211
UM-HET3,C2005,TJL,f,JL01239,Control,0,,dead,1,811,,,17.0,23.0,41.0,,,0,608.75,18.529411764705884,1.3097862219928142,-1.1676804496988171,C2005|Rapa,True,True,C2005|JL01239
UM-HET3,C2005,TJL,f,JL01241,Control,0,,dead,1,902,,,20.0,30.0,30.0,,,0,608.75,18.529411764705884,1.3097862219928142,1.122769663171937,C2005|Rapa,True,True,C2005|JL01241
UM-HET3,C2005,TJL,f,JL01250,Control,0,,dead,1,748,,,18.0,36.0,38.0,,,0,608.75,18.529411764705884,1.3097862219928142,-0.4041970787418991,C2005|Rapa,True,True,C2005|JL01250
UM-HET3,C2005,TJL,f,JL01251,Control,0,,dead,1,806,,,18.0,29.0,42.0,,,0,608.75,18.529411764705884,1.3097862219928142,-0.4041970787418991,C2005|Rapa,True,True,C2005|JL01251
UM-HET3,C2005,TJL,f,JL01290,Control,0,,dead,1,644,,,19.0,25.0,30.0,,,0,608.75,18.529411764705884,1.3097862219928142,0.35928629221501895,C2005|Rapa,True,True,C2005|JL01290
UM-HET3,C2005,TJL,f,JL01291,Control,0,,dead,1,632,,,19.0,35.0,51.0,,,0,608.75,18.529411764705884,1.3097862219928142,0.35928629221501895,C2005|Rapa,True,True,C2005|JL01291
UM-HET3,C2005,TJL,f,JL01292,Control,0,,dead,1,1105,,,18.0,32.0,35.0,,,0,608.75,18.529411764705884,1.3097862219928142,-0.4041970787418991,C2005|Rapa,True,True,C2005|JL01292
UM-HET3,C2005,TJL,f,JL01312,Control,0,,dead,1,906,,,17.0,33.0,44.0,,,0,608.75,18.529411764705884,1.3097862219928142,-1.1676804496988171,C2005|Rapa,True,True,C2005|JL01312
UM-HET3,C2005,TJL,f,JL01313,Control,0,,dead,1,967,,,20.0,29.0,38.0,,,0,608.75,18.529411764705884,1.3097862219928142,1.122769663171937,C2005|Rapa,True,True,C2005|JL01313
UM-HET3,C2005,TJL,f,JL01314,Control,0,,dead,1,871,,,17.0,23.0,27.0,,,0,608.75,18.529411764705884,1.3097862219928142,-1.1676804496988171,C2005|Rapa,True,True,C2005|JL01314
UM-HET3,C2005,TJL,f,JL01315,Control,0,,dead,1,991,,,20.0,24.0,33.0,,,0,608.75,18.529411764705884,1.3097862219928142,1.122769663171937,C2005|Rapa,True,True,C2005|JL01315
UM-HET3,C2005,TJL,f,JL01320,Control,0,,dead,1,1072,,,18.0,28.0,42.0,,,0,608.75,18.529411764705884,1.3097862219928142,-0.4041970787418991,C2005|Rapa,True,True,C2005|JL01320
UM-HET3,C2005,TJL,f,JL01321,Control,0,,dead,1,967,,,19.0,33.0,52.0,,,0,608.75,18.529411764705884,1.3097862219928142,0.35928629221501895,C2005|Rapa,True,True,C2005|JL01321
UM-HET3,C2005,TJL,f,JL01324,Control,0,,dead,1,898,,,20.0,30.0,44.0,,,0,608.75,18.529411764705884,1.3097862219928142,1.122769663171937,C2005|Rapa,True,True,C2005|JL01324
UM-HET3,C2005,TJL,f,JL01325,Control,0,,dead,1,637,,,16.0,22.0,34.0,,,0,608.75,18.529411764705884,1.3097862219928142,-1.931163820655735,C2005|Rapa,True,True,C2005|JL01325
UM-HET3,C2005,TJL,f,JL01409,Control,0,,dead,1,817,,,19.0,37.0,49.0,,,0,608.75,18.529411764705884,1.3097862219928142,0.35928629221501895,C2005|Rapa,True,True,C2005|JL01409
UM-HET3,C2005,TJL,f,JL01410,Control,0,,dead,1,1058,,,20.0,36.0,49.0,,,0,608.75,18.529411764705884,1.3097862219928142,1.122769663171937,C2005|Rapa,True,True,C2005|JL01410
UM-HET3,C2005,TJL,f,JL01411,Control,0,,dead,1,902,,,19.0,27.0,38.0,,,0,608.75,18.529411764705884,1.3097862219928142,0.35928629221501895,C2005|Rapa,True,True,C2005|JL01411
UM-HET3,C2005,TJL,f,JL01412,Control,0,,dead,1,900,,,20.0,40.0,53.0,,,0,608.75,18.529411764705884,1.3097862219928142,1.122769663171937,C2005|Rapa,True,True,C2005|JL01412
UM-HET3,C2005,TJL,f,JL01424,Control,0,,dead,1,671,,,18.0,27.0,36.0,,,0,608.75,18.529411764705884,1.3097862219928142,-0.4041970787418991,C2005|Rapa,True,True,C2005|JL01424
UM-HET3,C2005,TJL,f,JL01425,Control,0,,dead,1,860,,,16.0,24.0,34.0,,,0,608.75,18.529411764705884,1.3097862219928142,-1.931163820655735,C2005|Rapa,True,True,C2005|JL01425
UM-HET3,C2005,TJL,f,JL01427,Control,0,,dead,1,836,,,18.0,25.0,27.0,,,0,608.75,18.529411764705884,1.3097862219928142,-0.4041970787418991,C2005|Rapa,True,True,C2005|JL01427
UM-HET3,C2005,TJL,f,JL01484,Control,0,,dead,1,864,,,18.0,27.0,28.0,,,0,608.75,18.529411764705884,1.3097862219928142,-0.4041970787418991,C2005|Rapa,True,True,C2005|JL01484
UM-HET3,C2005,TJL,f,JL01486,Control,0,,dead,1,1136,,,18.0,29.0,35.0,,,0,608.75,18.529411764705884,1.3097862219928142,-0.4041970787418991,C2005|Rapa,True,True,C2005|JL01486
UM-HET3,C2005,TJL,f,JL01495,Control,0,,dead,1,834,,,18.0,34.0,48.0,,,0,608.75,18.529411764705884,1.3097862219928142,-0.4041970787418991,C2005|Rapa,True,True,C2005|JL01495
UM-HET3,C2005,TJL,f,JL01496,Control,0,,dead,1,741,,,20.0,34.0,46.0,,,0,608.75,18.529411764705884,1.3097862219928142,1.122769663171937,C2005|Rapa,True,True,C2005|JL01496
UM-HET3,C2005,TJL,f,JL01497,Control,0,,dead,1,636,,,18.0,32.0,48.0,,,0,608.75,18.529411764705884,1.3097862219928142,-0.4041970787418991,C2005|Rapa,True,True,C2005|JL01497
UM-HET3,C2005,TJL,f,JL01498,Control,0,,dead,1,1156,,,18.0,29.0,45.0,,,0,608.75,18.529411764705884,1.3097862219928142,-0.4041970787418991,C2005|Rapa,True,True,C2005|JL01498
UM-HET3,C2005,TJL,f,JL01499,Control,0,,dead,1,728,,,17.0,28.0,34.0,,,0,608.75,18.529411764705884,1.3097862219928142,-1.1676804496988171,C2005|Rapa,True,True,C2005|JL01499
UM-HET3,C2005,TJL,f,JL01500,Control,0,,dead,1,842,,,18.0,35.0,43.0,,,0,608.75,18.529411764705884,1.3097862219928142,-0.4041970787418991,C2005|Rapa,True,True,C2005|JL01500
UM-HET3,C2005,TJL,f,JL01501,Control,0,,dead,1,888,,,16.0,34.0,44.0,,,0,608.75,18.529411764705884,1.3097862219928142,-1.931163820655735,C2005|Rapa,True,True,C2005|JL01501
UM-HET3,C2005,TJL,f,JL01502,Control,0,,dead,1,860,,,19.0,36.0,48.0,,,0,608.75,18.529411764705884,1.3097862219928142,0.35928629221501895,C2005|Rapa,True,True,C2005|JL01502
UM-HET3,C2005,TJL,f,JL01608,Control,0,,dead,1,965,,,18.0,24.0,33.0,,,0,608.75,18.529411764705884,1.3097862219928142,-0.4041970787418991,C2005|Rapa,True,True,C2005|JL01608
UM-HET3,C2005,TJL,f,JL01610,Control,0,,dead,1,682,,,18.0,33.0,45.0,,,0,608.75,18.529411764705884,1.3097862219928142,-0.4041970787418991,C2005|Rapa,True,True,C2005|JL01610
UM-HET3,C2005,TJL,f,JL01690,Control,0,,dead,1,713,,,20.0,28.0,32.0,,,0,608.75,18.529411764705884,1.3097862219928142,1.122769663171937,C2005|Rapa,True,True,C2005|JL01690
UM-HET3,C2005,TJL,f,JL01697,Control,0,,dead,1,1100,,,18.0,29.0,38.0,,,0,608.75,18.529411764705884,1.3097862219928142,-0.4041970787418991,C2005|Rapa,True,True,C2005|JL01697
UM-HET3,C2005,TJL,f,JL01698,Control,0,,dead,1,839,,,18.0,29.0,39.0,,,0,608.75,18.529411764705884,1.3097862219928142,-0.4041970787418991,C2005|Rapa,True,True,C2005|JL01698
UM-HET3,C2005,TJL,f,JL01699,Control,0,,dead,1,1168,,,21.0,30.0,39.0,,,0,608.75,18.529411764705884,1.3097862219928142,1.886253034128855,C2005|Rapa,True,True,C2005|JL01699
UM-HET3,C2005,TJL,f,JL01707,Control,0,,dead,1,684,,,20.0,29.0,39.0,,,0,608.75,18.529411764705884,1.3097862219928142,1.122769663171937,C2005|Rapa,True,True,C2005|JL01707
UM-HET3,C2005,TJL,f,JL01708,Control,0,,dead,1,933,,,18.0,41.0,47.0,,,0,608.75,18.529411764705884,1.3097862219928142,-0.4041970787418991,C2005|Rapa,True,True,C2005|JL01708
UM-HET3,C2005,TJL,f,JL01709,Control,0,,dead,1,930,,,18.0,31.0,42.0,,,0,608.75,18.529411764705884,1.3097862219928142,-0.4041970787418991,C2005|Rapa,True,True,C2005|JL01709
UM-HET3,C2005,TJL,f,JL01776,Control,0,,dead,1,971,,,18.0,35.0,48.0,,,0,608.75,18.529411764705884,1.3097862219928142,-0.4041970787418991,C2005|Rapa,True,True,C2005|JL01776
UM-HET3,C2005,TJL,f,JL01778,Control,0,,dead,1,998,,,18.0,28.0,41.0,,,0,608.75,18.529411764705884,1.3097862219928142,-0.4041970787418991,C2005|Rapa,True,True,C2005|JL01778
UM-HET3,C2005,TJL,m,JL01056,Control,0,,dead,1,886,,,25.0,48.0,53.0,,,0,608.75,22.81081081081081,1.9421473476236362,1.1272003598840363,C2005|Rapa,True,True,C2005|JL01056
UM-HET3,C2005,TJL,m,JL01061,Control,0,,dead,1,1111,,,23.0,44.0,48.0,,,0,608.75,22.81081081081081,1.9421473476236362,0.09741237678010205,C2005|Rapa,True,True,C2005|JL01061
UM-HET3,C2005,TJL,m,JL01116,Control,0,,dead,1,724,,,24.0,38.0,51.0,,,0,608.75,22.81081081081081,1.9421473476236362,0.6123063683320692,C2005|Rapa,True,True,C2005|JL01116
UM-HET3,C2005,TJL,m,JL01118,Control,0,,dead,1,937,,,24.0,40.0,55.0,,,0,608.75,22.81081081081081,1.9421473476236362,0.6123063683320692,C2005|Rapa,True,True,C2005|JL01118
UM-HET3,C2005,TJL,m,JL01119,Control,0,,dead,1,643,,,25.0,44.0,63.0,,,0,608.75,22.81081081081081,1.9421473476236362,1.1272003598840363,C2005|Rapa,True,True,C2005|JL01119
UM-HET3,C2005,TJL,m,JL01120,Control,0,,dead,1,774,,,26.0,47.0,53.0,,,0,608.75,22.81081081081081,1.9421473476236362,1.6420943514360036,C2005|Rapa,True,True,C2005|JL01120
UM-HET3,C2005,TJL,m,JL01124,Control,0,,dead,1,844,,,25.0,44.0,48.0,,,0,608.75,22.81081081081081,1.9421473476236362,1.1272003598840363,C2005|Rapa,True,True,C2005|JL01124
UM-HET3,C2005,TJL,m,JL01125,Control,0,,dead,1,985,,,25.0,38.0,46.0,,,0,608.75,22.81081081081081,1.9421473476236362,1.1272003598840363,C2005|Rapa,True,True,C2005|JL01125
UM-HET3,C2005,TJL,m,JL01126,Control,0,,dead,1,693,,,24.0,33.0,42.0,,,0,608.75,22.81081081081081,1.9421473476236362,0.6123063683320692,C2005|Rapa,True,True,C2005|JL01126
UM-HET3,C2005,TJL,m,JL01146,Control,0,,dead,1,1119,,,23.0,39.0,46.0,,,0,608.75,22.81081081081081,1.9421473476236362,0.09741237678010205,C2005|Rapa,True,True,C2005|JL01146
UM-HET3,C2005,TJL,m,JL01148,Control,0,,dead,1,893,,,26.0,44.0,47.0,,,0,608.75,22.81081081081081,1.9421473476236362,1.6420943514360036,C2005|Rapa,True,True,C2005|JL01148
UM-HET3,C2005,TJL,m,JL01223,Control,0,,dead,1,876,,,23.0,39.0,53.0,,,0,608.75,22.81081081081081,1.9421473476236362,0.09741237678010205,C2005|Rapa,True,True,C2005|JL01223
UM-HET3,C2005,TJL,m,JL01224,Control,0,,dead,1,622,,,27.0,44.0,46.0,,,0,608.75,22.81081081081081,1.9421473476236362,2.1569883429879706,C2005|Rapa,True,True,C2005|JL01224
UM-HET3,C2005,TJL,m,JL01225,Control,0,,dead,1,763,,,23.0,43.0,40.0,,,0,608.75,22.81081081081081,1.9421473476236362,0.09741237678010205,C2005|Rapa,True,True,C2005|JL01225
UM-HET3,C2005,TJL,m,JL01263,Control,0,,dead,1,923,,,26.0,49.0,55.0,,,0,608.75,22.81081081081081,1.9421473476236362,1.6420943514360036,C2005|Rapa,True,True,C2005|JL01263
UM-HET3,C2005,TJL,m,JL01265,Control,0,,dead,1,692,,,25.0,45.0,43.0,,,0,608.75,22.81081081081081,1.9421473476236362,1.1272003598840363,C2005|Rapa,True,True,C2005|JL01265
UM-HET3,C2005,TJL,m,JL01266,Control,0,,dead,1,1029,,,23.0,40.0,44.0,,,0,608.75,22.81081081081081,1.9421473476236362,0.09741237678010205,C2005|Rapa,True,True,C2005|JL01266
UM-HET3,C2005,TJL,m,JL01267,Control,0,,dead,1,944,,,22.0,40.0,54.0,,,0,608.75,22.81081081081081,1.9421473476236362,-0.41748161477186513,C2005|Rapa,True,True,C2005|JL01267
UM-HET3,C2005,TJL,m,JL01268,Control,0,,dead,1,756,,,23.0,46.0,47.0,,,0,608.75,22.81081081081081,1.9421473476236362,0.09741237678010205,C2005|Rapa,True,True,C2005|JL01268
UM-HET3,C2005,TJL,m,JL01278,Control,0,,dead,1,972,,,25.0,44.0,50.0,,,0,608.75,22.81081081081081,1.9421473476236362,1.1272003598840363,C2005|Rapa,True,True,C2005|JL01278
UM-HET3,C2005,TJL,m,JL01279,Control,0,,dead,1,958,,,20.0,39.0,45.0,,,0,608.75,22.81081081081081,1.9421473476236362,-1.4472695978757995,C2005|Rapa,True,True,C2005|JL01279
UM-HET3,C2005,TJL,m,JL01280,Control,0,,dead,1,940,,,21.0,45.0,,,,0,608.75,22.81081081081081,1.9421473476236362,-0.9323756063238323,C2005|Rapa,True,True,C2005|JL01280
UM-HET3,C2005,TJL,m,JL01337,Control,0,,dead,1,856,,,18.0,35.0,43.0,,,0,608.75,22.81081081081081,1.9421473476236362,-2.477057580979734,C2005|Rapa,True,True,C2005|JL01337
UM-HET3,C2005,TJL,m,JL01343,Control,0,,dead,1,1001,,,26.0,38.0,44.0,,,0,608.75,22.81081081081081,1.9421473476236362,1.6420943514360036,C2005|Rapa,True,True,C2005|JL01343
UM-HET3,C2005,TJL,m,JL01344,Control,0,,dead,1,674,,,23.0,40.0,48.0,,,0,608.75,22.81081081081081,1.9421473476236362,0.09741237678010205,C2005|Rapa,True,True,C2005|JL01344
UM-HET3,C2005,TJL,m,JL01345,Control,0,,dead,1,1064,,,24.0,33.0,46.0,,,0,608.75,22.81081081081081,1.9421473476236362,0.6123063683320692,C2005|Rapa,True,True,C2005|JL01345
UM-HET3,C2005,TJL,m,JL01350,Control,0,,dead,1,1220,,,22.0,32.0,41.0,,,0,608.75,22.81081081081081,1.9421473476236362,-0.41748161477186513,C2005|Rapa,True,True,C2005|JL01350
UM-HET3,C2005,TJL,m,JL01351,Control,0,,dead,1,794,,,21.0,37.0,41.0,,,0,608.75,22.81081081081081,1.9421473476236362,-0.9323756063238323,C2005|Rapa,True,True,C2005|JL01351
UM-HET3,C2005,TJL,m,JL01352,Control,0,,dead,1,1035,,,21.0,37.0,44.0,,,0,608.75,22.81081081081081,1.9421473476236362,-0.9323756063238323,C2005|Rapa,True,True,C2005|JL01352
UM-HET3,C2005,TJL,m,JL01385,Control,0,,dead,1,866,,,21.0,33.0,42.0,,,0,608.75,22.81081081081081,1.9421473476236362,-0.9323756063238323,C2005|Rapa,True,True,C2005|JL01385
UM-HET3,C2005,TJL,m,JL01387,Control,0,,dead,1,769,,,23.0,39.0,42.0,,,0,608.75,22.81081081081081,1.9421473476236362,0.09741237678010205,C2005|Rapa,True,True,C2005|JL01387
UM-HET3,C2005,TJL,m,JL01394,Control,0,,dead,1,1006,,,23.0,45.0,46.0,,,0,608.75,22.81081081081081,1.9421473476236362,0.09741237678010205,C2005|Rapa,True,True,C2005|JL01394
UM-HET3,C2005,TJL,m,JL01399,Control,0,,dead,1,1084,,,24.0,41.0,50.0,,,0,608.75,22.81081081081081,1.9421473476236362,0.6123063683320692,C2005|Rapa,True,True,C2005|JL01399
UM-HET3,C2005,TJL,m,JL01400,Control,0,,dead,1,1124,,,22.0,35.0,43.0,,,0,608.75,22.81081081081081,1.9421473476236362,-0.41748161477186513,C2005|Rapa,True,True,C2005|JL01400
UM-HET3,C2005,TJL,m,JL01401,Control,0,,dead,1,849,,,23.0,41.0,47.0,,,0,608.75,22.81081081081081,1.9421473476236362,0.09741237678010205,C2005|Rapa,True,True,C2005|JL01401
UM-HET3,C2005,TJL,m,JL01455,Control,0,,dead,1,892,,,23.0,30.0,40.0,,,0,608.75,22.81081081081081,1.9421473476236362,0.09741237678010205,C2005|Rapa,True,True,C2005|JL01455
UM-HET3,C2005,TJL,m,JL01456,Control,0,,dead,1,893,,,21.0,31.0,37.0,,,0,608.75,22.81081081081081,1.9421473476236362,-0.9323756063238323,C2005|Rapa,True,True,C2005|JL01456
UM-HET3,C2005,TJL,m,JL01458,Control,0,,dead,1,752,,,23.0,39.0,49.0,,,0,608.75,22.81081081081081,1.9421473476236362,0.09741237678010205,C2005|Rapa,True,True,C2005|JL01458
UM-HET3,C2005,TJL,m,JL01459,Control,0,,dead,1,998,,,25.0,42.0,53.0,,,0,608.75,22.81081081081081,1.9421473476236362,1.1272003598840363,C2005|Rapa,True,True,C2005|JL01459
UM-HET3,C2005,TJL,m,JL01474,Control,0,,dead,1,1077,,,21.0,42.0,46.0,,,0,608.75,22.81081081081081,1.9421473476236362,-0.9323756063238323,C2005|Rapa,True,True,C2005|JL01474
UM-HET3,C2005,TJL,m,JL01475,Control,0,,dead,1,671,,,22.0,39.0,40.0,,,0,608.75,22.81081081081081,1.9421473476236362,-0.41748161477186513,C2005|Rapa,True,True,C2005|JL01475
UM-HET3,C2005,TJL,m,JL01476,Control,0,,dead,1,793,,,20.0,34.0,42.0,,,0,608.75,22.81081081081081,1.9421473476236362,-1.4472695978757995,C2005|Rapa,True,True,C2005|JL01476
UM-HET3,C2005,TJL,m,JL01477,Control,0,,dead,1,1116,,,21.0,32.0,37.0,,,0,608.75,22.81081081081081,1.9421473476236362,-0.9323756063238323,C2005|Rapa,True,True,C2005|JL01477
UM-HET3,C2005,TJL,m,JL01478,Control,0,,dead,1,983,,,21.0,32.0,37.0,,,0,608.75,22.81081081081081,1.9421473476236362,-0.9323756063238323,C2005|Rapa,True,True,C2005|JL01478
UM-HET3,C2005,TJL,m,JL01479,Control,0,,dead,1,1091,,,21.0,35.0,44.0,,,0,608.75,22.81081081081081,1.9421473476236362,-0.9323756063238323,C2005|Rapa,True,True,C2005|JL01479
UM-HET3,C2005,TJL,m,JL01523,Control,0,,dead,1,730,,,20.0,42.0,46.0,,,0,608.75,22.81081081081081,1.9421473476236362,-1.4472695978757995,C2005|Rapa,True,True,C2005|JL01523
UM-HET3,C2005,TJL,m,JL01524,Control,0,,dead,1,850,,,20.0,43.0,52.0,,,0,608.75,22.81081081081081,1.9421473476236362,-1.4472695978757995,C2005|Rapa,True,True,C2005|JL01524
UM-HET3,C2005,TJL,m,JL01536,Control,0,,dead,1,946,,,20.0,43.0,50.0,,,0,608.75,22.81081081081081,1.9421473476236362,-1.4472695978757995,C2005|Rapa,True,True,C2005|JL01536
UM-HET3,C2005,TJL,m,JL01537,Control,0,,dead,1,870,,,20.0,39.0,46.0,,,0,608.75,22.81081081081081,1.9421473476236362,-1.4472695978757995,C2005|Rapa,True,True,C2005|JL01537
UM-HET3,C2005,TJL,m,JL01538,Control,0,,dead,1,1027,,,24.0,42.0,50.0,,,0,608.75,22.81081081081081,1.9421473476236362,0.6123063683320692,C2005|Rapa,True,True,C2005|JL01538
UM-HET3,C2005,TJL,m,JL01542,Control,0,,dead,1,1056,,,23.0,41.0,48.0,,,0,608.75,22.81081081081081,1.9421473476236362,0.09741237678010205,C2005|Rapa,True,True,C2005|JL01542
UM-HET3,C2005,TJL,m,JL01544,Control,0,,dead,1,859,,,22.0,42.0,46.0,,,0,608.75,22.81081081081081,1.9421473476236362,-0.41748161477186513,C2005|Rapa,True,True,C2005|JL01544
UM-HET3,C2005,TJL,m,JL01557,Control,0,,dead,1,969,,,23.0,37.0,45.0,,,0,608.75,22.81081081081081,1.9421473476236362,0.09741237678010205,C2005|Rapa,True,True,C2005|JL01557
UM-HET3,C2005,TJL,m,JL01624,Control,0,,dead,1,850,,,23.0,37.0,46.0,,,0,608.75,22.81081081081081,1.9421473476236362,0.09741237678010205,C2005|Rapa,True,True,C2005|JL01624
UM-HET3,C2005,TJL,m,JL01626,Control,0,,dead,1,901,,,23.0,42.0,46.0,,,0,608.75,22.81081081081081,1.9421473476236362,0.09741237678010205,C2005|Rapa,True,True,C2005|JL01626
UM-HET3,C2005,TJL,m,JL01652,Control,0,,dead,1,1027,,,22.0,38.0,48.0,,,0,608.75,22.81081081081081,1.9421473476236362,-0.41748161477186513,C2005|Rapa,True,True,C2005|JL01652
UM-HET3,C2005,TJL,m,JL01679,Control,0,,dead,1,1022,,,23.0,43.0,,,,0,608.75,22.81081081081081,1.9421473476236362,0.09741237678010205,C2005|Rapa,True,True,C2005|JL01679
UM-HET3,C2005,TJL,m,JL01680,Control,0,,dead,1,1029,,,23.0,39.0,,,,0,608.75,22.81081081081081,1.9421473476236362,0.09741237678010205,C2005|Rapa,True,True,C2005|JL01680
UM-HET3,C2005,TJL,m,JL01701,Control,0,,dead,1,1022,,,26.0,38.0,40.0,,,0,608.75,22.81081081081081,1.9421473476236362,1.6420943514360036,C2005|Rapa,True,True,C2005|JL01701
UM-HET3,C2005,TJL,m,JL01703,Control,0,,dead,1,936,,,24.0,40.0,41.0,,,0,608.75,22.81081081081081,1.9421473476236362,0.6123063683320692,C2005|Rapa,True,True,C2005|JL01703
UM-HET3,C2005,TJL,m,JL01748,Control,0,,dead,1,736,,,23.0,42.0,44.0,,,0,608.75,22.81081081081081,1.9421473476236362,0.09741237678010205,C2005|Rapa,True,True,C2005|JL01748
UM-HET3,C2005,TJL,m,JL01749,Control,0,,dead,1,811,,,23.0,47.0,50.0,,,0,608.75,22.81081081081081,1.9421473476236362,0.09741237678010205,C2005|Rapa,True,True,C2005|JL01749
UM-HET3,C2005,TJL,m,JL01779,Control,0,,dead,1,817,,,18.0,33.0,38.0,,,0,608.75,22.81081081081081,1.9421473476236362,-2.477057580979734,C2005|Rapa,True,True,C2005|JL01779
UM-HET3,C2005,TJL,m,JL01780,Control,0,,dead,1,724,,,21.0,30.0,36.0,,,0,608.75,22.81081081081081,1.9421473476236362,-0.9323756063238323,C2005|Rapa,True,True,C2005|JL01780
UM-HET3,C2005,TJL,m,JL01791,Control,0,,dead,1,1189,,,20.0,39.0,44.0,,,0,608.75,22.81081081081081,1.9421473476236362,-1.4472695978757995,C2005|Rapa,True,True,C2005|JL01791
UM-HET3,C2005,TJL,m,JL01792,Control,0,,dead,1,842,,,21.0,35.0,42.0,,,0,608.75,22.81081081081081,1.9421473476236362,-0.9323756063238323,C2005|Rapa,True,True,C2005|JL01792
UM-HET3,C2005,TJL,m,JL01818,Control,0,,dead,1,615,,,24.0,39.0,45.0,,,0,608.75,22.81081081081081,1.9421473476236362,0.6123063683320692,C2005|Rapa,True,True,C2005|JL01818
UM-HET3,C2005,TJL,m,JL01825,Control,0,,dead,1,1088,,,24.0,45.0,50.0,,,0,608.75,22.81081081081081,1.9421473476236362,0.6123063683320692,C2005|Rapa,True,True,C2005|JL01825
UM-HET3,C2005,TJL,m,JL01826,Control,0,,dead,1,993,,,23.0,43.0,47.0,,,0,608.75,22.81081081081081,1.9421473476236362,0.09741237678010205,C2005|Rapa,True,True,C2005|JL01826
UM-HET3,C2005,TJL,m,JL01835,Control,0,,dead,1,719,,,25.0,46.0,53.0,,,0,608.75,22.81081081081081,1.9421473476236362,1.1272003598840363,C2005|Rapa,True,True,C2005|JL01835
UM-HET3,C2005,TJL,m,JL01857,Control,0,,dead,1,840,,,25.0,38.0,43.0,,,0,608.75,22.81081081081081,1.9421473476236362,1.1272003598840363,C2005|Rapa,True,True,C2005|JL01857
UM-HET3,C2005,TJL,m,JL01859,Control,0,,dead,1,852,,,25.0,48.0,57.0,,,0,608.75,22.81081081081081,1.9421473476236362,1.1272003598840363,C2005|Rapa,True,True,C2005|JL01859
UM-HET3,C2005,TJL,m,JL01867,Control,0,,dead,1,826,,,22.0,38.0,43.0,,,0,608.75,22.81081081081081,1.9421473476236362,-0.41748161477186513,C2005|Rapa,True,True,C2005|JL01867
UM-HET3,C2005,TJL,m,JL01868,Control,0,,dead,1,633,,,21.0,36.0,40.0,,,0,608.75,22.81081081081081,1.9421473476236362,-0.9323756063238323,C2005|Rapa,True,True,C2005|JL01868
UM-HET3,C2005,UM,f,UM08010,Control,0,,dead,1,897,,,17.0,26.9,,,,0,608.75,17.537037074074075,1.5499552617200671,-0.34648553241342994,C2005|Rapa,True,True,C2005|UM08010
UM-HET3,C2005,UM,f,UM08017,Control,0,,dead,1,1111,,,17.200001,27.9,,,,0,608.75,17.537037074074075,1.5499552617200671,-0.2174489047509975,C2005|Rapa,True,True,C2005|UM08017
UM-HET3,C2005,UM,f,UM08024,Control,0,,dead,1,1009,,,16.299999,25.4,,,,0,608.75,17.537037074074075,1.5499552617200671,-0.7981121162821619,C2005|Rapa,True,True,C2005|UM08024
UM-HET3,C2005,UM,f,UM08150,Control,0,,dead,1,908,,,17.700001,26.1,,,,0,608.75,17.537037074074075,1.5499552617200671,0.10514105145530202,C2005|Rapa,True,True,C2005|UM08150
UM-HET3,C2005,UM,f,UM08157,Control,0,,dead,1,983,,,16.9,28.9,,,,0,608.75,17.537037074074075,1.5499552617200671,-0.4110035236546908,C2005|Rapa,True,True,C2005|UM08157
UM-HET3,C2005,UM,f,UM08164,Control,0,,dead,1,973,,,14.2,22.9,,,,0,608.75,17.537037074074075,1.5499552617200671,-2.1529892871687077,C2005|Rapa,True,True,C2005|UM08164
UM-HET3,C2005,UM,f,UM08171,Control,0,,dead,1,1006,,,14.0,22.700001,,,,0,608.75,17.537037074074075,1.5499552617200671,-2.282025269651227,C2005|Rapa,True,True,C2005|UM08171
UM-HET3,C2005,UM,f,UM08507,Control,0,,dead,1,924,,,16.1,21.1,,,,0,608.75,17.537037074074075,1.5499552617200671,-0.9271474535847682,C2005|Rapa,True,True,C2005|UM08507
UM-HET3,C2005,UM,f,UM08514,Control,0,,dead,1,1043,,,16.200001,22.9,,,,0,608.75,17.537037074074075,1.5499552617200671,-0.8626288171635966,C2005|Rapa,True,True,C2005|UM08514
UM-HET3,C2005,UM,f,UM08521,Control,0,,dead,1,683,,,16.0,22.1,,,,0,608.75,17.537037074074075,1.5499552617200671,-0.991665444826029,C2005|Rapa,True,True,C2005|UM08521
UM-HET3,C2005,UM,f,UM08528,Control,0,,dead,1,722,,,16.5,22.4,,,,0,608.75,17.537037074074075,1.5499552617200671,-0.6690754886197295,C2005|Rapa,True,True,C2005|UM08528
UM-HET3,C2005,UM,f,UM08759,Control,0,,dead,1,717,,,20.200001,27.799999,,,,0,608.75,17.537037074074075,1.5499552617200671,1.7180908324867996,C2005|Rapa,True,True,C2005|UM08759
UM-HET3,C2005,UM,f,UM08766,Control,0,,dead,1,1067,,,17.5,23.299999,,,,0,608.75,17.537037074074075,1.5499552617200671,-0.02389557620713042,C2005|Rapa,True,True,C2005|UM08766
UM-HET3,C2005,UM,f,UM08773,Control,0,,dead,1,718,,,17.6,24.1,,,,0,608.75,17.537037074074075,1.5499552617200671,0.0406224150341304,C2005|Rapa,True,True,C2005|UM08773
UM-HET3,C2005,UM,f,UM08780,Control,0,,dead,1,815,,,18.700001,25.6,,,,0,608.75,17.537037074074075,1.5499552617200671,0.750320963867901,C2005|Rapa,True,True,C2005|UM08780
UM-HET3,C2005,UM,f,UM09095,Control,0,,dead,1,652,,,15.6,19.9,,,,0,608.75,17.537037074074075,1.5499552617200671,-1.249737409791069,C2005|Rapa,True,True,C2005|UM09095
UM-HET3,C2005,UM,f,UM09102,Control,0,,dead,1,932,,,17.799999,25.9,,,,0,608.75,17.537037074074075,1.5499552617200671,0.1696577523367367,C2005|Rapa,True,True,C2005|UM09102
UM-HET3,C2005,UM,f,UM09109,Control,0,,dead,1,935,,,17.4,23.9,,,,0,608.75,17.537037074074075,1.5499552617200671,-0.08841356744839124,C2005|Rapa,True,True,C2005|UM09109
UM-HET3,C2005,UM,f,UM09445,Control,0,,dead,1,1082,,,16.299999,21.5,,,,0,608.75,17.537037074074075,1.5499552617200671,-0.7981121162821619,C2005|Rapa,True,True,C2005|UM09445
UM-HET3,C2005,UM,f,UM09452,Control,0,,dead,1,932,,,18.4,29.1,,,,0,608.75,17.537037074074075,1.5499552617200671,0.5567663449642078,C2005|Rapa,True,True,C2005|UM09452
UM-HET3,C2005,UM,f,UM09459,Control,0,,dead,1,855,,,18.5,26.1,,,,0,608.75,17.537037074074075,1.5499552617200671,0.6212843362054686,C2005|Rapa,True,True,C2005|UM09459
UM-HET3,C2005,UM,f,UM09466,Control,0,,dead,1,918,,,18.299999,28.6,,,,0,608.75,17.537037074074075,1.5499552617200671,0.49224770854303623,C2005|Rapa,True,True,C2005|UM09466
UM-HET3,C2005,UM,f,UM09634,Control,0,,dead,1,702,,,20.200001,24.799999,,,,0,608.75,17.537037074074075,1.5499552617200671,1.7180908324867996,C2005|Rapa,True,True,C2005|UM09634
UM-HET3,C2005,UM,f,UM09641,Control,0,,dead,1,802,,,18.6,28.6,,,,0,608.75,17.537037074074075,1.5499552617200671,0.6858023274467295,C2005|Rapa,True,True,C2005|UM09641
UM-HET3,C2005,UM,f,UM09648,Control,0,,dead,1,878,,,17.200001,21.4,,,,0,608.75,17.537037074074075,1.5499552617200671,-0.2174489047509975,C2005|Rapa,True,True,C2005|UM09648
UM-HET3,C2005,UM,f,UM09655,Control,0,,dead,1,817,,,19.700001,27.4,,,,0,608.75,17.537037074074075,1.5499552617200671,1.3955008762805001,C2005|Rapa,True,True,C2005|UM09655
UM-HET3,C2005,UM,f,UM10061,Control,0,,dead,1,946,,,16.700001,22.4,,,,0,608.75,17.537037074074075,1.5499552617200671,-0.540038860957297,C2005|Rapa,True,True,C2005|UM10061
UM-HET3,C2005,UM,f,UM10103,Control,0,,dead,1,782,,,20.0,28.5,,,,0,608.75,17.537037074074075,1.5499552617200671,1.5890542048243672,C2005|Rapa,True,True,C2005|UM10103
UM-HET3,C2005,UM,f,UM10110,Control,0,,dead,1,827,,,18.200001,24.9,,,,0,608.75,17.537037074074075,1.5499552617200671,0.42773100766160155,C2005|Rapa,True,True,C2005|UM10110
UM-HET3,C2005,UM,f,UM10117,Control,0,,dead,1,731,,,17.1,23.5,,,,0,608.75,17.537037074074075,1.5499552617200671,-0.28196754117216916,C2005|Rapa,True,True,C2005|UM10117
UM-HET3,C2005,UM,f,UM10124,Control,0,,dead,1,829,,,18.1,28.5,,,,0,608.75,17.537037074074075,1.5499552617200671,0.36321237124042993,C2005|Rapa,True,True,C2005|UM10124
UM-HET3,C2005,UM,f,UM10152,Control,0,,dead,1,864,,,16.799999,23.799999,,,,0,608.75,17.537037074074075,1.5499552617200671,-0.4755221600758624,C2005|Rapa,True,True,C2005|UM10152
UM-HET3,C2005,UM,f,UM10159,Control,0,,dead,1,1056,,,16.700001,24.1,,,,0,608.75,17.537037074074075,1.5499552617200671,-0.540038860957297,C2005|Rapa,True,True,C2005|UM10159
UM-HET3,C2005,UM,f,UM10166,Control,0,,dead,1,686,,,17.5,24.1,,,,0,608.75,17.537037074074075,1.5499552617200671,-0.02389557620713042,C2005|Rapa,True,True,C2005|UM10166
UM-HET3,C2005,UM,f,UM10173,Control,0,,dead,1,813,,,16.299999,31.5,,,,0,608.75,17.537037074074075,1.5499552617200671,-0.7981121162821619,C2005|Rapa,True,True,C2005|UM10173
UM-HET3,C2005,UM,f,UM10628,Control,0,,dead,1,924,,,17.6,32.5,,,,0,608.75,17.537037074074075,1.5499552617200671,0.0406224150341304,C2005|Rapa,True,True,C2005|UM10628
UM-HET3,C2005,UM,f,UM10635,Control,0,,dead,1,1082,,,20.0,35.299999,,,,0,608.75,17.537037074074075,1.5499552617200671,1.5890542048243672,C2005|Rapa,True,True,C2005|UM10635
UM-HET3,C2005,UM,f,UM10642,Control,0,,dead,1,996,,,17.299999,26.1,,,,0,608.75,17.537037074074075,1.5499552617200671,-0.15293220386956285,C2005|Rapa,True,True,C2005|UM10642
UM-HET3,C2005,UM,f,UM10649,Control,0,,dead,1,1114,,,18.5,28.5,,,,0,608.75,17.537037074074075,1.5499552617200671,0.6212843362054686,C2005|Rapa,True,True,C2005|UM10649
UM-HET3,C2005,UM,f,UM11118,Control,0,,dead,1,1125,,,19.0,34.5,,,,0,608.75,17.537037074074075,1.5499552617200671,0.9438742924117682,C2005|Rapa,True,True,C2005|UM11118
UM-HET3,C2005,UM,f,UM11125,Control,0,,dead,1,1066,,,17.4,30.0,,,,0,608.75,17.537037074074075,1.5499552617200671,-0.08841356744839124,C2005|Rapa,True,True,C2005|UM11125
UM-HET3,C2005,UM,f,UM11132,Control,0,,dead,1,723,,,18.6,28.799999,,,,0,608.75,17.537037074074075,1.5499552617200671,0.6858023274467295,C2005|Rapa,True,True,C2005|UM11132
UM-HET3,C2005,UM,f,UM11139,Control,0,,dead,1,1023,,,17.200001,26.700001,,,,0,608.75,17.537037074074075,1.5499552617200671,-0.2174489047509975,C2005|Rapa,True,True,C2005|UM11139
UM-HET3,C2005,UM,f,UM11230,Control,0,,dead,1,1149,,,18.0,26.0,,,,0,608.75,17.537037074074075,1.5499552617200671,0.29869437999916915,C2005|Rapa,True,True,C2005|UM11230
UM-HET3,C2005,UM,f,UM11237,Control,0,,dead,1,942,,,19.1,33.299999,,,,0,608.75,17.537037074074075,1.5499552617200671,1.008392283653029,C2005|Rapa,True,True,C2005|UM11237
UM-HET3,C2005,UM,f,UM11244,Control,0,,dead,1,1132,,,18.1,29.200001,,,,0,608.75,17.537037074074075,1.5499552617200671,0.36321237124042993,C2005|Rapa,True,True,C2005|UM11244
UM-HET3,C2005,UM,f,UM11251,Control,0,,dead,1,721,,,16.9,22.4,,,,0,608.75,17.537037074074075,1.5499552617200671,-0.4110035236546908,C2005|Rapa,True,True,C2005|UM11251
UM-HET3,C2005,UM,f,UM11265,Control,0,,dead,1,818,,,19.299999,28.1,,,,0,608.75,17.537037074074075,1.5499552617200671,1.1374276209556353,C2005|Rapa,True,True,C2005|UM11265
UM-HET3,C2005,UM,f,UM11272,Control,0,,dead,1,1013,,,16.799999,26.200001,,,,0,608.75,17.537037074074075,1.5499552617200671,-0.4755221600758624,C2005|Rapa,True,True,C2005|UM11272
UM-HET3,C2005,UM,f,UM11412,Control,0,,dead,1,1230,,,20.0,27.299999,,,,0,608.75,17.537037074074075,1.5499552617200671,1.5890542048243672,C2005|Rapa,True,True,C2005|UM11412
UM-HET3,C2005,UM,f,UM11419,Control,0,,dead,1,712,,,17.5,24.5,,,,0,608.75,17.537037074074075,1.5499552617200671,-0.02389557620713042,C2005|Rapa,True,True,C2005|UM11419
UM-HET3,C2005,UM,f,UM11426,Control,0,,dead,1,1091,,,19.1,29.799999,,,,0,608.75,17.537037074074075,1.5499552617200671,1.008392283653029,C2005|Rapa,True,True,C2005|UM11426
UM-HET3,C2005,UM,f,UM11433,Control,0,,dead,1,722,,,18.299999,26.1,,,,0,608.75,17.537037074074075,1.5499552617200671,0.49224770854303623,C2005|Rapa,True,True,C2005|UM11433
UM-HET3,C2005,UM,f,UM11699,Control,0,,dead,1,610,,,16.1,29.4,,,,0,608.75,17.537037074074075,1.5499552617200671,-0.9271474535847682,C2005|Rapa,True,True,C2005|UM11699
UM-HET3,C2005,UM,f,UM11706,Control,0,,dead,1,910,,,16.5,27.5,,,,0,608.75,17.537037074074075,1.5499552617200671,-0.6690754886197295,C2005|Rapa,True,True,C2005|UM11706
UM-HET3,C2005,UM,f,UM11713,Control,0,,dead,1,809,,,15.9,34.299999,,,,0,608.75,17.537037074074075,1.5499552617200671,-1.0561834360672888,C2005|Rapa,True,True,C2005|UM11713
UM-HET3,C2005,UM,f,UM11811,Control,0,,dead,1,967,,,18.5,30.9,,,,0,608.75,17.537037074074075,1.5499552617200671,0.6212843362054686,C2005|Rapa,True,True,C2005|UM11811
UM-HET3,C2005,UM,f,UM11818,Control,0,,dead,1,1036,,,14.4,23.9,,,,0,608.75,17.537037074074075,1.5499552617200671,-2.0239533046861875,C2005|Rapa,True,True,C2005|UM11818
UM-HET3,C2005,UM,f,UM11825,Control,0,,dead,1,1018,,,16.1,36.200001,,,,0,608.75,17.537037074074075,1.5499552617200671,-0.9271474535847682,C2005|Rapa,True,True,C2005|UM11825
UM-HET3,C2005,UM,f,UM11832,Control,0,,dead,1,752,,,14.6,25.9,,,,0,608.75,17.537037074074075,1.5499552617200671,-1.894917322203668,C2005|Rapa,True,True,C2005|UM11832
UM-HET3,C2005,UM,f,UM11937,Control,0,,dead,1,1056,,,19.299999,31.0,,,,0,608.75,17.537037074074075,1.5499552617200671,1.1374276209556353,C2005|Rapa,True,True,C2005|UM11937
UM-HET3,C2005,UM,f,UM11944,Control,0,,dead,1,697,,,21.5,33.900002,,,,0,608.75,17.537037074074075,1.5499552617200671,2.556824073443266,C2005|Rapa,True,True,C2005|UM11944
UM-HET3,C2005,UM,f,UM11951,Control,0,,dead,1,782,,,20.4,26.0,,,,0,608.75,17.537037074074075,1.5499552617200671,1.847126169789406,C2005|Rapa,True,True,C2005|UM11951
UM-HET3,C2005,UM,f,UM11958,Control,0,,dead,1,630,,,20.700001,30.200001,,,,0,608.75,17.537037074074075,1.5499552617200671,2.0406807886930993,C2005|Rapa,True,True,C2005|UM11958
UM-HET3,C2005,UM,f,UM11993,Control,0,,dead,1,1144,,,17.9,25.1,,,,0,608.75,17.537037074074075,1.5499552617200671,0.2341763887579083,C2005|Rapa,True,True,C2005|UM11993
UM-HET3,C2005,UM,f,UM12000,Control,0,,dead,1,1248,,,14.9,20.299999,,,,0,608.75,17.537037074074075,1.5499552617200671,-1.7013633484798878,C2005|Rapa,True,True,C2005|UM12000
UM-HET3,C2005,UM,f,UM12105,Control,0,,dead,1,891,,,17.0,23.1,,,,0,608.75,17.537037074074075,1.5499552617200671,-0.34648553241342994,C2005|Rapa,True,True,C2005|UM12105
UM-HET3,C2005,UM,f,UM12112,Control,0,,dead,1,678,,,18.200001,25.1,,,,0,608.75,17.537037074074075,1.5499552617200671,0.42773100766160155,C2005|Rapa,True,True,C2005|UM12112
UM-HET3,C2005,UM,f,UM12119,Control,0,,dead,1,833,,,17.299999,26.6,,,,0,608.75,17.537037074074075,1.5499552617200671,-0.15293220386956285,C2005|Rapa,True,True,C2005|UM12119
UM-HET3,C2005,UM,f,UM12126,Control,0,,dead,1,939,,,16.1,27.200001,,,,0,608.75,17.537037074074075,1.5499552617200671,-0.9271474535847682,C2005|Rapa,True,True,C2005|UM12126
UM-HET3,C2005,UM,f,UM12133,Control,0,,dead,1,1063,,,17.1,26.0,,,,0,608.75,17.537037074074075,1.5499552617200671,-0.28196754117216916,C2005|Rapa,True,True,C2005|UM12133
UM-HET3,C2005,UM,f,UM12147,Control,0,,dead,1,1016,,,17.799999,23.799999,,,,0,608.75,17.537037074074075,1.5499552617200671,0.1696577523367367,C2005|Rapa,True,True,C2005|UM12147
UM-HET3,C2005,UM,f,UM12154,Control,0,,dead,1,1149,,,18.200001,24.4,,,,0,608.75,17.537037074074075,1.5499552617200671,0.42773100766160155,C2005|Rapa,True,True,C2005|UM12154
UM-HET3,C2005,UM,f,UM12385,Control,0,,dead,1,831,,,16.5,22.9,,,,0,608.75,17.537037074074075,1.5499552617200671,-0.6690754886197295,C2005|Rapa,True,True,C2005|UM12385
UM-HET3,C2005,UM,f,UM12392,Control,0,,dead,1,697,,,15.8,21.700001,,,,0,608.75,17.537037074074075,1.5499552617200671,-1.1207014273085485,C2005|Rapa,True,True,C2005|UM12392
UM-HET3,C2005,UM,f,UM12399,Control,0,,dead,1,799,,,18.4,26.6,,,,0,608.75,17.537037074074075,1.5499552617200671,0.5567663449642078,C2005|Rapa,True,True,C2005|UM12399
UM-HET3,C2005,UM,f,UM12406,Control,0,,dead,1,994,,,15.4,24.6,,,,0,608.75,17.537037074074075,1.5499552617200671,-1.3787733922735883,C2005|Rapa,True,True,C2005|UM12406
UM-HET3,C2005,UM,f,UM12560,Control,0,,dead,1,891,,,18.200001,31.200001,,,,0,608.75,17.537037074074075,1.5499552617200671,0.42773100766160155,C2005|Rapa,True,True,C2005|UM12560
UM-HET3,C2005,UM,f,UM12567,Control,0,,dead,1,899,,,19.299999,31.700001,,,,0,608.75,17.537037074074075,1.5499552617200671,1.1374276209556353,C2005|Rapa,True,True,C2005|UM12567
UM-HET3,C2005,UM,f,UM12574,Control,0,,dead,1,1094,,,15.5,21.200001,,,,0,608.75,17.537037074074075,1.5499552617200671,-1.3142554010323286,C2005|Rapa,True,True,C2005|UM12574
UM-HET3,C2005,UM,f,UM12581,Control,0,,dead,1,772,,,16.700001,28.799999,,,,0,608.75,17.537037074074075,1.5499552617200671,-0.540038860957297,C2005|Rapa,True,True,C2005|UM12581
UM-HET3,C2005,UM,m,UM08031,Control,0,,dead,1,1044,,,21.0,36.200001,,,,0,608.75,21.949411847058823,1.7015136024270006,-0.5579807564891653,C2005|Rapa,True,True,C2005|UM08031
UM-HET3,C2005,UM,m,UM08045,Control,0,,dead,1,931,,,21.6,42.0,,,,0,608.75,21.949411847058823,1.7015136024270006,-0.20535354319849577,C2005|Rapa,True,True,C2005|UM08045
UM-HET3,C2005,UM,m,UM08248,Control,0,,dead,1,691,,,22.200001,37.200001,,,,0,608.75,21.949411847058823,1.7015136024270006,0.14727425780419443,C2005|Rapa,True,True,C2005|UM08248
UM-HET3,C2005,UM,m,UM08255,Control,0,,dead,1,1018,,,22.200001,35.099998,,,,0,608.75,21.949411847058823,1.7015136024270006,0.14727425780419443,C2005|Rapa,True,True,C2005|UM08255
UM-HET3,C2005,UM,m,UM08262,Control,0,,dead,1,1015,,,22.6,41.299999,,,,0,608.75,21.949411847058823,1.7015136024270006,0.38235847895261876,C2005|Rapa,True,True,C2005|UM08262
UM-HET3,C2005,UM,m,UM08318,Control,0,,dead,1,1068,,,21.700001,41.5,,,,0,608.75,21.949411847058823,1.7015136024270006,-0.14658175327136283,C2005|Rapa,True,True,C2005|UM08318
UM-HET3,C2005,UM,m,UM08325,Control,0,,dead,1,1078,,,22.299999,39.299999,,,,0,608.75,21.949411847058823,1.7015136024270006,0.20604428459526122,C2005|Rapa,True,True,C2005|UM08325
UM-HET3,C2005,UM,m,UM08332,Control,0,,dead,1,1026,,,22.5,39.5,,,,0,608.75,21.949411847058823,1.7015136024270006,0.3235872767375064,C2005|Rapa,True,True,C2005|UM08332
UM-HET3,C2005,UM,m,UM08339,Control,0,,dead,1,1303,,,18.799999,32.700001,,,,0,608.75,21.949411847058823,1.7015136024270006,-1.8509477929336395,C2005|Rapa,True,True,C2005|UM08339
UM-HET3,C2005,UM,m,UM08346,Control,0,,dead,1,717,,,17.700001,33.700001,,,,0,608.75,21.949411847058823,1.7015136024270006,-2.497429841875821,C2005|Rapa,True,True,C2005|UM08346
UM-HET3,C2005,UM,m,UM08353,Control,0,,dead,1,879,,,20.6,41.900002,,,,0,608.75,21.949411847058823,1.7015136024270006,-0.7930655653496103,C2005|Rapa,True,True,C2005|UM08353
UM-HET3,C2005,UM,m,UM08402,Control,0,,dead,1,1058,,,20.4,34.5,,,,0,608.75,21.949411847058823,1.7015136024270006,-0.9106079697798348,C2005|Rapa,True,True,C2005|UM08402
UM-HET3,C2005,UM,m,UM08584,Control,0,,dead,1,1100,,,21.6,28.1,,,,0,608.75,21.949411847058823,1.7015136024270006,-0.20535354319849577,C2005|Rapa,True,True,C2005|UM08584
UM-HET3,C2005,UM,m,UM08647,Control,0,,dead,1,1023,,,20.200001,33.900002,,,,0,608.75,21.949411847058823,1.7015136024270006,-1.0281497864980347,C2005|Rapa,True,True,C2005|UM08647
UM-HET3,C2005,UM,m,UM08654,Control,0,,dead,1,679,,,21.700001,38.900002,,,,0,608.75,21.949411847058823,1.7015136024270006,-0.14658175327136283,C2005|Rapa,True,True,C2005|UM08654
UM-HET3,C2005,UM,m,UM08661,Control,0,,dead,1,1039,,,21.799999,38.700001,,,,0,608.75,21.949411847058823,1.7015136024270006,-0.08781172648029605,C2005|Rapa,True,True,C2005|UM08661
UM-HET3,C2005,UM,m,UM08668,Control,0,,dead,1,1091,,,21.9,37.099998,,,,0,608.75,21.949411847058823,1.7015136024270006,-0.02903993655316309,C2005|Rapa,True,True,C2005|UM08668
UM-HET3,C2005,UM,m,UM08675,Control,0,,dead,1,655,,,23.5,47.0,,,,0,608.75,21.949411847058823,1.7015136024270006,0.9112992988886209,C2005|Rapa,True,True,C2005|UM08675
UM-HET3,C2005,UM,m,UM08682,Control,0,,dead,1,1014,,,22.4,32.299999,,,,0,608.75,21.949411847058823,1.7015136024270006,0.26481607452239414,C2005|Rapa,True,True,C2005|UM08682
UM-HET3,C2005,UM,m,UM08885,Control,0,,dead,1,999,,,21.799999,40.299999,,,,0,608.75,21.949411847058823,1.7015136024270006,-0.08781172648029605,C2005|Rapa,True,True,C2005|UM08885
UM-HET3,C2005,UM,m,UM08892,Control,0,,dead,1,1195,,,22.6,35.900002,,,,0,608.75,21.949411847058823,1.7015136024270006,0.38235847895261876,C2005|Rapa,True,True,C2005|UM08892
UM-HET3,C2005,UM,m,UM08899,Control,0,,dead,1,1177,,,22.200001,30.299999,,,,0,608.75,21.949411847058823,1.7015136024270006,0.14727425780419443,C2005|Rapa,True,True,C2005|UM08899
UM-HET3,C2005,UM,m,UM08906,Control,0,,dead,1,1249,,,21.799999,33.099998,,,,0,608.75,21.949411847058823,1.7015136024270006,-0.08781172648029605,C2005|Rapa,True,True,C2005|UM08906
UM-HET3,C2005,UM,m,UM08913,Control,0,,dead,1,843,,,28.200001,47.200001,,,,0,608.75,21.949411847058823,1.7015136024270006,3.6735463907108814,C2005|Rapa,True,True,C2005|UM08913
UM-HET3,C2005,UM,m,UM08920,Control,0,,dead,1,1177,,,23.6,34.299999,,,,0,608.75,21.949411847058823,1.7015136024270006,0.9700705011037333,C2005|Rapa,True,True,C2005|UM08920
UM-HET3,C2005,UM,m,UM08927,Control,0,,dead,1,957,,,22.700001,34.099998,,,,0,608.75,21.949411847058823,1.7015136024270006,0.4411302688797517,C2005|Rapa,True,True,C2005|UM08927
UM-HET3,C2005,UM,m,UM08934,Control,0,,dead,1,929,,,21.799999,30.0,,,,0,608.75,21.949411847058823,1.7015136024270006,-0.08781172648029605,C2005|Rapa,True,True,C2005|UM08934
UM-HET3,C2005,UM,m,UM08941,Control,0,,dead,1,961,,,22.200001,35.299999,,,,0,608.75,21.949411847058823,1.7015136024270006,0.14727425780419443,C2005|Rapa,True,True,C2005|UM08941
UM-HET3,C2005,UM,m,UM09151,Control,0,,dead,1,1016,,,21.9,31.9,,,,0,608.75,21.949411847058823,1.7015136024270006,-0.02903993655316309,C2005|Rapa,True,True,C2005|UM09151
UM-HET3,C2005,UM,m,UM09158,Control,0,,dead,1,647,,,22.5,30.6,,,,0,608.75,21.949411847058823,1.7015136024270006,0.3235872767375064,C2005|Rapa,True,True,C2005|UM09158
UM-HET3,C2005,UM,m,UM09165,Control,0,,dead,1,1052,,,22.4,29.700001,,,,0,608.75,21.949411847058823,1.7015136024270006,0.26481607452239414,C2005|Rapa,True,True,C2005|UM09165
UM-HET3,C2005,UM,m,UM09193,Control,0,,dead,1,927,,,20.799999,28.4,,,,0,608.75,21.949411847058823,1.7015136024270006,-0.6755237486314105,C2005|Rapa,True,True,C2005|UM09193
UM-HET3,C2005,UM,m,UM09207,Control,0,,dead,1,822,,,22.5,36.900002,,,,0,608.75,21.949411847058823,1.7015136024270006,0.3235872767375064,C2005|Rapa,True,True,C2005|UM09207
UM-HET3,C2005,UM,m,UM09725,Control,0,,dead,1,850,,,22.5,34.599998,,,,0,608.75,21.949411847058823,1.7015136024270006,0.3235872767375064,C2005|Rapa,True,True,C2005|UM09725
UM-HET3,C2005,UM,m,UM09732,Control,0,,dead,1,1020,,,20.6,29.700001,,,,0,608.75,21.949411847058823,1.7015136024270006,-0.7930655653496103,C2005|Rapa,True,True,C2005|UM09732
UM-HET3,C2005,UM,m,UM09739,Control,0,,dead,1,1148,,,23.9,38.299999,,,,0,608.75,21.949411847058823,1.7015136024270006,1.146384107749066,C2005|Rapa,True,True,C2005|UM09739
UM-HET3,C2005,UM,m,UM09746,Control,0,,dead,1,748,,,21.799999,39.900002,,,,0,608.75,21.949411847058823,1.7015136024270006,-0.08781172648029605,C2005|Rapa,True,True,C2005|UM09746
UM-HET3,C2005,UM,m,UM09753,Control,0,,dead,1,987,,,23.0,34.900002,,,,0,608.75,21.949411847058823,1.7015136024270006,0.6174432878130637,C2005|Rapa,True,True,C2005|UM09753
UM-HET3,C2005,UM,m,UM09760,Control,0,,dead,1,1155,,,23.299999,36.5,,,,0,608.75,21.949411847058823,1.7015136024270006,0.7937563067463758,C2005|Rapa,True,True,C2005|UM09760
UM-HET3,C2005,UM,m,UM09865,Control,0,,dead,1,978,,,21.1,32.299999,,,,0,608.75,21.949411847058823,1.7015136024270006,-0.499209554274053,C2005|Rapa,True,True,C2005|UM09865
UM-HET3,C2005,UM,m,UM09872,Control,0,,dead,1,1111,,,26.700001,39.299999,,,,0,608.75,21.949411847058823,1.7015136024270006,2.7919783574842096,C2005|Rapa,True,True,C2005|UM09872
UM-HET3,C2005,UM,m,UM09879,Control,0,,dead,1,1212,,,23.0,33.5,,,,0,608.75,21.949411847058823,1.7015136024270006,0.6174432878130637,C2005|Rapa,True,True,C2005|UM09879
UM-HET3,C2005,UM,m,UM09942,Control,0,,dead,1,1170,,,22.5,36.099998,,,,0,608.75,21.949411847058823,1.7015136024270006,0.3235872767375064,C2005|Rapa,True,True,C2005|UM09942
UM-HET3,C2005,UM,m,UM09949,Control,0,,dead,1,865,,,19.9,31.9,,,,0,608.75,21.949411847058823,1.7015136024270006,-1.204463980855392,C2005|Rapa,True,True,C2005|UM09949
UM-HET3,C2005,UM,m,UM09956,Control,0,,dead,1,652,,,22.6,31.299999,,,,0,608.75,21.949411847058823,1.7015136024270006,0.38235847895261876,C2005|Rapa,True,True,C2005|UM09956
UM-HET3,C2005,UM,m,UM09963,Control,0,,dead,1,1055,,,20.0,31.4,,,,0,608.75,21.949411847058823,1.7015136024270006,-1.1456927786402797,C2005|Rapa,True,True,C2005|UM09963
UM-HET3,C2005,UM,m,UM09970,Control,0,,dead,1,642,,,22.1,41.099998,,,,0,608.75,21.949411847058823,1.7015136024270006,0.08850246787706148,C2005|Rapa,True,True,C2005|UM09970
UM-HET3,C2005,UM,m,UM09977,Control,0,,dead,1,952,,,21.9,36.200001,,,,0,608.75,21.949411847058823,1.7015136024270006,-0.02903993655316309,C2005|Rapa,True,True,C2005|UM09977
UM-HET3,C2005,UM,m,UM10005,Control,0,,dead,1,710,,,21.200001,32.900002,,,,0,608.75,21.949411847058823,1.7015136024270006,-0.44043776434692006,C2005|Rapa,True,True,C2005|UM10005
UM-HET3,C2005,UM,m,UM10012,Control,0,,dead,1,899,,,18.700001,34.400002,,,,0,608.75,21.949411847058823,1.7015136024270006,-1.9097178197247064,C2005|Rapa,True,True,C2005|UM10012
UM-HET3,C2005,UM,m,UM10019,Control,0,,dead,1,794,,,23.299999,41.0,,,,0,608.75,21.949411847058823,1.7015136024270006,0.7937563067463758,C2005|Rapa,True,True,C2005|UM10019
UM-HET3,C2005,UM,m,UM10999,Control,0,,dead,1,754,,,23.5,36.099998,,,,0,608.75,21.949411847058823,1.7015136024270006,0.9112992988886209,C2005|Rapa,True,True,C2005|UM10999
UM-HET3,C2005,UM,m,UM11006,Control,0,,dead,1,856,,,20.299999,31.200001,,,,0,608.75,21.949411847058823,1.7015136024270006,-0.9693797597069678,C2005|Rapa,True,True,C2005|UM11006
UM-HET3,C2005,UM,m,UM11013,Control,0,,dead,1,1102,,,21.4,37.700001,,,,0,608.75,21.949411847058823,1.7015136024270006,-0.32289594762872037,C2005|Rapa,True,True,C2005|UM11013
UM-HET3,C2005,UM,m,UM11146,Control,0,,dead,1,827,,,21.299999,34.0,,,,0,608.75,21.949411847058823,1.7015136024270006,-0.3816677375558533,C2005|Rapa,True,True,C2005|UM11146
UM-HET3,C2005,UM,m,UM11153,Control,0,,dead,1,723,,,18.9,32.5,,,,0,608.75,21.949411847058823,1.7015136024270006,-1.7921760030065066,C2005|Rapa,True,True,C2005|UM11153
UM-HET3,C2005,UM,m,UM11160,Control,0,,dead,1,832,,,21.6,30.0,,,,0,608.75,21.949411847058823,1.7015136024270006,-0.20535354319849577,C2005|Rapa,True,True,C2005|UM11160
UM-HET3,C2005,UM,m,UM11307,Control,0,,dead,1,975,,,20.299999,32.0,,,,0,608.75,21.949411847058823,1.7015136024270006,-0.9693797597069678,C2005|Rapa,True,True,C2005|UM11307
UM-HET3,C2005,UM,m,UM11440,Control,0,,dead,1,998,,,22.700001,42.299999,,,,0,608.75,21.949411847058823,1.7015136024270006,0.4411302688797517,C2005|Rapa,True,True,C2005|UM11440
UM-HET3,C2005,UM,m,UM11454,Control,0,,dead,1,1050,,,22.5,34.0,,,,0,608.75,21.949411847058823,1.7015136024270006,0.3235872767375064,C2005|Rapa,True,True,C2005|UM11454
UM-HET3,C2005,UM,m,UM11790,Control,0,,dead,1,891,,,22.4,42.0,,,,0,608.75,21.949411847058823,1.7015136024270006,0.26481607452239414,C2005|Rapa,True,True,C2005|UM11790
UM-HET3,C2005,UM,m,UM11804,Control,0,,dead,1,836,,,22.4,39.0,,,,0,608.75,21.949411847058823,1.7015136024270006,0.26481607452239414,C2005|Rapa,True,True,C2005|UM11804
UM-HET3,C2005,UM,m,UM11916,Control,0,,dead,1,665,,,25.6,40.799999,,,,0,608.75,21.949411847058823,1.7015136024270006,2.1454945454059624,C2005|Rapa,True,True,C2005|UM11916
UM-HET3,C2005,UM,m,UM11923,Control,0,,dead,1,1152,,,22.5,37.0,,,,0,608.75,21.949411847058823,1.7015136024270006,0.3235872767375064,C2005|Rapa,True,True,C2005|UM11923
UM-HET3,C2005,UM,m,UM12042,Control,0,,dead,1,1022,,,19.700001,29.0,,,,0,608.75,21.949411847058823,1.7015136024270006,-1.322005797573592,C2005|Rapa,True,True,C2005|UM12042
UM-HET3,C2005,UM,m,UM12049,Control,0,,dead,1,670,,,23.6,40.799999,,,,0,608.75,21.949411847058823,1.7015136024270006,0.9700705011037333,C2005|Rapa,True,True,C2005|UM12049
UM-HET3,C2005,UM,m,UM12056,Control,0,,dead,1,687,,,21.200001,31.299999,,,,0,608.75,21.949411847058823,1.7015136024270006,-0.44043776434692006,C2005|Rapa,True,True,C2005|UM12056
UM-HET3,C2005,UM,m,UM12434,Control,0,,dead,1,1120,,,19.9,34.700001,,,,0,608.75,21.949411847058823,1.7015136024270006,-1.204463980855392,C2005|Rapa,True,True,C2005|UM12434
UM-HET3,C2005,UM,m,UM12441,Control,0,,dead,1,1273,,,22.700001,31.0,,,,0,608.75,21.949411847058823,1.7015136024270006,0.4411302688797517,C2005|Rapa,True,True,C2005|UM12441
UM-HET3,C2005,UM,m,UM12448,Control,0,,dead,1,1049,,,17.200001,23.6,,,,0,608.75,21.949411847058823,1.7015136024270006,-2.791285852951378,C2005|Rapa,True,True,C2005|UM12448
UM-HET3,C2005,UM,m,UM12539,Control,0,,dead,1,971,,,19.0,34.0,,,,0,608.75,21.949411847058823,1.7015136024270006,-1.7334048007913943,C2005|Rapa,True,True,C2005|UM12539
UM-HET3,C2005,UM,m,UM12553,Control,0,,dead,1,923,,,23.4,44.0,,,,0,608.75,21.949411847058823,1.7015136024270006,0.8525280966735087,C2005|Rapa,True,True,C2005|UM12553
UM-HET3,C2005,UM,m,UM12616,Control,0,,dead,1,1141,,,23.5,34.799999,,,,0,608.75,21.949411847058823,1.7015136024270006,0.9112992988886209,C2005|Rapa,True,True,C2005|UM12616
UM-HET3,C2005,UM,m,UM12623,Control,0,,dead,1,647,,,22.0,37.099998,,,,0,608.75,21.949411847058823,1.7015136024270006,0.029731265661949193,C2005|Rapa,True,True,C2005|UM12623
UM-HET3,C2005,UM,m,UM12630,Control,0,,dead,1,944,,,23.1,35.400002,,,,0,608.75,21.949411847058823,1.7015136024270006,0.676214490028176,C2005|Rapa,True,True,C2005|UM12630
UM-HET3,C2005,UM,m,UM12637,Control,0,,dead,1,869,,,21.5,34.700001,,,,0,608.75,21.949411847058823,1.7015136024270006,-0.2641247454136081,C2005|Rapa,True,True,C2005|UM12637
UM-HET3,C2005,UM,m,UM12644,Control,0,,dead,1,1113,,,22.700001,41.700001,,,,0,608.75,21.949411847058823,1.7015136024270006,0.4411302688797517,C2005|Rapa,True,True,C2005|UM12644
UM-HET3,C2005,UM,m,UM12735,Control,0,,dead,1,1000,,,21.5,37.0,,,,0,608.75,21.949411847058823,1.7015136024270006,-0.2641247454136081,C2005|Rapa,True,True,C2005|UM12735
UM-HET3,C2005,UM,m,UM12784,Control,0,,dead,1,1067,,,23.299999,32.799999,,,,0,608.75,21.949411847058823,1.7015136024270006,0.7937563067463758,C2005|Rapa,True,True,C2005|UM12784
UM-HET3,C2005,UM,m,UM12791,Control,0,,dead,1,1063,,,21.6,37.599998,,,,0,608.75,21.949411847058823,1.7015136024270006,-0.20535354319849577,C2005|Rapa,True,True,C2005|UM12791
UM-HET3,C2005,UM,m,UM12826,Control,0,,dead,1,612,,,21.700001,40.0,,,,0,608.75,21.949411847058823,1.7015136024270006,-0.14658175327136283,C2005|Rapa,True,True,C2005|UM12826
UM-HET3,C2005,UM,m,UM12840,Control,0,,dead,1,912,,,20.6,33.400002,,,,0,608.75,21.949411847058823,1.7015136024270006,-0.7930655653496103,C2005|Rapa,True,True,C2005|UM12840
UM-HET3,C2005,UM,m,UM12917,Control,0,,dead,1,673,,,21.1,35.099998,,,,0,608.75,21.949411847058823,1.7015136024270006,-0.499209554274053,C2005|Rapa,True,True,C2005|UM12917
UM-HET3,C2005,UM,m,UM12952,Control,0,,dead,1,964,,,24.200001,40.299999,,,,0,608.75,21.949411847058823,1.7015136024270006,1.3226983021064234,C2005|Rapa,True,True,C2005|UM12952
UM-HET3,C2005,UM,m,UM12959,Control,0,,dead,1,965,,,25.0,42.799999,,,,0,608.75,21.949411847058823,1.7015136024270006,1.7928673321152928,C2005|Rapa,True,True,C2005|UM12959
UM-HET3,C2005,UT,f,UT01000,Control,0,,dead,1,895,,,15.7,24.5,38.0,121.0,2.0,0,608.75,16.675342397260277,1.4908778537781364,-0.6542067780996244,C2005|Rapa,True,True,C2005|UT01000
UM-HET3,C2005,UT,f,UT01003,Control,0,,dead,1,927,,,16.4,25.9,34.700001,121.0,2.0,0,608.75,16.675342397260277,1.4908778537781364,-0.18468474567686013,C2005|Rapa,True,True,C2005|UT01003
UM-HET3,C2005,UT,f,UT01023,Control,0,,dead,1,835,,,16.299999,32.200001,42.900002,136.0,2.0,0,608.75,16.675342397260277,1.4908778537781364,-0.25175999248301495,C2005|Rapa,True,True,C2005|UT01023
UM-HET3,C2005,UT,f,UT01024,Control,0,,dead,1,1152,,,17.5,26.6,36.599998,136.0,2.0,0,608.75,16.675342397260277,1.4908778537781364,0.5531355909874853,C2005|Rapa,True,True,C2005|UT01024
UM-HET3,C2005,UT,f,UT01025,Control,0,,dead,1,830,,,16.299999,26.200001,33.400002,136.0,2.0,0,608.75,16.675342397260277,1.4908778537781364,-0.25175999248301495,C2005|Rapa,True,True,C2005|UT01025
UM-HET3,C2005,UT,f,UT01026,Control,0,,dead,1,822,,,16.1,26.5,33.299999,136.0,2.0,0,608.75,16.675342397260277,1.4908778537781364,-0.3859084738580431,C2005|Rapa,True,True,C2005|UT01026
UM-HET3,C2005,UT,f,UT01027,Control,0,,dead,1,961,,,17.799999,29.799999,42.799999,136.0,2.0,0,608.75,16.675342397260277,1.4908778537781364,0.7543586484229093,C2005|Rapa,True,True,C2005|UT01027
UM-HET3,C2005,UT,f,UT01028,Control,0,,dead,1,880,,,18.6,32.599998,42.700001,136.0,2.0,0,608.75,16.675342397260277,1.4908778537781364,1.2909559276518308,C2005|Rapa,True,True,C2005|UT01028
UM-HET3,C2005,UT,f,UT01029,Control,0,,dead,1,936,,,18.5,31.5,40.799999,136.0,2.0,0,608.75,16.675342397260277,1.4908778537781364,1.2238813515914349,C2005|Rapa,True,True,C2005|UT01029
UM-HET3,C2005,UT,f,UT01030,Control,0,,dead,1,1089,,,16.299999,28.700001,38.200001,136.0,2.0,0,608.75,16.675342397260277,1.4908778537781364,-0.25175999248301495,C2005|Rapa,True,True,C2005|UT01030
UM-HET3,C2005,UT,f,UT01146,Control,0,,dead,1,625,,,16.799999,29.0,39.200001,149.0,3.0,0,608.75,16.675342397260277,1.4908778537781364,0.08361288781895981,C2005|Rapa,True,True,C2005|UT01146
UM-HET3,C2005,UT,f,UT01147,Control,0,,dead,1,1009,,,17.0,33.799999,48.400002,149.0,3.0,0,608.75,16.675342397260277,1.4908778537781364,0.21776271068551054,C2005|Rapa,True,True,C2005|UT01147
UM-HET3,C2005,UT,f,UT01148,Control,0,,dead,1,748,,,18.4,33.599998,42.799999,149.0,3.0,0,608.75,16.675342397260277,1.4908778537781364,1.156806775531039,C2005|Rapa,True,True,C2005|UT01148
UM-HET3,C2005,UT,f,UT01149,Control,0,,dead,1,859,,,19.0,28.1,36.099998,149.0,3.0,0,608.75,16.675342397260277,1.4908778537781364,1.5592542318934097,C2005|Rapa,True,True,C2005|UT01149
UM-HET3,C2005,UT,f,UT01222,Control,0,,dead,1,912,,,17.5,25.4,38.299999,166.0,4.0,0,608.75,16.675342397260277,1.4908778537781364,0.5531355909874853,C2005|Rapa,True,True,C2005|UT01222
UM-HET3,C2005,UT,f,UT01223,Control,0,,dead,1,912,,,17.299999,29.5,40.900002,166.0,4.0,0,608.75,16.675342397260277,1.4908778537781364,0.4189857681209346,C2005|Rapa,True,True,C2005|UT01223
UM-HET3,C2005,UT,f,UT01224,Control,0,,dead,1,1160,,,16.5,27.799999,31.799999,166.0,4.0,0,608.75,16.675342397260277,1.4908778537781364,-0.11761016961646423,C2005|Rapa,True,True,C2005|UT01224
UM-HET3,C2005,UT,f,UT01225,Control,0,,dead,1,815,,,16.799999,23.9,41.400002,166.0,4.0,0,608.75,16.675342397260277,1.4908778537781364,0.08361288781895981,C2005|Rapa,True,True,C2005|UT01225
UM-HET3,C2005,UT,f,UT01235,Control,0,,dead,1,982,,,15.1,23.4,37.799999,168.0,4.0,0,608.75,16.675342397260277,1.4908778537781364,-1.0566542344619938,C2005|Rapa,True,True,C2005|UT01235
UM-HET3,C2005,UT,f,UT01236,Control,0,,dead,1,751,,,17.5,40.200001,54.599998,168.0,4.0,0,608.75,16.675342397260277,1.4908778537781364,0.5531355909874853,C2005|Rapa,True,True,C2005|UT01236
UM-HET3,C2005,UT,f,UT01237,Control,0,,dead,1,1145,,,17.200001,24.200001,30.6,168.0,4.0,0,608.75,16.675342397260277,1.4908778537781364,0.35191253355206126,C2005|Rapa,True,True,C2005|UT01237
UM-HET3,C2005,UT,f,UT01238,Control,0,,dead,1,753,,,18.299999,33.099998,43.900002,168.0,4.0,0,608.75,16.675342397260277,1.4908778537781364,1.089731528724884,C2005|Rapa,True,True,C2005|UT01238
UM-HET3,C2005,UT,f,UT01273,Control,0,,dead,1,790,,,17.6,32.299999,42.799999,173.0,4.0,0,608.75,16.675342397260277,1.4908778537781364,0.6202101670478812,C2005|Rapa,True,True,C2005|UT01273
UM-HET3,C2005,UT,f,UT01274,Control,0,,dead,1,863,,,16.9,36.200001,46.0,173.0,4.0,0,608.75,16.675342397260277,1.4908778537781364,0.15068813462511463,C2005|Rapa,True,True,C2005|UT01274
UM-HET3,C2005,UT,f,UT01275,Control,0,,dead,1,928,,,21.1,37.700001,47.5,173.0,4.0,0,608.75,16.675342397260277,1.4908778537781364,2.9678203291617047,C2005|Rapa,True,True,C2005|UT01275
UM-HET3,C2005,UT,f,UT01276,Control,0,,dead,1,940,,,15.8,31.4,42.599998,173.0,4.0,0,608.75,16.675342397260277,1.4908778537781364,-0.5871322020392284,C2005|Rapa,True,True,C2005|UT01276
UM-HET3,C2005,UT,f,UT01277,Control,0,,dead,1,1038,,,18.1,30.5,43.400002,173.0,4.0,0,608.75,16.675342397260277,1.4908778537781364,0.955583047349856,C2005|Rapa,True,True,C2005|UT01277
UM-HET3,C2005,UT,f,UT01278,Control,0,,dead,1,896,,,14.8,27.9,42.0,173.0,4.0,0,608.75,16.675342397260277,1.4908778537781364,-1.257877962643178,C2005|Rapa,True,True,C2005|UT01278
UM-HET3,C2005,UT,f,UT01279,Control,0,,dead,1,1077,,,17.799999,25.5,36.5,173.0,4.0,0,608.75,16.675342397260277,1.4908778537781364,0.7543586484229093,C2005|Rapa,True,True,C2005|UT01279
UM-HET3,C2005,UT,f,UT01280,Control,0,,dead,1,1086,,,15.0,24.5,42.5,173.0,4.0,0,608.75,16.675342397260277,1.4908778537781364,-1.1237288105223886,C2005|Rapa,True,True,C2005|UT01280
UM-HET3,C2005,UT,f,UT01285,Control,0,,dead,1,1018,,,17.1,24.6,26.6,174.0,4.0,0,608.75,16.675342397260277,1.4908778537781364,0.28483728674590647,C2005|Rapa,True,True,C2005|UT01285
UM-HET3,C2005,UT,f,UT01287,Control,0,,dead,1,774,,,17.4,27.5,41.0,174.0,4.0,0,608.75,16.675342397260277,1.4908778537781364,0.4860610149270894,C2005|Rapa,True,True,C2005|UT01287
UM-HET3,C2005,UT,f,UT01288,Control,0,,dead,1,860,,,17.0,25.0,38.400002,174.0,4.0,0,608.75,16.675342397260277,1.4908778537781364,0.21776271068551054,C2005|Rapa,True,True,C2005|UT01288
UM-HET3,C2005,UT,f,UT01330,Control,0,,dead,1,1281,,,18.4,35.5,46.5,188.0,4.0,0,608.75,16.675342397260277,1.4908778537781364,1.156806775531039,C2005|Rapa,True,True,C2005|UT01330
UM-HET3,C2005,UT,f,UT01331,Control,0,,dead,1,970,,,17.9,32.299999,44.200001,188.0,4.0,0,608.75,16.675342397260277,1.4908778537781364,0.8214338952290642,C2005|Rapa,True,True,C2005|UT01331
UM-HET3,C2005,UT,f,UT01332,Control,0,,dead,1,1130,,,19.5,32.700001,40.799999,188.0,4.0,0,608.75,16.675342397260277,1.4908778537781364,1.8946271121953844,C2005|Rapa,True,True,C2005|UT01332
UM-HET3,C2005,UT,f,UT01333,Control,0,,dead,1,897,,,17.9,31.200001,43.0,188.0,4.0,0,608.75,16.675342397260277,1.4908778537781364,0.8214338952290642,C2005|Rapa,True,True,C2005|UT01333
UM-HET3,C2005,UT,f,UT01399,Control,0,,dead,1,881,,,14.7,20.0,25.9,194.0,5.0,0,608.75,16.675342397260277,1.4908778537781364,-1.3249525387035739,C2005|Rapa,True,True,C2005|UT01399
UM-HET3,C2005,UT,f,UT01400,Control,0,,dead,1,905,,,12.9,22.4,27.799999,194.0,5.0,0,608.75,16.675342397260277,1.4908778537781364,-2.5322949077906824,C2005|Rapa,True,True,C2005|UT01400
UM-HET3,C2005,UT,f,UT01401,Control,0,,dead,1,886,,,16.1,24.0,24.5,194.0,5.0,0,608.75,16.675342397260277,1.4908778537781364,-0.3859084738580431,C2005|Rapa,True,True,C2005|UT01401
UM-HET3,C2005,UT,f,UT01402,Control,0,,dead,1,684,,,17.700001,28.4,38.400002,194.0,5.0,0,608.75,16.675342397260277,1.4908778537781364,0.6872854138540361,C2005|Rapa,True,True,C2005|UT01402
UM-HET3,C2005,UT,f,UT01448,Control,0,,dead,1,1226,,,17.299999,27.299999,41.599998,202.0,5.0,0,608.75,16.675342397260277,1.4908778537781364,0.4189857681209346,C2005|Rapa,True,True,C2005|UT01448
UM-HET3,C2005,UT,f,UT01449,Control,0,,dead,1,837,,,16.700001,25.6,36.0,202.0,5.0,0,608.75,16.675342397260277,1.4908778537781364,0.016539653250086495,C2005|Rapa,True,True,C2005|UT01449
UM-HET3,C2005,UT,f,UT01450,Control,0,,dead,1,700,,,17.4,28.9,38.799999,202.0,5.0,0,608.75,16.675342397260277,1.4908778537781364,0.4860610149270894,C2005|Rapa,True,True,C2005|UT01450
UM-HET3,C2005,UT,f,UT01451,Control,0,,dead,1,880,,,16.0,34.400002,48.700001,202.0,5.0,0,608.75,16.675342397260277,1.4908778537781364,-0.452983049918439,C2005|Rapa,True,True,C2005|UT01451
UM-HET3,C2005,UT,f,UT01468,Control,0,,dead,1,926,,,16.5,33.5,44.299999,204.0,5.0,0,608.75,16.675342397260277,1.4908778537781364,-0.11761016961646423,C2005|Rapa,True,True,C2005|UT01468
UM-HET3,C2005,UT,f,UT01469,Control,0,,dead,1,935,,,17.799999,25.5,34.900002,204.0,5.0,0,608.75,16.675342397260277,1.4908778537781364,0.7543586484229093,C2005|Rapa,True,True,C2005|UT01469
UM-HET3,C2005,UT,f,UT01470,Control,0,,dead,1,984,,,16.5,24.299999,25.9,204.0,5.0,0,608.75,16.675342397260277,1.4908778537781364,-0.11761016961646423,C2005|Rapa,True,True,C2005|UT01470
UM-HET3,C2005,UT,f,UT01471,Control,0,,dead,1,827,,,18.5,26.5,30.799999,204.0,5.0,0,608.75,16.675342397260277,1.4908778537781364,1.2238813515914349,C2005|Rapa,True,True,C2005|UT01471
UM-HET3,C2005,UT,f,UT01502,Control,0,,dead,1,1159,,,15.0,24.799999,34.700001,219.0,6.0,0,608.75,16.675342397260277,1.4908778537781364,-1.1237288105223886,C2005|Rapa,True,True,C2005|UT01502
UM-HET3,C2005,UT,f,UT01503,Control,0,,dead,1,867,,,17.200001,29.700001,37.599998,219.0,6.0,0,608.75,16.675342397260277,1.4908778537781364,0.35191253355206126,C2005|Rapa,True,True,C2005|UT01503
UM-HET3,C2005,UT,f,UT01504,Control,0,,dead,1,928,,,16.700001,26.6,39.599998,219.0,6.0,0,608.75,16.675342397260277,1.4908778537781364,0.016539653250086495,C2005|Rapa,True,True,C2005|UT01504
UM-HET3,C2005,UT,f,UT01505,Control,0,,dead,1,964,,,13.7,22.6,28.200001,219.0,6.0,0,608.75,16.675342397260277,1.4908778537781364,-1.9956982993075234,C2005|Rapa,True,True,C2005|UT01505
UM-HET3,C2005,UT,f,UT01519,Control,0,,dead,1,655,,,14.4,25.0,33.799999,217.0,5.0,0,608.75,16.675342397260277,1.4908778537781364,-1.526176266884758,C2005|Rapa,True,True,C2005|UT01519
UM-HET3,C2005,UT,f,UT01520,Control,0,,dead,1,1173,,,16.200001,24.200001,33.400002,217.0,5.0,0,608.75,16.675342397260277,1.4908778537781364,-0.31883322705188827,C2005|Rapa,True,True,C2005|UT01520
UM-HET3,C2005,UT,f,UT01521,Control,0,,dead,1,729,,,15.3,22.799999,34.099998,217.0,5.0,0,608.75,16.675342397260277,1.4908778537781364,-0.9225050823412032,C2005|Rapa,True,True,C2005|UT01521
UM-HET3,C2005,UT,f,UT01522,Control,0,,dead,1,962,,,17.200001,33.599998,41.0,217.0,5.0,0,608.75,16.675342397260277,1.4908778537781364,0.35191253355206126,C2005|Rapa,True,True,C2005|UT01522
UM-HET3,C2005,UT,f,UT01546,Control,0,,dead,1,644,,,18.5,30.299999,46.700001,222.0,5.0,0,608.75,16.675342397260277,1.4908778537781364,1.2238813515914349,C2005|Rapa,True,True,C2005|UT01546
UM-HET3,C2005,UT,f,UT01547,Control,0,,dead,1,776,,,17.6,38.900002,51.5,222.0,5.0,0,608.75,16.675342397260277,1.4908778537781364,0.6202101670478812,C2005|Rapa,True,True,C2005|UT01547
UM-HET3,C2005,UT,f,UT01548,Control,0,,dead,1,919,,,17.6,28.4,37.5,222.0,5.0,0,608.75,16.675342397260277,1.4908778537781364,0.6202101670478812,C2005|Rapa,True,True,C2005|UT01548
UM-HET3,C2005,UT,f,UT01549,Control,0,,dead,1,811,,,17.1,34.0,49.400002,222.0,5.0,0,608.75,16.675342397260277,1.4908778537781364,0.28483728674590647,C2005|Rapa,True,True,C2005|UT01549
UM-HET3,C2005,UT,f,UT01567,Control,0,,dead,1,766,,,15.0,32.400002,39.599998,224.0,6.0,0,608.75,16.675342397260277,1.4908778537781364,-1.1237288105223886,C2005|Rapa,True,True,C2005|UT01567
UM-HET3,C2005,UT,f,UT01568,Control,0,,dead,1,737,,,13.9,23.200001,31.6,224.0,6.0,0,608.75,16.675342397260277,1.4908778537781364,-1.861549147186733,C2005|Rapa,True,True,C2005|UT01568
UM-HET3,C2005,UT,f,UT01569,Control,0,,dead,1,699,,,17.799999,33.099998,43.599998,224.0,6.0,0,608.75,16.675342397260277,1.4908778537781364,0.7543586484229093,C2005|Rapa,True,True,C2005|UT01569
UM-HET3,C2005,UT,f,UT01570,Control,0,,dead,1,650,,,16.1,30.1,43.200001,224.0,6.0,0,608.75,16.675342397260277,1.4908778537781364,-0.3859084738580431,C2005|Rapa,True,True,C2005|UT01570
UM-HET3,C2005,UT,f,UT01571,Control,0,,dead,1,915,,,15.9,26.0,32.700001,224.0,6.0,0,608.75,16.675342397260277,1.4908778537781364,-0.5200576259788338,C2005|Rapa,True,True,C2005|UT01571
UM-HET3,C2005,UT,f,UT01572,Control,0,,dead,1,850,,,16.5,35.099998,43.400002,224.0,6.0,0,608.75,16.675342397260277,1.4908778537781364,-0.11761016961646423,C2005|Rapa,True,True,C2005|UT01572
UM-HET3,C2005,UT,f,UT01573,Control,0,,dead,1,1001,,,14.3,25.200001,34.700001,224.0,6.0,0,608.75,16.675342397260277,1.4908778537781364,-1.5932508429451528,C2005|Rapa,True,True,C2005|UT01573
UM-HET3,C2005,UT,f,UT01574,Control,0,,dead,1,934,,,14.3,24.0,37.099998,224.0,6.0,0,608.75,16.675342397260277,1.4908778537781364,-1.5932508429451528,C2005|Rapa,True,True,C2005|UT01574
UM-HET3,C2005,UT,f,UT01578,Control,0,,dead,1,742,,,14.0,21.9,31.9,226.0,6.0,0,608.75,16.675342397260277,1.4908778537781364,-1.7944745711263381,C2005|Rapa,True,True,C2005|UT01578
UM-HET3,C2005,UT,f,UT01579,Control,0,,dead,1,999,,,15.2,30.6,39.5,226.0,6.0,0,608.75,16.675342397260277,1.4908778537781364,-0.9895796584015991,C2005|Rapa,True,True,C2005|UT01579
UM-HET3,C2005,UT,f,UT01580,Control,0,,dead,1,912,,,15.6,27.6,37.299999,226.0,6.0,0,608.75,16.675342397260277,1.4908778537781364,-0.721281354160019,C2005|Rapa,True,True,C2005|UT01580
UM-HET3,C2005,UT,f,UT01581,Control,0,,dead,1,859,,,14.9,35.099998,41.200001,226.0,6.0,0,608.75,16.675342397260277,1.4908778537781364,-1.1908033865827832,C2005|Rapa,True,True,C2005|UT01581
UM-HET3,C2005,UT,m,UT00921,Control,0,,dead,1,925,,,25.1,41.5,47.700001,117.0,2.0,0,608.75,22.50153849230769,2.0676445443264515,1.2567254438498159,C2005|Rapa,True,True,C2005|UT00921
UM-HET3,C2005,UT,m,UT00922,Control,0,,dead,1,722,,,24.9,40.099998,46.900002,117.0,2.0,0,608.75,22.50153849230769,2.0676445443264515,1.1599970189622808,C2005|Rapa,True,True,C2005|UT00922
UM-HET3,C2005,UT,m,UT00951,Control,0,,dead,1,865,,,23.4,38.099998,45.5,118.0,2.0,0,608.75,22.50153849230769,2.0676445443264515,0.434533832305778,C2005|Rapa,True,True,C2005|UT00951
UM-HET3,C2005,UT,m,UT00952,Control,0,,dead,1,854,,,19.9,35.599998,44.200001,118.0,2.0,0,608.75,22.50153849230769,2.0676445443264515,-1.2582136032260616,C2005|Rapa,True,True,C2005|UT00952
UM-HET3,C2005,UT,m,UT00953,Control,0,,dead,1,758,,,24.4,46.799999,54.900002,118.0,2.0,0,608.75,22.50153849230769,2.0676445443264515,0.9181759567434464,C2005|Rapa,True,True,C2005|UT00953
UM-HET3,C2005,UT,m,UT00965,Control,0,,dead,1,1062,,,23.4,40.5,45.299999,121.0,2.0,0,608.75,22.50153849230769,2.0676445443264515,0.434533832305778,C2005|Rapa,True,True,C2005|UT00965
UM-HET3,C2005,UT,m,UT00981,Control,0,,dead,1,1107,,,19.299999,31.9,32.799999,123.0,2.0,0,608.75,22.50153849230769,2.0676445443264515,-1.5483993615307867,C2005|Rapa,True,True,C2005|UT00981
UM-HET3,C2005,UT,m,UT00982,Control,0,,dead,1,691,,,21.6,33.900002,36.099998,123.0,2.0,0,608.75,22.50153849230769,2.0676445443264515,-0.4360219916820239,C2005|Rapa,True,True,C2005|UT00982
UM-HET3,C2005,UT,m,UT01007,Control,0,,dead,1,773,,,23.4,42.700001,46.200001,131.0,2.0,0,608.75,22.50153849230769,2.0676445443264515,0.434533832305778,C2005|Rapa,True,True,C2005|UT01007
UM-HET3,C2005,UT,m,UT01062,Control,0,,dead,1,1020,,,23.5,46.700001,49.599998,141.0,3.0,0,608.75,22.50153849230769,2.0676445443264515,0.4828980447495455,C2005|Rapa,True,True,C2005|UT01062
UM-HET3,C2005,UT,m,UT01064,Control,0,,dead,1,792,,,19.6,34.299999,43.700001,141.0,3.0,0,608.75,22.50153849230769,2.0676445443264515,-1.4033062405573609,C2005|Rapa,True,True,C2005|UT01064
UM-HET3,C2005,UT,m,UT01082,Control,0,,dead,1,867,,,25.6,42.099998,47.099998,144.0,3.0,0,608.75,22.50153849230769,2.0676445443264515,1.49854650606865,C2005|Rapa,True,True,C2005|UT01082
UM-HET3,C2005,UT,m,UT01083,Control,0,,dead,1,667,,,24.9,45.599998,49.900002,144.0,3.0,0,608.75,22.50153849230769,2.0676445443264515,1.1599970189622808,C2005|Rapa,True,True,C2005|UT01083
UM-HET3,C2005,UT,m,UT01084,Control,0,,dead,1,897,,,25.200001,44.799999,48.900002,144.0,3.0,0,608.75,22.50153849230769,2.0676445443264515,1.3050901399357064,C2005|Rapa,True,True,C2005|UT01084
UM-HET3,C2005,UT,m,UT01126,Control,0,,dead,1,713,,,23.799999,48.099998,55.0,149.0,3.0,0,608.75,22.50153849230769,2.0676445443264515,0.6279901984387215,C2005|Rapa,True,True,C2005|UT01126
UM-HET3,C2005,UT,m,UT01128,Control,0,,dead,1,726,,,21.0,42.799999,50.299999,149.0,3.0,0,608.75,22.50153849230769,2.0676445443264515,-0.7262072663446256,C2005|Rapa,True,True,C2005|UT01128
UM-HET3,C2005,UT,m,UT01183,Control,0,,dead,1,732,,,25.1,48.599998,52.200001,161.0,3.0,0,608.75,22.50153849230769,2.0676445443264515,1.2567254438498159,C2005|Rapa,True,True,C2005|UT01183
UM-HET3,C2005,UT,m,UT01184,Control,0,,dead,1,1020,,,22.700001,47.400002,53.900002,161.0,3.0,0,608.75,22.50153849230769,2.0676445443264515,0.09598482884153534,C2005|Rapa,True,True,C2005|UT01184
UM-HET3,C2005,UT,m,UT01239,Control,0,,dead,1,1083,,,23.299999,34.700001,48.599998,168.0,4.0,0,608.75,22.50153849230769,2.0676445443264515,0.38616913621988724,C2005|Rapa,True,True,C2005|UT01239
UM-HET3,C2005,UT,m,UT01241,Control,0,,dead,1,799,,,23.6,46.200001,51.0,168.0,4.0,0,608.75,22.50153849230769,2.0676445443264515,0.5312622571933131,C2005|Rapa,True,True,C2005|UT01241
UM-HET3,C2005,UT,m,UT01242,Control,0,,dead,1,890,,,23.700001,51.5,57.799999,168.0,3.0,0,608.75,22.50153849230769,2.0676445443264515,0.5796269532792038,C2005|Rapa,True,True,C2005|UT01242
UM-HET3,C2005,UT,m,UT01244,Control,0,,dead,1,750,,,22.5,47.299999,54.700001,168.0,3.0,0,608.75,22.50153849230769,2.0676445443264515,-0.0007440796881229482,C2005|Rapa,True,True,C2005|UT01244
UM-HET3,C2005,UT,m,UT01245,Control,0,,dead,1,771,,,21.4,40.099998,46.0,168.0,3.0,0,608.75,22.50153849230769,2.0676445443264515,-0.532750416569559,C2005|Rapa,True,True,C2005|UT01245
UM-HET3,C2005,UT,m,UT01367,Control,0,,dead,1,966,,,22.0,36.5,41.0,190.0,4.0,0,608.75,22.50153849230769,2.0676445443264515,-0.2425651419069572,C2005|Rapa,True,True,C2005|UT01367
UM-HET3,C2005,UT,m,UT01382,Control,0,,dead,1,1139,,,17.6,33.099998,35.099998,192.0,5.0,0,608.75,22.50153849230769,2.0676445443264515,-2.370590489432698,C2005|Rapa,True,True,C2005|UT01382
UM-HET3,C2005,UT,m,UT01383,Control,0,,dead,1,652,,,20.200001,47.299999,53.099998,192.0,5.0,0,608.75,22.50153849230769,2.0676445443264515,-1.113120482252636,C2005|Rapa,True,True,C2005|UT01383
UM-HET3,C2005,UT,m,UT01384,Control,0,,dead,1,1064,,,22.6,46.200001,46.299999,192.0,5.0,0,608.75,22.50153849230769,2.0676445443264515,0.047620132755644584,C2005|Rapa,True,True,C2005|UT01384
UM-HET3,C2005,UT,m,UT01415,Control,0,,dead,1,962,,,25.9,46.5,50.799999,194.0,4.0,0,608.75,22.50153849230769,2.0676445443264515,1.643639143399949,C2005|Rapa,True,True,C2005|UT01415
UM-HET3,C2005,UT,m,UT01416,Control,0,,dead,1,888,,,28.0,51.099998,57.299999,194.0,4.0,0,608.75,22.50153849230769,2.0676445443264515,2.659287604719054,C2005|Rapa,True,True,C2005|UT01416
UM-HET3,C2005,UT,m,UT01445,Control,0,,dead,1,875,,,18.1,36.900002,42.0,197.0,4.0,0,608.75,22.50153849230769,2.0676445443264515,-2.1287694272138635,C2005|Rapa,True,True,C2005|UT01445
UM-HET3,C2005,UT,m,UT01446,Control,0,,dead,1,809,,,19.5,40.400002,46.0,197.0,4.0,0,608.75,22.50153849230769,2.0676445443264515,-1.4516704530011284,C2005|Rapa,True,True,C2005|UT01446
UM-HET3,C2005,UT,m,UT01455,Control,0,,dead,1,654,,,22.1,42.900002,47.900002,202.0,5.0,0,608.75,22.50153849230769,2.0676445443264515,-0.19420092946318965,C2005|Rapa,True,True,C2005|UT01455
UM-HET3,C2005,UT,m,UT01456,Control,0,,dead,1,659,,,24.799999,48.299999,52.200001,202.0,5.0,0,608.75,22.50153849230769,2.0676445443264515,1.11163232287639,C2005|Rapa,True,True,C2005|UT01456
UM-HET3,C2005,UT,m,UT01457,Control,0,,dead,1,835,,,21.0,34.200001,38.799999,202.0,5.0,0,608.75,22.50153849230769,2.0676445443264515,-0.7262072663446256,C2005|Rapa,True,True,C2005|UT01457
UM-HET3,C2005,UT,m,UT01516,Control,0,,dead,1,953,,,22.200001,35.599998,45.900002,217.0,5.0,0,608.75,22.50153849230769,2.0676445443264515,-0.1458362333772989,C2005|Rapa,True,True,C2005|UT01516
UM-HET3,C2005,UT,m,UT01517,Control,0,,dead,1,868,,,24.5,43.0,48.599998,217.0,5.0,0,608.75,22.50153849230769,2.0676445443264515,0.966540169187214,C2005|Rapa,True,True,C2005|UT01517
UM-HET3,C2005,UT,m,UT01518,Control,0,,dead,1,613,,,24.4,37.099998,53.900002,217.0,5.0,0,608.75,22.50153849230769,2.0676445443264515,0.9181759567434464,C2005|Rapa,True,True,C2005|UT01518
UM-HET3,C2005,UT,m,UT01523,Control,0,,dead,1,720,,,20.700001,36.5,45.5,217.0,5.0,0,608.75,22.50153849230769,2.0676445443264515,-0.8712994200338017,C2005|Rapa,True,True,C2005|UT01523
UM-HET3,C2005,UT,m,UT01564,Control,0,,dead,1,1113,,,20.299999,44.5,47.900002,224.0,6.0,0,608.75,22.50153849230769,2.0676445443264515,-1.0647572370931182,C2005|Rapa,True,True,C2005|UT01564
UM-HET3,C2005,UT,m,UT01565,Control,0,,dead,1,667,,,20.6,44.799999,50.799999,224.0,6.0,0,608.75,22.50153849230769,2.0676445443264515,-0.9196641161196923,C2005|Rapa,True,True,C2005|UT01565
UM-HET3,C2005,UT,m,UT01566,Control,0,,dead,1,1004,,,22.4,40.200001,47.200001,224.0,6.0,0,608.75,22.50153849230769,2.0676445443264515,-0.04910829213189048,C2005|Rapa,True,True,C2005|UT01566
UM-HET3,C2005,UT,m,UT01575,Control,0,,dead,1,666,,,21.0,40.799999,44.400002,226.0,6.0,0,608.75,22.50153849230769,2.0676445443264515,-0.7262072663446256,C2005|Rapa,True,True,C2005|UT01575
UM-HET3,C2005,UT,m,UT01576,Control,0,,dead,1,653,,,18.799999,41.400002,48.099998,226.0,6.0,0,608.75,22.50153849230769,2.0676445443264515,-1.7902204237496209,C2005|Rapa,True,True,C2005|UT01576
UM-HET3,C2005,UT,m,UT01599,Control,0,,dead,1,806,,,20.5,41.400002,45.200001,230.0,6.0,0,608.75,22.50153849230769,2.0676445443264515,-0.9680283285634599,C2005|Rapa,True,True,C2005|UT01599
UM-HET3,C2005,UT,m,UT01600,Control,0,,dead,1,1101,,,20.6,43.200001,47.799999,230.0,6.0,0,608.75,22.50153849230769,2.0676445443264515,-0.9196641161196923,C2005|Rapa,True,True,C2005|UT01600
UM-HET3,C2005,UT,m,UT01601,Control,0,,dead,1,1149,,,20.200001,41.099998,42.900002,230.0,5.0,0,608.75,22.50153849230769,2.0676445443264515,-1.113120482252636,C2005|Rapa,True,True,C2005|UT01601
UM-HET3,C2005,UT,m,UT01613,Control,0,,dead,1,616,,,22.9,46.200001,50.099998,232.0,5.0,0,608.75,22.50153849230769,2.0676445443264515,0.19271277008694376,C2005|Rapa,True,True,C2005|UT01613
UM-HET3,C2005,UT,m,UT01614,Control,0,,dead,1,719,,,23.200001,42.900002,48.299999,232.0,5.0,0,608.75,22.50153849230769,2.0676445443264515,0.33780589106036957,C2005|Rapa,True,True,C2005|UT01614
UM-HET3,C2005,UT,m,UT01615,Control,0,,dead,1,794,,,23.0,45.0,49.599998,232.0,5.0,0,608.75,22.50153849230769,2.0676445443264515,0.2410769825307113,C2005|Rapa,True,True,C2005|UT01615
UM-HET3,C2005,UT,m,UT01616,Control,0,,dead,1,815,,,22.4,30.4,43.700001,232.0,5.0,0,608.75,22.50153849230769,2.0676445443264515,-0.04910829213189048,C2005|Rapa,True,True,C2005|UT01616
UM-HET3,C2005,UT,m,UT01617,Control,0,,dead,1,964,,,21.0,40.5,45.5,232.0,5.0,0,608.75,22.50153849230769,2.0676445443264515,-0.7262072663446256,C2005|Rapa,True,True,C2005|UT01617
UM-HET3,C2005,UT,m,UT01691,Control,0,,dead,1,714,,,21.5,47.299999,51.099998,243.0,6.0,0,608.75,22.50153849230769,2.0676445443264515,-0.4843862041257914,C2005|Rapa,True,True,C2005|UT01691
UM-HET3,C2005,UT,m,UT01692,Control,0,,dead,1,749,,,22.700001,47.099998,52.099998,243.0,6.0,0,608.75,22.50153849230769,2.0676445443264515,0.09598482884153534,C2005|Rapa,True,True,C2005|UT01692
UM-HET3,C2005,UT,m,UT01693,Control,0,,dead,1,894,,,21.799999,39.700001,40.700001,243.0,6.0,0,608.75,22.50153849230769,2.0676445443264515,-0.3392940504366155,C2005|Rapa,True,True,C2005|UT01693
UM-HET3,C2005,UT,m,UT01694,Control,0,,dead,1,1013,,,23.6,46.900002,50.799999,243.0,6.0,0,608.75,22.50153849230769,2.0676445443264515,0.5312622571933131,C2005|Rapa,True,True,C2005|UT01694
UM-HET3,C2005,UT,m,UT01695,Control,0,,dead,1,781,,,23.0,50.799999,56.200001,243.0,6.0,0,608.75,22.50153849230769,2.0676445443264515,0.2410769825307113,C2005|Rapa,True,True,C2005|UT01695
UM-HET3,C2005,UT,m,UT01696,Control,0,,dead,1,634,,,20.0,40.200001,40.599998,243.0,6.0,0,608.75,22.50153849230769,2.0676445443264515,-1.2098493907822943,C2005|Rapa,True,True,C2005|UT01696
UM-HET3,C2005,UT,m,UT01701,Control,0,,dead,1,1176,,,24.4,37.900002,44.0,246.0,7.0,0,608.75,22.50153849230769,2.0676445443264515,0.9181759567434464,C2005|Rapa,True,True,C2005|UT01701
UM-HET3,C2005,UT,m,UT01702,Control,0,,dead,1,738,,,21.0,39.799999,40.599998,246.0,7.0,0,608.75,22.50153849230769,2.0676445443264515,-0.7262072663446256,C2005|Rapa,True,True,C2005|UT01702
UM-HET3,C2005,UT,m,UT01736,Control,0,,dead,1,836,,,22.6,36.900002,43.900002,250.0,7.0,0,608.75,22.50153849230769,2.0676445443264515,0.047620132755644584,C2005|Rapa,True,True,C2005|UT01736
UM-HET3,C2005,UT,m,UT01737,Control,0,,dead,1,700,,,25.1,50.400002,53.400002,250.0,7.0,0,608.75,22.50153849230769,2.0676445443264515,1.2567254438498159,C2005|Rapa,True,True,C2005|UT01737
UM-HET3,C2005,UT,m,UT01738,Control,0,,dead,1,766,,,24.9,49.599998,54.0,250.0,6.0,0,608.75,22.50153849230769,2.0676445443264515,1.1599970189622808,C2005|Rapa,True,True,C2005|UT01738
UM-HET3,C2005,UT,m,UT01739,Control,0,,dead,1,1004,,,22.6,41.099998,47.099998,250.0,6.0,0,608.75,22.50153849230769,2.0676445443264515,0.047620132755644584,C2005|Rapa,True,True,C2005|UT01739
UM-HET3,C2005,UT,m,UT01740,Control,0,,dead,1,843,,,23.6,48.200001,52.799999,250.0,6.0,0,608.75,22.50153849230769,2.0676445443264515,0.5312622571933131,C2005|Rapa,True,True,C2005|UT01740
UM-HET3,C2005,UT,m,UT01741,Control,0,,dead,1,793,,,24.0,45.400002,48.0,250.0,6.0,0,608.75,22.50153849230769,2.0676445443264515,0.7247191069683798,C2005|Rapa,True,True,C2005|UT01741
UM-HET3,C2005,TJL,f,JL01037,Rapa,14,20.0,dead,1,1313,,,18.0,29.0,37.0,,,1,608.75,18.529411764705884,1.3097862219928142,-0.4041970787418991,C2005|Rapa,True,True,C2005|JL01037
UM-HET3,C2005,TJL,f,JL01039,Rapa,14,20.0,dead,1,1163,,,19.0,32.0,36.0,,,1,608.75,18.529411764705884,1.3097862219928142,0.35928629221501895,C2005|Rapa,True,True,C2005|JL01039
UM-HET3,C2005,TJL,f,JL01041,Rapa,14,20.0,dead,1,979,,,18.0,30.0,41.0,,,1,608.75,18.529411764705884,1.3097862219928142,-0.4041970787418991,C2005|Rapa,True,True,C2005|JL01041
UM-HET3,C2005,TJL,f,JL01043,Rapa,14,20.0,dead,1,1282,,,19.0,31.0,40.0,,,1,608.75,18.529411764705884,1.3097862219928142,0.35928629221501895,C2005|Rapa,True,True,C2005|JL01043
UM-HET3,C2005,TJL,f,JL01242,Rapa,14,20.0,dead,1,1226,,,19.0,24.0,32.0,,,1,608.75,18.529411764705884,1.3097862219928142,0.35928629221501895,C2005|Rapa,True,True,C2005|JL01242
UM-HET3,C2005,TJL,f,JL01244,Rapa,14,20.0,dead,1,1161,,,18.0,23.0,32.0,,,1,608.75,18.529411764705884,1.3097862219928142,-0.4041970787418991,C2005|Rapa,True,True,C2005|JL01244
UM-HET3,C2005,TJL,f,JL01245,Rapa,14,20.0,dead,1,1276,,,19.0,30.0,34.0,,,1,608.75,18.529411764705884,1.3097862219928142,0.35928629221501895,C2005|Rapa,True,True,C2005|JL01245
UM-HET3,C2005,TJL,f,JL01360,Rapa,14,20.0,dead,1,1286,,,16.0,22.0,24.0,,,1,608.75,18.529411764705884,1.3097862219928142,-1.931163820655735,C2005|Rapa,True,True,C2005|JL01360
UM-HET3,C2005,TJL,f,JL01363,Rapa,14,20.0,dead,1,1014,,,17.0,24.0,30.0,,,1,608.75,18.529411764705884,1.3097862219928142,-1.1676804496988171,C2005|Rapa,True,True,C2005|JL01363
UM-HET3,C2005,TJL,f,JL01364,Rapa,14,20.0,dead,1,1085,,,17.0,23.0,31.0,,,1,608.75,18.529411764705884,1.3097862219928142,-1.1676804496988171,C2005|Rapa,True,True,C2005|JL01364
UM-HET3,C2005,TJL,f,JL01365,Rapa,14,20.0,dead,1,1360,,,20.0,31.0,36.0,,,1,608.75,18.529411764705884,1.3097862219928142,1.122769663171937,C2005|Rapa,True,True,C2005|JL01365
UM-HET3,C2005,TJL,f,JL01366,Rapa,14,20.0,dead,1,1007,,,19.0,23.0,27.0,,,1,608.75,18.529411764705884,1.3097862219928142,0.35928629221501895,C2005|Rapa,True,True,C2005|JL01366
UM-HET3,C2005,TJL,f,JL01402,Rapa,14,20.0,dead,1,1018,,,19.0,31.0,43.0,,,1,608.75,18.529411764705884,1.3097862219928142,0.35928629221501895,C2005|Rapa,True,True,C2005|JL01402
UM-HET3,C2005,TJL,f,JL01403,Rapa,14,20.0,dead,1,1231,,,19.0,27.0,34.0,,,1,608.75,18.529411764705884,1.3097862219928142,0.35928629221501895,C2005|Rapa,True,True,C2005|JL01403
UM-HET3,C2005,TJL,f,JL01404,Rapa,14,20.0,dead,1,1256,,,17.0,28.0,42.0,,,1,608.75,18.529411764705884,1.3097862219928142,-1.1676804496988171,C2005|Rapa,True,True,C2005|JL01404
UM-HET3,C2005,TJL,f,JL01405,Rapa,14,20.0,dead,1,1063,,,17.0,29.0,42.0,,,1,608.75,18.529411764705884,1.3097862219928142,-1.1676804496988171,C2005|Rapa,True,True,C2005|JL01405
UM-HET3,C2005,TJL,f,JL01461,Rapa,14,20.0,dead,1,1002,,,18.0,23.0,26.0,,,1,608.75,18.529411764705884,1.3097862219928142,-0.4041970787418991,C2005|Rapa,True,True,C2005|JL01461
UM-HET3,C2005,TJL,f,JL01462,Rapa,14,20.0,dead,1,1234,,,16.0,24.0,28.0,,,1,608.75,18.529411764705884,1.3097862219928142,-1.931163820655735,C2005|Rapa,True,True,C2005|JL01462
UM-HET3,C2005,TJL,f,JL01493,Rapa,14,20.0,dead,1,1092,,,18.0,38.0,46.0,,,1,608.75,18.529411764705884,1.3097862219928142,-0.4041970787418991,C2005|Rapa,True,True,C2005|JL01493
UM-HET3,C2005,TJL,f,JL01494,Rapa,14,20.0,dead,1,1100,,,20.0,38.0,50.0,,,1,608.75,18.529411764705884,1.3097862219928142,1.122769663171937,C2005|Rapa,True,True,C2005|JL01494
UM-HET3,C2005,TJL,f,JL01545,Rapa,14,20.0,dead,1,1350,,,19.0,,31.0,,,1,608.75,18.529411764705884,1.3097862219928142,0.35928629221501895,C2005|Rapa,True,True,C2005|JL01545
UM-HET3,C2005,TJL,f,JL01548,Rapa,14,20.0,dead,1,1014,,,20.0,,46.0,,,1,608.75,18.529411764705884,1.3097862219928142,1.122769663171937,C2005|Rapa,True,True,C2005|JL01548
UM-HET3,C2005,TJL,f,JL01572,Rapa,14,20.0,dead,1,1011,,,18.0,32.0,43.0,,,1,608.75,18.529411764705884,1.3097862219928142,-0.4041970787418991,C2005|Rapa,True,True,C2005|JL01572
UM-HET3,C2005,TJL,f,JL01603,Rapa,14,20.0,dead,1,1090,,,15.0,21.0,25.0,,,1,608.75,18.529411764705884,1.3097862219928142,-2.694647191612653,C2005|Rapa,True,True,C2005|JL01603
UM-HET3,C2005,TJL,f,JL01604,Rapa,14,20.0,dead,1,1200,,,19.0,33.0,46.0,,,1,608.75,18.529411764705884,1.3097862219928142,0.35928629221501895,C2005|Rapa,True,True,C2005|JL01604
UM-HET3,C2005,TJL,f,JL01605,Rapa,14,20.0,dead,1,1088,,,19.0,38.0,46.0,,,1,608.75,18.529411764705884,1.3097862219928142,0.35928629221501895,C2005|Rapa,True,True,C2005|JL01605
UM-HET3,C2005,TJL,f,JL01640,Rapa,14,20.0,dead,1,1111,,,19.0,30.0,34.0,,,1,608.75,18.529411764705884,1.3097862219928142,0.35928629221501895,C2005|Rapa,True,True,C2005|JL01640
UM-HET3,C2005,TJL,f,JL01641,Rapa,14,20.0,dead,1,962,,,19.0,34.0,48.0,,,1,608.75,18.529411764705884,1.3097862219928142,0.35928629221501895,C2005|Rapa,True,True,C2005|JL01641
UM-HET3,C2005,TJL,m,JL01072,Rapa,14,20.0,dead,1,1145,,,24.0,40.0,46.0,,,1,608.75,22.81081081081081,1.9421473476236362,0.6123063683320692,C2005|Rapa,True,True,C2005|JL01072
UM-HET3,C2005,TJL,m,JL01073,Rapa,14,20.0,dead,1,1131,,,22.0,40.0,47.0,,,1,608.75,22.81081081081081,1.9421473476236362,-0.41748161477186513,C2005|Rapa,True,True,C2005|JL01073
UM-HET3,C2005,TJL,m,JL01161,Rapa,14,20.0,dead,1,1000,,,23.0,42.0,46.0,,,1,608.75,22.81081081081081,1.9421473476236362,0.09741237678010205,C2005|Rapa,True,True,C2005|JL01161
UM-HET3,C2005,TJL,m,JL01220,Rapa,14,20.0,dead,1,1044,,,23.0,39.0,46.0,,,1,608.75,22.81081081081081,1.9421473476236362,0.09741237678010205,C2005|Rapa,True,True,C2005|JL01220
UM-HET3,C2005,TJL,m,JL01235,Rapa,14,20.0,dead,1,977,,,25.0,44.0,45.0,,,1,608.75,22.81081081081081,1.9421473476236362,1.1272003598840363,C2005|Rapa,True,True,C2005|JL01235
UM-HET3,C2005,TJL,m,JL01237,Rapa,14,20.0,dead,1,1008,,,23.0,45.0,42.0,,,1,608.75,22.81081081081081,1.9421473476236362,0.09741237678010205,C2005|Rapa,True,True,C2005|JL01237
UM-HET3,C2005,TJL,m,JL01269,Rapa,14,20.0,dead,1,1162,,,23.0,43.0,52.0,,,1,608.75,22.81081081081081,1.9421473476236362,0.09741237678010205,C2005|Rapa,True,True,C2005|JL01269
UM-HET3,C2005,TJL,m,JL01304,Rapa,14,20.0,dead,1,1196,,,23.0,35.0,40.0,,,1,608.75,22.81081081081081,1.9421473476236362,0.09741237678010205,C2005|Rapa,True,True,C2005|JL01304
UM-HET3,C2005,TJL,m,JL01305,Rapa,14,20.0,dead,1,1063,,,22.0,32.0,38.0,,,1,608.75,22.81081081081081,1.9421473476236362,-0.41748161477186513,C2005|Rapa,True,True,C2005|JL01305
UM-HET3,C2005,TJL,m,JL01383,Rapa,14,20.0,dead,1,1062,,,24.0,42.0,45.0,,,1,608.75,22.81081081081081,1.9421473476236362,0.6123063683320692,C2005|Rapa,True,True,C2005|JL01383
UM-HET3,C2005,TJL,m,JL01397,Rapa,14,20.0,dead,1,1184,,,24.0,46.0,50.0,,,1,608.75,22.81081081081081,1.9421473476236362,0.6123063683320692,C2005|Rapa,True,True,C2005|JL01397
UM-HET3,C2005,TJL,m,JL01398,Rapa,14,20.0,dead,1,1064,,,24.0,41.0,48.0,,,1,608.75,22.81081081081081,1.9421473476236362,0.6123063683320692,C2005|Rapa,True,True,C2005|JL01398
UM-HET3,C2005,TJL,m,JL01431,Rapa,14,20.0,dead,1,1170,,,23.0,42.0,44.0,,,1,608.75,22.81081081081081,1.9421473476236362,0.09741237678010205,C2005|Rapa,True,True,C2005|JL01431
UM-HET3,C2005,TJL,m,JL01432,Rapa,14,20.0,dead,1,1142,,,23.0,35.0,43.0,,,1,608.75,22.81081081081081,1.9421473476236362,0.09741237678010205,C2005|Rapa,True,True,C2005|JL01432
UM-HET3,C2005,TJL,m,JL01433,Rapa,14,20.0,dead,1,952,,,22.0,44.0,48.0,,,1,608.75,22.81081081081081,1.9421473476236362,-0.41748161477186513,C2005|Rapa,True,True,C2005|JL01433
UM-HET3,C2005,TJL,m,JL01451,Rapa,14,20.0,dead,1,1098,,,21.0,34.0,41.0,,,1,608.75,22.81081081081081,1.9421473476236362,-0.9323756063238323,C2005|Rapa,True,True,C2005|JL01451
UM-HET3,C2005,TJL,m,JL01452,Rapa,14,20.0,dead,1,937,,,26.0,44.0,53.0,,,1,608.75,22.81081081081081,1.9421473476236362,1.6420943514360036,C2005|Rapa,True,True,C2005|JL01452
UM-HET3,C2005,TJL,m,JL01453,Rapa,14,20.0,dead,1,1109,,,23.0,39.0,42.0,,,1,608.75,22.81081081081081,1.9421473476236362,0.09741237678010205,C2005|Rapa,True,True,C2005|JL01453
UM-HET3,C2005,TJL,m,JL01510,Rapa,14,20.0,dead,1,1122,,,22.0,36.0,41.0,,,1,608.75,22.81081081081081,1.9421473476236362,-0.41748161477186513,C2005|Rapa,True,True,C2005|JL01510
UM-HET3,C2005,TJL,m,JL01512,Rapa,14,20.0,dead,1,948,,,23.0,41.0,46.0,,,1,608.75,22.81081081081081,1.9421473476236362,0.09741237678010205,C2005|Rapa,True,True,C2005|JL01512
UM-HET3,C2005,TJL,m,JL01619,Rapa,14,20.0,dead,1,1137,,,22.0,33.0,38.0,,,1,608.75,22.81081081081081,1.9421473476236362,-0.41748161477186513,C2005|Rapa,True,True,C2005|JL01619
UM-HET3,C2005,TJL,m,JL01801,Rapa,14,20.0,dead,1,950,,,21.0,41.0,45.0,,,1,608.75,22.81081081081081,1.9421473476236362,-0.9323756063238323,C2005|Rapa,True,True,C2005|JL01801
UM-HET3,C2005,TJL,m,JL01862,Rapa,14,20.0,dead,1,983,,,20.0,36.0,40.0,,,1,608.75,22.81081081081081,1.9421473476236362,-1.4472695978757995,C2005|Rapa,True,True,C2005|JL01862
UM-HET3,C2005,UM,f,UM08066,Rapa,14,20.0,dead,1,1068,,,16.5,26.5,,,,1,608.75,17.537037074074075,1.5499552617200671,-0.6690754886197295,C2005|Rapa,True,True,C2005|UM08066
UM-HET3,C2005,UM,f,UM08073,Rapa,14,20.0,dead,1,1024,,,16.9,25.799999,,,,1,608.75,17.537037074074075,1.5499552617200671,-0.4110035236546908,C2005|Rapa,True,True,C2005|UM08073
UM-HET3,C2005,UM,f,UM08997,Rapa,14,20.0,dead,1,1270,,,19.799999,26.200001,,,,1,608.75,17.537037074074075,1.5499552617200671,1.4600175771619348,C2005|Rapa,True,True,C2005|UM08997
UM-HET3,C2005,UM,f,UM09004,Rapa,14,20.0,dead,1,1156,,,18.299999,25.0,,,,1,608.75,17.537037074074075,1.5499552617200671,0.49224770854303623,C2005|Rapa,True,True,C2005|UM09004
UM-HET3,C2005,UM,f,UM09011,Rapa,14,20.0,dead,1,1235,,,19.799999,24.5,,,,1,608.75,17.537037074074075,1.5499552617200671,1.4600175771619348,C2005|Rapa,True,True,C2005|UM09011
UM-HET3,C2005,UM,f,UM09018,Rapa,14,20.0,dead,1,1250,,,19.4,30.1,,,,1,608.75,17.537037074074075,1.5499552617200671,1.201946257376807,C2005|Rapa,True,True,C2005|UM09018
UM-HET3,C2005,UM,f,UM09067,Rapa,14,20.0,dead,1,1017,,,18.799999,26.6,,,,1,608.75,17.537037074074075,1.5499552617200671,0.8148376647493357,C2005|Rapa,True,True,C2005|UM09067
UM-HET3,C2005,UM,f,UM09074,Rapa,14,20.0,dead,1,1274,,,18.1,24.700001,,,,1,608.75,17.537037074074075,1.5499552617200671,0.36321237124042993,C2005|Rapa,True,True,C2005|UM09074
UM-HET3,C2005,UM,f,UM09081,Rapa,14,20.0,dead,1,988,,,17.799999,22.700001,,,,1,608.75,17.537037074074075,1.5499552617200671,0.1696577523367367,C2005|Rapa,True,True,C2005|UM09081
UM-HET3,C2005,UM,f,UM09088,Rapa,14,20.0,dead,1,1177,,,18.799999,23.5,,,,1,608.75,17.537037074074075,1.5499552617200671,0.8148376647493357,C2005|Rapa,True,True,C2005|UM09088
UM-HET3,C2005,UM,f,UM09123,Rapa,14,20.0,dead,1,1231,,,18.1,26.4,,,,1,608.75,17.537037074074075,1.5499552617200671,0.36321237124042993,C2005|Rapa,True,True,C2005|UM09123
UM-HET3,C2005,UM,f,UM09144,Rapa,14,20.0,dead,1,1176,,,17.9,24.1,,,,1,608.75,17.537037074074075,1.5499552617200671,0.2341763887579083,C2005|Rapa,True,True,C2005|UM09144
UM-HET3,C2005,UM,f,UM09333,Rapa,14,20.0,dead,1,989,,,19.299999,25.6,,,,1,608.75,17.537037074074075,1.5499552617200671,1.1374276209556353,C2005|Rapa,True,True,C2005|UM09333
UM-HET3,C2005,UM,f,UM09340,Rapa,14,20.0,dead,1,1112,,,18.6,22.9,,,,1,608.75,17.537037074074075,1.5499552617200671,0.6858023274467295,C2005|Rapa,True,True,C2005|UM09340
UM-HET3,C2005,UM,f,UM09914,Rapa,14,20.0,dead,1,1245,,,17.4,25.700001,,,,1,608.75,17.537037074074075,1.5499552617200671,-0.08841356744839124,C2005|Rapa,True,True,C2005|UM09914
UM-HET3,C2005,UM,f,UM09921,Rapa,14,20.0,dead,1,1134,,,17.9,23.200001,,,,1,608.75,17.537037074074075,1.5499552617200671,0.2341763887579083,C2005|Rapa,True,True,C2005|UM09921
UM-HET3,C2005,UM,f,UM09928,Rapa,14,20.0,dead,1,1102,,,18.5,25.9,,,,1,608.75,17.537037074074075,1.5499552617200671,0.6212843362054686,C2005|Rapa,True,True,C2005|UM09928
UM-HET3,C2005,UM,f,UM10782,Rapa,14,20.0,dead,1,997,,,18.200001,27.9,,,,1,608.75,17.537037074074075,1.5499552617200671,0.42773100766160155,C2005|Rapa,True,True,C2005|UM10782
UM-HET3,C2005,UM,f,UM10789,Rapa,14,20.0,dead,1,1266,,,18.0,27.5,,,,1,608.75,17.537037074074075,1.5499552617200671,0.29869437999916915,C2005|Rapa,True,True,C2005|UM10789
UM-HET3,C2005,UM,f,UM10796,Rapa,14,20.0,dead,1,991,,,16.200001,27.5,,,,1,608.75,17.537037074074075,1.5499552617200671,-0.8626288171635966,C2005|Rapa,True,True,C2005|UM10796
UM-HET3,C2005,UM,f,UM10803,Rapa,14,20.0,dead,1,1120,,,19.5,31.700001,,,,1,608.75,17.537037074074075,1.5499552617200671,1.2664642486180677,C2005|Rapa,True,True,C2005|UM10803
UM-HET3,C2005,UM,f,UM11167,Rapa,14,20.0,dead,1,1249,,,14.5,21.0,,,,1,608.75,17.537037074074075,1.5499552617200671,-1.9594353134449276,C2005|Rapa,True,True,C2005|UM11167
UM-HET3,C2005,UM,f,UM11174,Rapa,14,20.0,dead,1,1117,,,17.700001,24.700001,,,,1,608.75,17.537037074074075,1.5499552617200671,0.10514105145530202,C2005|Rapa,True,True,C2005|UM11174
UM-HET3,C2005,UM,f,UM11181,Rapa,14,20.0,dead,1,1058,,,15.8,22.799999,,,,1,608.75,17.537037074074075,1.5499552617200671,-1.1207014273085485,C2005|Rapa,True,True,C2005|UM11181
UM-HET3,C2005,UM,f,UM11188,Rapa,14,20.0,dead,1,1252,,,15.7,22.200001,,,,1,608.75,17.537037074074075,1.5499552617200671,-1.1852194185498093,C2005|Rapa,True,True,C2005|UM11188
UM-HET3,C2005,UM,f,UM11888,Rapa,14,20.0,dead,1,1018,,,16.799999,22.9,,,,1,608.75,17.537037074074075,1.5499552617200671,-0.4755221600758624,C2005|Rapa,True,True,C2005|UM11888
UM-HET3,C2005,UM,f,UM11895,Rapa,14,20.0,dead,1,1163,,,15.7,23.700001,,,,1,608.75,17.537037074074075,1.5499552617200671,-1.1852194185498093,C2005|Rapa,True,True,C2005|UM11895
UM-HET3,C2005,UM,f,UM12679,Rapa,14,20.0,dead,1,1003,,,17.200001,27.1,,,,1,608.75,17.537037074074075,1.5499552617200671,-0.2174489047509975,C2005|Rapa,True,True,C2005|UM12679
UM-HET3,C2005,UM,f,UM12686,Rapa,14,20.0,dead,1,1125,,,18.4,26.4,,,,1,608.75,17.537037074074075,1.5499552617200671,0.5567663449642078,C2005|Rapa,True,True,C2005|UM12686
UM-HET3,C2005,UM,f,UM12693,Rapa,14,20.0,dead,1,953,,,15.8,21.299999,,,,1,608.75,17.537037074074075,1.5499552617200671,-1.1207014273085485,C2005|Rapa,True,True,C2005|UM12693
UM-HET3,C2005,UM,f,UM12707,Rapa,14,20.0,dead,1,1164,,,17.299999,21.1,,,,1,608.75,17.537037074074075,1.5499552617200671,-0.15293220386956285,C2005|Rapa,True,True,C2005|UM12707
UM-HET3,C2005,UM,f,UM12714,Rapa,14,20.0,dead,1,1036,,,16.799999,22.6,,,,1,608.75,17.537037074074075,1.5499552617200671,-0.4755221600758624,C2005|Rapa,True,True,C2005|UM12714
UM-HET3,C2005,UM,f,UM12847,Rapa,14,20.0,dead,1,1023,,,20.0,27.9,,,,1,608.75,17.537037074074075,1.5499552617200671,1.5890542048243672,C2005|Rapa,True,True,C2005|UM12847
UM-HET3,C2005,UM,f,UM12854,Rapa,14,20.0,dead,1,1258,,,18.4,26.5,,,,1,608.75,17.537037074074075,1.5499552617200671,0.5567663449642078,C2005|Rapa,True,True,C2005|UM12854
UM-HET3,C2005,UM,m,UM07933,Rapa,14,20.0,dead,1,1223,,,20.700001,34.900002,,,,1,608.75,21.949411847058823,1.7015136024270006,-0.7342937754224773,C2005|Rapa,True,True,C2005|UM07933
UM-HET3,C2005,UM,m,UM07940,Rapa,14,20.0,dead,1,1016,,,19.5,31.4,,,,1,608.75,21.949411847058823,1.7015136024270006,-1.439548789715837,C2005|Rapa,True,True,C2005|UM07940
UM-HET3,C2005,UM,m,UM07947,Rapa,14,20.0,dead,1,1065,,,21.4,31.4,,,,1,608.75,21.949411847058823,1.7015136024270006,-0.32289594762872037,C2005|Rapa,True,True,C2005|UM07947
UM-HET3,C2005,UM,m,UM08227,Rapa,14,20.0,dead,1,1086,,,18.9,28.200001,,,,1,608.75,21.949411847058823,1.7015136024270006,-1.7921760030065066,C2005|Rapa,True,True,C2005|UM08227
UM-HET3,C2005,UM,m,UM08234,Rapa,14,20.0,dead,1,1195,,,19.5,30.6,,,,1,608.75,21.949411847058823,1.7015136024270006,-1.439548789715837,C2005|Rapa,True,True,C2005|UM08234
UM-HET3,C2005,UM,m,UM08241,Rapa,14,20.0,dead,1,957,,,22.299999,38.0,,,,1,608.75,21.949411847058823,1.7015136024270006,0.20604428459526122,C2005|Rapa,True,True,C2005|UM08241
UM-HET3,C2005,UM,m,UM08388,Rapa,14,20.0,dead,1,1016,,,19.4,34.599998,,,,1,608.75,21.949411847058823,1.7015136024270006,-1.4983199919309493,C2005|Rapa,True,True,C2005|UM08388
UM-HET3,C2005,UM,m,UM08423,Rapa,14,20.0,dead,1,1186,,,20.4,33.400002,,,,1,608.75,21.949411847058823,1.7015136024270006,-0.9106079697798348,C2005|Rapa,True,True,C2005|UM08423
UM-HET3,C2005,UM,m,UM08430,Rapa,14,20.0,dead,1,1174,,,22.200001,41.5,,,,1,608.75,21.949411847058823,1.7015136024270006,0.14727425780419443,C2005|Rapa,True,True,C2005|UM08430
UM-HET3,C2005,UM,m,UM08437,Rapa,14,20.0,dead,1,1135,,,19.6,35.0,,,,1,608.75,21.949411847058823,1.7015136024270006,-1.3807775875007249,C2005|Rapa,True,True,C2005|UM08437
UM-HET3,C2005,UM,m,UM08535,Rapa,14,20.0,dead,1,1096,,,23.200001,33.200001,,,,1,608.75,21.949411847058823,1.7015136024270006,0.734986279955309,C2005|Rapa,True,True,C2005|UM08535
UM-HET3,C2005,UM,m,UM08549,Rapa,14,20.0,dead,1,1098,,,19.700001,28.700001,,,,1,608.75,21.949411847058823,1.7015136024270006,-1.322005797573592,C2005|Rapa,True,True,C2005|UM08549
UM-HET3,C2005,UM,m,UM09354,Rapa,14,20.0,dead,1,987,,,22.1,34.5,,,,1,608.75,21.949411847058823,1.7015136024270006,0.08850246787706148,C2005|Rapa,True,True,C2005|UM09354
UM-HET3,C2005,UM,m,UM09361,Rapa,14,20.0,dead,1,1114,,,22.0,34.599998,,,,1,608.75,21.949411847058823,1.7015136024270006,0.029731265661949193,C2005|Rapa,True,True,C2005|UM09361
UM-HET3,C2005,UM,m,UM09368,Rapa,14,20.0,dead,1,1070,,,22.5,31.6,,,,1,608.75,21.949411847058823,1.7015136024270006,0.3235872767375064,C2005|Rapa,True,True,C2005|UM09368
UM-HET3,C2005,UM,m,UM09592,Rapa,14,20.0,dead,1,1058,,,23.6,30.1,,,,1,608.75,21.949411847058823,1.7015136024270006,0.9700705011037333,C2005|Rapa,True,True,C2005|UM09592
UM-HET3,C2005,UM,m,UM09599,Rapa,14,20.0,dead,1,1079,,,23.700001,35.799999,,,,1,608.75,21.949411847058823,1.7015136024270006,1.028842291030866,C2005|Rapa,True,True,C2005|UM09599
UM-HET3,C2005,UM,m,UM10257,Rapa,14,20.0,dead,1,1225,,,22.799999,29.9,,,,1,608.75,21.949411847058823,1.7015136024270006,0.49990029567081845,C2005|Rapa,True,True,C2005|UM10257
UM-HET3,C2005,UM,m,UM10264,Rapa,14,20.0,dead,1,1091,,,26.799999,38.799999,,,,1,608.75,21.949411847058823,1.7015136024270006,2.8507483842752763,C2005|Rapa,True,True,C2005|UM10264
UM-HET3,C2005,UM,m,UM10425,Rapa,14,20.0,dead,1,1061,,,23.9,35.700001,,,,1,608.75,21.949411847058823,1.7015136024270006,1.146384107749066,C2005|Rapa,True,True,C2005|UM10425
UM-HET3,C2005,UM,m,UM10432,Rapa,14,20.0,dead,1,954,,,23.1,32.299999,,,,1,608.75,21.949411847058823,1.7015136024270006,0.676214490028176,C2005|Rapa,True,True,C2005|UM10432
UM-HET3,C2005,UM,m,UM10439,Rapa,14,20.0,dead,1,934,,,22.5,33.900002,,,,1,608.75,21.949411847058823,1.7015136024270006,0.3235872767375064,C2005|Rapa,True,True,C2005|UM10439
UM-HET3,C2005,UM,m,UM10663,Rapa,14,20.0,dead,1,1004,,,23.1,35.599998,,,,1,608.75,21.949411847058823,1.7015136024270006,0.676214490028176,C2005|Rapa,True,True,C2005|UM10663
UM-HET3,C2005,UM,m,UM10887,Rapa,14,20.0,dead,1,923,,,20.5,33.5,,,,1,608.75,21.949411847058823,1.7015136024270006,-0.8518367675647226,C2005|Rapa,True,True,C2005|UM10887
UM-HET3,C2005,UM,m,UM10894,Rapa,14,20.0,dead,1,1183,,,22.799999,38.5,,,,1,608.75,21.949411847058823,1.7015136024270006,0.49990029567081845,C2005|Rapa,True,True,C2005|UM10894
UM-HET3,C2005,UM,m,UM11363,Rapa,14,20.0,dead,1,1254,,,23.299999,28.799999,,,,1,608.75,21.949411847058823,1.7015136024270006,0.7937563067463758,C2005|Rapa,True,True,C2005|UM11363
UM-HET3,C2005,UM,m,UM11377,Rapa,14,20.0,dead,1,1054,,,21.799999,30.4,,,,1,608.75,21.949411847058823,1.7015136024270006,-0.08781172648029605,C2005|Rapa,True,True,C2005|UM11377
UM-HET3,C2005,UM,m,UM11384,Rapa,14,20.0,dead,1,1155,,,20.0,27.6,,,,1,608.75,21.949411847058823,1.7015136024270006,-1.1456927786402797,C2005|Rapa,True,True,C2005|UM11384
UM-HET3,C2005,UM,m,UM11510,Rapa,14,20.0,dead,1,1133,,,19.799999,35.200001,,,,1,608.75,21.949411847058823,1.7015136024270006,-1.263235770782525,C2005|Rapa,True,True,C2005|UM11510
UM-HET3,C2005,UM,m,UM11524,Rapa,14,20.0,dead,1,1092,,,18.4,34.799999,,,,1,608.75,21.949411847058823,1.7015136024270006,-2.086032014082064,C2005|Rapa,True,True,C2005|UM11524
UM-HET3,C2005,UM,m,UM11748,Rapa,14,20.0,dead,1,1085,,,19.9,35.700001,,,,1,608.75,21.949411847058823,1.7015136024270006,-1.204463980855392,C2005|Rapa,True,True,C2005|UM11748
UM-HET3,C2005,UM,m,UM11972,Rapa,14,20.0,dead,1,1188,,,21.299999,31.9,,,,1,608.75,21.949411847058823,1.7015136024270006,-0.3816677375558533,C2005|Rapa,True,True,C2005|UM11972
UM-HET3,C2005,UM,m,UM12063,Rapa,14,20.0,dead,1,1053,,,26.700001,41.799999,,,,1,608.75,21.949411847058823,1.7015136024270006,2.7919783574842096,C2005|Rapa,True,True,C2005|UM12063
UM-HET3,C2005,UT,f,UT01016,Rapa,14,20.0,dead,1,1040,,,18.1,37.599998,51.900002,136.0,2.0,1,608.75,16.675342397260277,1.4908778537781364,0.955583047349856,C2005|Rapa,True,True,C2005|UT01016
UM-HET3,C2005,UT,f,UT01017,Rapa,14,20.0,dead,1,1217,,,19.5,29.4,34.099998,136.0,2.0,1,608.75,16.675342397260277,1.4908778537781364,1.8946271121953844,C2005|Rapa,True,True,C2005|UT01017
UM-HET3,C2005,UT,f,UT01018,Rapa,14,20.0,dead,1,1179,,,19.0,34.5,41.900002,136.0,2.0,1,608.75,16.675342397260277,1.4908778537781364,1.5592542318934097,C2005|Rapa,True,True,C2005|UT01018
UM-HET3,C2005,UT,f,UT01019,Rapa,14,20.0,dead,1,1104,,,18.700001,45.900002,50.700001,136.0,2.0,1,608.75,16.675342397260277,1.4908778537781364,1.3580311744579856,C2005|Rapa,True,True,C2005|UT01019
UM-HET3,C2005,UT,f,UT01039,Rapa,14,20.0,dead,1,931,,,17.0,29.9,39.599998,132.0,2.0,1,608.75,16.675342397260277,1.4908778537781364,0.21776271068551054,C2005|Rapa,True,True,C2005|UT01039
UM-HET3,C2005,UT,f,UT01041,Rapa,14,20.0,dead,1,975,,,18.4,30.5,38.799999,132.0,2.0,1,608.75,16.675342397260277,1.4908778537781364,1.156806775531039,C2005|Rapa,True,True,C2005|UT01041
UM-HET3,C2005,UT,f,UT01214,Rapa,14,20.0,dead,1,1190,,,18.0,24.700001,33.700001,165.0,3.0,1,608.75,16.675342397260277,1.4908778537781364,0.8885084712894601,C2005|Rapa,True,True,C2005|UT01214
UM-HET3,C2005,UT,f,UT01216,Rapa,14,20.0,dead,1,1114,,,18.9,26.6,35.0,165.0,3.0,1,608.75,16.675342397260277,1.4908778537781364,1.4921796558330138,C2005|Rapa,True,True,C2005|UT01216
UM-HET3,C2005,UT,f,UT01217,Rapa,14,20.0,dead,1,993,,,20.4,29.200001,37.400002,165.0,3.0,1,608.75,16.675342397260277,1.4908778537781364,2.498298296738938,C2005|Rapa,True,True,C2005|UT01217
UM-HET3,C2005,UT,f,UT01312,Rapa,14,20.0,dead,1,1005,,,16.299999,29.0,36.099998,184.0,4.0,1,608.75,16.675342397260277,1.4908778537781364,-0.25175999248301495,C2005|Rapa,True,True,C2005|UT01312
UM-HET3,C2005,UT,f,UT01313,Rapa,14,20.0,dead,1,1066,,,18.9,46.299999,54.900002,184.0,4.0,1,608.75,16.675342397260277,1.4908778537781364,1.4921796558330138,C2005|Rapa,True,True,C2005|UT01313
UM-HET3,C2005,UT,f,UT01327,Rapa,14,20.0,dead,1,1272,,,16.0,27.0,33.299999,185.0,4.0,1,608.75,16.675342397260277,1.4908778537781364,-0.452983049918439,C2005|Rapa,True,True,C2005|UT01327
UM-HET3,C2005,UT,f,UT01328,Rapa,14,20.0,dead,1,1039,,,17.9,31.0,38.700001,185.0,4.0,1,608.75,16.675342397260277,1.4908778537781364,0.8214338952290642,C2005|Rapa,True,True,C2005|UT01328
UM-HET3,C2005,UT,f,UT01329,Rapa,14,20.0,dead,1,1068,,,16.0,24.1,32.0,185.0,4.0,1,608.75,16.675342397260277,1.4908778537781364,-0.452983049918439,C2005|Rapa,True,True,C2005|UT01329
UM-HET3,C2005,UT,f,UT01359,Rapa,14,20.0,dead,1,1064,,,18.5,33.400002,42.0,190.0,4.0,1,608.75,16.675342397260277,1.4908778537781364,1.2238813515914349,C2005|Rapa,True,True,C2005|UT01359
UM-HET3,C2005,UT,f,UT01361,Rapa,14,20.0,dead,1,996,,,15.2,21.9,27.0,190.0,4.0,1,608.75,16.675342397260277,1.4908778537781364,-0.9895796584015991,C2005|Rapa,True,True,C2005|UT01361
UM-HET3,C2005,UT,f,UT01421,Rapa,14,20.0,dead,1,942,,,16.1,30.0,38.799999,199.0,5.0,1,608.75,16.675342397260277,1.4908778537781364,-0.3859084738580431,C2005|Rapa,True,True,C2005|UT01421
UM-HET3,C2005,UT,f,UT01482,Rapa,14,20.0,dead,1,1070,,,16.5,26.9,32.299999,212.0,5.0,1,608.75,16.675342397260277,1.4908778537781364,-0.11761016961646423,C2005|Rapa,True,True,C2005|UT01482
UM-HET3,C2005,UT,f,UT01483,Rapa,14,20.0,dead,1,1124,,,17.9,29.9,35.400002,212.0,5.0,1,608.75,16.675342397260277,1.4908778537781364,0.8214338952290642,C2005|Rapa,True,True,C2005|UT01483
UM-HET3,C2005,UT,f,UT01485,Rapa,14,20.0,dead,1,1118,,,16.4,24.5,29.6,212.0,5.0,1,608.75,16.675342397260277,1.4908778537781364,-0.18468474567686013,C2005|Rapa,True,True,C2005|UT01485
UM-HET3,C2005,UT,f,UT01552,Rapa,14,20.0,dead,1,1180,,,17.700001,28.6,34.400002,223.0,6.0,1,608.75,16.675342397260277,1.4908778537781364,0.6872854138540361,C2005|Rapa,True,True,C2005|UT01552
UM-HET3,C2005,UT,f,UT01553,Rapa,14,20.0,dead,1,1066,,,15.1,27.4,35.299999,223.0,6.0,1,608.75,16.675342397260277,1.4908778537781364,-1.0566542344619938,C2005|Rapa,True,True,C2005|UT01553
UM-HET3,C2005,UT,m,UT01045,Rapa,14,20.0,dead,1,1079,,,20.1,39.200001,44.200001,132.0,2.0,1,608.75,22.50153849230769,2.0676445443264515,-1.1614851783385267,C2005|Rapa,True,True,C2005|UT01045
UM-HET3,C2005,UT,m,UT01046,Rapa,14,20.0,dead,1,1050,,,19.799999,32.200001,39.799999,132.0,2.0,1,608.75,22.50153849230769,2.0676445443264515,-1.3065782993119524,C2005|Rapa,True,True,C2005|UT01046
UM-HET3,C2005,UT,m,UT01047,Rapa,14,20.0,dead,1,1213,,,21.4,33.799999,38.5,132.0,2.0,1,608.75,22.50153849230769,2.0676445443264515,-0.532750416569559,C2005|Rapa,True,True,C2005|UT01047
UM-HET3,C2005,UT,m,UT01114,Rapa,14,20.0,dead,1,1005,,,22.6,39.599998,47.099998,149.0,3.0,1,608.75,22.50153849230769,2.0676445443264515,0.047620132755644584,C2005|Rapa,True,True,C2005|UT01114
UM-HET3,C2005,UT,m,UT01115,Rapa,14,20.0,dead,1,1025,,,23.9,36.0,46.700001,149.0,3.0,1,608.75,22.50153849230769,2.0676445443264515,0.6763548945246123,C2005|Rapa,True,True,C2005|UT01115
UM-HET3,C2005,UT,m,UT01144,Rapa,14,20.0,dead,1,1087,,,21.5,34.299999,38.0,149.0,3.0,1,608.75,22.50153849230769,2.0676445443264515,-0.4843862041257914,C2005|Rapa,True,True,C2005|UT01144
UM-HET3,C2005,UT,m,UT01145,Rapa,14,20.0,dead,1,1119,,,22.9,41.799999,47.799999,149.0,3.0,1,608.75,22.50153849230769,2.0676445443264515,0.19271277008694376,C2005|Rapa,True,True,C2005|UT01145
UM-HET3,C2005,UT,m,UT01294,Rapa,14,20.0,dead,1,1098,,,22.200001,40.599998,45.0,174.0,4.0,1,608.75,22.50153849230769,2.0676445443264515,-0.1458362333772989,C2005|Rapa,True,True,C2005|UT01294
UM-HET3,C2005,UT,m,UT01295,Rapa,14,20.0,dead,1,1146,,,20.299999,30.1,33.200001,174.0,4.0,1,608.75,22.50153849230769,2.0676445443264515,-1.0647572370931182,C2005|Rapa,True,True,C2005|UT01295
UM-HET3,C2005,UT,m,UT01403,Rapa,14,20.0,dead,1,1119,,,20.1,31.5,37.0,194.0,5.0,1,608.75,22.50153849230769,2.0676445443264515,-1.1614851783385267,C2005|Rapa,True,True,C2005|UT01403
UM-HET3,C2005,UT,m,UT01404,Rapa,14,20.0,dead,1,945,,,22.1,35.5,46.5,194.0,5.0,1,608.75,22.50153849230769,2.0676445443264515,-0.19420092946318965,C2005|Rapa,True,True,C2005|UT01404
UM-HET3,C2005,UT,m,UT01405,Rapa,14,20.0,dead,1,1197,,,17.5,26.4,31.4,194.0,5.0,1,608.75,22.50153849230769,2.0676445443264515,-2.418954701876465,C2005|Rapa,True,True,C2005|UT01405
UM-HET3,C2005,UT,m,UT01499,Rapa,14,20.0,dead,1,1120,,,18.799999,34.200001,41.700001,219.0,6.0,1,608.75,22.50153849230769,2.0676445443264515,-1.7902204237496209,C2005|Rapa,True,True,C2005|UT01499
UM-HET3,C2005,UT,m,UT01500,Rapa,14,20.0,dead,1,1228,,,21.799999,37.099998,41.0,219.0,6.0,1,608.75,22.50153849230769,2.0676445443264515,-0.3392940504366155,C2005|Rapa,True,True,C2005|UT01500
UM-HET3,C2005,UT,m,UT01501,Rapa,14,20.0,dead,1,1089,,,19.6,46.200001,47.599998,219.0,6.0,1,608.75,22.50153849230769,2.0676445443264515,-1.4033062405573609,C2005|Rapa,True,True,C2005|UT01501
UM-HET3,C2005,UT,m,UT01537,Rapa,14,20.0,dead,1,977,,,20.0,37.900002,42.400002,220.0,5.0,1,608.75,22.50153849230769,2.0676445443264515,-1.2098493907822943,C2005|Rapa,True,True,C2005|UT01537
UM-HET3,C2005,UT,m,UT01636,Rapa,14,20.0,dead,1,1235,,,22.0,39.299999,46.200001,235.0,6.0,1,608.75,22.50153849230769,2.0676445443264515,-0.2425651419069572,C2005|Rapa,True,True,C2005|UT01636
UM-HET3,C2005,UT,m,UT01637,Rapa,14,20.0,dead,1,1193,,,21.4,37.700001,42.400002,235.0,6.0,1,608.75,22.50153849230769,2.0676445443264515,-0.532750416569559,C2005|Rapa,True,True,C2005|UT01637
UM-HET3,C2005,UT,m,UT01638,Rapa,14,20.0,dead,1,1228,,,18.700001,35.799999,39.5,235.0,6.0,1,608.75,22.50153849230769,2.0676445443264515,-1.8385836689091386,C2005|Rapa,True,True,C2005|UT01638
UM-HET3,C2005,UT,m,UT01652,Rapa,14,20.0,dead,1,1031,,,22.9,41.0,46.200001,237.0,6.0,1,608.75,22.50153849230769,2.0676445443264515,0.19271277008694376,C2005|Rapa,True,True,C2005|UT01652
UM-HET3,C2005,UT,m,UT01659,Rapa,14,20.0,dead,1,933,,,22.200001,41.099998,47.700001,237.0,6.0,1,608.75,22.50153849230769,2.0676445443264515,-0.1458362333772989,C2005|Rapa,True,True,C2005|UT01659
UM-HET3,C2005,UT,m,UT01715,Rapa,14,20.0,dead,1,1176,,,22.200001,39.5,42.900002,247.0,6.0,1,608.75,22.50153849230769,2.0676445443264515,-0.1458362333772989,C2005|Rapa,True,True,C2005|UT01715
UM-HET3,C2005,UT,m,UT01716,Rapa,14,20.0,dead,1,1129,,,21.4,38.0,44.599998,247.0,6.0,1,608.75,22.50153849230769,2.0676445443264515,-0.532750416569559,C2005|Rapa,True,True,C2005|UT01716
UM-HET3,C2005,UT,m,UT01749,Rapa,14,20.0,dead,1,999,,,23.799999,42.099998,46.5,250.0,6.0,1,608.75,22.50153849230769,2.0676445443264515,0.6279901984387215,C2005|Rapa,True,True,C2005|UT01749
UM-HET3,C2005,UT,m,UT01750,Rapa,14,20.0,dead,1,990,,,21.4,45.599998,49.0,250.0,6.0,1,608.75,22.50153849230769,2.0676445443264515,-0.532750416569559,C2005|Rapa,True,True,C2005|UT01750
UM-HET3,C2006,TJL,f,JL01909,Control,0,,dead,1,1058,,,18.0,30.0,35.0,,,0,273.9375,18.83582089552239,1.3550915760777067,-0.6168003035939906,C2006|Rapa,True,True,C2006|JL01909
UM-HET3,C2006,TJL,f,JL01910,Control,0,,dead,1,730,,,19.0,32.0,37.0,,,0,273.9375,18.83582089552239,1.3550915760777067,0.12115720249167616,C2006|Rapa,True,True,C2006|JL01910
UM-HET3,C2006,TJL,f,JL01911,Control,0,,dead,1,920,,,15.0,40.0,32.0,,,0,273.9375,18.83582089552239,1.3550915760777067,-2.8306728218509907,C2006|Rapa,True,True,C2006|JL01911
UM-HET3,C2006,TJL,f,JL01912,Control,0,,dead,1,647,,,20.0,34.0,50.0,,,0,273.9375,18.83582089552239,1.3550915760777067,0.859114708577343,C2006|Rapa,True,True,C2006|JL01912
UM-HET3,C2006,TJL,f,JL02037,Control,0,,dead,1,739,,,16.0,,24.0,,,0,273.9375,18.83582089552239,1.3550915760777067,-2.092715315765324,C2006|Rapa,True,True,C2006|JL02037
UM-HET3,C2006,TJL,f,JL02038,Control,0,,dead,1,937,,,17.0,,29.0,,,0,273.9375,18.83582089552239,1.3550915760777067,-1.3547578096796573,C2006|Rapa,True,True,C2006|JL02038
UM-HET3,C2006,TJL,f,JL02039,Control,0,,dead,1,711,,,19.0,,34.0,,,0,273.9375,18.83582089552239,1.3550915760777067,0.12115720249167616,C2006|Rapa,True,True,C2006|JL02039
UM-HET3,C2006,TJL,f,JL02040,Control,0,,dead,1,891,,,18.0,,40.0,,,0,273.9375,18.83582089552239,1.3550915760777067,-0.6168003035939906,C2006|Rapa,True,True,C2006|JL02040
UM-HET3,C2006,TJL,f,JL02099,Control,0,,dead,1,695,,,18.0,,42.0,,,0,273.9375,18.83582089552239,1.3550915760777067,-0.6168003035939906,C2006|Rapa,True,True,C2006|JL02099
UM-HET3,C2006,TJL,f,JL02100,Control,0,,dead,1,847,,,20.0,,44.0,,,0,273.9375,18.83582089552239,1.3550915760777067,0.859114708577343,C2006|Rapa,True,True,C2006|JL02100
UM-HET3,C2006,TJL,f,JL02101,Control,0,,dead,1,983,,,19.0,,50.0,,,0,273.9375,18.83582089552239,1.3550915760777067,0.12115720249167616,C2006|Rapa,True,True,C2006|JL02101
UM-HET3,C2006,TJL,f,JL02102,Control,0,,dead,1,850,,,21.0,,47.0,,,0,273.9375,18.83582089552239,1.3550915760777067,1.5970722146630096,C2006|Rapa,True,True,C2006|JL02102
UM-HET3,C2006,TJL,f,JL02125,Control,0,,dead,1,588,,,17.0,23.0,38.0,,,0,273.9375,18.83582089552239,1.3550915760777067,-1.3547578096796573,C2006|Rapa,True,True,C2006|JL02125
UM-HET3,C2006,TJL,f,JL02126,Control,0,,dead,1,1087,,,18.0,23.0,34.0,,,0,273.9375,18.83582089552239,1.3550915760777067,-0.6168003035939906,C2006|Rapa,True,True,C2006|JL02126
UM-HET3,C2006,TJL,f,JL02127,Control,0,,dead,1,829,,,18.0,29.0,44.0,,,0,273.9375,18.83582089552239,1.3550915760777067,-0.6168003035939906,C2006|Rapa,True,True,C2006|JL02127
UM-HET3,C2006,TJL,f,JL02128,Control,0,,dead,1,961,,,19.0,35.0,47.0,,,0,273.9375,18.83582089552239,1.3550915760777067,0.12115720249167616,C2006|Rapa,True,True,C2006|JL02128
UM-HET3,C2006,TJL,f,JL02129,Control,0,,dead,1,681,,,19.0,39.0,50.0,,,0,273.9375,18.83582089552239,1.3550915760777067,0.12115720249167616,C2006|Rapa,True,True,C2006|JL02129
UM-HET3,C2006,TJL,f,JL02130,Control,0,,dead,1,986,,,20.0,27.0,34.0,,,0,273.9375,18.83582089552239,1.3550915760777067,0.859114708577343,C2006|Rapa,True,True,C2006|JL02130
UM-HET3,C2006,TJL,f,JL02131,Control,0,,dead,1,1001,,,18.0,25.0,38.0,,,0,273.9375,18.83582089552239,1.3550915760777067,-0.6168003035939906,C2006|Rapa,True,True,C2006|JL02131
UM-HET3,C2006,TJL,f,JL02132,Control,0,,dead,1,1008,,,19.0,42.0,58.0,,,0,273.9375,18.83582089552239,1.3550915760777067,0.12115720249167616,C2006|Rapa,True,True,C2006|JL02132
UM-HET3,C2006,TJL,f,JL02166,Control,0,,dead,1,880,,,21.0,41.0,53.0,,,0,273.9375,18.83582089552239,1.3550915760777067,1.5970722146630096,C2006|Rapa,True,True,C2006|JL02166
UM-HET3,C2006,TJL,f,JL02167,Control,0,,dead,1,596,,,20.0,33.0,40.0,,,0,273.9375,18.83582089552239,1.3550915760777067,0.859114708577343,C2006|Rapa,True,True,C2006|JL02167
UM-HET3,C2006,TJL,f,JL02168,Control,0,,dead,1,1077,,,19.0,28.0,36.0,,,0,273.9375,18.83582089552239,1.3550915760777067,0.12115720249167616,C2006|Rapa,True,True,C2006|JL02168
UM-HET3,C2006,TJL,f,JL02169,Control,0,,dead,1,780,,,22.0,47.0,58.0,,,0,273.9375,18.83582089552239,1.3550915760777067,2.3350297207486763,C2006|Rapa,True,True,C2006|JL02169
UM-HET3,C2006,TJL,f,JL02195,Control,0,,dead,1,995,,,19.0,37.0,55.0,,,0,273.9375,18.83582089552239,1.3550915760777067,0.12115720249167616,C2006|Rapa,True,True,C2006|JL02195
UM-HET3,C2006,TJL,f,JL02196,Control,0,,dead,1,700,,,20.0,31.0,50.0,,,0,273.9375,18.83582089552239,1.3550915760777067,0.859114708577343,C2006|Rapa,True,True,C2006|JL02196
UM-HET3,C2006,TJL,f,JL02197,Control,0,,dead,1,804,,,18.0,28.0,43.0,,,0,273.9375,18.83582089552239,1.3550915760777067,-0.6168003035939906,C2006|Rapa,True,True,C2006|JL02197
UM-HET3,C2006,TJL,f,JL02198,Control,0,,dead,1,846,,,21.0,41.0,60.0,,,0,273.9375,18.83582089552239,1.3550915760777067,1.5970722146630096,C2006|Rapa,True,True,C2006|JL02198
UM-HET3,C2006,TJL,f,JL02200,Control,0,,dead,1,804,,,20.0,30.0,43.0,,,0,273.9375,18.83582089552239,1.3550915760777067,0.859114708577343,C2006|Rapa,True,True,C2006|JL02200
UM-HET3,C2006,TJL,f,JL02201,Control,0,,dead,1,881,,,19.0,31.0,42.0,,,0,273.9375,18.83582089552239,1.3550915760777067,0.12115720249167616,C2006|Rapa,True,True,C2006|JL02201
UM-HET3,C2006,TJL,f,JL02202,Control,0,,dead,1,772,,,20.0,25.0,25.0,,,0,273.9375,18.83582089552239,1.3550915760777067,0.859114708577343,C2006|Rapa,True,True,C2006|JL02202
UM-HET3,C2006,TJL,f,JL02231,Control,0,,dead,1,1019,,,19.0,25.0,33.0,,,0,273.9375,18.83582089552239,1.3550915760777067,0.12115720249167616,C2006|Rapa,True,True,C2006|JL02231
UM-HET3,C2006,TJL,f,JL02232,Control,0,,dead,1,840,,,19.0,24.0,30.0,,,0,273.9375,18.83582089552239,1.3550915760777067,0.12115720249167616,C2006|Rapa,True,True,C2006|JL02232
UM-HET3,C2006,TJL,f,JL02233,Control,0,,dead,1,648,,,18.0,29.0,40.0,,,0,273.9375,18.83582089552239,1.3550915760777067,-0.6168003035939906,C2006|Rapa,True,True,C2006|JL02233
UM-HET3,C2006,TJL,f,JL02234,Control,0,,dead,1,934,,,19.0,29.0,42.0,,,0,273.9375,18.83582089552239,1.3550915760777067,0.12115720249167616,C2006|Rapa,True,True,C2006|JL02234
UM-HET3,C2006,TJL,f,JL02235,Control,0,,dead,1,1020,,,19.0,31.0,42.0,,,0,273.9375,18.83582089552239,1.3550915760777067,0.12115720249167616,C2006|Rapa,True,True,C2006|JL02235
UM-HET3,C2006,TJL,f,JL02236,Control,0,,dead,1,843,,,17.0,30.0,38.0,,,0,273.9375,18.83582089552239,1.3550915760777067,-1.3547578096796573,C2006|Rapa,True,True,C2006|JL02236
UM-HET3,C2006,TJL,f,JL02237,Control,0,,dead,1,915,,,17.0,25.0,43.0,,,0,273.9375,18.83582089552239,1.3550915760777067,-1.3547578096796573,C2006|Rapa,True,True,C2006|JL02237
UM-HET3,C2006,TJL,f,JL02238,Control,0,,dead,1,458,,,20.0,25.0,29.0,,,0,273.9375,18.83582089552239,1.3550915760777067,0.859114708577343,C2006|Rapa,True,True,C2006|JL02238
UM-HET3,C2006,TJL,f,JL02239,Control,0,,dead,1,828,,,17.0,24.0,30.0,,,0,273.9375,18.83582089552239,1.3550915760777067,-1.3547578096796573,C2006|Rapa,True,True,C2006|JL02239
UM-HET3,C2006,TJL,f,JL02240,Control,0,,dead,1,962,,,19.0,28.0,40.0,,,0,273.9375,18.83582089552239,1.3550915760777067,0.12115720249167616,C2006|Rapa,True,True,C2006|JL02240
UM-HET3,C2006,TJL,f,JL02241,Control,0,,dead,1,956,,,19.0,24.0,31.0,,,0,273.9375,18.83582089552239,1.3550915760777067,0.12115720249167616,C2006|Rapa,True,True,C2006|JL02241
UM-HET3,C2006,TJL,f,JL02242,Control,0,,dead,1,1216,,,18.0,25.0,34.0,,,0,273.9375,18.83582089552239,1.3550915760777067,-0.6168003035939906,C2006|Rapa,True,True,C2006|JL02242
UM-HET3,C2006,TJL,f,JL02266,Control,0,,dead,1,1021,,,20.0,26.0,34.0,,,0,273.9375,18.83582089552239,1.3550915760777067,0.859114708577343,C2006|Rapa,True,True,C2006|JL02266
UM-HET3,C2006,TJL,f,JL02267,Control,0,,dead,1,1261,,,19.0,25.0,29.0,,,0,273.9375,18.83582089552239,1.3550915760777067,0.12115720249167616,C2006|Rapa,True,True,C2006|JL02267
UM-HET3,C2006,TJL,f,JL02268,Control,0,,dead,1,958,,,21.0,29.0,36.0,,,0,273.9375,18.83582089552239,1.3550915760777067,1.5970722146630096,C2006|Rapa,True,True,C2006|JL02268
UM-HET3,C2006,TJL,f,JL02269,Control,0,,dead,1,916,,,18.0,27.0,39.0,,,0,273.9375,18.83582089552239,1.3550915760777067,-0.6168003035939906,C2006|Rapa,True,True,C2006|JL02269
UM-HET3,C2006,TJL,f,JL02422,Control,0,,dead,1,959,,,18.0,26.0,28.0,,,0,273.9375,18.83582089552239,1.3550915760777067,-0.6168003035939906,C2006|Rapa,True,True,C2006|JL02422
UM-HET3,C2006,TJL,f,JL02423,Control,0,,dead,1,880,,,22.0,33.0,38.0,,,0,273.9375,18.83582089552239,1.3550915760777067,2.3350297207486763,C2006|Rapa,True,True,C2006|JL02423
UM-HET3,C2006,TJL,f,JL02424,Control,0,,dead,1,873,,,18.0,25.0,31.0,,,0,273.9375,18.83582089552239,1.3550915760777067,-0.6168003035939906,C2006|Rapa,True,True,C2006|JL02424
UM-HET3,C2006,TJL,f,JL02425,Control,0,,dead,1,836,,,19.0,29.0,45.0,,,0,273.9375,18.83582089552239,1.3550915760777067,0.12115720249167616,C2006|Rapa,True,True,C2006|JL02425
UM-HET3,C2006,TJL,f,JL02473,Control,0,,dead,1,917,,,17.0,29.0,49.0,,,0,273.9375,18.83582089552239,1.3550915760777067,-1.3547578096796573,C2006|Rapa,True,True,C2006|JL02473
UM-HET3,C2006,TJL,f,JL02474,Control,0,,dead,1,1078,,,18.0,24.0,32.0,,,0,273.9375,18.83582089552239,1.3550915760777067,-0.6168003035939906,C2006|Rapa,True,True,C2006|JL02474
UM-HET3,C2006,TJL,f,JL02475,Control,0,,dead,1,1057,,,18.0,31.0,50.0,,,0,273.9375,18.83582089552239,1.3550915760777067,-0.6168003035939906,C2006|Rapa,True,True,C2006|JL02475
UM-HET3,C2006,TJL,f,JL02476,Control,0,,dead,1,1106,,,18.0,32.0,48.0,,,0,273.9375,18.83582089552239,1.3550915760777067,-0.6168003035939906,C2006|Rapa,True,True,C2006|JL02476
UM-HET3,C2006,TJL,f,JL02627,Control,0,,dead,1,896,,,17.0,20.0,23.0,,,0,273.9375,18.83582089552239,1.3550915760777067,-1.3547578096796573,C2006|Rapa,True,True,C2006|JL02627
UM-HET3,C2006,TJL,f,JL02628,Control,0,,dead,1,886,,,21.0,25.0,39.0,,,0,273.9375,18.83582089552239,1.3550915760777067,1.5970722146630096,C2006|Rapa,True,True,C2006|JL02628
UM-HET3,C2006,TJL,f,JL02629,Control,0,,dead,1,918,,,21.0,30.0,37.0,,,0,273.9375,18.83582089552239,1.3550915760777067,1.5970722146630096,C2006|Rapa,True,True,C2006|JL02629
UM-HET3,C2006,TJL,f,JL02630,Control,0,,dead,1,679,,,19.0,36.0,52.0,,,0,273.9375,18.83582089552239,1.3550915760777067,0.12115720249167616,C2006|Rapa,True,True,C2006|JL02630
UM-HET3,C2006,TJL,f,JL02653,Control,0,,dead,1,1105,,,18.0,27.0,35.0,,,0,273.9375,18.83582089552239,1.3550915760777067,-0.6168003035939906,C2006|Rapa,True,True,C2006|JL02653
UM-HET3,C2006,TJL,f,JL02654,Control,0,,dead,1,575,,,19.0,30.0,46.0,,,0,273.9375,18.83582089552239,1.3550915760777067,0.12115720249167616,C2006|Rapa,True,True,C2006|JL02654
UM-HET3,C2006,TJL,f,JL02655,Control,0,,dead,1,882,,,19.0,35.0,46.0,,,0,273.9375,18.83582089552239,1.3550915760777067,0.12115720249167616,C2006|Rapa,True,True,C2006|JL02655
UM-HET3,C2006,TJL,f,JL02656,Control,0,,dead,1,652,,,19.0,30.0,42.0,,,0,273.9375,18.83582089552239,1.3550915760777067,0.12115720249167616,C2006|Rapa,True,True,C2006|JL02656
UM-HET3,C2006,TJL,f,JL02710,Control,0,,dead,1,905,,,18.0,26.0,38.0,,,0,273.9375,18.83582089552239,1.3550915760777067,-0.6168003035939906,C2006|Rapa,True,True,C2006|JL02710
UM-HET3,C2006,TJL,f,JL02711,Control,0,,dead,1,811,,,20.0,31.0,41.0,,,0,273.9375,18.83582089552239,1.3550915760777067,0.859114708577343,C2006|Rapa,True,True,C2006|JL02711
UM-HET3,C2006,TJL,f,JL02712,Control,0,,dead,1,923,,,19.0,26.0,34.0,,,0,273.9375,18.83582089552239,1.3550915760777067,0.12115720249167616,C2006|Rapa,True,True,C2006|JL02712
UM-HET3,C2006,TJL,f,JL02713,Control,0,,dead,1,895,,,18.0,28.0,42.0,,,0,273.9375,18.83582089552239,1.3550915760777067,-0.6168003035939906,C2006|Rapa,True,True,C2006|JL02713
UM-HET3,C2006,TJL,m,JL01930,Control,0,,dead,1,699,,,22.0,38.0,44.0,,,0,273.9375,23.473684210526315,1.7855335054868393,-0.8253467134600221,C2006|Rapa,True,True,C2006|JL01930
UM-HET3,C2006,TJL,m,JL01931,Control,0,,dead,1,904,,,23.0,47.0,50.0,,,0,273.9375,23.473684210526315,1.7855335054868393,-0.2652900150407211,C2006|Rapa,True,True,C2006|JL01931
UM-HET3,C2006,TJL,m,JL01932,Control,0,,dead,1,874,,,22.0,40.0,44.0,,,0,273.9375,23.473684210526315,1.7855335054868393,-0.8253467134600221,C2006|Rapa,True,True,C2006|JL01932
UM-HET3,C2006,TJL,m,JL01933,Control,0,,dead,1,808,,,23.0,43.0,47.0,,,0,273.9375,23.473684210526315,1.7855335054868393,-0.2652900150407211,C2006|Rapa,True,True,C2006|JL01933
UM-HET3,C2006,TJL,m,JL01934,Control,0,,dead,1,1042,,,21.0,36.0,43.0,,,0,273.9375,23.473684210526315,1.7855335054868393,-1.385403411879323,C2006|Rapa,True,True,C2006|JL01934
UM-HET3,C2006,TJL,m,JL01935,Control,0,,dead,1,829,,,22.0,42.0,45.0,,,0,273.9375,23.473684210526315,1.7855335054868393,-0.8253467134600221,C2006|Rapa,True,True,C2006|JL01935
UM-HET3,C2006,TJL,m,JL01966,Control,0,,dead,1,903,,,25.0,37.0,49.0,,,0,273.9375,23.473684210526315,1.7855335054868393,0.8548233817978809,C2006|Rapa,True,True,C2006|JL01966
UM-HET3,C2006,TJL,m,JL01967,Control,0,,dead,1,896,,,25.0,39.0,49.0,,,0,273.9375,23.473684210526315,1.7855335054868393,0.8548233817978809,C2006|Rapa,True,True,C2006|JL01967
UM-HET3,C2006,TJL,m,JL01968,Control,0,,dead,1,587,,,25.0,37.0,50.0,,,0,273.9375,23.473684210526315,1.7855335054868393,0.8548233817978809,C2006|Rapa,True,True,C2006|JL01968
UM-HET3,C2006,TJL,m,JL01969,Control,0,,dead,1,972,,,25.0,44.0,49.0,,,0,273.9375,23.473684210526315,1.7855335054868393,0.8548233817978809,C2006|Rapa,True,True,C2006|JL01969
UM-HET3,C2006,TJL,m,JL01970,Control,0,,dead,1,1103,,,26.0,42.0,47.0,,,0,273.9375,23.473684210526315,1.7855335054868393,1.4148800802171817,C2006|Rapa,True,True,C2006|JL01970
UM-HET3,C2006,TJL,m,JL01971,Control,0,,dead,1,453,,,27.0,47.0,53.0,,,0,273.9375,23.473684210526315,1.7855335054868393,1.9749367786364826,C2006|Rapa,True,True,C2006|JL01971
UM-HET3,C2006,TJL,m,JL01983,Control,0,,dead,1,911,,,23.0,,45.0,,,0,273.9375,23.473684210526315,1.7855335054868393,-0.2652900150407211,C2006|Rapa,True,True,C2006|JL01983
UM-HET3,C2006,TJL,m,JL01984,Control,0,,dead,1,807,,,23.0,,46.0,,,0,273.9375,23.473684210526315,1.7855335054868393,-0.2652900150407211,C2006|Rapa,True,True,C2006|JL01984
UM-HET3,C2006,TJL,m,JL02021,Control,0,,dead,1,1060,,,27.0,,44.0,,,0,273.9375,23.473684210526315,1.7855335054868393,1.9749367786364826,C2006|Rapa,True,True,C2006|JL02021
UM-HET3,C2006,TJL,m,JL02022,Control,0,,dead,1,581,,,24.0,,48.0,,,0,273.9375,23.473684210526315,1.7855335054868393,0.29476668337857986,C2006|Rapa,True,True,C2006|JL02022
UM-HET3,C2006,TJL,m,JL02023,Control,0,,dead,1,605,,,27.0,,52.0,,,0,273.9375,23.473684210526315,1.7855335054868393,1.9749367786364826,C2006|Rapa,True,True,C2006|JL02023
UM-HET3,C2006,TJL,m,JL02027,Control,0,,dead,1,958,,,22.0,,38.0,,,0,273.9375,23.473684210526315,1.7855335054868393,-0.8253467134600221,C2006|Rapa,True,True,C2006|JL02027
UM-HET3,C2006,TJL,m,JL02028,Control,0,,dead,1,923,,,22.0,,46.0,,,0,273.9375,23.473684210526315,1.7855335054868393,-0.8253467134600221,C2006|Rapa,True,True,C2006|JL02028
UM-HET3,C2006,TJL,m,JL02029,Control,0,,dead,1,672,,,25.0,,44.0,,,0,273.9375,23.473684210526315,1.7855335054868393,0.8548233817978809,C2006|Rapa,True,True,C2006|JL02029
UM-HET3,C2006,TJL,m,JL02053,Control,0,,dead,1,784,,,24.0,,51.0,,,0,273.9375,23.473684210526315,1.7855335054868393,0.29476668337857986,C2006|Rapa,True,True,C2006|JL02053
UM-HET3,C2006,TJL,m,JL02054,Control,0,,dead,1,862,,,24.0,,43.0,,,0,273.9375,23.473684210526315,1.7855335054868393,0.29476668337857986,C2006|Rapa,True,True,C2006|JL02054
UM-HET3,C2006,TJL,m,JL02055,Control,0,,dead,1,546,,,23.0,,50.0,,,0,273.9375,23.473684210526315,1.7855335054868393,-0.2652900150407211,C2006|Rapa,True,True,C2006|JL02055
UM-HET3,C2006,TJL,m,JL02065,Control,0,,dead,1,897,,,23.0,,43.0,,,0,273.9375,23.473684210526315,1.7855335054868393,-0.2652900150407211,C2006|Rapa,True,True,C2006|JL02065
UM-HET3,C2006,TJL,m,JL02066,Control,0,,dead,1,986,,,23.0,,43.0,,,0,273.9375,23.473684210526315,1.7855335054868393,-0.2652900150407211,C2006|Rapa,True,True,C2006|JL02066
UM-HET3,C2006,TJL,m,JL02067,Control,0,,dead,1,695,,,24.0,,45.0,,,0,273.9375,23.473684210526315,1.7855335054868393,0.29476668337857986,C2006|Rapa,True,True,C2006|JL02067
UM-HET3,C2006,TJL,m,JL02071,Control,0,,dead,1,1025,,,27.0,,46.0,,,0,273.9375,23.473684210526315,1.7855335054868393,1.9749367786364826,C2006|Rapa,True,True,C2006|JL02071
UM-HET3,C2006,TJL,m,JL02072,Control,0,,dead,1,460,,,26.0,,48.0,,,0,273.9375,23.473684210526315,1.7855335054868393,1.4148800802171817,C2006|Rapa,True,True,C2006|JL02072
UM-HET3,C2006,TJL,m,JL02073,Control,0,,dead,1,965,,,22.0,,43.0,,,0,273.9375,23.473684210526315,1.7855335054868393,-0.8253467134600221,C2006|Rapa,True,True,C2006|JL02073
UM-HET3,C2006,TJL,m,JL02114,Control,0,,dead,1,593,,,23.0,,49.0,,,0,273.9375,23.473684210526315,1.7855335054868393,-0.2652900150407211,C2006|Rapa,True,True,C2006|JL02114
UM-HET3,C2006,TJL,m,JL02115,Control,0,,dead,1,744,,,25.0,,52.0,,,0,273.9375,23.473684210526315,1.7855335054868393,0.8548233817978809,C2006|Rapa,True,True,C2006|JL02115
UM-HET3,C2006,TJL,m,JL02116,Control,0,,dead,1,795,,,22.0,,42.0,,,0,273.9375,23.473684210526315,1.7855335054868393,-0.8253467134600221,C2006|Rapa,True,True,C2006|JL02116
UM-HET3,C2006,TJL,m,JL02160,Control,0,,dead,1,940,,,23.0,41.0,48.0,,,0,273.9375,23.473684210526315,1.7855335054868393,-0.2652900150407211,C2006|Rapa,True,True,C2006|JL02160
UM-HET3,C2006,TJL,m,JL02161,Control,0,,dead,1,748,,,25.0,45.0,55.0,,,0,273.9375,23.473684210526315,1.7855335054868393,0.8548233817978809,C2006|Rapa,True,True,C2006|JL02161
UM-HET3,C2006,TJL,m,JL02162,Control,0,,dead,1,724,,,24.0,42.0,48.0,,,0,273.9375,23.473684210526315,1.7855335054868393,0.29476668337857986,C2006|Rapa,True,True,C2006|JL02162
UM-HET3,C2006,TJL,m,JL02178,Control,0,,dead,1,702,,,23.0,44.0,46.0,,,0,273.9375,23.473684210526315,1.7855335054868393,-0.2652900150407211,C2006|Rapa,True,True,C2006|JL02178
UM-HET3,C2006,TJL,m,JL02179,Control,0,,dead,1,706,,,23.0,42.0,48.0,,,0,273.9375,23.473684210526315,1.7855335054868393,-0.2652900150407211,C2006|Rapa,True,True,C2006|JL02179
UM-HET3,C2006,TJL,m,JL02180,Control,0,,dead,1,488,,,25.0,47.0,50.0,,,0,273.9375,23.473684210526315,1.7855335054868393,0.8548233817978809,C2006|Rapa,True,True,C2006|JL02180
UM-HET3,C2006,TJL,m,JL02188,Control,0,,dead,1,864,,,24.0,41.0,45.0,,,0,273.9375,23.473684210526315,1.7855335054868393,0.29476668337857986,C2006|Rapa,True,True,C2006|JL02188
UM-HET3,C2006,TJL,m,JL02189,Control,0,,dead,1,636,,,23.0,41.0,48.0,,,0,273.9375,23.473684210526315,1.7855335054868393,-0.2652900150407211,C2006|Rapa,True,True,C2006|JL02189
UM-HET3,C2006,TJL,m,JL02190,Control,0,,dead,1,869,,,22.0,38.0,44.0,,,0,273.9375,23.473684210526315,1.7855335054868393,-0.8253467134600221,C2006|Rapa,True,True,C2006|JL02190
UM-HET3,C2006,TJL,m,JL02207,Control,0,,dead,1,456,,,27.0,49.0,57.0,,,0,273.9375,23.473684210526315,1.7855335054868393,1.9749367786364826,C2006|Rapa,True,True,C2006|JL02207
UM-HET3,C2006,TJL,m,JL02208,Control,0,,dead,1,696,,,26.0,47.0,58.0,,,0,273.9375,23.473684210526315,1.7855335054868393,1.4148800802171817,C2006|Rapa,True,True,C2006|JL02208
UM-HET3,C2006,TJL,m,JL02209,Control,0,,dead,1,631,,,23.0,43.0,50.0,,,0,273.9375,23.473684210526315,1.7855335054868393,-0.2652900150407211,C2006|Rapa,True,True,C2006|JL02209
UM-HET3,C2006,TJL,m,JL02228,Control,0,,dead,1,865,,,24.0,45.0,51.0,,,0,273.9375,23.473684210526315,1.7855335054868393,0.29476668337857986,C2006|Rapa,True,True,C2006|JL02228
UM-HET3,C2006,TJL,m,JL02229,Control,0,,dead,1,1182,,,24.0,37.0,48.0,,,0,273.9375,23.473684210526315,1.7855335054868393,0.29476668337857986,C2006|Rapa,True,True,C2006|JL02229
UM-HET3,C2006,TJL,m,JL02230,Control,0,,dead,1,1008,,,22.0,35.0,45.0,,,0,273.9375,23.473684210526315,1.7855335054868393,-0.8253467134600221,C2006|Rapa,True,True,C2006|JL02230
UM-HET3,C2006,TJL,m,JL02292,Control,0,,dead,1,832,,,25.0,41.0,50.0,,,0,273.9375,23.473684210526315,1.7855335054868393,0.8548233817978809,C2006|Rapa,True,True,C2006|JL02292
UM-HET3,C2006,TJL,m,JL02293,Control,0,,dead,1,1007,,,25.0,35.0,48.0,,,0,273.9375,23.473684210526315,1.7855335054868393,0.8548233817978809,C2006|Rapa,True,True,C2006|JL02293
UM-HET3,C2006,TJL,m,JL02294,Control,0,,dead,1,414,,,23.0,45.0,51.0,,,0,273.9375,23.473684210526315,1.7855335054868393,-0.2652900150407211,C2006|Rapa,True,True,C2006|JL02294
UM-HET3,C2006,TJL,m,JL02306,Control,0,,dead,1,543,,,23.0,44.0,50.0,,,0,273.9375,23.473684210526315,1.7855335054868393,-0.2652900150407211,C2006|Rapa,True,True,C2006|JL02306
UM-HET3,C2006,TJL,m,JL02307,Control,0,,dead,1,1103,,,23.0,43.0,48.0,,,0,273.9375,23.473684210526315,1.7855335054868393,-0.2652900150407211,C2006|Rapa,True,True,C2006|JL02307
UM-HET3,C2006,TJL,m,JL02308,Control,0,,dead,1,696,,,21.0,42.0,46.0,,,0,273.9375,23.473684210526315,1.7855335054868393,-1.385403411879323,C2006|Rapa,True,True,C2006|JL02308
UM-HET3,C2006,TJL,m,JL02339,Control,0,,dead,1,930,,,25.0,47.0,54.0,,,0,273.9375,23.473684210526315,1.7855335054868393,0.8548233817978809,C2006|Rapa,True,True,C2006|JL02339
UM-HET3,C2006,TJL,m,JL02340,Control,0,,dead,1,927,,,23.0,31.0,45.0,,,0,273.9375,23.473684210526315,1.7855335054868393,-0.2652900150407211,C2006|Rapa,True,True,C2006|JL02340
UM-HET3,C2006,TJL,m,JL02341,Control,0,,dead,1,847,,,25.0,41.0,44.0,,,0,273.9375,23.473684210526315,1.7855335054868393,0.8548233817978809,C2006|Rapa,True,True,C2006|JL02341
UM-HET3,C2006,TJL,m,JL02359,Control,0,,dead,1,504,,,23.0,45.0,50.0,,,0,273.9375,23.473684210526315,1.7855335054868393,-0.2652900150407211,C2006|Rapa,True,True,C2006|JL02359
UM-HET3,C2006,TJL,m,JL02360,Control,0,,dead,1,635,,,23.0,46.0,48.0,,,0,273.9375,23.473684210526315,1.7855335054868393,-0.2652900150407211,C2006|Rapa,True,True,C2006|JL02360
UM-HET3,C2006,TJL,m,JL02361,Control,0,,dead,1,762,,,23.0,43.0,46.0,,,0,273.9375,23.473684210526315,1.7855335054868393,-0.2652900150407211,C2006|Rapa,True,True,C2006|JL02361
UM-HET3,C2006,TJL,m,JL02371,Control,0,,dead,1,1023,,,21.0,36.0,41.0,,,0,273.9375,23.473684210526315,1.7855335054868393,-1.385403411879323,C2006|Rapa,True,True,C2006|JL02371
UM-HET3,C2006,TJL,m,JL02372,Control,0,,dead,1,896,,,23.0,39.0,43.0,,,0,273.9375,23.473684210526315,1.7855335054868393,-0.2652900150407211,C2006|Rapa,True,True,C2006|JL02372
UM-HET3,C2006,TJL,m,JL02373,Control,0,,dead,1,485,,,23.0,45.0,50.0,,,0,273.9375,23.473684210526315,1.7855335054868393,-0.2652900150407211,C2006|Rapa,True,True,C2006|JL02373
UM-HET3,C2006,TJL,m,JL02432,Control,0,,dead,1,396,,,23.0,48.0,54.0,,,0,273.9375,23.473684210526315,1.7855335054868393,-0.2652900150407211,C2006|Rapa,True,True,C2006|JL02432
UM-HET3,C2006,TJL,m,JL02433,Control,0,,dead,1,873,,,24.0,42.0,45.0,,,0,273.9375,23.473684210526315,1.7855335054868393,0.29476668337857986,C2006|Rapa,True,True,C2006|JL02433
UM-HET3,C2006,TJL,m,JL02434,Control,0,,dead,1,899,,,23.0,39.0,49.0,,,0,273.9375,23.473684210526315,1.7855335054868393,-0.2652900150407211,C2006|Rapa,True,True,C2006|JL02434
UM-HET3,C2006,TJL,m,JL02453,Control,0,,dead,1,803,,,24.0,43.0,53.0,,,0,273.9375,23.473684210526315,1.7855335054868393,0.29476668337857986,C2006|Rapa,True,True,C2006|JL02453
UM-HET3,C2006,TJL,m,JL02454,Control,0,,dead,1,948,,,23.0,43.0,48.0,,,0,273.9375,23.473684210526315,1.7855335054868393,-0.2652900150407211,C2006|Rapa,True,True,C2006|JL02454
UM-HET3,C2006,TJL,m,JL02455,Control,0,,dead,1,515,,,20.0,40.0,46.0,,,0,273.9375,23.473684210526315,1.7855335054868393,-1.945460110298624,C2006|Rapa,True,True,C2006|JL02455
UM-HET3,C2006,TJL,m,JL02456,Control,0,,dead,1,920,,,22.0,49.0,53.0,,,0,273.9375,23.473684210526315,1.7855335054868393,-0.8253467134600221,C2006|Rapa,True,True,C2006|JL02456
UM-HET3,C2006,TJL,m,JL02457,Control,0,,dead,1,796,,,23.0,45.0,49.0,,,0,273.9375,23.473684210526315,1.7855335054868393,-0.2652900150407211,C2006|Rapa,True,True,C2006|JL02457
UM-HET3,C2006,TJL,m,JL02458,Control,0,,dead,1,635,,,25.0,47.0,52.0,,,0,273.9375,23.473684210526315,1.7855335054868393,0.8548233817978809,C2006|Rapa,True,True,C2006|JL02458
UM-HET3,C2006,TJL,m,JL02560,Control,0,,dead,1,609,,,26.0,43.0,47.0,,,0,273.9375,23.473684210526315,1.7855335054868393,1.4148800802171817,C2006|Rapa,True,True,C2006|JL02560
UM-HET3,C2006,TJL,m,JL02561,Control,0,,dead,1,497,,,28.0,47.0,51.0,,,0,273.9375,23.473684210526315,1.7855335054868393,2.534993477055784,C2006|Rapa,True,True,C2006|JL02561
UM-HET3,C2006,TJL,m,JL02562,Control,0,,dead,1,295,,,27.0,52.0,,,,0,273.9375,23.473684210526315,1.7855335054868393,1.9749367786364826,C2006|Rapa,True,True,C2006|JL02562
UM-HET3,C2006,TJL,m,JL02579,Control,0,,dead,1,830,,,19.0,40.0,48.0,,,0,273.9375,23.473684210526315,1.7855335054868393,-2.5055168087179247,C2006|Rapa,True,True,C2006|JL02579
UM-HET3,C2006,TJL,m,JL02580,Control,0,,dead,1,740,,,24.0,46.0,50.0,,,0,273.9375,23.473684210526315,1.7855335054868393,0.29476668337857986,C2006|Rapa,True,True,C2006|JL02580
UM-HET3,C2006,TJL,m,JL02581,Control,0,,dead,1,1197,,,20.0,39.0,45.0,,,0,273.9375,23.473684210526315,1.7855335054868393,-1.945460110298624,C2006|Rapa,True,True,C2006|JL02581
UM-HET3,C2006,TJL,m,JL02641,Control,0,,dead,1,878,,,20.0,38.0,42.0,,,0,273.9375,23.473684210526315,1.7855335054868393,-1.945460110298624,C2006|Rapa,True,True,C2006|JL02641
UM-HET3,C2006,TJL,m,JL02642,Control,0,,dead,1,648,,,21.0,42.0,47.0,,,0,273.9375,23.473684210526315,1.7855335054868393,-1.385403411879323,C2006|Rapa,True,True,C2006|JL02642
UM-HET3,C2006,TJL,m,JL02643,Control,0,,dead,1,676,,,21.0,43.0,46.0,,,0,273.9375,23.473684210526315,1.7855335054868393,-1.385403411879323,C2006|Rapa,True,True,C2006|JL02643
UM-HET3,C2006,TJL,m,JL02647,Control,0,,dead,1,812,,,23.0,44.0,48.0,,,0,273.9375,23.473684210526315,1.7855335054868393,-0.2652900150407211,C2006|Rapa,True,True,C2006|JL02647
UM-HET3,C2006,TJL,m,JL02648,Control,0,,dead,1,629,,,22.0,42.0,47.0,,,0,273.9375,23.473684210526315,1.7855335054868393,-0.8253467134600221,C2006|Rapa,True,True,C2006|JL02648
UM-HET3,C2006,TJL,m,JL02649,Control,0,,dead,1,892,,,24.0,47.0,51.0,,,0,273.9375,23.473684210526315,1.7855335054868393,0.29476668337857986,C2006|Rapa,True,True,C2006|JL02649
UM-HET3,C2006,TJL,m,JL02680,Control,0,,dead,1,364,,,20.0,38.0,,,,0,273.9375,23.473684210526315,1.7855335054868393,-1.945460110298624,C2006|Rapa,True,True,C2006|JL02680
UM-HET3,C2006,TJL,m,JL02681,Control,0,,dead,1,650,,,21.0,39.0,44.0,,,0,273.9375,23.473684210526315,1.7855335054868393,-1.385403411879323,C2006|Rapa,True,True,C2006|JL02681
UM-HET3,C2006,TJL,m,JL02682,Control,0,,dead,1,564,,,23.0,43.0,47.0,,,0,273.9375,23.473684210526315,1.7855335054868393,-0.2652900150407211,C2006|Rapa,True,True,C2006|JL02682
UM-HET3,C2006,TJL,m,JL02694,Control,0,,dead,1,476,,,23.0,39.0,46.0,,,0,273.9375,23.473684210526315,1.7855335054868393,-0.2652900150407211,C2006|Rapa,True,True,C2006|JL02694
UM-HET3,C2006,TJL,m,JL02695,Control,0,,dead,1,961,,,24.0,42.0,46.0,,,0,273.9375,23.473684210526315,1.7855335054868393,0.29476668337857986,C2006|Rapa,True,True,C2006|JL02695
UM-HET3,C2006,TJL,m,JL02696,Control,0,,dead,1,952,,,24.0,47.0,54.0,,,0,273.9375,23.473684210526315,1.7855335054868393,0.29476668337857986,C2006|Rapa,True,True,C2006|JL02696
UM-HET3,C2006,TJL,m,JL02749,Control,0,,dead,1,791,,,25.0,45.0,51.0,,,0,273.9375,23.473684210526315,1.7855335054868393,0.8548233817978809,C2006|Rapa,True,True,C2006|JL02749
UM-HET3,C2006,TJL,m,JL02750,Control,0,,dead,1,997,,,23.0,35.0,46.0,,,0,273.9375,23.473684210526315,1.7855335054868393,-0.2652900150407211,C2006|Rapa,True,True,C2006|JL02750
UM-HET3,C2006,TJL,m,JL02751,Control,0,,dead,1,850,,,24.0,38.0,47.0,,,0,273.9375,23.473684210526315,1.7855335054868393,0.29476668337857986,C2006|Rapa,True,True,C2006|JL02751
UM-HET3,C2006,TJL,m,JL02752,Control,0,,dead,1,920,,,25.0,34.0,50.0,,,0,273.9375,23.473684210526315,1.7855335054868393,0.8548233817978809,C2006|Rapa,True,True,C2006|JL02752
UM-HET3,C2006,TJL,m,JL02753,Control,0,,dead,1,795,,,22.0,42.0,48.0,,,0,273.9375,23.473684210526315,1.7855335054868393,-0.8253467134600221,C2006|Rapa,True,True,C2006|JL02753
UM-HET3,C2006,TJL,m,JL02754,Control,0,,dead,1,731,,,22.0,42.0,46.0,,,0,273.9375,23.473684210526315,1.7855335054868393,-0.8253467134600221,C2006|Rapa,True,True,C2006|JL02754
UM-HET3,C2006,UM,f,UM13197,Control,0,,dead,1,973,,,20.0,36.900002,47.799999,,,0,273.9375,18.267816114942526,1.515155551098979,1.1432383188650688,C2006|Rapa,True,True,C2006|UM13197
UM-HET3,C2006,UM,f,UM13204,Control,0,,dead,1,946,,,19.799999,28.799999,34.400002,,,0,273.9375,18.267816114942526,1.515155551098979,1.011238010477633,C2006|Rapa,True,True,C2006|UM13204
UM-HET3,C2006,UM,f,UM13211,Control,0,,dead,1,417,,,18.299999,22.9,26.9,,,0,273.9375,18.267816114942526,1.515155551098979,0.021240647558681495,C2006|Rapa,True,True,C2006|UM13211
UM-HET3,C2006,UM,f,UM13218,Control,0,,dead,1,811,,,18.5,26.0,32.900002,,,0,273.9375,18.267816114942526,1.515155551098979,0.1532409559461172,C2006|Rapa,True,True,C2006|UM13218
UM-HET3,C2006,UM,f,UM13449,Control,0,,dead,1,739,,,20.200001,28.1,33.099998,,,0,273.9375,18.267816114942526,1.515155551098979,1.2752386272525045,C2006|Rapa,True,True,C2006|UM13449
UM-HET3,C2006,UM,f,UM13456,Control,0,,dead,1,903,,,18.299999,24.799999,29.200001,,,0,273.9375,18.267816114942526,1.515155551098979,0.021240647558681495,C2006|Rapa,True,True,C2006|UM13456
UM-HET3,C2006,UM,f,UM13463,Control,0,,dead,1,1154,,,21.1,30.700001,33.700001,,,0,273.9375,18.267816114942526,1.515155551098979,1.8692363850056344,C2006|Rapa,True,True,C2006|UM13463
UM-HET3,C2006,UM,f,UM13470,Control,0,,dead,1,938,,,18.9,23.5,30.9,,,0,273.9375,18.267816114942526,1.515155551098979,0.4172402527245034,C2006|Rapa,True,True,C2006|UM13470
UM-HET3,C2006,UM,f,UM13547,Control,0,,dead,1,863,,,19.200001,33.400002,39.099998,,,0,273.9375,18.267816114942526,1.515155551098979,0.6152403853065368,C2006|Rapa,True,True,C2006|UM13547
UM-HET3,C2006,UM,f,UM13554,Control,0,,dead,1,827,,,19.700001,25.9,34.0,,,0,273.9375,18.267816114942526,1.515155551098979,0.9452395062795207,C2006|Rapa,True,True,C2006|UM13554
UM-HET3,C2006,UM,f,UM13561,Control,0,,dead,1,1025,,,16.200001,23.0,26.1,,,0,273.9375,18.267816114942526,1.515155551098979,-1.3647543405313665,C2006|Rapa,True,True,C2006|UM13561
UM-HET3,C2006,UM,f,UM13568,Control,0,,dead,1,675,,,16.799999,25.5,35.599998,,,0,273.9375,18.267816114942526,1.515155551098979,-0.9687567153602701,C2006|Rapa,True,True,C2006|UM13568
UM-HET3,C2006,UM,f,UM13722,Control,0,,dead,1,866,,,21.1,26.6,31.5,,,0,273.9375,18.267816114942526,1.515155551098979,1.8692363850056344,C2006|Rapa,True,True,C2006|UM13722
UM-HET3,C2006,UM,f,UM13729,Control,0,,dead,1,831,,,19.1,23.9,29.5,,,0,273.9375,18.267816114942526,1.515155551098979,0.5492399011136988,C2006|Rapa,True,True,C2006|UM13729
UM-HET3,C2006,UM,f,UM13736,Control,0,,dead,1,624,,,18.4,23.6,27.9,,,0,273.9375,18.267816114942526,1.515155551098979,0.08724113175151949,C2006|Rapa,True,True,C2006|UM13736
UM-HET3,C2006,UM,f,UM13743,Control,0,,dead,1,830,,,19.200001,24.6,30.200001,,,0,273.9375,18.267816114942526,1.515155551098979,0.6152403853065368,C2006|Rapa,True,True,C2006|UM13743
UM-HET3,C2006,UM,f,UM13869,Control,0,,dead,1,684,,,17.9,22.299999,26.1,,,0,273.9375,18.267816114942526,1.515155551098979,-0.24275798922146438,C2006|Rapa,True,True,C2006|UM13869
UM-HET3,C2006,UM,f,UM13876,Control,0,,dead,1,813,,,17.4,21.5,22.700001,,,0,273.9375,18.267816114942526,1.515155551098979,-0.5727571101944483,C2006|Rapa,True,True,C2006|UM13876
UM-HET3,C2006,UM,f,UM13883,Control,0,,dead,1,761,,,19.4,28.799999,35.200001,,,0,273.9375,18.267816114942526,1.515155551098979,0.7472393736974873,C2006|Rapa,True,True,C2006|UM13883
UM-HET3,C2006,UM,f,UM13890,Control,0,,dead,1,830,,,20.299999,27.1,29.700001,,,0,273.9375,18.267816114942526,1.515155551098979,1.341237131450617,C2006|Rapa,True,True,C2006|UM13890
UM-HET3,C2006,UM,f,UM14240,Control,0,,dead,1,956,,,17.200001,23.9,29.299999,,,0,273.9375,18.267816114942526,1.515155551098979,-0.7047560985853987,C2006|Rapa,True,True,C2006|UM14240
UM-HET3,C2006,UM,f,UM14247,Control,0,,dead,1,1052,,,17.4,22.6,29.6,,,0,273.9375,18.267816114942526,1.515155551098979,-0.5727571101944483,C2006|Rapa,True,True,C2006|UM14247
UM-HET3,C2006,UM,f,UM14254,Control,0,,dead,1,774,,,14.5,22.1,24.700001,,,0,273.9375,18.267816114942526,1.515155551098979,-2.486752011837754,C2006|Rapa,True,True,C2006|UM14254
UM-HET3,C2006,UM,f,UM14261,Control,0,,dead,1,719,,,17.1,23.5,27.200001,,,0,273.9375,18.267816114942526,1.515155551098979,-0.7707565827782367,C2006|Rapa,True,True,C2006|UM14261
UM-HET3,C2006,UM,f,UM14520,Control,0,,dead,1,891,,,18.200001,25.200001,32.299999,,,0,273.9375,18.267816114942526,1.515155551098979,-0.04475785663943097,C2006|Rapa,True,True,C2006|UM14520
UM-HET3,C2006,UM,f,UM14527,Control,0,,dead,1,710,,,20.0,28.799999,35.799999,,,0,273.9375,18.267816114942526,1.515155551098979,1.1432383188650688,C2006|Rapa,True,True,C2006|UM14527
UM-HET3,C2006,UM,f,UM14534,Control,0,,dead,1,960,,,17.299999,24.1,28.799999,,,0,273.9375,18.267816114942526,1.515155551098979,-0.6387575943872863,C2006|Rapa,True,True,C2006|UM14534
UM-HET3,C2006,UM,f,UM14541,Control,0,,dead,1,895,,,19.5,29.299999,35.299999,,,0,273.9375,18.267816114942526,1.515155551098979,0.813239197892085,C2006|Rapa,True,True,C2006|UM14541
UM-HET3,C2006,UM,f,UM14611,Control,0,,dead,1,819,,,19.299999,26.1,33.700001,,,0,273.9375,18.267816114942526,1.515155551098979,0.6812388895046493,C2006|Rapa,True,True,C2006|UM14611
UM-HET3,C2006,UM,f,UM14618,Control,0,,dead,1,878,,,19.5,26.4,36.799999,,,0,273.9375,18.267816114942526,1.515155551098979,0.813239197892085,C2006|Rapa,True,True,C2006|UM14618
UM-HET3,C2006,UM,f,UM14625,Control,0,,dead,1,511,,,17.1,25.1,31.700001,,,0,273.9375,18.267816114942526,1.515155551098979,-0.7707565827782367,C2006|Rapa,True,True,C2006|UM14625
UM-HET3,C2006,UM,f,UM14632,Control,0,,dead,1,564,,,20.299999,24.9,30.0,,,0,273.9375,18.267816114942526,1.515155551098979,1.341237131450617,C2006|Rapa,True,True,C2006|UM14632
UM-HET3,C2006,UM,f,UM14926,Control,0,,dead,1,795,,,18.200001,24.0,31.799999,,,0,273.9375,18.267816114942526,1.515155551098979,-0.04475785663943097,C2006|Rapa,True,True,C2006|UM14926
UM-HET3,C2006,UM,f,UM14933,Control,0,,dead,1,911,,,17.299999,23.6,,,,0,273.9375,18.267816114942526,1.515155551098979,-0.6387575943872863,C2006|Rapa,True,True,C2006|UM14933
UM-HET3,C2006,UM,f,UM14940,Control,0,,dead,1,788,,,16.6,24.4,28.5,,,0,273.9375,18.267816114942526,1.515155551098979,-1.1007557037512206,C2006|Rapa,True,True,C2006|UM14940
UM-HET3,C2006,UM,f,UM14947,Control,0,,dead,1,938,,,18.4,24.799999,30.299999,,,0,273.9375,18.267816114942526,1.515155551098979,0.08724113175151949,C2006|Rapa,True,True,C2006|UM14947
UM-HET3,C2006,UM,f,UM15052,Control,0,,dead,1,514,,,20.0,28.1,34.099998,,,0,273.9375,18.267816114942526,1.515155551098979,1.1432383188650688,C2006|Rapa,True,True,C2006|UM15052
UM-HET3,C2006,UM,f,UM15059,Control,0,,dead,1,862,,,19.200001,26.0,33.200001,,,0,273.9375,18.267816114942526,1.515155551098979,0.6152403853065368,C2006|Rapa,True,True,C2006|UM15059
UM-HET3,C2006,UM,f,UM15073,Control,0,,dead,1,1035,,,20.1,28.9,38.200001,,,0,273.9375,18.267816114942526,1.515155551098979,1.2092381430596666,C2006|Rapa,True,True,C2006|UM15073
UM-HET3,C2006,UM,f,UM15661,Control,0,,dead,1,1032,,,18.700001,26.6,29.200001,,,0,273.9375,18.267816114942526,1.515155551098979,0.2852412643335529,C2006|Rapa,True,True,C2006|UM15661
UM-HET3,C2006,UM,f,UM15668,Control,0,,dead,1,1056,,,18.700001,27.799999,31.799999,,,0,273.9375,18.267816114942526,1.515155551098979,0.2852412643335529,C2006|Rapa,True,True,C2006|UM15668
UM-HET3,C2006,UM,f,UM15675,Control,0,,dead,1,766,,,18.700001,27.4,30.200001,,,0,273.9375,18.267816114942526,1.515155551098979,0.2852412643335529,C2006|Rapa,True,True,C2006|UM15675
UM-HET3,C2006,UM,f,UM15682,Control,0,,dead,1,1005,,,18.1,30.200001,30.6,,,0,273.9375,18.267816114942526,1.515155551098979,-0.11075834083226896,C2006|Rapa,True,True,C2006|UM15682
UM-HET3,C2006,UM,f,UM16142,Control,0,,dead,1,705,,,20.1,27.799999,35.299999,,,0,273.9375,18.267816114942526,1.515155551098979,1.2092381430596666,C2006|Rapa,True,True,C2006|UM16142
UM-HET3,C2006,UM,f,UM16149,Control,0,,dead,1,929,,,19.700001,29.6,38.200001,,,0,273.9375,18.267816114942526,1.515155551098979,0.9452395062795207,C2006|Rapa,True,True,C2006|UM16149
UM-HET3,C2006,UM,f,UM16156,Control,0,,dead,1,942,,,22.299999,31.700001,45.5,,,0,273.9375,18.267816114942526,1.515155551098979,2.6612336153425526,C2006|Rapa,True,True,C2006|UM16156
UM-HET3,C2006,UM,f,UM16163,Control,0,,dead,1,851,,,19.9,29.700001,43.0,,,0,273.9375,18.267816114942526,1.515155551098979,1.0772384946704712,C2006|Rapa,True,True,C2006|UM16163
UM-HET3,C2006,UM,f,UM16583,Control,0,,dead,1,1232,,,16.9,23.200001,24.700001,,,0,273.9375,18.267816114942526,1.515155551098979,-0.9027562311674321,C2006|Rapa,True,True,C2006|UM16583
UM-HET3,C2006,UM,f,UM16590,Control,0,,dead,1,1248,,,18.0,25.299999,30.4,,,0,273.9375,18.267816114942526,1.515155551098979,-0.17675816502686667,C2006|Rapa,True,True,C2006|UM16590
UM-HET3,C2006,UM,f,UM16597,Control,0,,dead,1,922,,,15.8,23.4,27.1,,,0,273.9375,18.267816114942526,1.515155551098979,-1.6287542973079954,C2006|Rapa,True,True,C2006|UM16597
UM-HET3,C2006,UM,f,UM16604,Control,0,,dead,1,432,,,18.9,27.0,31.700001,,,0,273.9375,18.267816114942526,1.515155551098979,0.4172402527245034,C2006|Rapa,True,True,C2006|UM16604
UM-HET3,C2006,UM,f,UM17017,Control,0,,dead,1,843,,,15.6,22.9,25.0,,,0,273.9375,18.267816114942526,1.515155551098979,-1.7607539456971895,C2006|Rapa,True,True,C2006|UM17017
UM-HET3,C2006,UM,f,UM17024,Control,0,,dead,1,937,,,17.9,23.799999,26.9,,,0,273.9375,18.267816114942526,1.515155551098979,-0.24275798922146438,C2006|Rapa,True,True,C2006|UM17024
UM-HET3,C2006,UM,f,UM17031,Control,0,,dead,1,774,,,18.4,25.9,31.6,,,0,273.9375,18.267816114942526,1.515155551098979,0.08724113175151949,C2006|Rapa,True,True,C2006|UM17031
UM-HET3,C2006,UM,f,UM17038,Control,0,,dead,1,825,,,18.1,25.9,29.200001,,,0,273.9375,18.267816114942526,1.515155551098979,-0.11075834083226896,C2006|Rapa,True,True,C2006|UM17038
UM-HET3,C2006,UM,f,UM17066,Control,0,,dead,1,961,,,16.799999,23.1,27.200001,,,0,273.9375,18.267816114942526,1.515155551098979,-0.9687567153602701,C2006|Rapa,True,True,C2006|UM17066
UM-HET3,C2006,UM,f,UM17073,Control,0,,dead,1,857,,,16.1,22.6,28.4,,,0,273.9375,18.267816114942526,1.515155551098979,-1.4307548247242046,C2006|Rapa,True,True,C2006|UM17073
UM-HET3,C2006,UM,f,UM17080,Control,0,,dead,1,1086,,,17.799999,23.200001,29.5,,,0,273.9375,18.267816114942526,1.515155551098979,-0.3087584734143024,C2006|Rapa,True,True,C2006|UM17080
UM-HET3,C2006,UM,f,UM17087,Control,0,,dead,1,815,,,17.700001,24.6,26.1,,,0,273.9375,18.267816114942526,1.515155551098979,-0.37475697761241483,C2006|Rapa,True,True,C2006|UM17087
UM-HET3,C2006,UM,f,UM17115,Control,0,,dead,1,1129,,,19.4,33.799999,38.0,,,0,273.9375,18.267816114942526,1.515155551098979,0.7472393736974873,C2006|Rapa,True,True,C2006|UM17115
UM-HET3,C2006,UM,f,UM17122,Control,0,,dead,1,909,,,17.700001,24.4,29.4,,,0,273.9375,18.267816114942526,1.515155551098979,-0.37475697761241483,C2006|Rapa,True,True,C2006|UM17122
UM-HET3,C2006,UM,f,UM17129,Control,0,,dead,1,1110,,,17.4,24.5,32.0,,,0,273.9375,18.267816114942526,1.515155551098979,-0.5727571101944483,C2006|Rapa,True,True,C2006|UM17129
UM-HET3,C2006,UM,f,UM17136,Control,0,,dead,1,809,,,17.5,25.9,29.200001,,,0,273.9375,18.267816114942526,1.515155551098979,-0.5067572859998506,C2006|Rapa,True,True,C2006|UM17136
UM-HET3,C2006,UM,f,UM17402,Control,0,,dead,1,882,,,16.799999,25.1,30.1,,,0,273.9375,18.267816114942526,1.515155551098979,-0.9687567153602701,C2006|Rapa,True,True,C2006|UM17402
UM-HET3,C2006,UM,f,UM17409,Control,0,,dead,1,1079,,,18.0,27.299999,34.099998,,,0,273.9375,18.267816114942526,1.515155551098979,-0.17675816502686667,C2006|Rapa,True,True,C2006|UM17409
UM-HET3,C2006,UM,f,UM17416,Control,0,,dead,1,1011,,,17.0,28.1,32.799999,,,0,273.9375,18.267816114942526,1.515155551098979,-0.8367564069728344,C2006|Rapa,True,True,C2006|UM17416
UM-HET3,C2006,UM,f,UM17423,Control,0,,dead,1,905,,,15.2,21.9,25.299999,,,0,273.9375,18.267816114942526,1.515155551098979,-2.024753242475577,C2006|Rapa,True,True,C2006|UM17423
UM-HET3,C2006,UM,f,UM17752,Control,0,,dead,1,1004,,,20.5,30.1,32.0,,,0,273.9375,18.267816114942526,1.515155551098979,1.4732374398380528,C2006|Rapa,True,True,C2006|UM17752
UM-HET3,C2006,UM,f,UM17759,Control,0,,dead,1,935,,,17.5,27.4,33.599998,,,0,273.9375,18.267816114942526,1.515155551098979,-0.5067572859998506,C2006|Rapa,True,True,C2006|UM17759
UM-HET3,C2006,UM,f,UM17766,Control,0,,dead,1,698,,,18.0,22.6,27.200001,,,0,273.9375,18.267816114942526,1.515155551098979,-0.17675816502686667,C2006|Rapa,True,True,C2006|UM17766
UM-HET3,C2006,UM,f,UM17773,Control,0,,dead,1,828,,,16.9,24.6,27.1,,,0,273.9375,18.267816114942526,1.515155551098979,-0.9027562311674321,C2006|Rapa,True,True,C2006|UM17773
UM-HET3,C2006,UM,f,UM17948,Control,0,,dead,1,1005,,,20.700001,30.0,32.900002,,,0,273.9375,18.267816114942526,1.515155551098979,1.6052377482254885,C2006|Rapa,True,True,C2006|UM17948
UM-HET3,C2006,UM,f,UM17955,Control,0,,dead,1,1005,,,19.0,27.9,31.6,,,0,273.9375,18.267816114942526,1.515155551098979,0.4832400769191011,C2006|Rapa,True,True,C2006|UM17955
UM-HET3,C2006,UM,f,UM17962,Control,0,,dead,1,1001,,,18.1,28.200001,29.5,,,0,273.9375,18.267816114942526,1.515155551098979,-0.11075834083226896,C2006|Rapa,True,True,C2006|UM17962
UM-HET3,C2006,UM,f,UM17969,Control,0,,dead,1,423,,,18.200001,23.799999,26.6,,,0,273.9375,18.267816114942526,1.515155551098979,-0.04475785663943097,C2006|Rapa,True,True,C2006|UM17969
UM-HET3,C2006,UM,f,UM18067,Control,0,,dead,1,681,,,18.299999,26.200001,29.0,,,0,273.9375,18.267816114942526,1.515155551098979,0.021240647558681495,C2006|Rapa,True,True,C2006|UM18067
UM-HET3,C2006,UM,f,UM18074,Control,0,,dead,1,968,,,16.0,25.6,29.700001,,,0,273.9375,18.267816114942526,1.515155551098979,-1.4967546489188022,C2006|Rapa,True,True,C2006|UM18074
UM-HET3,C2006,UM,f,UM18081,Control,0,,dead,1,1099,,,17.4,23.5,25.6,,,0,273.9375,18.267816114942526,1.515155551098979,-0.5727571101944483,C2006|Rapa,True,True,C2006|UM18081
UM-HET3,C2006,UM,f,UM18088,Control,0,,dead,1,504,,,16.4,25.299999,29.6,,,0,273.9375,18.267816114942526,1.515155551098979,-1.232755352140416,C2006|Rapa,True,True,C2006|UM18088
UM-HET3,C2006,UM,f,UM18095,Control,0,,dead,1,923,,,19.1,29.200001,39.900002,,,0,273.9375,18.267816114942526,1.515155551098979,0.5492399011136988,C2006|Rapa,True,True,C2006|UM18095
UM-HET3,C2006,UM,f,UM18102,Control,0,,dead,1,907,,,20.299999,29.1,34.400002,,,0,273.9375,18.267816114942526,1.515155551098979,1.341237131450617,C2006|Rapa,True,True,C2006|UM18102
UM-HET3,C2006,UM,f,UM18109,Control,0,,dead,1,640,,,17.6,24.299999,30.9,,,0,273.9375,18.267816114942526,1.515155551098979,-0.4407574618052528,C2006|Rapa,True,True,C2006|UM18109
UM-HET3,C2006,UM,f,UM18116,Control,0,,dead,1,880,,,17.5,25.299999,35.0,,,0,273.9375,18.267816114942526,1.515155551098979,-0.5067572859998506,C2006|Rapa,True,True,C2006|UM18116
UM-HET3,C2006,UM,f,UM18186,Control,0,,dead,1,1015,,,14.5,21.9,25.299999,,,0,273.9375,18.267816114942526,1.515155551098979,-2.486752011837754,C2006|Rapa,True,True,C2006|UM18186
UM-HET3,C2006,UM,f,UM18193,Control,0,,dead,1,1069,,,18.799999,30.700001,32.0,,,0,273.9375,18.267816114942526,1.515155551098979,0.3512397685316654,C2006|Rapa,True,True,C2006|UM18193
UM-HET3,C2006,UM,f,UM18200,Control,0,,dead,1,990,,,18.200001,23.9,29.299999,,,0,273.9375,18.267816114942526,1.515155551098979,-0.04475785663943097,C2006|Rapa,True,True,C2006|UM18200
UM-HET3,C2006,UM,f,UM18207,Control,0,,dead,1,966,,,16.1,23.299999,27.200001,,,0,273.9375,18.267816114942526,1.515155551098979,-1.4307548247242046,C2006|Rapa,True,True,C2006|UM18207
UM-HET3,C2006,UM,m,UM13365,Control,0,,dead,1,647,,,23.700001,42.5,52.099998,,,0,273.9375,22.978301858490568,1.9447122573532063,0.3711084448512091,C2006|Rapa,True,True,C2006|UM13365
UM-HET3,C2006,UM,m,UM13372,Control,0,,dead,1,708,,,21.9,34.799999,51.700001,,,0,273.9375,22.978301858490568,1.9447122573532063,-0.5544788718296866,C2006|Rapa,True,True,C2006|UM13372
UM-HET3,C2006,UM,m,UM13379,Control,0,,dead,1,929,,,23.299999,44.299999,49.799999,,,0,273.9375,22.978301858490568,1.9447122573532063,0.16542146031787167,C2006|Rapa,True,True,C2006|UM13379
UM-HET3,C2006,UM,m,UM13477,Control,0,,dead,1,589,,,21.700001,30.6,36.299999,,,0,273.9375,22.978301858490568,1.9447122573532063,-0.6573213356665738,C2006|Rapa,True,True,C2006|UM13477
UM-HET3,C2006,UM,m,UM13484,Control,0,,dead,1,1008,,,24.299999,41.400002,39.700001,,,0,273.9375,22.978301858490568,1.9447122573532063,0.6796363505767631,C2006|Rapa,True,True,C2006|UM13484
UM-HET3,C2006,UM,m,UM13491,Control,0,,dead,1,974,,,23.200001,30.700001,36.400002,,,0,273.9375,22.978301858490568,1.9447122573532063,0.11400099972176338,C2006|Rapa,True,True,C2006|UM13491
UM-HET3,C2006,UM,m,UM13631,Control,0,,dead,1,1196,,,21.799999,31.299999,34.0,,,0,273.9375,22.978301858490568,1.9447122573532063,-0.6059008750704654,C2006|Rapa,True,True,C2006|UM13631
UM-HET3,C2006,UM,m,UM13638,Control,0,,dead,1,647,,,24.200001,33.900002,42.400002,,,0,273.9375,22.978301858490568,1.9447122573532063,0.6282158899806548,C2006|Rapa,True,True,C2006|UM13638
UM-HET3,C2006,UM,m,UM13645,Control,0,,dead,1,554,,,22.6,36.900002,42.099998,,,0,273.9375,22.978301858490568,1.9447122573532063,-0.19452844864846117,C2006|Rapa,True,True,C2006|UM13645
UM-HET3,C2006,UM,m,UM13778,Control,0,,dead,1,561,,,25.5,41.599998,47.299999,,,0,273.9375,22.978301858490568,1.9447122573532063,1.2966947331023233,C2006|Rapa,True,True,C2006|UM13778
UM-HET3,C2006,UM,m,UM13785,Control,0,,dead,1,758,,,24.700001,35.700001,37.400002,,,0,273.9375,22.978301858490568,1.9447122573532063,0.8853233351101005,C2006|Rapa,True,True,C2006|UM13785
UM-HET3,C2006,UM,m,UM13792,Control,0,,dead,1,939,,,24.6,40.799999,44.099998,,,0,273.9375,22.978301858490568,1.9447122573532063,0.8339013318693217,C2006|Rapa,True,True,C2006|UM13792
UM-HET3,C2006,UM,m,UM13946,Control,0,,dead,1,670,,,24.1,33.200001,35.0,,,0,273.9375,22.978301858490568,1.9447122573532063,0.576793886739876,C2006|Rapa,True,True,C2006|UM13946
UM-HET3,C2006,UM,m,UM13953,Control,0,,dead,1,846,,,24.799999,36.599998,40.900002,,,0,273.9375,22.978301858490568,1.9447122573532063,0.9367437957062088,C2006|Rapa,True,True,C2006|UM13953
UM-HET3,C2006,UM,m,UM13960,Control,0,,dead,1,914,,,24.200001,30.4,35.099998,,,0,273.9375,22.978301858490568,1.9447122573532063,0.6282158899806548,C2006|Rapa,True,True,C2006|UM13960
UM-HET3,C2006,UM,m,UM13967,Control,0,,dead,1,967,,,27.1,42.700001,48.299999,,,0,273.9375,22.978301858490568,1.9447122573532063,2.1194385575165504,C2006|Rapa,True,True,C2006|UM13967
UM-HET3,C2006,UM,m,UM13974,Control,0,,dead,1,1007,,,23.799999,36.5,42.0,,,0,273.9375,22.978301858490568,1.9447122573532063,0.4225289054473174,C2006|Rapa,True,True,C2006|UM13974
UM-HET3,C2006,UM,m,UM13981,Control,0,,dead,1,762,,,25.4,36.700001,45.5,,,0,273.9375,22.978301858490568,1.9447122573532063,1.2452732440764334,C2006|Rapa,True,True,C2006|UM13981
UM-HET3,C2006,UM,m,UM14198,Control,0,,dead,1,1146,,,22.700001,31.9,35.599998,,,0,273.9375,22.978301858490568,1.9447122573532063,-0.14310644540768233,C2006|Rapa,True,True,C2006|UM14198
UM-HET3,C2006,UM,m,UM14205,Control,0,,dead,1,953,,,24.0,40.299999,53.200001,,,0,273.9375,22.978301858490568,1.9447122573532063,0.5253723977139861,C2006|Rapa,True,True,C2006|UM14205
UM-HET3,C2006,UM,m,UM14212,Control,0,,dead,1,669,,,21.299999,33.5,38.400002,,,0,273.9375,22.978301858490568,1.9447122573532063,-0.8630083201999111,C2006|Rapa,True,True,C2006|UM14212
UM-HET3,C2006,UM,m,UM14268,Control,0,,dead,1,914,,,20.9,30.799999,33.799999,,,0,273.9375,22.978301858490568,1.9447122573532063,-1.0686937620885781,C2006|Rapa,True,True,C2006|UM14268
UM-HET3,C2006,UM,m,UM14275,Control,0,,dead,1,634,,,22.200001,34.700001,34.5,,,0,273.9375,22.978301858490568,1.9447122573532063,-0.400213890537128,C2006|Rapa,True,True,C2006|UM14275
UM-HET3,C2006,UM,m,UM14317,Control,0,,dead,1,716,,,23.9,35.299999,40.200001,,,0,273.9375,22.978301858490568,1.9447122573532063,0.47395090868809625,C2006|Rapa,True,True,C2006|UM14317
UM-HET3,C2006,UM,m,UM14324,Control,0,,dead,1,821,,,20.9,30.4,34.599998,,,0,273.9375,22.978301858490568,1.9447122573532063,-1.0686937620885781,C2006|Rapa,True,True,C2006|UM14324
UM-HET3,C2006,UM,m,UM14331,Control,0,,dead,1,610,,,21.799999,32.799999,38.5,,,0,273.9375,22.978301858490568,1.9447122573532063,-0.6059008750704654,C2006|Rapa,True,True,C2006|UM14331
UM-HET3,C2006,UM,m,UM14408,Control,0,,dead,1,810,,,22.299999,30.1,36.299999,,,0,273.9375,22.978301858490568,1.9447122573532063,-0.34879342994101975,C2006|Rapa,True,True,C2006|UM14408
UM-HET3,C2006,UM,m,UM14415,Control,0,,dead,1,723,,,20.200001,32.099998,38.799999,,,0,273.9375,22.978301858490568,1.9447122573532063,-1.4286436710549109,C2006|Rapa,True,True,C2006|UM14415
UM-HET3,C2006,UM,m,UM14422,Control,0,,dead,1,919,,,19.1,37.0,41.5,,,0,273.9375,22.978301858490568,1.9447122573532063,-1.9942805645545811,C2006|Rapa,True,True,C2006|UM14422
UM-HET3,C2006,UM,m,UM14590,Control,0,,dead,1,1077,,,24.9,32.799999,35.900002,,,0,273.9375,22.978301858490568,1.9447122573532063,0.9881657989469876,C2006|Rapa,True,True,C2006|UM14590
UM-HET3,C2006,UM,m,UM14597,Control,0,,dead,1,906,,,21.4,29.0,32.900002,,,0,273.9375,22.978301858490568,1.9447122573532063,-0.8115863169591323,C2006|Rapa,True,True,C2006|UM14597
UM-HET3,C2006,UM,m,UM14604,Control,0,,dead,1,927,,,26.6,38.0,38.599998,,,0,273.9375,22.978301858490568,1.9447122573532063,1.8623311123871045,C2006|Rapa,True,True,C2006|UM14604
UM-HET3,C2006,UM,m,UM14835,Control,0,,dead,1,727,,,22.9,35.599998,45.299999,,,0,273.9375,22.978301858490568,1.9447122573532063,-0.0402639815707952,C2006|Rapa,True,True,C2006|UM14835
UM-HET3,C2006,UM,m,UM14842,Control,0,,dead,1,874,,,25.0,41.900002,48.5,,,0,273.9375,22.978301858490568,1.9447122573532063,1.0395872879728776,C2006|Rapa,True,True,C2006|UM14842
UM-HET3,C2006,UM,m,UM14849,Control,0,,dead,1,727,,,23.5,34.900002,43.700001,,,0,273.9375,22.978301858490568,1.9447122573532063,0.26826495258454036,C2006|Rapa,True,True,C2006|UM14849
UM-HET3,C2006,UM,m,UM14954,Control,0,,dead,1,921,,,20.299999,27.9,30.1,,,0,273.9375,22.978301858490568,1.9447122573532063,-1.3772232104588027,C2006|Rapa,True,True,C2006|UM14954
UM-HET3,C2006,UM,m,UM14961,Control,0,,dead,1,797,,,24.6,35.799999,42.599998,,,0,273.9375,22.978301858490568,1.9447122573532063,0.8339013318693217,C2006|Rapa,True,True,C2006|UM14961
UM-HET3,C2006,UM,m,UM14968,Control,0,,dead,1,953,,,23.299999,34.400002,41.799999,,,0,273.9375,22.978301858490568,1.9447122573532063,0.16542146031787167,C2006|Rapa,True,True,C2006|UM14968
UM-HET3,C2006,UM,m,UM15199,Control,0,,dead,1,886,,,22.9,35.599998,43.0,,,0,273.9375,22.978301858490568,1.9447122573532063,-0.0402639815707952,C2006|Rapa,True,True,C2006|UM15199
UM-HET3,C2006,UM,m,UM15206,Control,0,,dead,1,662,,,21.5,29.1,31.9,,,0,273.9375,22.978301858490568,1.9447122573532063,-0.7601648279332425,C2006|Rapa,True,True,C2006|UM15206
UM-HET3,C2006,UM,m,UM15213,Control,0,,dead,1,1054,,,21.799999,29.299999,31.700001,,,0,273.9375,22.978301858490568,1.9447122573532063,-0.6059008750704654,C2006|Rapa,True,True,C2006|UM15213
UM-HET3,C2006,UM,m,UM15332,Control,0,,dead,1,874,,,26.6,42.5,48.700001,,,0,273.9375,22.978301858490568,1.9447122573532063,1.8623311123871045,C2006|Rapa,True,True,C2006|UM15332
UM-HET3,C2006,UM,m,UM15339,Control,0,,dead,1,476,,,26.6,34.900002,45.099998,,,0,273.9375,22.978301858490568,1.9447122573532063,1.8623311123871045,C2006|Rapa,True,True,C2006|UM15339
UM-HET3,C2006,UM,m,UM15346,Control,0,,dead,1,467,,,27.200001,46.099998,51.599998,,,0,273.9375,22.978301858490568,1.9447122573532063,2.1708605607573292,C2006|Rapa,True,True,C2006|UM15346
UM-HET3,C2006,UM,m,UM15472,Control,0,,dead,1,839,,,24.200001,35.299999,41.299999,,,0,273.9375,22.978301858490568,1.9447122573532063,0.6282158899806548,C2006|Rapa,True,True,C2006|UM15472
UM-HET3,C2006,UM,m,UM15479,Control,0,,dead,1,800,,,21.0,32.400002,39.400002,,,0,273.9375,22.978301858490568,1.9447122573532063,-1.0172722730626882,C2006|Rapa,True,True,C2006|UM15479
UM-HET3,C2006,UM,m,UM15486,Control,0,,dead,1,1070,,,21.299999,31.299999,39.0,,,0,273.9375,22.978301858490568,1.9447122573532063,-0.8630083201999111,C2006|Rapa,True,True,C2006|UM15486
UM-HET3,C2006,UM,m,UM15710,Control,0,,dead,1,816,,,27.1,41.299999,45.599998,,,0,273.9375,22.978301858490568,1.9447122573532063,2.1194385575165504,C2006|Rapa,True,True,C2006|UM15710
UM-HET3,C2006,UM,m,UM15717,Control,0,,dead,1,968,,,24.299999,33.5,38.799999,,,0,273.9375,22.978301858490568,1.9447122573532063,0.6796363505767631,C2006|Rapa,True,True,C2006|UM15717
UM-HET3,C2006,UM,m,UM15724,Control,0,,dead,1,922,,,24.799999,40.5,42.799999,,,0,273.9375,22.978301858490568,1.9447122573532063,0.9367437957062088,C2006|Rapa,True,True,C2006|UM15724
UM-HET3,C2006,UM,m,UM15731,Control,0,,dead,1,1236,,,22.6,37.099998,42.200001,,,0,273.9375,22.978301858490568,1.9447122573532063,-0.19452844864846117,C2006|Rapa,True,True,C2006|UM15731
UM-HET3,C2006,UM,m,UM15738,Control,0,,dead,1,1061,,,23.799999,33.799999,37.0,,,0,273.9375,22.978301858490568,1.9447122573532063,0.4225289054473174,C2006|Rapa,True,True,C2006|UM15738
UM-HET3,C2006,UM,m,UM15745,Control,0,,dead,1,693,,,22.1,33.700001,37.900002,,,0,273.9375,22.978301858490568,1.9447122573532063,-0.45163589377790686,C2006|Rapa,True,True,C2006|UM15745
UM-HET3,C2006,UM,m,UM15773,Control,0,,dead,1,789,,,22.700001,35.5,41.799999,,,0,273.9375,22.978301858490568,1.9447122573532063,-0.14310644540768233,C2006|Rapa,True,True,C2006|UM15773
UM-HET3,C2006,UM,m,UM15787,Control,0,,dead,1,724,,,24.799999,36.700001,39.799999,,,0,273.9375,22.978301858490568,1.9447122573532063,0.9367437957062088,C2006|Rapa,True,True,C2006|UM15787
UM-HET3,C2006,UM,m,UM15953,Control,0,,dead,1,820,,,20.5,29.1,34.599998,,,0,273.9375,22.978301858490568,1.9447122573532063,-1.274379718192134,C2006|Rapa,True,True,C2006|UM15953
UM-HET3,C2006,UM,m,UM15960,Control,0,,dead,1,393,,,22.1,31.1,34.700001,,,0,273.9375,22.978301858490568,1.9447122573532063,-0.45163589377790686,C2006|Rapa,True,True,C2006|UM15960
UM-HET3,C2006,UM,m,UM15967,Control,0,,dead,1,1001,,,20.6,29.200001,33.299999,,,0,273.9375,22.978301858490568,1.9447122573532063,-1.222958229166244,C2006|Rapa,True,True,C2006|UM15967
UM-HET3,C2006,UM,m,UM15995,Control,0,,dead,1,851,,,24.6,33.099998,36.900002,,,0,273.9375,22.978301858490568,1.9447122573532063,0.8339013318693217,C2006|Rapa,True,True,C2006|UM15995
UM-HET3,C2006,UM,m,UM16002,Control,0,,dead,1,652,,,24.6,39.200001,46.200001,,,0,273.9375,22.978301858490568,1.9447122573532063,0.8339013318693217,C2006|Rapa,True,True,C2006|UM16002
UM-HET3,C2006,UM,m,UM16009,Control,0,,dead,1,955,,,24.1,34.799999,43.900002,,,0,273.9375,22.978301858490568,1.9447122573532063,0.576793886739876,C2006|Rapa,True,True,C2006|UM16009
UM-HET3,C2006,UM,m,UM16345,Control,0,,dead,1,780,,,23.799999,32.900002,36.900002,,,0,273.9375,22.978301858490568,1.9447122573532063,0.4225289054473174,C2006|Rapa,True,True,C2006|UM16345
UM-HET3,C2006,UM,m,UM16352,Control,0,,dead,1,618,,,24.6,35.0,40.400002,,,0,273.9375,22.978301858490568,1.9447122573532063,0.8339013318693217,C2006|Rapa,True,True,C2006|UM16352
UM-HET3,C2006,UM,m,UM16359,Control,0,,dead,1,1268,,,23.5,33.400002,36.700001,,,0,273.9375,22.978301858490568,1.9447122573532063,0.26826495258454036,C2006|Rapa,True,True,C2006|UM16359
UM-HET3,C2006,UM,m,UM16366,Control,0,,dead,1,688,,,22.200001,30.6,34.200001,,,0,273.9375,22.978301858490568,1.9447122573532063,-0.400213890537128,C2006|Rapa,True,True,C2006|UM16366
UM-HET3,C2006,UM,m,UM16373,Control,0,,dead,1,439,,,27.4,36.700001,38.5,,,0,273.9375,22.978301858490568,1.9447122573532063,2.2737030245942162,C2006|Rapa,True,True,C2006|UM16373
UM-HET3,C2006,UM,m,UM16380,Control,0,,dead,1,869,,,24.700001,38.200001,44.200001,,,0,273.9375,22.978301858490568,1.9447122573532063,0.8853233351101005,C2006|Rapa,True,True,C2006|UM16380
UM-HET3,C2006,UM,m,UM16436,Control,0,,dead,1,728,,,24.0,32.599998,35.700001,,,0,273.9375,22.978301858490568,1.9447122573532063,0.5253723977139861,C2006|Rapa,True,True,C2006|UM16436
UM-HET3,C2006,UM,m,UM16443,Control,0,,dead,1,885,,,27.0,37.599998,39.0,,,0,273.9375,22.978301858490568,1.9447122573532063,2.0680170684906605,C2006|Rapa,True,True,C2006|UM16443
UM-HET3,C2006,UM,m,UM16450,Control,0,,dead,1,933,,,24.200001,32.299999,33.599998,,,0,273.9375,22.978301858490568,1.9447122573532063,0.6282158899806548,C2006|Rapa,True,True,C2006|UM16450
UM-HET3,C2006,UM,m,UM16828,Control,0,,dead,1,695,,,20.4,31.1,33.200001,,,0,273.9375,22.978301858490568,1.9447122573532063,-1.3258012072180239,C2006|Rapa,True,True,C2006|UM16828
UM-HET3,C2006,UM,m,UM16835,Control,0,,dead,1,979,,,20.700001,30.9,34.0,,,0,273.9375,22.978301858490568,1.9447122573532063,-1.1715362259254651,C2006|Rapa,True,True,C2006|UM16835
UM-HET3,C2006,UM,m,UM16842,Control,0,,dead,1,1100,,,21.9,31.0,35.5,,,0,273.9375,22.978301858490568,1.9447122573532063,-0.5544788718296866,C2006|Rapa,True,True,C2006|UM16842
UM-HET3,C2006,UM,m,UM17045,Control,0,,dead,1,950,,,24.700001,34.700001,38.5,,,0,273.9375,22.978301858490568,1.9447122573532063,0.8853233351101005,C2006|Rapa,True,True,C2006|UM17045
UM-HET3,C2006,UM,m,UM17052,Control,0,,dead,1,711,,,21.299999,31.799999,36.5,,,0,273.9375,22.978301858490568,1.9447122573532063,-0.8630083201999111,C2006|Rapa,True,True,C2006|UM17052
UM-HET3,C2006,UM,m,UM17059,Control,0,,dead,1,781,,,22.9,37.299999,42.099998,,,0,273.9375,22.978301858490568,1.9447122573532063,-0.0402639815707952,C2006|Rapa,True,True,C2006|UM17059
UM-HET3,C2006,UM,m,UM17241,Control,0,,dead,1,850,,,24.6,35.700001,43.0,,,0,273.9375,22.978301858490568,1.9447122573532063,0.8339013318693217,C2006|Rapa,True,True,C2006|UM17241
UM-HET3,C2006,UM,m,UM17248,Control,0,,dead,1,1065,,,23.299999,34.299999,40.099998,,,0,273.9375,22.978301858490568,1.9447122573532063,0.16542146031787167,C2006|Rapa,True,True,C2006|UM17248
UM-HET3,C2006,UM,m,UM17255,Control,0,,dead,1,1162,,,23.9,33.799999,40.799999,,,0,273.9375,22.978301858490568,1.9447122573532063,0.47395090868809625,C2006|Rapa,True,True,C2006|UM17255
UM-HET3,C2006,UM,m,UM17262,Control,0,,dead,1,622,,,20.6,30.1,32.200001,,,0,273.9375,22.978301858490568,1.9447122573532063,-1.222958229166244,C2006|Rapa,True,True,C2006|UM17262
UM-HET3,C2006,UM,m,UM17269,Control,0,,dead,1,616,,,23.1,31.4,33.900002,,,0,273.9375,22.978301858490568,1.9447122573532063,0.06257899648098454,C2006|Rapa,True,True,C2006|UM17269
UM-HET3,C2006,UM,m,UM17276,Control,0,,dead,1,1019,,,22.200001,33.599998,39.700001,,,0,273.9375,22.978301858490568,1.9447122573532063,-0.400213890537128,C2006|Rapa,True,True,C2006|UM17276
UM-HET3,C2006,UM,m,UM17283,Control,0,,dead,1,1064,,,21.4,30.4,34.900002,,,0,273.9375,22.978301858490568,1.9447122573532063,-0.8115863169591323,C2006|Rapa,True,True,C2006|UM17283
UM-HET3,C2006,UM,m,UM17290,Control,0,,dead,1,1013,,,20.200001,30.200001,32.200001,,,0,273.9375,22.978301858490568,1.9447122573532063,-1.4286436710549109,C2006|Rapa,True,True,C2006|UM17290
UM-HET3,C2006,UM,m,UM17297,Control,0,,dead,1,1097,,,21.799999,31.299999,35.0,,,0,273.9375,22.978301858490568,1.9447122573532063,-0.6059008750704654,C2006|Rapa,True,True,C2006|UM17297
UM-HET3,C2006,UM,m,UM17353,Control,0,,dead,1,928,,,21.9,32.099998,35.0,,,0,273.9375,22.978301858490568,1.9447122573532063,-0.5544788718296866,C2006|Rapa,True,True,C2006|UM17353
UM-HET3,C2006,UM,m,UM17360,Control,0,,dead,1,826,,,22.1,31.0,32.900002,,,0,273.9375,22.978301858490568,1.9447122573532063,-0.45163589377790686,C2006|Rapa,True,True,C2006|UM17360
UM-HET3,C2006,UM,m,UM17367,Control,0,,dead,1,796,,,21.6,39.200001,42.299999,,,0,273.9375,22.978301858490568,1.9447122573532063,-0.7087433389073526,C2006|Rapa,True,True,C2006|UM17367
UM-HET3,C2006,UM,m,UM17430,Control,0,,dead,1,450,,,23.6,37.0,43.599998,,,0,273.9375,22.978301858490568,1.9447122573532063,0.31968644161043025,C2006|Rapa,True,True,C2006|UM17430
UM-HET3,C2006,UM,m,UM17437,Control,0,,dead,1,1043,,,21.6,30.5,31.6,,,0,273.9375,22.978301858490568,1.9447122573532063,-0.7087433389073526,C2006|Rapa,True,True,C2006|UM17437
UM-HET3,C2006,UM,m,UM17444,Control,0,,dead,1,1065,,,21.299999,36.0,40.400002,,,0,273.9375,22.978301858490568,1.9447122573532063,-0.8630083201999111,C2006|Rapa,True,True,C2006|UM17444
UM-HET3,C2006,UM,m,UM17472,Control,0,,dead,1,954,,,25.5,33.400002,37.200001,,,0,273.9375,22.978301858490568,1.9447122573532063,1.2966947331023233,C2006|Rapa,True,True,C2006|UM17472
UM-HET3,C2006,UM,m,UM17479,Control,0,,dead,1,418,,,24.799999,40.200001,46.599998,,,0,273.9375,22.978301858490568,1.9447122573532063,0.9367437957062088,C2006|Rapa,True,True,C2006|UM17479
UM-HET3,C2006,UM,m,UM17486,Control,0,,dead,1,663,,,21.299999,34.299999,40.0,,,0,273.9375,22.978301858490568,1.9447122573532063,-0.8630083201999111,C2006|Rapa,True,True,C2006|UM17486
UM-HET3,C2006,UM,m,UM17731,Control,0,,dead,1,1096,,,22.5,30.799999,36.599998,,,0,273.9375,22.978301858490568,1.9447122573532063,-0.24594993767435105,C2006|Rapa,True,True,C2006|UM17731
UM-HET3,C2006,UM,m,UM17738,Control,0,,dead,1,747,,,23.5,36.099998,41.799999,,,0,273.9375,22.978301858490568,1.9447122573532063,0.26826495258454036,C2006|Rapa,True,True,C2006|UM17738
UM-HET3,C2006,UM,m,UM17745,Control,0,,dead,1,505,,,20.5,32.0,36.599998,,,0,273.9375,22.978301858490568,1.9447122573532063,-1.274379718192134,C2006|Rapa,True,True,C2006|UM17745
UM-HET3,C2006,UM,m,UM17850,Control,0,,dead,1,962,,,22.700001,31.9,34.099998,,,0,273.9375,22.978301858490568,1.9447122573532063,-0.14310644540768233,C2006|Rapa,True,True,C2006|UM17850
UM-HET3,C2006,UM,m,UM17857,Control,0,,dead,1,672,,,22.6,38.299999,42.5,,,0,273.9375,22.978301858490568,1.9447122573532063,-0.19452844864846117,C2006|Rapa,True,True,C2006|UM17857
UM-HET3,C2006,UM,m,UM17864,Control,0,,dead,1,1092,,,21.6,32.099998,34.799999,,,0,273.9375,22.978301858490568,1.9447122573532063,-0.7087433389073526,C2006|Rapa,True,True,C2006|UM17864
UM-HET3,C2006,UM,m,UM17976,Control,0,,dead,1,837,,,19.6,31.200001,33.400002,,,0,273.9375,22.978301858490568,1.9447122573532063,-1.7371731194251354,C2006|Rapa,True,True,C2006|UM17976
UM-HET3,C2006,UM,m,UM17983,Control,0,,dead,1,1061,,,20.5,32.299999,36.900002,,,0,273.9375,22.978301858490568,1.9447122573532063,-1.274379718192134,C2006|Rapa,True,True,C2006|UM17983
UM-HET3,C2006,UM,m,UM17990,Control,0,,dead,1,1085,,,19.6,28.0,30.1,,,0,273.9375,22.978301858490568,1.9447122573532063,-1.7371731194251354,C2006|Rapa,True,True,C2006|UM17990
UM-HET3,C2006,UM,m,UM18165,Control,0,,dead,1,974,,,19.0,31.700001,34.299999,,,0,273.9375,22.978301858490568,1.9447122573532063,-2.045702053580471,C2006|Rapa,True,True,C2006|UM18165
UM-HET3,C2006,UM,m,UM18172,Control,0,,dead,1,701,,,20.200001,32.200001,38.299999,,,0,273.9375,22.978301858490568,1.9447122573532063,-1.4286436710549109,C2006|Rapa,True,True,C2006|UM18172
UM-HET3,C2006,UM,m,UM18179,Control,0,,dead,1,1050,,,20.799999,31.6,33.099998,,,0,273.9375,22.978301858490568,1.9447122573532063,-1.120115765329357,C2006|Rapa,True,True,C2006|UM18179
UM-HET3,C2006,TJL,f,JL02010,Rapa,14,9.0,dead,1,1190,,,17.0,,27.0,,,1,273.9375,18.83582089552239,1.3550915760777067,-1.3547578096796573,C2006|Rapa,True,True,C2006|JL02010
UM-HET3,C2006,TJL,f,JL02011,Rapa,14,9.0,dead,1,944,,,20.0,,36.0,,,1,273.9375,18.83582089552239,1.3550915760777067,0.859114708577343,C2006|Rapa,True,True,C2006|JL02011
UM-HET3,C2006,TJL,f,JL02012,Rapa,14,9.0,dead,1,1280,,,20.0,,35.0,,,1,273.9375,18.83582089552239,1.3550915760777067,0.859114708577343,C2006|Rapa,True,True,C2006|JL02012
UM-HET3,C2006,TJL,f,JL02013,Rapa,14,9.0,dead,1,847,,,17.0,,33.0,,,1,273.9375,18.83582089552239,1.3550915760777067,-1.3547578096796573,C2006|Rapa,True,True,C2006|JL02013
UM-HET3,C2006,TJL,f,JL02049,Rapa,14,9.0,dead,1,1054,,,19.0,,31.0,,,1,273.9375,18.83582089552239,1.3550915760777067,0.12115720249167616,C2006|Rapa,True,True,C2006|JL02049
UM-HET3,C2006,TJL,f,JL02050,Rapa,14,9.0,dead,1,481,,,20.0,,27.0,,,1,273.9375,18.83582089552239,1.3550915760777067,0.859114708577343,C2006|Rapa,True,True,C2006|JL02050
UM-HET3,C2006,TJL,f,JL02051,Rapa,14,9.0,dead,1,1328,,,19.0,,32.0,,,1,273.9375,18.83582089552239,1.3550915760777067,0.12115720249167616,C2006|Rapa,True,True,C2006|JL02051
UM-HET3,C2006,TJL,f,JL02052,Rapa,14,9.0,dead,1,1320,,,19.0,,36.0,,,1,273.9375,18.83582089552239,1.3550915760777067,0.12115720249167616,C2006|Rapa,True,True,C2006|JL02052
UM-HET3,C2006,TJL,f,JL02103,Rapa,14,9.0,dead,1,1270,,,19.0,,29.0,,,1,273.9375,18.83582089552239,1.3550915760777067,0.12115720249167616,C2006|Rapa,True,True,C2006|JL02103
UM-HET3,C2006,TJL,f,JL02104,Rapa,14,9.0,dead,1,1183,,,19.0,,35.0,,,1,273.9375,18.83582089552239,1.3550915760777067,0.12115720249167616,C2006|Rapa,True,True,C2006|JL02104
UM-HET3,C2006,TJL,f,JL02105,Rapa,14,9.0,dead,1,1088,,,19.0,,34.0,,,1,273.9375,18.83582089552239,1.3550915760777067,0.12115720249167616,C2006|Rapa,True,True,C2006|JL02105
UM-HET3,C2006,TJL,f,JL02106,Rapa,14,9.0,dead,1,863,,,19.0,,35.0,,,1,273.9375,18.83582089552239,1.3550915760777067,0.12115720249167616,C2006|Rapa,True,True,C2006|JL02106
UM-HET3,C2006,TJL,f,JL02107,Rapa,14,9.0,dead,1,1197,,,20.0,,43.0,,,1,273.9375,18.83582089552239,1.3550915760777067,0.859114708577343,C2006|Rapa,True,True,C2006|JL02107
UM-HET3,C2006,TJL,f,JL02108,Rapa,14,9.0,dead,1,796,,,18.0,,45.0,,,1,273.9375,18.83582089552239,1.3550915760777067,-0.6168003035939906,C2006|Rapa,True,True,C2006|JL02108
UM-HET3,C2006,TJL,f,JL02109,Rapa,14,9.0,dead,1,1112,,,21.0,,46.0,,,1,273.9375,18.83582089552239,1.3550915760777067,1.5970722146630096,C2006|Rapa,True,True,C2006|JL02109
UM-HET3,C2006,TJL,f,JL02110,Rapa,14,9.0,dead,1,951,,,20.0,,45.0,,,1,273.9375,18.83582089552239,1.3550915760777067,0.859114708577343,C2006|Rapa,True,True,C2006|JL02110
UM-HET3,C2006,TJL,f,JL02328,Rapa,14,9.0,dead,1,801,,,20.0,41.0,50.0,,,1,273.9375,18.83582089552239,1.3550915760777067,0.859114708577343,C2006|Rapa,True,True,C2006|JL02328
UM-HET3,C2006,TJL,f,JL02330,Rapa,14,9.0,dead,1,1216,,,21.0,33.0,37.0,,,1,273.9375,18.83582089552239,1.3550915760777067,1.5970722146630096,C2006|Rapa,True,True,C2006|JL02330
UM-HET3,C2006,TJL,f,JL02331,Rapa,14,9.0,dead,1,947,,,19.0,27.0,33.0,,,1,273.9375,18.83582089552239,1.3550915760777067,0.12115720249167616,C2006|Rapa,True,True,C2006|JL02331
UM-HET3,C2006,TJL,f,JL02349,Rapa,14,9.0,dead,1,1227,,,19.0,27.0,38.0,,,1,273.9375,18.83582089552239,1.3550915760777067,0.12115720249167616,C2006|Rapa,True,True,C2006|JL02349
UM-HET3,C2006,TJL,f,JL02350,Rapa,14,9.0,dead,1,1064,,,20.0,33.0,40.0,,,1,273.9375,18.83582089552239,1.3550915760777067,0.859114708577343,C2006|Rapa,True,True,C2006|JL02350
UM-HET3,C2006,TJL,f,JL02351,Rapa,14,9.0,dead,1,930,,,21.0,47.0,58.0,,,1,273.9375,18.83582089552239,1.3550915760777067,1.5970722146630096,C2006|Rapa,True,True,C2006|JL02351
UM-HET3,C2006,TJL,f,JL02352,Rapa,14,9.0,dead,1,1032,,,19.0,36.0,46.0,,,1,273.9375,18.83582089552239,1.3550915760777067,0.12115720249167616,C2006|Rapa,True,True,C2006|JL02352
UM-HET3,C2006,TJL,f,JL02398,Rapa,14,9.0,dead,1,1066,,,19.0,26.0,36.0,,,1,273.9375,18.83582089552239,1.3550915760777067,0.12115720249167616,C2006|Rapa,True,True,C2006|JL02398
UM-HET3,C2006,TJL,f,JL02399,Rapa,14,9.0,dead,1,1182,,,19.0,28.0,32.0,,,1,273.9375,18.83582089552239,1.3550915760777067,0.12115720249167616,C2006|Rapa,True,True,C2006|JL02399
UM-HET3,C2006,TJL,f,JL02400,Rapa,14,9.0,dead,1,1210,,,20.0,27.0,33.0,,,1,273.9375,18.83582089552239,1.3550915760777067,0.859114708577343,C2006|Rapa,True,True,C2006|JL02400
UM-HET3,C2006,TJL,f,JL02401,Rapa,14,9.0,dead,1,930,,,18.0,23.0,29.0,,,1,273.9375,18.83582089552239,1.3550915760777067,-0.6168003035939906,C2006|Rapa,True,True,C2006|JL02401
UM-HET3,C2006,TJL,f,JL02511,Rapa,14,9.0,dead,1,1077,,,18.0,31.0,42.0,,,1,273.9375,18.83582089552239,1.3550915760777067,-0.6168003035939906,C2006|Rapa,True,True,C2006|JL02511
UM-HET3,C2006,TJL,f,JL02512,Rapa,14,9.0,dead,1,1290,,,17.0,28.0,42.0,,,1,273.9375,18.83582089552239,1.3550915760777067,-1.3547578096796573,C2006|Rapa,True,True,C2006|JL02512
UM-HET3,C2006,TJL,f,JL02513,Rapa,14,9.0,dead,1,702,,,18.0,25.0,33.0,,,1,273.9375,18.83582089552239,1.3550915760777067,-0.6168003035939906,C2006|Rapa,True,True,C2006|JL02513
UM-HET3,C2006,TJL,f,JL02514,Rapa,14,9.0,dead,1,1354,,,18.0,28.0,33.0,,,1,273.9375,18.83582089552239,1.3550915760777067,-0.6168003035939906,C2006|Rapa,True,True,C2006|JL02514
UM-HET3,C2006,TJL,f,JL02542,Rapa,14,9.0,dead,1,1148,,,18.0,27.0,43.0,,,1,273.9375,18.83582089552239,1.3550915760777067,-0.6168003035939906,C2006|Rapa,True,True,C2006|JL02542
UM-HET3,C2006,TJL,f,JL02543,Rapa,14,9.0,dead,1,1119,,,19.0,32.0,45.0,,,1,273.9375,18.83582089552239,1.3550915760777067,0.12115720249167616,C2006|Rapa,True,True,C2006|JL02543
UM-HET3,C2006,TJL,f,JL02544,Rapa,14,9.0,dead,1,769,,,18.0,28.0,41.0,,,1,273.9375,18.83582089552239,1.3550915760777067,-0.6168003035939906,C2006|Rapa,True,True,C2006|JL02544
UM-HET3,C2006,TJL,f,JL02545,Rapa,14,9.0,dead,1,883,,,18.0,33.0,46.0,,,1,273.9375,18.83582089552239,1.3550915760777067,-0.6168003035939906,C2006|Rapa,True,True,C2006|JL02545
UM-HET3,C2006,TJL,f,JL02569,Rapa,14,9.0,dead,1,1158,,,20.0,33.0,44.0,,,1,273.9375,18.83582089552239,1.3550915760777067,0.859114708577343,C2006|Rapa,True,True,C2006|JL02569
UM-HET3,C2006,TJL,f,JL02570,Rapa,14,9.0,dead,1,1165,,,20.0,31.0,45.0,,,1,273.9375,18.83582089552239,1.3550915760777067,0.859114708577343,C2006|Rapa,True,True,C2006|JL02570
UM-HET3,C2006,TJL,f,JL02571,Rapa,14,9.0,dead,1,999,,,20.0,30.0,43.0,,,1,273.9375,18.83582089552239,1.3550915760777067,0.859114708577343,C2006|Rapa,True,True,C2006|JL02571
UM-HET3,C2006,TJL,f,JL02572,Rapa,14,9.0,dead,1,1158,,,18.0,23.0,35.0,,,1,273.9375,18.83582089552239,1.3550915760777067,-0.6168003035939906,C2006|Rapa,True,True,C2006|JL02572
UM-HET3,C2006,TJL,f,JL02664,Rapa,14,9.0,dead,1,906,,,19.0,36.0,47.0,,,1,273.9375,18.83582089552239,1.3550915760777067,0.12115720249167616,C2006|Rapa,True,True,C2006|JL02664
UM-HET3,C2006,TJL,f,JL02665,Rapa,14,9.0,dead,1,1306,,,17.0,24.0,33.0,,,1,273.9375,18.83582089552239,1.3550915760777067,-1.3547578096796573,C2006|Rapa,True,True,C2006|JL02665
UM-HET3,C2006,TJL,f,JL02666,Rapa,14,9.0,dead,1,1154,,,19.0,34.0,47.0,,,1,273.9375,18.83582089552239,1.3550915760777067,0.12115720249167616,C2006|Rapa,True,True,C2006|JL02666
UM-HET3,C2006,TJL,f,JL02667,Rapa,14,9.0,dead,1,891,,,20.0,34.0,48.0,,,1,273.9375,18.83582089552239,1.3550915760777067,0.859114708577343,C2006|Rapa,True,True,C2006|JL02667
UM-HET3,C2006,TJL,f,JL02734,Rapa,14,9.0,dead,1,1137,,,18.0,35.0,50.0,,,1,273.9375,18.83582089552239,1.3550915760777067,-0.6168003035939906,C2006|Rapa,True,True,C2006|JL02734
UM-HET3,C2006,TJL,f,JL02735,Rapa,14,9.0,dead,1,990,,,19.0,23.0,32.0,,,1,273.9375,18.83582089552239,1.3550915760777067,0.12115720249167616,C2006|Rapa,True,True,C2006|JL02735
UM-HET3,C2006,TJL,f,JL02736,Rapa,14,9.0,dead,1,948,,,16.0,30.0,42.0,,,1,273.9375,18.83582089552239,1.3550915760777067,-2.092715315765324,C2006|Rapa,True,True,C2006|JL02736
UM-HET3,C2006,TJL,f,JL02737,Rapa,14,9.0,dead,1,1006,,,17.0,29.0,37.0,,,1,273.9375,18.83582089552239,1.3550915760777067,-1.3547578096796573,C2006|Rapa,True,True,C2006|JL02737
UM-HET3,C2006,TJL,m,JL01939,Rapa,14,9.0,dead,1,986,,,21.0,38.0,35.0,,,1,273.9375,23.473684210526315,1.7855335054868393,-1.385403411879323,C2006|Rapa,True,True,C2006|JL01939
UM-HET3,C2006,TJL,m,JL01940,Rapa,14,9.0,dead,1,692,,,21.0,35.0,38.0,,,1,273.9375,23.473684210526315,1.7855335054868393,-1.385403411879323,C2006|Rapa,True,True,C2006|JL01940
UM-HET3,C2006,TJL,m,JL01941,Rapa,14,9.0,dead,1,1066,,,22.0,42.0,41.0,,,1,273.9375,23.473684210526315,1.7855335054868393,-0.8253467134600221,C2006|Rapa,True,True,C2006|JL01941
UM-HET3,C2006,TJL,m,JL01997,Rapa,14,9.0,dead,1,870,,,22.0,,43.0,,,1,273.9375,23.473684210526315,1.7855335054868393,-0.8253467134600221,C2006|Rapa,True,True,C2006|JL01997
UM-HET3,C2006,TJL,m,JL01998,Rapa,14,9.0,dead,1,572,,,23.0,,46.0,,,1,273.9375,23.473684210526315,1.7855335054868393,-0.2652900150407211,C2006|Rapa,True,True,C2006|JL01998
UM-HET3,C2006,TJL,m,JL01999,Rapa,14,9.0,dead,1,558,,,22.0,,44.0,,,1,273.9375,23.473684210526315,1.7855335054868393,-0.8253467134600221,C2006|Rapa,True,True,C2006|JL01999
UM-HET3,C2006,TJL,m,JL02056,Rapa,14,9.0,dead,1,805,,,24.0,,51.0,,,1,273.9375,23.473684210526315,1.7855335054868393,0.29476668337857986,C2006|Rapa,True,True,C2006|JL02056
UM-HET3,C2006,TJL,m,JL02057,Rapa,14,9.0,dead,1,474,,,24.0,,41.0,,,1,273.9375,23.473684210526315,1.7855335054868393,0.29476668337857986,C2006|Rapa,True,True,C2006|JL02057
UM-HET3,C2006,TJL,m,JL02058,Rapa,14,9.0,dead,1,676,,,22.0,,42.0,,,1,273.9375,23.473684210526315,1.7855335054868393,-0.8253467134600221,C2006|Rapa,True,True,C2006|JL02058
UM-HET3,C2006,TJL,m,JL02083,Rapa,14,9.0,dead,1,937,,,25.0,,50.0,,,1,273.9375,23.473684210526315,1.7855335054868393,0.8548233817978809,C2006|Rapa,True,True,C2006|JL02083
UM-HET3,C2006,TJL,m,JL02084,Rapa,14,9.0,dead,1,540,,,23.0,,47.0,,,1,273.9375,23.473684210526315,1.7855335054868393,-0.2652900150407211,C2006|Rapa,True,True,C2006|JL02084
UM-HET3,C2006,TJL,m,JL02085,Rapa,14,9.0,dead,1,1087,,,22.0,,45.0,,,1,273.9375,23.473684210526315,1.7855335054868393,-0.8253467134600221,C2006|Rapa,True,True,C2006|JL02085
UM-HET3,C2006,TJL,m,JL02142,Rapa,14,9.0,dead,1,794,,,25.0,41.0,39.0,,,1,273.9375,23.473684210526315,1.7855335054868393,0.8548233817978809,C2006|Rapa,True,True,C2006|JL02142
UM-HET3,C2006,TJL,m,JL02143,Rapa,14,9.0,dead,1,1086,,,25.0,46.0,44.0,,,1,273.9375,23.473684210526315,1.7855335054868393,0.8548233817978809,C2006|Rapa,True,True,C2006|JL02143
UM-HET3,C2006,TJL,m,JL02144,Rapa,14,9.0,dead,1,406,,,27.0,48.0,52.0,,,1,273.9375,23.473684210526315,1.7855335054868393,1.9749367786364826,C2006|Rapa,True,True,C2006|JL02144
UM-HET3,C2006,TJL,m,JL02154,Rapa,14,9.0,dead,1,675,,,26.0,45.0,48.0,,,1,273.9375,23.473684210526315,1.7855335054868393,1.4148800802171817,C2006|Rapa,True,True,C2006|JL02154
UM-HET3,C2006,TJL,m,JL02155,Rapa,14,9.0,dead,1,944,,,27.0,46.0,48.0,,,1,273.9375,23.473684210526315,1.7855335054868393,1.9749367786364826,C2006|Rapa,True,True,C2006|JL02155
UM-HET3,C2006,TJL,m,JL02156,Rapa,14,9.0,dead,1,1214,,,26.0,43.0,52.0,,,1,273.9375,23.473684210526315,1.7855335054868393,1.4148800802171817,C2006|Rapa,True,True,C2006|JL02156
UM-HET3,C2006,TJL,m,JL02181,Rapa,14,9.0,dead,1,495,,,21.0,,42.0,,,1,273.9375,23.473684210526315,1.7855335054868393,-1.385403411879323,C2006|Rapa,True,True,C2006|JL02181
UM-HET3,C2006,TJL,m,JL02182,Rapa,14,9.0,dead,1,934,,,24.0,,46.0,,,1,273.9375,23.473684210526315,1.7855335054868393,0.29476668337857986,C2006|Rapa,True,True,C2006|JL02182
UM-HET3,C2006,TJL,m,JL02183,Rapa,14,9.0,dead,1,1137,,,22.0,,38.0,,,1,273.9375,23.473684210526315,1.7855335054868393,-0.8253467134600221,C2006|Rapa,True,True,C2006|JL02183
UM-HET3,C2006,TJL,m,JL02253,Rapa,14,9.0,dead,1,928,,,24.0,39.0,38.0,,,1,273.9375,23.473684210526315,1.7855335054868393,0.29476668337857986,C2006|Rapa,True,True,C2006|JL02253
UM-HET3,C2006,TJL,m,JL02254,Rapa,14,9.0,dead,1,284,,,26.0,36.0,,,,1,273.9375,23.473684210526315,1.7855335054868393,1.4148800802171817,C2006|Rapa,True,True,C2006|JL02254
UM-HET3,C2006,TJL,m,JL02255,Rapa,14,9.0,dead,1,1167,,,26.0,42.0,43.0,,,1,273.9375,23.473684210526315,1.7855335054868393,1.4148800802171817,C2006|Rapa,True,True,C2006|JL02255
UM-HET3,C2006,TJL,m,JL02408,Rapa,14,9.0,dead,1,841,,,22.0,41.0,42.0,,,1,273.9375,23.473684210526315,1.7855335054868393,-0.8253467134600221,C2006|Rapa,True,True,C2006|JL02408
UM-HET3,C2006,TJL,m,JL02409,Rapa,14,9.0,dead,1,470,,,24.0,32.0,35.0,,,1,273.9375,23.473684210526315,1.7855335054868393,0.29476668337857986,C2006|Rapa,True,True,C2006|JL02409
UM-HET3,C2006,TJL,m,JL02410,Rapa,14,9.0,dead,1,595,,,20.0,34.0,35.0,,,1,273.9375,23.473684210526315,1.7855335054868393,-1.945460110298624,C2006|Rapa,True,True,C2006|JL02410
UM-HET3,C2006,TJL,m,JL02429,Rapa,14,9.0,dead,1,1064,,,23.0,33.0,41.0,,,1,273.9375,23.473684210526315,1.7855335054868393,-0.2652900150407211,C2006|Rapa,True,True,C2006|JL02429
UM-HET3,C2006,TJL,m,JL02430,Rapa,14,9.0,dead,1,1167,,,21.0,36.0,42.0,,,1,273.9375,23.473684210526315,1.7855335054868393,-1.385403411879323,C2006|Rapa,True,True,C2006|JL02430
UM-HET3,C2006,TJL,m,JL02431,Rapa,14,9.0,dead,1,983,,,23.0,38.0,42.0,,,1,273.9375,23.473684210526315,1.7855335054868393,-0.2652900150407211,C2006|Rapa,True,True,C2006|JL02431
UM-HET3,C2006,TJL,m,JL02536,Rapa,14,9.0,dead,1,912,,,23.0,40.0,47.0,,,1,273.9375,23.473684210526315,1.7855335054868393,-0.2652900150407211,C2006|Rapa,True,True,C2006|JL02536
UM-HET3,C2006,TJL,m,JL02537,Rapa,14,9.0,dead,1,809,,,23.0,41.0,46.0,,,1,273.9375,23.473684210526315,1.7855335054868393,-0.2652900150407211,C2006|Rapa,True,True,C2006|JL02537
UM-HET3,C2006,TJL,m,JL02538,Rapa,14,9.0,dead,1,905,,,26.0,44.0,55.0,,,1,273.9375,23.473684210526315,1.7855335054868393,1.4148800802171817,C2006|Rapa,True,True,C2006|JL02538
UM-HET3,C2006,TJL,m,JL02566,Rapa,14,9.0,dead,1,1380,,,23.0,35.0,40.0,,,1,273.9375,23.473684210526315,1.7855335054868393,-0.2652900150407211,C2006|Rapa,True,True,C2006|JL02566
UM-HET3,C2006,TJL,m,JL02567,Rapa,14,9.0,dead,1,796,,,21.0,31.0,38.0,,,1,273.9375,23.473684210526315,1.7855335054868393,-1.385403411879323,C2006|Rapa,True,True,C2006|JL02567
UM-HET3,C2006,TJL,m,JL02568,Rapa,14,9.0,dead,1,769,,,27.0,42.0,52.0,,,1,273.9375,23.473684210526315,1.7855335054868393,1.9749367786364826,C2006|Rapa,True,True,C2006|JL02568
UM-HET3,C2006,TJL,m,JL02576,Rapa,14,9.0,dead,1,1081,,,25.0,37.0,47.0,,,1,273.9375,23.473684210526315,1.7855335054868393,0.8548233817978809,C2006|Rapa,True,True,C2006|JL02576
UM-HET3,C2006,TJL,m,JL02577,Rapa,14,9.0,dead,1,1215,,,24.0,42.0,46.0,,,1,273.9375,23.473684210526315,1.7855335054868393,0.29476668337857986,C2006|Rapa,True,True,C2006|JL02577
UM-HET3,C2006,TJL,m,JL02582,Rapa,14,9.0,dead,1,604,,,23.0,45.0,42.0,,,1,273.9375,23.473684210526315,1.7855335054868393,-0.2652900150407211,C2006|Rapa,True,True,C2006|JL02582
UM-HET3,C2006,TJL,m,JL02583,Rapa,14,9.0,dead,1,910,,,22.0,39.0,41.0,,,1,273.9375,23.473684210526315,1.7855335054868393,-0.8253467134600221,C2006|Rapa,True,True,C2006|JL02583
UM-HET3,C2006,TJL,m,JL02584,Rapa,14,9.0,dead,1,737,,,20.0,31.0,35.0,,,1,273.9375,23.473684210526315,1.7855335054868393,-1.945460110298624,C2006|Rapa,True,True,C2006|JL02584
UM-HET3,C2006,TJL,m,JL02585,Rapa,14,9.0,dead,1,758,,,21.0,35.0,39.0,,,1,273.9375,23.473684210526315,1.7855335054868393,-1.385403411879323,C2006|Rapa,True,True,C2006|JL02585
UM-HET3,C2006,TJL,m,JL02586,Rapa,14,9.0,dead,1,515,,,22.0,37.0,47.0,,,1,273.9375,23.473684210526315,1.7855335054868393,-0.8253467134600221,C2006|Rapa,True,True,C2006|JL02586
UM-HET3,C2006,TJL,m,JL02587,Rapa,14,9.0,dead,1,1222,,,22.0,33.0,40.0,,,1,273.9375,23.473684210526315,1.7855335054868393,-0.8253467134600221,C2006|Rapa,True,True,C2006|JL02587
UM-HET3,C2006,TJL,m,JL02635,Rapa,14,9.0,dead,1,1128,,,23.0,45.0,46.0,,,1,273.9375,23.473684210526315,1.7855335054868393,-0.2652900150407211,C2006|Rapa,True,True,C2006|JL02635
UM-HET3,C2006,TJL,m,JL02636,Rapa,14,9.0,dead,1,539,,,21.0,37.0,45.0,,,1,273.9375,23.473684210526315,1.7855335054868393,-1.385403411879323,C2006|Rapa,True,True,C2006|JL02636
UM-HET3,C2006,TJL,m,JL02637,Rapa,14,9.0,dead,1,1047,,,24.0,44.0,44.0,,,1,273.9375,23.473684210526315,1.7855335054868393,0.29476668337857986,C2006|Rapa,True,True,C2006|JL02637
UM-HET3,C2006,TJL,m,JL02671,Rapa,14,9.0,dead,1,786,,,23.0,40.0,43.0,,,1,273.9375,23.473684210526315,1.7855335054868393,-0.2652900150407211,C2006|Rapa,True,True,C2006|JL02671
UM-HET3,C2006,TJL,m,JL02672,Rapa,14,9.0,dead,1,537,,,27.0,47.0,53.0,,,1,273.9375,23.473684210526315,1.7855335054868393,1.9749367786364826,C2006|Rapa,True,True,C2006|JL02672
UM-HET3,C2006,TJL,m,JL02673,Rapa,14,9.0,dead,1,948,,,23.0,41.0,42.0,,,1,273.9375,23.473684210526315,1.7855335054868393,-0.2652900150407211,C2006|Rapa,True,True,C2006|JL02673
UM-HET3,C2006,TJL,m,JL02727,Rapa,14,9.0,dead,1,972,,,24.0,38.0,43.0,,,1,273.9375,23.473684210526315,1.7855335054868393,0.29476668337857986,C2006|Rapa,True,True,C2006|JL02727
UM-HET3,C2006,TJL,m,JL02728,Rapa,14,9.0,dead,1,668,,,24.0,42.0,50.0,,,1,273.9375,23.473684210526315,1.7855335054868393,0.29476668337857986,C2006|Rapa,True,True,C2006|JL02728
UM-HET3,C2006,TJL,m,JL02729,Rapa,14,9.0,dead,1,682,,,22.0,34.0,43.0,,,1,273.9375,23.473684210526315,1.7855335054868393,-0.8253467134600221,C2006|Rapa,True,True,C2006|JL02729
UM-HET3,C2006,TJL,m,JL02746,Rapa,14,9.0,dead,1,677,,,22.0,38.0,44.0,,,1,273.9375,23.473684210526315,1.7855335054868393,-0.8253467134600221,C2006|Rapa,True,True,C2006|JL02746
UM-HET3,C2006,TJL,m,JL02747,Rapa,14,9.0,dead,1,697,,,20.0,36.0,40.0,,,1,273.9375,23.473684210526315,1.7855335054868393,-1.945460110298624,C2006|Rapa,True,True,C2006|JL02747
UM-HET3,C2006,TJL,m,JL02748,Rapa,14,9.0,dead,1,901,,,21.0,34.0,42.0,,,1,273.9375,23.473684210526315,1.7855335054868393,-1.385403411879323,C2006|Rapa,True,True,C2006|JL02748
UM-HET3,C2006,TJL,m,JL02761,Rapa,14,9.0,dead,1,934,,,20.0,27.0,32.0,,,1,273.9375,23.473684210526315,1.7855335054868393,-1.945460110298624,C2006|Rapa,True,True,C2006|JL02761
UM-HET3,C2006,TJL,m,JL02762,Rapa,14,9.0,dead,1,535,,,19.0,39.0,44.0,,,1,273.9375,23.473684210526315,1.7855335054868393,-2.5055168087179247,C2006|Rapa,True,True,C2006|JL02762
UM-HET3,C2006,TJL,m,JL02763,Rapa,14,9.0,dead,1,1251,,,22.0,38.0,45.0,,,1,273.9375,23.473684210526315,1.7855335054868393,-0.8253467134600221,C2006|Rapa,True,True,C2006|JL02763
UM-HET3,C2006,UM,f,UM13519,Rapa,14,9.0,dead,1,820,,,19.0,27.799999,35.200001,,,1,273.9375,18.267816114942526,1.515155551098979,0.4832400769191011,C2006|Rapa,True,True,C2006|UM13519
UM-HET3,C2006,UM,f,UM13526,Rapa,14,9.0,dead,1,579,,,17.9,24.799999,32.799999,,,1,273.9375,18.267816114942526,1.515155551098979,-0.24275798922146438,C2006|Rapa,True,True,C2006|UM13526
UM-HET3,C2006,UM,f,UM13533,Rapa,14,9.0,dead,1,896,,,20.200001,30.1,32.700001,,,1,273.9375,18.267816114942526,1.515155551098979,1.2752386272525045,C2006|Rapa,True,True,C2006|UM13533
UM-HET3,C2006,UM,f,UM13540,Rapa,14,9.0,dead,1,1014,,,20.0,28.6,33.599998,,,1,273.9375,18.267816114942526,1.515155551098979,1.1432383188650688,C2006|Rapa,True,True,C2006|UM13540
UM-HET3,C2006,UM,f,UM14289,Rapa,14,9.0,dead,1,941,,,17.200001,22.200001,24.200001,,,1,273.9375,18.267816114942526,1.515155551098979,-0.7047560985853987,C2006|Rapa,True,True,C2006|UM14289
UM-HET3,C2006,UM,f,UM14296,Rapa,14,9.0,dead,1,1077,,,18.799999,25.700001,26.0,,,1,273.9375,18.267816114942526,1.515155551098979,0.3512397685316654,C2006|Rapa,True,True,C2006|UM14296
UM-HET3,C2006,UM,f,UM14303,Rapa,14,9.0,dead,1,1179,,,16.9,23.1,27.9,,,1,273.9375,18.267816114942526,1.515155551098979,-0.9027562311674321,C2006|Rapa,True,True,C2006|UM14303
UM-HET3,C2006,UM,f,UM14310,Rapa,14,9.0,dead,1,1246,,,16.700001,22.799999,28.700001,,,1,273.9375,18.267816114942526,1.515155551098979,-1.0347552195583827,C2006|Rapa,True,True,C2006|UM14310
UM-HET3,C2006,UM,f,UM14359,Rapa,14,9.0,dead,1,785,,,18.799999,29.0,34.400002,,,1,273.9375,18.267816114942526,1.515155551098979,0.3512397685316654,C2006|Rapa,True,True,C2006|UM14359
UM-HET3,C2006,UM,f,UM14366,Rapa,14,9.0,dead,1,995,,,16.5,21.9,30.0,,,1,273.9375,18.267816114942526,1.515155551098979,-1.1667555279458184,C2006|Rapa,True,True,C2006|UM14366
UM-HET3,C2006,UM,f,UM14373,Rapa,14,9.0,dead,1,1188,,,16.4,22.1,26.4,,,1,273.9375,18.267816114942526,1.515155551098979,-1.232755352140416,C2006|Rapa,True,True,C2006|UM14373
UM-HET3,C2006,UM,f,UM14380,Rapa,14,9.0,dead,1,908,,,17.0,26.5,34.5,,,1,273.9375,18.267816114942526,1.515155551098979,-0.8367564069728344,C2006|Rapa,True,True,C2006|UM14380
UM-HET3,C2006,UM,f,UM14709,Rapa,14,9.0,dead,1,1176,,,17.4,26.0,32.700001,,,1,273.9375,18.267816114942526,1.515155551098979,-0.5727571101944483,C2006|Rapa,True,True,C2006|UM14709
UM-HET3,C2006,UM,f,UM14716,Rapa,14,9.0,dead,1,696,,,17.299999,24.4,29.1,,,1,273.9375,18.267816114942526,1.515155551098979,-0.6387575943872863,C2006|Rapa,True,True,C2006|UM14716
UM-HET3,C2006,UM,f,UM14723,Rapa,14,9.0,dead,1,1259,,,18.1,25.200001,29.5,,,1,273.9375,18.267816114942526,1.515155551098979,-0.11075834083226896,C2006|Rapa,True,True,C2006|UM14723
UM-HET3,C2006,UM,f,UM14730,Rapa,14,9.0,dead,1,1140,,,19.299999,26.200001,30.4,,,1,273.9375,18.267816114942526,1.515155551098979,0.6812388895046493,C2006|Rapa,True,True,C2006|UM14730
UM-HET3,C2006,UM,f,UM14779,Rapa,14,9.0,dead,1,713,,,16.299999,24.1,27.299999,,,1,273.9375,18.267816114942526,1.515155551098979,-1.298755836333254,C2006|Rapa,True,True,C2006|UM14779
UM-HET3,C2006,UM,f,UM14786,Rapa,14,9.0,dead,1,1001,,,18.6,28.6,33.200001,,,1,273.9375,18.267816114942526,1.515155551098979,0.2192407801407149,C2006|Rapa,True,True,C2006|UM14786
UM-HET3,C2006,UM,f,UM14793,Rapa,14,9.0,dead,1,884,,,17.9,28.6,37.900002,,,1,273.9375,18.267816114942526,1.515155551098979,-0.24275798922146438,C2006|Rapa,True,True,C2006|UM14793
UM-HET3,C2006,UM,f,UM14800,Rapa,14,9.0,dead,1,744,,,18.4,24.0,30.0,,,1,273.9375,18.267816114942526,1.515155551098979,0.08724113175151949,C2006|Rapa,True,True,C2006|UM14800
UM-HET3,C2006,UM,f,UM14975,Rapa,14,9.0,dead,1,1179,,,17.700001,24.799999,31.799999,,,1,273.9375,18.267816114942526,1.515155551098979,-0.37475697761241483,C2006|Rapa,True,True,C2006|UM14975
UM-HET3,C2006,UM,f,UM14982,Rapa,14,9.0,dead,1,896,,,18.5,25.700001,29.6,,,1,273.9375,18.267816114942526,1.515155551098979,0.1532409559461172,C2006|Rapa,True,True,C2006|UM14982
UM-HET3,C2006,UM,f,UM14989,Rapa,14,9.0,dead,1,883,,,19.5,26.9,29.6,,,1,273.9375,18.267816114942526,1.515155551098979,0.813239197892085,C2006|Rapa,True,True,C2006|UM14989
UM-HET3,C2006,UM,f,UM14996,Rapa,14,9.0,dead,1,963,,,19.0,29.1,36.200001,,,1,273.9375,18.267816114942526,1.515155551098979,0.4832400769191011,C2006|Rapa,True,True,C2006|UM14996
UM-HET3,C2006,UM,f,UM15248,Rapa,14,9.0,dead,1,1143,,,19.4,27.700001,34.299999,,,1,273.9375,18.267816114942526,1.515155551098979,0.7472393736974873,C2006|Rapa,True,True,C2006|UM15248
UM-HET3,C2006,UM,f,UM15255,Rapa,14,9.0,dead,1,749,,,20.0,25.200001,35.0,,,1,273.9375,18.267816114942526,1.515155551098979,1.1432383188650688,C2006|Rapa,True,True,C2006|UM15255
UM-HET3,C2006,UM,f,UM15262,Rapa,14,9.0,dead,1,914,,,17.200001,22.700001,28.799999,,,1,273.9375,18.267816114942526,1.515155551098979,-0.7047560985853987,C2006|Rapa,True,True,C2006|UM15262
UM-HET3,C2006,UM,f,UM15269,Rapa,14,9.0,dead,1,1081,,,18.200001,27.1,28.6,,,1,273.9375,18.267816114942526,1.515155551098979,-0.04475785663943097,C2006|Rapa,True,True,C2006|UM15269
UM-HET3,C2006,UM,f,UM16114,Rapa,14,9.0,dead,1,730,,,18.799999,25.799999,28.299999,,,1,273.9375,18.267816114942526,1.515155551098979,0.3512397685316654,C2006|Rapa,True,True,C2006|UM16114
UM-HET3,C2006,UM,f,UM16121,Rapa,14,9.0,dead,1,1176,,,14.9,22.5,26.299999,,,1,273.9375,18.267816114942526,1.515155551098979,-2.2227527150593667,C2006|Rapa,True,True,C2006|UM16121
UM-HET3,C2006,UM,f,UM16128,Rapa,14,9.0,dead,1,980,,,18.4,28.5,37.400002,,,1,273.9375,18.267816114942526,1.515155551098979,0.08724113175151949,C2006|Rapa,True,True,C2006|UM16128
UM-HET3,C2006,UM,f,UM16135,Rapa,14,9.0,dead,1,993,,,17.799999,26.799999,32.200001,,,1,273.9375,18.267816114942526,1.515155551098979,-0.3087584734143024,C2006|Rapa,True,True,C2006|UM16135
UM-HET3,C2006,UM,f,UM16800,Rapa,14,9.0,dead,1,1040,,,18.0,24.5,27.6,,,1,273.9375,18.267816114942526,1.515155551098979,-0.17675816502686667,C2006|Rapa,True,True,C2006|UM16800
UM-HET3,C2006,UM,f,UM16807,Rapa,14,9.0,dead,1,1182,,,17.799999,24.4,28.5,,,1,273.9375,18.267816114942526,1.515155551098979,-0.3087584734143024,C2006|Rapa,True,True,C2006|UM16807
UM-HET3,C2006,UM,f,UM16814,Rapa,14,9.0,dead,1,678,,,19.4,30.1,34.700001,,,1,273.9375,18.267816114942526,1.515155551098979,0.7472393736974873,C2006|Rapa,True,True,C2006|UM16814
UM-HET3,C2006,UM,f,UM16821,Rapa,14,9.0,dead,1,1187,,,17.1,24.0,26.9,,,1,273.9375,18.267816114942526,1.515155551098979,-0.7707565827782367,C2006|Rapa,True,True,C2006|UM16821
UM-HET3,C2006,UM,f,UM17556,Rapa,14,9.0,dead,1,1246,,,17.5,29.1,40.099998,,,1,273.9375,18.267816114942526,1.515155551098979,-0.5067572859998506,C2006|Rapa,True,True,C2006|UM17556
UM-HET3,C2006,UM,f,UM17563,Rapa,14,9.0,dead,1,1288,,,17.4,24.0,30.9,,,1,273.9375,18.267816114942526,1.515155551098979,-0.5727571101944483,C2006|Rapa,True,True,C2006|UM17563
UM-HET3,C2006,UM,f,UM17570,Rapa,14,9.0,dead,1,1066,,,16.6,25.0,29.0,,,1,273.9375,18.267816114942526,1.515155551098979,-1.1007557037512206,C2006|Rapa,True,True,C2006|UM17570
UM-HET3,C2006,UM,f,UM17577,Rapa,14,9.0,dead,1,360,,,17.0,23.6,,,,1,273.9375,18.267816114942526,1.515155551098979,-0.8367564069728344,C2006|Rapa,True,True,C2006|UM17577
UM-HET3,C2006,UM,f,UM17626,Rapa,14,9.0,dead,1,1237,,,19.9,29.200001,35.200001,,,1,273.9375,18.267816114942526,1.515155551098979,1.0772384946704712,C2006|Rapa,True,True,C2006|UM17626
UM-HET3,C2006,UM,f,UM17633,Rapa,14,9.0,dead,1,1133,,,21.200001,27.799999,33.200001,,,1,273.9375,18.267816114942526,1.515155551098979,1.9352368691984723,C2006|Rapa,True,True,C2006|UM17633
UM-HET3,C2006,UM,f,UM17682,Rapa,14,9.0,dead,1,1209,,,18.799999,24.4,30.4,,,1,273.9375,18.267816114942526,1.515155551098979,0.3512397685316654,C2006|Rapa,True,True,C2006|UM17682
UM-HET3,C2006,UM,f,UM17689,Rapa,14,9.0,dead,1,1125,,,18.4,22.5,24.9,,,1,273.9375,18.267816114942526,1.515155551098979,0.08724113175151949,C2006|Rapa,True,True,C2006|UM17689
UM-HET3,C2006,UM,f,UM17696,Rapa,14,9.0,dead,1,1230,,,19.6,25.6,35.5,,,1,273.9375,18.267816114942526,1.515155551098979,0.8792390220866827,C2006|Rapa,True,True,C2006|UM17696
UM-HET3,C2006,UM,f,UM17703,Rapa,14,9.0,dead,1,956,,,19.5,34.299999,45.200001,,,1,273.9375,18.267816114942526,1.515155551098979,0.813239197892085,C2006|Rapa,True,True,C2006|UM17703
UM-HET3,C2006,UM,m,UM13176,Rapa,14,9.0,dead,1,540,,,24.299999,41.5,45.200001,,,1,273.9375,22.978301858490568,1.9447122573532063,0.6796363505767631,C2006|Rapa,True,True,C2006|UM13176
UM-HET3,C2006,UM,m,UM13183,Rapa,14,9.0,dead,1,694,,,22.799999,35.799999,38.900002,,,1,273.9375,22.978301858490568,1.9447122573532063,-0.09168598481157403,C2006|Rapa,True,True,C2006|UM13183
UM-HET3,C2006,UM,m,UM13190,Rapa,14,9.0,dead,1,724,,,22.1,37.099998,43.5,,,1,273.9375,22.978301858490568,1.9447122573532063,-0.45163589377790686,C2006|Rapa,True,True,C2006|UM13190
UM-HET3,C2006,UM,m,UM13225,Rapa,14,9.0,dead,1,866,,,25.0,36.700001,40.5,,,1,273.9375,22.978301858490568,1.9447122573532063,1.0395872879728776,C2006|Rapa,True,True,C2006|UM13225
UM-HET3,C2006,UM,m,UM13232,Rapa,14,9.0,dead,1,995,,,25.5,35.099998,35.400002,,,1,273.9375,22.978301858490568,1.9447122573532063,1.2966947331023233,C2006|Rapa,True,True,C2006|UM13232
UM-HET3,C2006,UM,m,UM13239,Rapa,14,9.0,dead,1,1201,,,25.6,33.099998,33.400002,,,1,273.9375,22.978301858490568,1.9447122573532063,1.348116222128213,C2006|Rapa,True,True,C2006|UM13239
UM-HET3,C2006,UM,m,UM13673,Rapa,14,9.0,dead,1,632,,,24.700001,32.099998,32.299999,,,1,273.9375,22.978301858490568,1.9447122573532063,0.8853233351101005,C2006|Rapa,True,True,C2006|UM13673
UM-HET3,C2006,UM,m,UM13680,Rapa,14,9.0,dead,1,1093,,,23.0,30.200001,30.799999,,,1,273.9375,22.978301858490568,1.9447122573532063,0.011157507455094673,C2006|Rapa,True,True,C2006|UM13680
UM-HET3,C2006,UM,m,UM13687,Rapa,14,9.0,dead,1,1306,,,21.700001,27.4,29.9,,,1,273.9375,22.978301858490568,1.9447122573532063,-0.6573213356665738,C2006|Rapa,True,True,C2006|UM13687
UM-HET3,C2006,UM,m,UM13827,Rapa,14,9.0,dead,1,1045,,,27.0,37.400002,37.099998,,,1,273.9375,22.978301858490568,1.9447122573532063,2.0680170684906605,C2006|Rapa,True,True,C2006|UM13827
UM-HET3,C2006,UM,m,UM13834,Rapa,14,9.0,dead,1,861,,,26.799999,42.200001,38.900002,,,1,273.9375,22.978301858490568,1.9447122573532063,1.9651735762239917,C2006|Rapa,True,True,C2006|UM13834
UM-HET3,C2006,UM,m,UM13841,Rapa,14,9.0,dead,1,1127,,,24.700001,32.400002,34.5,,,1,273.9375,22.978301858490568,1.9447122573532063,0.8853233351101005,C2006|Rapa,True,True,C2006|UM13841
UM-HET3,C2006,UM,m,UM14009,Rapa,14,9.0,dead,1,1136,,,26.1,45.200001,34.599998,,,1,273.9375,22.978301858490568,1.9447122573532063,1.6052236672576587,C2006|Rapa,True,True,C2006|UM14009
UM-HET3,C2006,UM,m,UM14016,Rapa,14,9.0,dead,1,854,,,25.799999,42.099998,40.599998,,,1,273.9375,22.978301858490568,1.9447122573532063,1.4509586859651002,C2006|Rapa,True,True,C2006|UM14016
UM-HET3,C2006,UM,m,UM14023,Rapa,14,9.0,dead,1,1072,,,22.700001,33.599998,38.700001,,,1,273.9375,22.978301858490568,1.9447122573532063,-0.14310644540768233,C2006|Rapa,True,True,C2006|UM14023
UM-HET3,C2006,UM,m,UM14079,Rapa,14,9.0,dead,1,1065,,,23.700001,32.400002,33.900002,,,1,273.9375,22.978301858490568,1.9447122573532063,0.3711084448512091,C2006|Rapa,True,True,C2006|UM14079
UM-HET3,C2006,UM,m,UM14086,Rapa,14,9.0,dead,1,952,,,22.799999,31.4,32.599998,,,1,273.9375,22.978301858490568,1.9447122573532063,-0.09168598481157403,C2006|Rapa,True,True,C2006|UM14086
UM-HET3,C2006,UM,m,UM14093,Rapa,14,9.0,dead,1,1183,,,20.0,29.9,33.299999,,,1,273.9375,22.978301858490568,1.9447122573532063,-1.5314871633215796,C2006|Rapa,True,True,C2006|UM14093
UM-HET3,C2006,UM,m,UM14478,Rapa,14,9.0,dead,1,1044,,,24.1,34.599998,37.0,,,1,273.9375,22.978301858490568,1.9447122573532063,0.576793886739876,C2006|Rapa,True,True,C2006|UM14478
UM-HET3,C2006,UM,m,UM14485,Rapa,14,9.0,dead,1,1305,,,24.200001,33.0,34.099998,,,1,273.9375,22.978301858490568,1.9447122573532063,0.6282158899806548,C2006|Rapa,True,True,C2006|UM14485
UM-HET3,C2006,UM,m,UM14492,Rapa,14,9.0,dead,1,986,,,24.799999,38.5,40.799999,,,1,273.9375,22.978301858490568,1.9447122573532063,0.9367437957062088,C2006|Rapa,True,True,C2006|UM14492
UM-HET3,C2006,UM,m,UM14856,Rapa,14,9.0,dead,1,690,,,22.0,31.5,37.799999,,,1,273.9375,22.978301858490568,1.9447122573532063,-0.5030573828037967,C2006|Rapa,True,True,C2006|UM14856
UM-HET3,C2006,UM,m,UM14870,Rapa,14,9.0,dead,1,1068,,,23.299999,34.799999,37.400002,,,1,273.9375,22.978301858490568,1.9447122573532063,0.16542146031787167,C2006|Rapa,True,True,C2006|UM14870
UM-HET3,C2006,UM,m,UM14905,Rapa,14,9.0,dead,1,1131,,,22.9,34.299999,33.799999,,,1,273.9375,22.978301858490568,1.9447122573532063,-0.0402639815707952,C2006|Rapa,True,True,C2006|UM14905
UM-HET3,C2006,UM,m,UM14912,Rapa,14,9.0,dead,1,616,,,26.200001,46.099998,55.200001,,,1,273.9375,22.978301858490568,1.9447122573532063,1.6566456704984376,C2006|Rapa,True,True,C2006|UM14912
UM-HET3,C2006,UM,m,UM15031,Rapa,14,9.0,dead,1,932,,,25.700001,36.299999,38.900002,,,1,273.9375,22.978301858490568,1.9447122573532063,1.3995382253689919,C2006|Rapa,True,True,C2006|UM15031
UM-HET3,C2006,UM,m,UM15038,Rapa,14,9.0,dead,1,736,,,22.299999,34.700001,39.0,,,1,273.9375,22.978301858490568,1.9447122573532063,-0.34879342994101975,C2006|Rapa,True,True,C2006|UM15038
UM-HET3,C2006,UM,m,UM15045,Rapa,14,9.0,dead,1,1195,,,23.200001,36.5,41.099998,,,1,273.9375,22.978301858490568,1.9447122573532063,0.11400099972176338,C2006|Rapa,True,True,C2006|UM15045
UM-HET3,C2006,UM,m,UM15542,Rapa,14,9.0,dead,1,673,,,23.9,34.700001,35.299999,,,1,273.9375,22.978301858490568,1.9447122573532063,0.47395090868809625,C2006|Rapa,True,True,C2006|UM15542
UM-HET3,C2006,UM,m,UM15549,Rapa,14,9.0,dead,1,1178,,,22.9,32.099998,37.400002,,,1,273.9375,22.978301858490568,1.9447122573532063,-0.0402639815707952,C2006|Rapa,True,True,C2006|UM15549
UM-HET3,C2006,UM,m,UM15556,Rapa,14,9.0,dead,1,718,,,21.799999,36.200001,38.599998,,,1,273.9375,22.978301858490568,1.9447122573532063,-0.6059008750704654,C2006|Rapa,True,True,C2006|UM15556
UM-HET3,C2006,UM,m,UM15689,Rapa,14,9.0,dead,1,360,,,25.0,38.0,,,,1,273.9375,22.978301858490568,1.9447122573532063,1.0395872879728776,C2006|Rapa,True,True,C2006|UM15689
UM-HET3,C2006,UM,m,UM15696,Rapa,14,9.0,dead,1,543,,,27.5,40.200001,44.0,,,1,273.9375,22.978301858490568,1.9447122573532063,2.325124513620106,C2006|Rapa,True,True,C2006|UM15696
UM-HET3,C2006,UM,m,UM15703,Rapa,14,9.0,dead,1,1295,,,26.200001,41.700001,46.0,,,1,273.9375,22.978301858490568,1.9447122573532063,1.6566456704984376,C2006|Rapa,True,True,C2006|UM15703
UM-HET3,C2006,UM,m,UM16093,Rapa,14,9.0,dead,1,416,,,21.1,29.9,37.099998,,,1,273.9375,22.978301858490568,1.9447122573532063,-0.9658507840367984,C2006|Rapa,True,True,C2006|UM16093
UM-HET3,C2006,UM,m,UM16100,Rapa,14,9.0,dead,1,1159,,,22.5,31.4,36.299999,,,1,273.9375,22.978301858490568,1.9447122573532063,-0.24594993767435105,C2006|Rapa,True,True,C2006|UM16100
UM-HET3,C2006,UM,m,UM16107,Rapa,14,9.0,dead,1,697,,,25.299999,38.599998,45.700001,,,1,273.9375,22.978301858490568,1.9447122573532063,1.1938512408356545,C2006|Rapa,True,True,C2006|UM16107
UM-HET3,C2006,UM,m,UM16170,Rapa,14,9.0,dead,1,539,,,22.9,31.6,39.400002,,,1,273.9375,22.978301858490568,1.9447122573532063,-0.0402639815707952,C2006|Rapa,True,True,C2006|UM16170
UM-HET3,C2006,UM,m,UM16177,Rapa,14,9.0,dead,1,890,,,22.9,33.299999,36.0,,,1,273.9375,22.978301858490568,1.9447122573532063,-0.0402639815707952,C2006|Rapa,True,True,C2006|UM16177
UM-HET3,C2006,UM,m,UM16184,Rapa,14,9.0,dead,1,735,,,25.799999,35.799999,34.700001,,,1,273.9375,22.978301858490568,1.9447122573532063,1.4509586859651002,C2006|Rapa,True,True,C2006|UM16184
UM-HET3,C2006,UM,m,UM16506,Rapa,14,9.0,dead,1,862,,,23.1,30.5,34.400002,,,1,273.9375,22.978301858490568,1.9447122573532063,0.06257899648098454,C2006|Rapa,True,True,C2006|UM16506
UM-HET3,C2006,UM,m,UM16513,Rapa,14,9.0,dead,1,1054,,,25.4,38.099998,49.599998,,,1,273.9375,22.978301858490568,1.9447122573532063,1.2452732440764334,C2006|Rapa,True,True,C2006|UM16513
UM-HET3,C2006,UM,m,UM16520,Rapa,14,9.0,dead,1,823,,,25.200001,35.700001,43.0,,,1,273.9375,22.978301858490568,1.9447122573532063,1.1424307802395461,C2006|Rapa,True,True,C2006|UM16520
