cohort,site,id,mouse,group,Tx,entry,body_weight,lifespan_days,dead
C2005,TJL,JL01056,C2005|JL01056,Control,0,182.625,48.0,886,1
C2005,TJL,JL01057,C2005|JL01057,Control,0,182.625,41.0,552,1
C2005,TJL,JL01058,C2005|JL01058,Control,0,182.625,46.0,823,1
C2005,TJL,JL01059,C2005|JL01059,Control,0,182.625,42.0,242,1
C2005,TJL,JL01060,C2005|JL01060,Control,0,182.625,50.0,322,1
C2005,TJL,JL01061,C2005|JL01061,Control,0,182.625,44.0,1111,1
C2005,TJL,JL01112,C2005|JL01112,Control,0,182.625,49.0,538,1
C2005,TJL,JL01113,C2005|JL01113,Control,0,182.625,56.0,789,1
C2005,TJL,JL01114,C2005|JL01114,Control,0,182.625,45.0,287,1
C2005,TJL,JL01115,C2005|JL01115,Control,0,182.625,36.0,561,1
C2005,TJL,JL01116,C2005|JL01116,Control,0,182.625,38.0,724,1
C2005,TJL,JL01117,C2005|JL01117,Control,0,182.625,42.0,441,1
C2005,TJL,JL01118,C2005|JL01118,Control,0,182.625,40.0,937,1
C2005,TJL,JL01119,C2005|JL01119,Control,0,182.625,44.0,643,1
C2005,TJL,JL01120,C2005|JL01120,Control,0,182.625,47.0,774,1
C2005,TJL,JL01124,C2005|JL01124,Control,0,182.625,44.0,844,1
C2005,TJL,JL01125,C2005|JL01125,Control,0,182.625,38.0,985,1
C2005,TJL,JL01126,C2005|JL01126,Control,0,182.625,33.0,693,1
C2005,TJL,JL01146,C2005|JL01146,Control,0,182.625,39.0,1119,1
C2005,TJL,JL01147,C2005|JL01147,Control,0,182.625,44.0,697,1
C2005,TJL,JL01148,C2005|JL01148,Control,0,182.625,44.0,893,1
C2005,TJL,JL01189,C2005|JL01189,Control,0,182.625,47.0,608,1
C2005,TJL,JL01190,C2005|JL01190,Control,0,182.625,51.0,557,1
C2005,TJL,JL01191,C2005|JL01191,Control,0,182.625,46.0,307,1
C2005,TJL,JL01223,C2005|JL01223,Control,0,182.625,39.0,876,1
C2005,TJL,JL01224,C2005|JL01224,Control,0,182.625,44.0,622,1
C2005,TJL,JL01225,C2005|JL01225,Control,0,182.625,43.0,763,1
C2005,TJL,JL01263,C2005|JL01263,Control,0,182.625,49.0,923,1
C2005,TJL,JL01264,C2005|JL01264,Control,0,182.625,49.0,463,1
C2005,TJL,JL01265,C2005|JL01265,Control,0,182.625,45.0,692,1
C2005,TJL,JL01266,C2005|JL01266,Control,0,182.625,40.0,1029,1
C2005,TJL,JL01267,C2005|JL01267,Control,0,182.625,40.0,944,1
C2005,TJL,JL01268,C2005|JL01268,Control,0,182.625,46.0,756,1
C2005,TJL,JL01278,C2005|JL01278,Control,0,182.625,44.0,972,1
C2005,TJL,JL01279,C2005|JL01279,Control,0,182.625,39.0,958,1
C2005,TJL,JL01280,C2005|JL01280,Control,0,182.625,45.0,940,1
C2005,TJL,JL01337,C2005|JL01337,Control,0,182.625,35.0,856,1
C2005,TJL,JL01338,C2005|JL01338,Control,0,182.625,40.0,575,1
C2005,TJL,JL01339,C2005|JL01339,Control,0,182.625,37.0,804,1
C2005,TJL,JL01343,C2005|JL01343,Control,0,182.625,38.0,1001,1
C2005,TJL,JL01344,C2005|JL01344,Control,0,182.625,40.0,674,1
C2005,TJL,JL01345,C2005|JL01345,Control,0,182.625,33.0,1064,1
C2005,TJL,JL01350,C2005|JL01350,Control,0,182.625,32.0,1220,1
C2005,TJL,JL01351,C2005|JL01351,Control,0,182.625,37.0,794,1
C2005,TJL,JL01352,C2005|JL01352,Control,0,182.625,37.0,1035,1
C2005,TJL,JL01384,C2005|JL01384,Control,0,182.625,47.0,469,1
C2005,TJL,JL01385,C2005|JL01385,Control,0,182.625,33.0,866,1
C2005,TJL,JL01386,C2005|JL01386,Control,0,182.625,45.0,357,1
C2005,TJL,JL01387,C2005|JL01387,Control,0,182.625,39.0,769,1
C2005,TJL,JL01388,C2005|JL01388,Control,0,182.625,45.0,894,1
C2005,TJL,JL01389,C2005|JL01389,Control,0,182.625,38.0,810,1
C2005,TJL,JL01393,C2005|JL01393,Control,0,182.625,43.0,338,1
C2005,TJL,JL01394,C2005|JL01394,Control,0,182.625,45.0,1006,1
C2005,TJL,JL01395,C2005|JL01395,Control,0,182.625,45.0,545,1
C2005,TJL,JL01399,C2005|JL01399,Control,0,182.625,41.0,1084,1
C2005,TJL,JL01400,C2005|JL01400,Control,0,182.625,35.0,1124,1
C2005,TJL,JL01401,C2005|JL01401,Control,0,182.625,41.0,849,1
C2005,TJL,JL01454,C2005|JL01454,Control,0,182.625,34.0,857,1
C2005,TJL,JL01455,C2005|JL01455,Control,0,182.625,30.0,892,1
C2005,TJL,JL01456,C2005|JL01456,Control,0,182.625,31.0,893,1
C2005,TJL,JL01457,C2005|JL01457,Control,0,182.625,44.0,502,1
C2005,TJL,JL01458,C2005|JL01458,Control,0,182.625,39.0,752,1
C2005,TJL,JL01459,C2005|JL01459,Control,0,182.625,42.0,998,1
C2005,TJL,JL01474,C2005|JL01474,Control,0,182.625,42.0,1077,1
C2005,TJL,JL01475,C2005|JL01475,Control,0,182.625,39.0,671,1
C2005,TJL,JL01476,C2005|JL01476,Control,0,182.625,34.0,793,1
C2005,TJL,JL01477,C2005|JL01477,Control,0,182.625,32.0,1116,1
C2005,TJL,JL01478,C2005|JL01478,Control,0,182.625,32.0,983,1
C2005,TJL,JL01479,C2005|JL01479,Control,0,182.625,35.0,1091,1
C2005,TJL,JL01522,C2005|JL01522,Control,0,182.625,43.0,548,1
C2005,TJL,JL01523,C2005|JL01523,Control,0,182.625,42.0,730,1
C2005,TJL,JL01524,C2005|JL01524,Control,0,182.625,43.0,850,1
C2005,TJL,JL01536,C2005|JL01536,Control,0,182.625,43.0,946,1
C2005,TJL,JL01537,C2005|JL01537,Control,0,182.625,39.0,870,1
C2005,TJL,JL01538,C2005|JL01538,Control,0,182.625,42.0,1027,1
C2005,TJL,JL01542,C2005|JL01542,Control,0,182.625,41.0,1056,1
C2005,TJL,JL01543,C2005|JL01543,Control,0,182.625,40.0,908,1
C2005,TJL,JL01544,C2005|JL01544,Control,0,182.625,42.0,859,1
C2005,TJL,JL01556,C2005|JL01556,Control,0,182.625,40.0,889,1
C2005,TJL,JL01557,C2005|JL01557,Control,0,182.625,37.0,969,1
C2005,TJL,JL01558,C2005|JL01558,Control,0,182.625,36.0,569,1
C2005,TJL,JL01594,C2005|JL01594,Control,0,182.625,48.0,344,1
C2005,TJL,JL01595,C2005|JL01595,Control,0,182.625,47.0,604,1
C2005,TJL,JL01596,C2005|JL01596,Control,0,182.625,48.0,470,1
C2005,TJL,JL01598,C2005|JL01598,Control,0,182.625,44.0,801,1
C2005,TJL,JL01624,C2005|JL01624,Control,0,182.625,37.0,850,1
C2005,TJL,JL01625,C2005|JL01625,Control,0,182.625,46.0,797,1
C2005,TJL,JL01626,C2005|JL01626,Control,0,182.625,42.0,901,1
C2005,TJL,JL01652,C2005|JL01652,Control,0,182.625,38.0,1027,1
C2005,TJL,JL01653,C2005|JL01653,Control,0,182.625,39.0,559,1
C2005,TJL,JL01654,C2005|JL01654,Control,0,182.625,40.0,776,1
C2005,TJL,JL01679,C2005|JL01679,Control,0,182.625,43.0,1022,1
C2005,TJL,JL01680,C2005|JL01680,Control,0,182.625,39.0,1029,1
C2005,TJL,JL01681,C2005|JL01681,Control,0,182.625,36.0,815,1
C2005,TJL,JL01701,C2005|JL01701,Control,0,182.625,38.0,1022,1
C2005,TJL,JL01702,C2005|JL01702,Control,0,182.625,44.0,288,1
C2005,TJL,JL01703,C2005|JL01703,Control,0,182.625,40.0,936,1
C2005,TJL,JL01747,C2005|JL01747,Control,0,182.625,39.0,575,1
C2005,TJL,JL01748,C2005|JL01748,Control,0,182.625,42.0,736,1
C2005,TJL,JL01749,C2005|JL01749,Control,0,182.625,47.0,811,1
C2005,TJL,JL01779,C2005|JL01779,Control,0,182.625,33.0,817,1
C2005,TJL,JL01780,C2005|JL01780,Control,0,182.625,30.0,724,1
C2005,TJL,JL01781,C2005|JL01781,Control,0,182.625,43.0,404,1
C2005,TJL,JL01791,C2005|JL01791,Control,0,182.625,39.0,1189,1
C2005,TJL,JL01792,C2005|JL01792,Control,0,182.625,35.0,842,1
C2005,TJL,JL01793,C2005|JL01793,Control,0,182.625,45.0,520,1
C2005,TJL,JL01818,C2005|JL01818,Control,0,182.625,39.0,615,1
C2005,TJL,JL01819,C2005|JL01819,Control,0,182.625,46.0,570,1
C2005,TJL,JL01820,C2005|JL01820,Control,0,182.625,44.0,397,1
C2005,TJL,JL01825,C2005|JL01825,Control,0,182.625,45.0,1088,1
C2005,TJL,JL01826,C2005|JL01826,Control,0,182.625,43.0,993,1
C2005,TJL,JL01827,C2005|JL01827,Control,0,182.625,41.0,797,1
C2005,TJL,JL01835,C2005|JL01835,Control,0,182.625,46.0,719,1
C2005,TJL,JL01836,C2005|JL01836,Control,0,182.625,45.0,431,1
C2005,TJL,JL01837,C2005|JL01837,Control,0,182.625,52.0,348,1
C2005,TJL,JL01857,C2005|JL01857,Control,0,182.625,38.0,840,1
C2005,TJL,JL01858,C2005|JL01858,Control,0,182.625,46.0,439,1
C2005,TJL,JL01859,C2005|JL01859,Control,0,182.625,48.0,852,1
C2005,TJL,JL01866,C2005|JL01866,Control,0,182.625,44.0,759,1
C2005,TJL,JL01867,C2005|JL01867,Control,0,182.625,38.0,826,1
C2005,TJL,JL01868,C2005|JL01868,Control,0,182.625,36.0,633,1
C2005,TJL,JL01071,C2005|JL01071,Rapa,1,182.625,46.0,774,1
C2005,TJL,JL01072,C2005|JL01072,Rapa,1,182.625,40.0,1145,1
C2005,TJL,JL01073,C2005|JL01073,Rapa,1,182.625,40.0,1131,1
C2005,TJL,JL01155,C2005|JL01155,Rapa,1,182.625,44.0,643,1
C2005,TJL,JL01156,C2005|JL01156,Rapa,1,182.625,41.0,487,1
C2005,TJL,JL01157,C2005|JL01157,Rapa,1,182.625,40.0,824,1
C2005,TJL,JL01161,C2005|JL01161,Rapa,1,182.625,42.0,1000,1
C2005,TJL,JL01162,C2005|JL01162,Rapa,1,182.625,47.0,566,1
C2005,TJL,JL01163,C2005|JL01163,Rapa,1,182.625,42.0,371,1
C2005,TJL,JL01220,C2005|JL01220,Rapa,1,182.625,39.0,1044,1
C2005,TJL,JL01221,C2005|JL01221,Rapa,1,182.625,42.0,581,1
C2005,TJL,JL01222,C2005|JL01222,Rapa,1,182.625,40.0,834,1
C2005,TJL,JL01235,C2005|JL01235,Rapa,1,182.625,44.0,977,1
C2005,TJL,JL01236,C2005|JL01236,Rapa,1,182.625,43.0,540,1
C2005,TJL,JL01237,C2005|JL01237,Rapa,1,182.625,45.0,1008,1
C2005,TJL,JL01269,C2005|JL01269,Rapa,1,182.625,43.0,1162,1
C2005,TJL,JL01270,C2005|JL01270,Rapa,1,182.625,45.0,428,1
C2005,TJL,JL01271,C2005|JL01271,Rapa,1,182.625,46.0,819,1
C2005,TJL,JL01303,C2005|JL01303,Rapa,1,182.625,41.0,722,1
C2005,TJL,JL01304,C2005|JL01304,Rapa,1,182.625,35.0,1196,1
C2005,TJL,JL01305,C2005|JL01305,Rapa,1,182.625,32.0,1063,1
C2005,TJL,JL01378,C2005|JL01378,Rapa,1,182.625,43.0,273,1
C2005,TJL,JL01379,C2005|JL01379,Rapa,1,182.625,43.0,455,1
C2005,TJL,JL01380,C2005|JL01380,Rapa,1,182.625,44.0,455,1
C2005,TJL,JL01381,C2005|JL01381,Rapa,1,182.625,45.0,796,1
C2005,TJL,JL01382,C2005|JL01382,Rapa,1,182.625,45.0,595,1
C2005,TJL,JL01383,C2005|JL01383,Rapa,1,182.625,42.0,1062,1
C2005,TJL,JL01396,C2005|JL01396,Rapa,1,182.625,43.0,917,1
C2005,TJL,JL01397,C2005|JL01397,Rapa,1,182.625,46.0,1184,1
C2005,TJL,JL01398,C2005|JL01398,Rapa,1,182.625,41.0,1064,1
C2005,TJL,JL01431,C2005|JL01431,Rapa,1,182.625,42.0,1170,1
C2005,TJL,JL01432,C2005|JL01432,Rapa,1,182.625,35.0,1142,1
C2005,TJL,JL01433,C2005|JL01433,Rapa,1,182.625,44.0,952,1
C2005,TJL,JL01451,C2005|JL01451,Rapa,1,182.625,34.0,1098,1
C2005,TJL,JL01452,C2005|JL01452,Rapa,1,182.625,44.0,937,1
C2005,TJL,JL01453,C2005|JL01453,Rapa,1,182.625,39.0,1109,1
C2005,TJL,JL01510,C2005|JL01510,Rapa,1,182.625,36.0,1122,1
C2005,TJL,JL01511,C2005|JL01511,Rapa,1,182.625,40.0,804,1
C2005,TJL,JL01512,C2005|JL01512,Rapa,1,182.625,41.0,948,1
C2005,TJL,JL01618,C2005|JL01618,Rapa,1,182.625,39.0,789,1
C2005,TJL,JL01619,C2005|JL01619,Rapa,1,182.625,33.0,1137,1
C2005,TJL,JL01620,C2005|JL01620,Rapa,1,182.625,40.0,767,1
C2005,TJL,JL01645,C2005|JL01645,Rapa,1,182.625,43.0,664,1
C2005,TJL,JL01646,C2005|JL01646,Rapa,1,182.625,48.0,668,1
C2005,TJL,JL01647,C2005|JL01647,Rapa,1,182.625,48.0,612,1
C2005,TJL,JL01704,C2005|JL01704,Rapa,1,182.625,44.0,815,1
C2005,TJL,JL01706,C2005|JL01706,Rapa,1,182.625,40.0,693,1
C2005,TJL,JL01800,C2005|JL01800,Rapa,1,182.625,50.0,769,1
C2005,TJL,JL01801,C2005|JL01801,Rapa,1,182.625,41.0,950,1
C2005,TJL,JL01802,C2005|JL01802,Rapa,1,182.625,43.0,641,1
C2005,TJL,JL01860,C2005|JL01860,Rapa,1,182.625,40.0,579,1
C2005,TJL,JL01861,C2005|JL01861,Rapa,1,182.625,40.0,791,1
C2005,TJL,JL01862,C2005|JL01862,Rapa,1,182.625,36.0,983,1
C2005,UM,UM08031,C2005|UM08031,Control,0,182.625,36.200001,1044,1
C2005,UM,UM08038,C2005|UM08038,Control,0,182.625,41.599998,508,1
C2005,UM,UM08045,C2005|UM08045,Control,0,182.625,42.0,931,1
C2005,UM,UM08248,C2005|UM08248,Control,0,182.625,37.200001,691,1
C2005,UM,UM08255,C2005|UM08255,Control,0,182.625,35.099998,1018,1
C2005,UM,UM08262,C2005|UM08262,Control,0,182.625,41.299999,1015,1
C2005,UM,UM08318,C2005|UM08318,Control,0,182.625,41.5,1068,1
C2005,UM,UM08325,C2005|UM08325,Control,0,182.625,39.299999,1078,1
C2005,UM,UM08332,C2005|UM08332,Control,0,182.625,39.5,1026,1
C2005,UM,UM08339,C2005|UM08339,Control,0,182.625,32.700001,1303,1
C2005,UM,UM08346,C2005|UM08346,Control,0,182.625,33.700001,717,1
C2005,UM,UM08353,C2005|UM08353,Control,0,182.625,41.900002,879,1
C2005,UM,UM08402,C2005|UM08402,Control,0,182.625,34.5,1058,1
C2005,UM,UM08409,C2005|UM08409,Control,0,182.625,45.799999,416,1
C2005,UM,UM08416,C2005|UM08416,Control,0,182.625,40.900002,546,1
C2005,UM,UM08584,C2005|UM08584,Control,0,182.625,28.1,1100,1
C2005,UM,UM08591,C2005|UM08591,Control,0,182.625,29.799999,885,1
C2005,UM,UM08647,C2005|UM08647,Control,0,182.625,33.900002,1023,1
C2005,UM,UM08654,C2005|UM08654,Control,0,182.625,38.900002,679,1
C2005,UM,UM08661,C2005|UM08661,Control,0,182.625,38.700001,1039,1
C2005,UM,UM08668,C2005|UM08668,Control,0,182.625,37.099998,1091,1
C2005,UM,UM08675,C2005|UM08675,Control,0,182.625,47.0,655,1
C2005,UM,UM08682,C2005|UM08682,Control,0,182.625,32.299999,1014,1
C2005,UM,UM08885,C2005|UM08885,Control,0,182.625,40.299999,999,1
C2005,UM,UM08892,C2005|UM08892,Control,0,182.625,35.900002,1195,1
C2005,UM,UM08899,C2005|UM08899,Control,0,182.625,30.299999,1177,1
C2005,UM,UM08906,C2005|UM08906,Control,0,182.625,33.099998,1249,1
C2005,UM,UM08913,C2005|UM08913,Control,0,182.625,47.200001,843,1
C2005,UM,UM08920,C2005|UM08920,Control,0,182.625,34.299999,1177,1
C2005,UM,UM08927,C2005|UM08927,Control,0,182.625,34.099998,957,1
C2005,UM,UM08934,C2005|UM08934,Control,0,182.625,30.0,929,1
C2005,UM,UM08941,C2005|UM08941,Control,0,182.625,35.299999,961,1
C2005,UM,UM09151,C2005|UM09151,Control,0,182.625,31.9,1016,1
C2005,UM,UM09158,C2005|UM09158,Control,0,182.625,30.6,647,1
C2005,UM,UM09165,C2005|UM09165,Control,0,182.625,29.700001,1052,1
C2005,UM,UM09193,C2005|UM09193,Control,0,182.625,28.4,927,1
C2005,UM,UM09200,C2005|UM09200,Control,0,182.625,36.099998,547,1
C2005,UM,UM09207,C2005|UM09207,Control,0,182.625,36.900002,822,1
C2005,UM,UM09725,C2005|UM09725,Control,0,182.625,34.599998,850,1
C2005,UM,UM09732,C2005|UM09732,Control,0,182.625,29.700001,1020,1
C2005,UM,UM09739,C2005|UM09739,Control,0,182.625,38.299999,1148,1
C2005,UM,UM09746,C2005|UM09746,Control,0,182.625,39.900002,748,1
C2005,UM,UM09753,C2005|UM09753,Control,0,182.625,34.900002,987,1
C2005,UM,UM09760,C2005|UM09760,Control,0,182.625,36.5,1155,1
C2005,UM,UM09865,C2005|UM09865,Control,0,182.625,32.299999,978,1
C2005,UM,UM09872,C2005|UM09872,Control,0,182.625,39.299999,1111,1
C2005,UM,UM09879,C2005|UM09879,Control,0,182.625,33.5,1212,1
C2005,UM,UM09942,C2005|UM09942,Control,0,182.625,36.099998,1170,1
C2005,UM,UM09949,C2005|UM09949,Control,0,182.625,31.9,865,1
C2005,UM,UM09956,C2005|UM09956,Control,0,182.625,31.299999,652,1
C2005,UM,UM09963,C2005|UM09963,Control,0,182.625,31.4,1055,1
C2005,UM,UM09970,C2005|UM09970,Control,0,182.625,41.099998,642,1
C2005,UM,UM09977,C2005|UM09977,Control,0,182.625,36.200001,952,1
C2005,UM,UM10005,C2005|UM10005,Control,0,182.625,32.900002,710,1
C2005,UM,UM10012,C2005|UM10012,Control,0,182.625,34.400002,899,1
C2005,UM,UM10019,C2005|UM10019,Control,0,182.625,41.0,794,1
C2005,UM,UM10999,C2005|UM10999,Control,0,182.625,36.099998,754,1
C2005,UM,UM11006,C2005|UM11006,Control,0,182.625,31.200001,856,1
C2005,UM,UM11013,C2005|UM11013,Control,0,182.625,37.700001,1102,1
C2005,UM,UM11146,C2005|UM11146,Control,0,182.625,34.0,827,1
C2005,UM,UM11153,C2005|UM11153,Control,0,182.625,32.5,723,1
C2005,UM,UM11160,C2005|UM11160,Control,0,182.625,30.0,832,1
C2005,UM,UM11300,C2005|UM11300,Control,0,182.625,34.700001,721,1
C2005,UM,UM11307,C2005|UM11307,Control,0,182.625,32.0,975,1
C2005,UM,UM11314,C2005|UM11314,Control,0,182.625,43.900002,881,1
C2005,UM,UM11440,C2005|UM11440,Control,0,182.625,42.299999,998,1
C2005,UM,UM11447,C2005|UM11447,Control,0,182.625,41.400002,401,1
C2005,UM,UM11454,C2005|UM11454,Control,0,182.625,34.0,1050,1
C2005,UM,UM11622,C2005|UM11622,Control,0,182.625,37.0,855,1
C2005,UM,UM11629,C2005|UM11629,Control,0,182.625,34.799999,881,1
C2005,UM,UM11636,C2005|UM11636,Control,0,182.625,39.099998,782,1
C2005,UM,UM11790,C2005|UM11790,Control,0,182.625,42.0,891,1
C2005,UM,UM11797,C2005|UM11797,Control,0,182.625,35.700001,541,1
C2005,UM,UM11804,C2005|UM11804,Control,0,182.625,39.0,836,1
C2005,UM,UM11916,C2005|UM11916,Control,0,182.625,40.799999,665,1
C2005,UM,UM11923,C2005|UM11923,Control,0,182.625,37.0,1152,1
C2005,UM,UM11930,C2005|UM11930,Control,0,182.625,43.400002,437,1
C2005,UM,UM12042,C2005|UM12042,Control,0,182.625,29.0,1022,1
C2005,UM,UM12049,C2005|UM12049,Control,0,182.625,40.799999,670,1
C2005,UM,UM12056,C2005|UM12056,Control,0,182.625,31.299999,687,1
C2005,UM,UM12413,C2005|UM12413,Control,0,182.625,37.400002,386,1
C2005,UM,UM12420,C2005|UM12420,Control,0,182.625,41.700001,721,1
C2005,UM,UM12427,C2005|UM12427,Control,0,182.625,37.5,711,1
C2005,UM,UM12434,C2005|UM12434,Control,0,182.625,34.700001,1120,1
C2005,UM,UM12441,C2005|UM12441,Control,0,182.625,31.0,1273,1
C2005,UM,UM12448,C2005|UM12448,Control,0,182.625,23.6,1049,1
C2005,UM,UM12539,C2005|UM12539,Control,0,182.625,34.0,971,1
C2005,UM,UM12546,C2005|UM12546,Control,0,182.625,41.799999,601,1
C2005,UM,UM12553,C2005|UM12553,Control,0,182.625,44.0,923,1
C2005,UM,UM12609,C2005|UM12609,Control,0,182.625,39.299999,570,1
C2005,UM,UM12616,C2005|UM12616,Control,0,182.625,34.799999,1141,1
C2005,UM,UM12623,C2005|UM12623,Control,0,182.625,37.099998,647,1
C2005,UM,UM12630,C2005|UM12630,Control,0,182.625,35.400002,944,1
C2005,UM,UM12637,C2005|UM12637,Control,0,182.625,34.700001,869,1
C2005,UM,UM12644,C2005|UM12644,Control,0,182.625,41.700001,1113,1
C2005,UM,UM12735,C2005|UM12735,Control,0,182.625,37.0,1000,1
C2005,UM,UM12742,C2005|UM12742,Control,0,182.625,39.599998,329,1
C2005,UM,UM12749,C2005|UM12749,Control,0,182.625,44.400002,517,1
C2005,UM,UM12784,C2005|UM12784,Control,0,182.625,32.799999,1067,1
C2005,UM,UM12791,C2005|UM12791,Control,0,182.625,37.599998,1063,1
C2005,UM,UM12798,C2005|UM12798,Control,0,182.625,37.599998,573,1
C2005,UM,UM12826,C2005|UM12826,Control,0,182.625,40.0,612,1
C2005,UM,UM12833,C2005|UM12833,Control,0,182.625,40.200001,457,1
C2005,UM,UM12840,C2005|UM12840,Control,0,182.625,33.400002,912,1
C2005,UM,UM12903,C2005|UM12903,Control,0,182.625,37.200001,398,1
C2005,UM,UM12910,C2005|UM12910,Control,0,182.625,45.0,387,1
C2005,UM,UM12917,C2005|UM12917,Control,0,182.625,35.099998,673,1
C2005,UM,UM12952,C2005|UM12952,Control,0,182.625,40.299999,964,1
C2005,UM,UM12959,C2005|UM12959,Control,0,182.625,42.799999,965,1
C2005,UM,UM12966,C2005|UM12966,Control,0,182.625,42.099998,400,1
C2005,UM,UM07933,C2005|UM07933,Rapa,1,182.625,34.900002,1223,1
C2005,UM,UM07940,C2005|UM07940,Rapa,1,182.625,31.4,1016,1
C2005,UM,UM07947,C2005|UM07947,Rapa,1,182.625,31.4,1065,1
C2005,UM,UM08227,C2005|UM08227,Rapa,1,182.625,28.200001,1086,1
C2005,UM,UM08234,C2005|UM08234,Rapa,1,182.625,30.6,1195,1
C2005,UM,UM08241,C2005|UM08241,Rapa,1,182.625,38.0,957,1
C2005,UM,UM08381,C2005|UM08381,Rapa,1,182.625,41.799999,445,1
C2005,UM,UM08388,C2005|UM08388,Rapa,1,182.625,34.599998,1016,1
C2005,UM,UM08395,C2005|UM08395,Rapa,1,182.625,33.799999,555,1
C2005,UM,UM08423,C2005|UM08423,Rapa,1,182.625,33.400002,1186,1
C2005,UM,UM08430,C2005|UM08430,Rapa,1,182.625,41.5,1174,1
C2005,UM,UM08437,C2005|UM08437,Rapa,1,182.625,35.0,1135,1
C2005,UM,UM08535,C2005|UM08535,Rapa,1,182.625,33.200001,1096,1
C2005,UM,UM08549,C2005|UM08549,Rapa,1,182.625,28.700001,1098,1
C2005,UM,UM09354,C2005|UM09354,Rapa,1,182.625,34.5,987,1
C2005,UM,UM09361,C2005|UM09361,Rapa,1,182.625,34.599998,1114,1
C2005,UM,UM09368,C2005|UM09368,Rapa,1,182.625,31.6,1070,1
C2005,UM,UM09592,C2005|UM09592,Rapa,1,182.625,30.1,1058,1
C2005,UM,UM09599,C2005|UM09599,Rapa,1,182.625,35.799999,1079,1
C2005,UM,UM09606,C2005|UM09606,Rapa,1,182.625,39.599998,641,1
C2005,UM,UM10250,C2005|UM10250,Rapa,1,182.625,31.0,719,1
C2005,UM,UM10257,C2005|UM10257,Rapa,1,182.625,29.9,1225,1
C2005,UM,UM10264,C2005|UM10264,Rapa,1,182.625,38.799999,1091,1
C2005,UM,UM10425,C2005|UM10425,Rapa,1,182.625,35.700001,1061,1
C2005,UM,UM10432,C2005|UM10432,Rapa,1,182.625,32.299999,954,1
C2005,UM,UM10439,C2005|UM10439,Rapa,1,182.625,33.900002,934,1
C2005,UM,UM10656,C2005|UM10656,Rapa,1,182.625,30.299999,690,1
C2005,UM,UM10663,C2005|UM10663,Rapa,1,182.625,35.599998,1004,1
C2005,UM,UM10670,C2005|UM10670,Rapa,1,182.625,38.200001,865,1
C2005,UM,UM10887,C2005|UM10887,Rapa,1,182.625,33.5,923,1
C2005,UM,UM10894,C2005|UM10894,Rapa,1,182.625,38.5,1183,1
C2005,UM,UM10901,C2005|UM10901,Rapa,1,182.625,33.0,784,1
C2005,UM,UM11097,C2005|UM11097,Rapa,1,182.625,27.799999,866,1
C2005,UM,UM11104,C2005|UM11104,Rapa,1,182.625,25.0,892,1
C2005,UM,UM11111,C2005|UM11111,Rapa,1,182.625,30.0,1145,1
C2005,UM,UM11293,C2005|UM11293,Rapa,1,182.625,28.0,684,1
C2005,UM,UM11363,C2005|UM11363,Rapa,1,182.625,28.799999,1254,1
C2005,UM,UM11377,C2005|UM11377,Rapa,1,182.625,30.4,1054,1
C2005,UM,UM11384,C2005|UM11384,Rapa,1,182.625,27.6,1155,1
C2005,UM,UM11510,C2005|UM11510,Rapa,1,182.625,35.200001,1133,1
C2005,UM,UM11517,C2005|UM11517,Rapa,1,182.625,32.700001,707,1
C2005,UM,UM11524,C2005|UM11524,Rapa,1,182.625,34.799999,1092,1
C2005,UM,UM11748,C2005|UM11748,Rapa,1,182.625,35.700001,1085,1
C2005,UM,UM11755,C2005|UM11755,Rapa,1,182.625,36.0,856,1
C2005,UM,UM11762,C2005|UM11762,Rapa,1,182.625,31.799999,767,1
C2005,UM,UM11965,C2005|UM11965,Rapa,1,182.625,34.299999,454,1
C2005,UM,UM11972,C2005|UM11972,Rapa,1,182.625,31.9,1188,1
C2005,UM,UM11979,C2005|UM11979,Rapa,1,182.625,29.1,747,1
C2005,UM,UM12063,C2005|UM12063,Rapa,1,182.625,41.799999,1053,1
C2005,UM,UM12070,C2005|UM12070,Rapa,1,182.625,35.900002,852,1
C2005,UM,UM12077,C2005|UM12077,Rapa,1,182.625,38.400002,848,1
C2005,UT,UT00920,C2005|UT00920,Control,0,182.625,48.799999,416,1
C2005,UT,UT00921,C2005|UT00921,Control,0,182.625,41.5,925,1
C2005,UT,UT00922,C2005|UT00922,Control,0,182.625,40.099998,722,1
C2005,UT,UT00951,C2005|UT00951,Control,0,182.625,38.099998,865,1
C2005,UT,UT00952,C2005|UT00952,Control,0,182.625,35.599998,854,1
C2005,UT,UT00953,C2005|UT00953,Control,0,182.625,46.799999,758,1
C2005,UT,UT00965,C2005|UT00965,Control,0,182.625,40.5,1062,1
C2005,UT,UT00966,C2005|UT00966,Control,0,182.625,42.599998,492,1
C2005,UT,UT00967,C2005|UT00967,Control,0,182.625,45.5,521,1
C2005,UT,UT00981,C2005|UT00981,Control,0,182.625,31.9,1107,1
C2005,UT,UT00982,C2005|UT00982,Control,0,182.625,33.900002,691,1
C2005,UT,UT00983,C2005|UT00983,Control,0,182.625,45.5,403,1
C2005,UT,UT01006,C2005|UT01006,Control,0,182.625,46.299999,311,1
C2005,UT,UT01007,C2005|UT01007,Control,0,182.625,42.700001,773,1
C2005,UT,UT01008,C2005|UT01008,Control,0,182.625,43.5,366,1
C2005,UT,UT01062,C2005|UT01062,Control,0,182.625,46.700001,1020,1
C2005,UT,UT01063,C2005|UT01063,Control,0,182.625,47.0,291,1
C2005,UT,UT01064,C2005|UT01064,Control,0,182.625,34.299999,792,1
C2005,UT,UT01082,C2005|UT01082,Control,0,182.625,42.099998,867,1
C2005,UT,UT01083,C2005|UT01083,Control,0,182.625,45.599998,667,1
C2005,UT,UT01084,C2005|UT01084,Control,0,182.625,44.799999,897,1
C2005,UT,UT01126,C2005|UT01126,Control,0,182.625,48.099998,713,1
C2005,UT,UT01127,C2005|UT01127,Control,0,182.625,42.599998,583,1
C2005,UT,UT01128,C2005|UT01128,Control,0,182.625,42.799999,726,1
C2005,UT,UT01183,C2005|UT01183,Control,0,182.625,48.599998,732,1
C2005,UT,UT01184,C2005|UT01184,Control,0,182.625,47.400002,1020,1
C2005,UT,UT01185,C2005|UT01185,Control,0,182.625,42.900002,256,1
C2005,UT,UT01239,C2005|UT01239,Control,0,182.625,34.700001,1083,1
C2005,UT,UT01240,C2005|UT01240,Control,0,182.625,34.099998,550,1
C2005,UT,UT01241,C2005|UT01241,Control,0,182.625,46.200001,799,1
C2005,UT,UT01242,C2005|UT01242,Control,0,182.625,51.5,890,1
C2005,UT,UT01243,C2005|UT01243,Control,0,182.625,53.400002,309,1
C2005,UT,UT01244,C2005|UT01244,Control,0,182.625,47.299999,750,1
C2005,UT,UT01245,C2005|UT01245,Control,0,182.625,40.099998,771,1
C2005,UT,UT01246,C2005|UT01246,Control,0,182.625,50.599998,359,1
C2005,UT,UT01247,C2005|UT01247,Control,0,182.625,47.099998,543,1
C2005,UT,UT01270,C2005|UT01270,Control,0,182.625,52.099998,377,1
C2005,UT,UT01271,C2005|UT01271,Control,0,182.625,50.299999,434,1
C2005,UT,UT01272,C2005|UT01272,Control,0,182.625,48.599998,487,1
C2005,UT,UT01365,C2005|UT01365,Control,0,182.625,46.599998,497,1
C2005,UT,UT01366,C2005|UT01366,Control,0,182.625,45.299999,394,1
C2005,UT,UT01367,C2005|UT01367,Control,0,182.625,36.5,966,1
C2005,UT,UT01382,C2005|UT01382,Control,0,182.625,33.099998,1139,1
C2005,UT,UT01383,C2005|UT01383,Control,0,182.625,47.299999,652,1
C2005,UT,UT01384,C2005|UT01384,Control,0,182.625,46.200001,1064,1
C2005,UT,UT01414,C2005|UT01414,Control,0,182.625,48.400002,283,1
C2005,UT,UT01415,C2005|UT01415,Control,0,182.625,46.5,962,1
C2005,UT,UT01416,C2005|UT01416,Control,0,182.625,51.099998,888,1
C2005,UT,UT01445,C2005|UT01445,Control,0,182.625,36.900002,875,1
C2005,UT,UT01446,C2005|UT01446,Control,0,182.625,40.400002,809,1
C2005,UT,UT01447,C2005|UT01447,Control,0,182.625,47.700001,279,1
C2005,UT,UT01455,C2005|UT01455,Control,0,182.625,42.900002,654,1
C2005,UT,UT01456,C2005|UT01456,Control,0,182.625,48.299999,659,1
C2005,UT,UT01457,C2005|UT01457,Control,0,182.625,34.200001,835,1
C2005,UT,UT01516,C2005|UT01516,Control,0,182.625,35.599998,953,1
C2005,UT,UT01517,C2005|UT01517,Control,0,182.625,43.0,868,1
C2005,UT,UT01518,C2005|UT01518,Control,0,182.625,37.099998,613,1
C2005,UT,UT01523,C2005|UT01523,Control,0,182.625,36.5,720,1
C2005,UT,UT01524,C2005|UT01524,Control,0,182.625,42.599998,568,1
C2005,UT,UT01525,C2005|UT01525,Control,0,182.625,41.299999,335,1
C2005,UT,UT01543,C2005|UT01543,Control,0,182.625,42.200001,527,1
C2005,UT,UT01544,C2005|UT01544,Control,0,182.625,43.299999,526,1
C2005,UT,UT01545,C2005|UT01545,Control,0,182.625,43.0,456,1
C2005,UT,UT01564,C2005|UT01564,Control,0,182.625,44.5,1113,1
C2005,UT,UT01565,C2005|UT01565,Control,0,182.625,44.799999,667,1
C2005,UT,UT01566,C2005|UT01566,Control,0,182.625,40.200001,1004,1
C2005,UT,UT01575,C2005|UT01575,Control,0,182.625,40.799999,666,1
C2005,UT,UT01576,C2005|UT01576,Control,0,182.625,41.400002,653,1
C2005,UT,UT01577,C2005|UT01577,Control,0,182.625,45.0,262,1
C2005,UT,UT01599,C2005|UT01599,Control,0,182.625,41.400002,806,1
C2005,UT,UT01600,C2005|UT01600,Control,0,182.625,43.200001,1101,1
C2005,UT,UT01601,C2005|UT01601,Control,0,182.625,41.099998,1149,1
C2005,UT,UT01612,C2005|UT01612,Control,0,182.625,49.400002,552,1
C2005,UT,UT01613,C2005|UT01613,Control,0,182.625,46.200001,616,1
C2005,UT,UT01614,C2005|UT01614,Control,0,182.625,42.900002,719,1
C2005,UT,UT01615,C2005|UT01615,Control,0,182.625,45.0,794,1
C2005,UT,UT01616,C2005|UT01616,Control,0,182.625,30.4,815,1
C2005,UT,UT01617,C2005|UT01617,Control,0,182.625,40.5,964,1
C2005,UT,UT01691,C2005|UT01691,Control,0,182.625,47.299999,714,1
C2005,UT,UT01692,C2005|UT01692,Control,0,182.625,47.099998,749,1
C2005,UT,UT01693,C2005|UT01693,Control,0,182.625,39.700001,894,1
C2005,UT,UT01694,C2005|UT01694,Control,0,182.625,46.900002,1013,1
C2005,UT,UT01695,C2005|UT01695,Control,0,182.625,50.799999,781,1
C2005,UT,UT01696,C2005|UT01696,Control,0,182.625,40.200001,634,1
C2005,UT,UT01701,C2005|UT01701,Control,0,182.625,37.900002,1176,1
C2005,UT,UT01702,C2005|UT01702,Control,0,182.625,39.799999,738,1
C2005,UT,UT01736,C2005|UT01736,Control,0,182.625,36.900002,836,1
C2005,UT,UT01737,C2005|UT01737,Control,0,182.625,50.400002,700,1
C2005,UT,UT01738,C2005|UT01738,Control,0,182.625,49.599998,766,1
C2005,UT,UT01739,C2005|UT01739,Control,0,182.625,41.099998,1004,1
C2005,UT,UT01740,C2005|UT01740,Control,0,182.625,48.200001,843,1
C2005,UT,UT01741,C2005|UT01741,Control,0,182.625,45.400002,793,1
C2005,UT,UT00903,C2005|UT00903,Rapa,1,182.625,36.099998,745,1
C2005,UT,UT00904,C2005|UT00904,Rapa,1,182.625,29.9,602,1
C2005,UT,UT00905,C2005|UT00905,Rapa,1,182.625,38.0,860,1
C2005,UT,UT01045,C2005|UT01045,Rapa,1,182.625,39.200001,1079,1
C2005,UT,UT01046,C2005|UT01046,Rapa,1,182.625,32.200001,1050,1
C2005,UT,UT01047,C2005|UT01047,Rapa,1,182.625,33.799999,1213,1
C2005,UT,UT01113,C2005|UT01113,Rapa,1,182.625,42.299999,886,1
C2005,UT,UT01114,C2005|UT01114,Rapa,1,182.625,39.599998,1005,1
C2005,UT,UT01115,C2005|UT01115,Rapa,1,182.625,36.0,1025,1
C2005,UT,UT01143,C2005|UT01143,Rapa,1,182.625,35.200001,615,1
C2005,UT,UT01144,C2005|UT01144,Rapa,1,182.625,34.299999,1087,1
C2005,UT,UT01145,C2005|UT01145,Rapa,1,182.625,41.799999,1119,1
C2005,UT,UT01293,C2005|UT01293,Rapa,1,182.625,43.700001,678,1
C2005,UT,UT01294,C2005|UT01294,Rapa,1,182.625,40.599998,1098,1
C2005,UT,UT01295,C2005|UT01295,Rapa,1,182.625,30.1,1146,1
C2005,UT,UT01314,C2005|UT01314,Rapa,1,182.625,40.799999,528,1
C2005,UT,UT01315,C2005|UT01315,Rapa,1,182.625,43.799999,193,1
C2005,UT,UT01316,C2005|UT01316,Rapa,1,182.625,42.5,607,1
C2005,UT,UT01403,C2005|UT01403,Rapa,1,182.625,31.5,1119,1
C2005,UT,UT01404,C2005|UT01404,Rapa,1,182.625,35.5,945,1
C2005,UT,UT01405,C2005|UT01405,Rapa,1,182.625,26.4,1197,1
C2005,UT,UT01499,C2005|UT01499,Rapa,1,182.625,34.200001,1120,1
C2005,UT,UT01500,C2005|UT01500,Rapa,1,182.625,37.099998,1228,1
C2005,UT,UT01501,C2005|UT01501,Rapa,1,182.625,46.200001,1089,1
C2005,UT,UT01536,C2005|UT01536,Rapa,1,182.625,43.400002,587,1
C2005,UT,UT01537,C2005|UT01537,Rapa,1,182.625,37.900002,977,1
C2005,UT,UT01538,C2005|UT01538,Rapa,1,182.625,33.299999,484,1
C2005,UT,UT01554,C2005|UT01554,Rapa,1,182.625,32.599998,902,1
C2005,UT,UT01555,C2005|UT01555,Rapa,1,182.625,43.0,818,1
C2005,UT,UT01556,C2005|UT01556,Rapa,1,182.625,40.299999,791,1
C2005,UT,UT01636,C2005|UT01636,Rapa,1,182.625,39.299999,1235,1
C2005,UT,UT01637,C2005|UT01637,Rapa,1,182.625,37.700001,1193,1
C2005,UT,UT01638,C2005|UT01638,Rapa,1,182.625,35.799999,1228,1
C2005,UT,UT01650,C2005|UT01650,Rapa,1,182.625,47.200001,729,1
C2005,UT,UT01651,C2005|UT01651,Rapa,1,182.625,34.200001,817,1
C2005,UT,UT01652,C2005|UT01652,Rapa,1,182.625,41.0,1031,1
C2005,UT,UT01657,C2005|UT01657,Rapa,1,182.625,38.900002,759,1
C2005,UT,UT01658,C2005|UT01658,Rapa,1,182.625,44.099998,560,1
C2005,UT,UT01659,C2005|UT01659,Rapa,1,182.625,41.099998,933,1
C2005,UT,UT01715,C2005|UT01715,Rapa,1,182.625,39.5,1176,1
C2005,UT,UT01716,C2005|UT01716,Rapa,1,182.625,38.0,1129,1
C2005,UT,UT01717,C2005|UT01717,Rapa,1,182.625,46.599998,775,1
C2005,UT,UT01749,C2005|UT01749,Rapa,1,182.625,42.099998,999,1
C2005,UT,UT01750,C2005|UT01750,Rapa,1,182.625,45.599998,990,1
C2005,UT,UT01751,C2005|UT01751,Rapa,1,182.625,35.5,647,1
C2006,TJL,JL01930,C2006|JL01930,Control,0,182.625,38.0,699,1
C2006,TJL,JL01931,C2006|JL01931,Control,0,182.625,47.0,904,1
C2006,TJL,JL01932,C2006|JL01932,Control,0,182.625,40.0,874,1
C2006,TJL,JL01933,C2006|JL01933,Control,0,182.625,43.0,808,1
C2006,TJL,JL01934,C2006|JL01934,Control,0,182.625,36.0,1042,1
C2006,TJL,JL01935,C2006|JL01935,Control,0,182.625,42.0,829,1
C2006,TJL,JL01966,C2006|JL01966,Control,0,182.625,37.0,903,1
C2006,TJL,JL01967,C2006|JL01967,Control,0,182.625,39.0,896,1
C2006,TJL,JL01968,C2006|JL01968,Control,0,182.625,37.0,587,1
C2006,TJL,JL01969,C2006|JL01969,Control,0,182.625,44.0,972,1
C2006,TJL,JL01970,C2006|JL01970,Control,0,182.625,42.0,1103,1
C2006,TJL,JL01971,C2006|JL01971,Control,0,182.625,47.0,453,1
C2006,TJL,JL02160,C2006|JL02160,Control,0,182.625,41.0,940,1
C2006,TJL,JL02161,C2006|JL02161,Control,0,182.625,45.0,748,1
C2006,TJL,JL02162,C2006|JL02162,Control,0,182.625,42.0,724,1
C2006,TJL,JL02178,C2006|JL02178,Control,0,182.625,44.0,702,1
C2006,TJL,JL02179,C2006|JL02179,Control,0,182.625,42.0,706,1
C2006,TJL,JL02180,C2006|JL02180,Control,0,182.625,47.0,488,1
C2006,TJL,JL02188,C2006|JL02188,Control,0,182.625,41.0,864,1
C2006,TJL,JL02189,C2006|JL02189,Control,0,182.625,41.0,636,1
C2006,TJL,JL02190,C2006|JL02190,Control,0,182.625,38.0,869,1
C2006,TJL,JL02207,C2006|JL02207,Control,0,182.625,49.0,456,1
C2006,TJL,JL02208,C2006|JL02208,Control,0,182.625,47.0,696,1
C2006,TJL,JL02209,C2006|JL02209,Control,0,182.625,43.0,631,1
C2006,TJL,JL02228,C2006|JL02228,Control,0,182.625,45.0,865,1
C2006,TJL,JL02229,C2006|JL02229,Control,0,182.625,37.0,1182,1
C2006,TJL,JL02230,C2006|JL02230,Control,0,182.625,35.0,1008,1
C2006,TJL,JL02292,C2006|JL02292,Control,0,182.625,41.0,832,1
C2006,TJL,JL02293,C2006|JL02293,Control,0,182.625,35.0,1007,1
C2006,TJL,JL02294,C2006|JL02294,Control,0,182.625,45.0,414,1
C2006,TJL,JL02306,C2006|JL02306,Control,0,182.625,44.0,543,1
C2006,TJL,JL02307,C2006|JL02307,Control,0,182.625,43.0,1103,1
C2006,TJL,JL02308,C2006|JL02308,Control,0,182.625,42.0,696,1
C2006,TJL,JL02339,C2006|JL02339,Control,0,182.625,47.0,930,1
C2006,TJL,JL02340,C2006|JL02340,Control,0,182.625,31.0,927,1
C2006,TJL,JL02341,C2006|JL02341,Control,0,182.625,41.0,847,1
C2006,TJL,JL02359,C2006|JL02359,Control,0,182.625,45.0,504,1
C2006,TJL,JL02360,C2006|JL02360,Control,0,182.625,46.0,635,1
C2006,TJL,JL02361,C2006|JL02361,Control,0,182.625,43.0,762,1
C2006,TJL,JL02371,C2006|JL02371,Control,0,182.625,36.0,1023,1
C2006,TJL,JL02372,C2006|JL02372,Control,0,182.625,39.0,896,1
C2006,TJL,JL02373,C2006|JL02373,Control,0,182.625,45.0,485,1
C2006,TJL,JL02432,C2006|JL02432,Control,0,182.625,48.0,396,1
C2006,TJL,JL02433,C2006|JL02433,Control,0,182.625,42.0,873,1
C2006,TJL,JL02434,C2006|JL02434,Control,0,182.625,39.0,899,1
C2006,TJL,JL02453,C2006|JL02453,Control,0,182.625,43.0,803,1
C2006,TJL,JL02454,C2006|JL02454,Control,0,182.625,43.0,948,1
C2006,TJL,JL02455,C2006|JL02455,Control,0,182.625,40.0,515,1
C2006,TJL,JL02456,C2006|JL02456,Control,0,182.625,49.0,920,1
C2006,TJL,JL02457,C2006|JL02457,Control,0,182.625,45.0,796,1
C2006,TJL,JL02458,C2006|JL02458,Control,0,182.625,47.0,635,1
C2006,TJL,JL02560,C2006|JL02560,Control,0,182.625,43.0,609,1
C2006,TJL,JL02561,C2006|JL02561,Control,0,182.625,47.0,497,1
C2006,TJL,JL02562,C2006|JL02562,Control,0,182.625,52.0,295,1
C2006,TJL,JL02579,C2006|JL02579,Control,0,182.625,40.0,830,1
C2006,TJL,JL02580,C2006|JL02580,Control,0,182.625,46.0,740,1
C2006,TJL,JL02581,C2006|JL02581,Control,0,182.625,39.0,1197,1
C2006,TJL,JL02641,C2006|JL02641,Control,0,182.625,38.0,878,1
C2006,TJL,JL02642,C2006|JL02642,Control,0,182.625,42.0,648,1
C2006,TJL,JL02643,C2006|JL02643,Control,0,182.625,43.0,676,1
C2006,TJL,JL02647,C2006|JL02647,Control,0,182.625,44.0,812,1
C2006,TJL,JL02648,C2006|JL02648,Control,0,182.625,42.0,629,1
C2006,TJL,JL02649,C2006|JL02649,Control,0,182.625,47.0,892,1
C2006,TJL,JL02680,C2006|JL02680,Control,0,182.625,38.0,364,1
C2006,TJL,JL02681,C2006|JL02681,Control,0,182.625,39.0,650,1
C2006,TJL,JL02682,C2006|JL02682,Control,0,182.625,43.0,564,1
C2006,TJL,JL02694,C2006|JL02694,Control,0,182.625,39.0,476,1
C2006,TJL,JL02695,C2006|JL02695,Control,0,182.625,42.0,961,1
C2006,TJL,JL02696,C2006|JL02696,Control,0,182.625,47.0,952,1
C2006,TJL,JL02749,C2006|JL02749,Control,0,182.625,45.0,791,1
C2006,TJL,JL02750,C2006|JL02750,Control,0,182.625,35.0,997,1
C2006,TJL,JL02751,C2006|JL02751,Control,0,182.625,38.0,850,1
C2006,TJL,JL02752,C2006|JL02752,Control,0,182.625,34.0,920,1
C2006,TJL,JL02753,C2006|JL02753,Control,0,182.625,42.0,795,1
C2006,TJL,JL02754,C2006|JL02754,Control,0,182.625,42.0,731,1
C2006,TJL,JL01927,C2006|JL01927,Res_hi,1,182.625,43.0,1091,1
C2006,TJL,JL01928,C2006|JL01928,Res_hi,1,182.625,46.0,885,1
C2006,TJL,JL01929,C2006|JL01929,Res_hi,1,182.625,49.0,378,1
C2006,TJL,JL02157,C2006|JL02157,Res_hi,1,182.625,50.0,850,1
C2006,TJL,JL02158,C2006|JL02158,Res_hi,1,182.625,40.0,669,1
C2006,TJL,JL02159,C2006|JL02159,Res_hi,1,182.625,43.0,641,1
C2006,TJL,JL02210,C2006|JL02210,Res_hi,1,182.625,34.0,622,1
C2006,TJL,JL02211,C2006|JL02211,Res_hi,1,182.625,43.0,572,1
C2006,TJL,JL02212,C2006|JL02212,Res_hi,1,182.625,39.0,980,1
C2006,TJL,JL02247,C2006|JL02247,Res_hi,1,182.625,43.0,615,1
C2006,TJL,JL02248,C2006|JL02248,Res_hi,1,182.625,39.0,911,1
C2006,TJL,JL02249,C2006|JL02249,Res_hi,1,182.625,43.0,495,1
C2006,TJL,JL02259,C2006|JL02259,Res_hi,1,182.625,33.0,1053,1
C2006,TJL,JL02260,C2006|JL02260,Res_hi,1,182.625,36.0,572,1
C2006,TJL,JL02261,C2006|JL02261,Res_hi,1,182.625,43.0,537,1
C2006,TJL,JL02276,C2006|JL02276,Res_hi,1,182.625,38.0,1077,1
C2006,TJL,JL02277,C2006|JL02277,Res_hi,1,182.625,42.0,421,1
C2006,TJL,JL02278,C2006|JL02278,Res_hi,1,182.625,39.0,854,1
C2006,TJL,JL02312,C2006|JL02312,Res_hi,1,182.625,37.0,935,1
C2006,TJL,JL02313,C2006|JL02313,Res_hi,1,182.625,41.0,889,1
C2006,TJL,JL02314,C2006|JL02314,Res_hi,1,182.625,39.0,760,1
C2006,TJL,JL02392,C2006|JL02392,Res_hi,1,182.625,37.0,924,1
C2006,TJL,JL02393,C2006|JL02393,Res_hi,1,182.625,44.0,889,1
C2006,TJL,JL02394,C2006|JL02394,Res_hi,1,182.625,40.0,733,1
C2006,TJL,JL02496,C2006|JL02496,Res_hi,1,182.625,33.0,884,1
C2006,TJL,JL02497,C2006|JL02497,Res_hi,1,182.625,43.0,625,1
C2006,TJL,JL02498,C2006|JL02498,Res_hi,1,182.625,45.0,270,1
C2006,TJL,JL02613,C2006|JL02613,Res_hi,1,182.625,38.0,287,1
C2006,TJL,JL02614,C2006|JL02614,Res_hi,1,182.625,40.0,895,1
C2006,TJL,JL02615,C2006|JL02615,Res_hi,1,182.625,41.0,975,1
C2006,TJL,JL02616,C2006|JL02616,Res_hi,1,182.625,39.0,928,1
C2006,TJL,JL02617,C2006|JL02617,Res_hi,1,182.625,44.0,1025,1
C2006,TJL,JL02618,C2006|JL02618,Res_hi,1,182.625,38.0,787,1
C2006,TJL,JL02677,C2006|JL02677,Res_hi,1,182.625,42.0,784,1
C2006,TJL,JL02678,C2006|JL02678,Res_hi,1,182.625,39.0,857,1
C2006,TJL,JL02679,C2006|JL02679,Res_hi,1,182.625,43.0,741,1
C2006,TJL,JL02724,C2006|JL02724,Res_hi,1,182.625,39.0,910,1
C2006,TJL,JL02725,C2006|JL02725,Res_hi,1,182.625,39.0,811,1
C2006,TJL,JL02726,C2006|JL02726,Res_hi,1,182.625,37.0,710,1
C2006,TJL,JL02755,C2006|JL02755,Res_hi,1,182.625,38.0,866,1
C2006,TJL,JL02756,C2006|JL02756,Res_hi,1,182.625,43.0,896,1
C2006,TJL,JL02757,C2006|JL02757,Res_hi,1,182.625,44.0,453,1
C2006,TJL,JL02758,C2006|JL02758,Res_hi,1,182.625,48.0,263,1
C2006,TJL,JL02759,C2006|JL02759,Res_hi,1,182.625,45.0,753,1
C2006,TJL,JL02760,C2006|JL02760,Res_hi,1,182.625,53.0,756,1
C2006,UM,UM13365,C2006|UM13365,Control,0,182.625,42.5,647,1
C2006,UM,UM13372,C2006|UM13372,Control,0,182.625,34.799999,708,1
C2006,UM,UM13379,C2006|UM13379,Control,0,182.625,44.299999,929,1
C2006,UM,UM13477,C2006|UM13477,Control,0,182.625,30.6,589,1
C2006,UM,UM13484,C2006|UM13484,Control,0,182.625,41.400002,1008,1
C2006,UM,UM13491,C2006|UM13491,Control,0,182.625,30.700001,974,1
C2006,UM,UM13631,C2006|UM13631,Control,0,182.625,31.299999,1196,1
C2006,UM,UM13638,C2006|UM13638,Control,0,182.625,33.900002,647,1
C2006,UM,UM13645,C2006|UM13645,Control,0,182.625,36.900002,554,1
C2006,UM,UM13778,C2006|UM13778,Control,0,182.625,41.599998,561,1
C2006,UM,UM13785,C2006|UM13785,Control,0,182.625,35.700001,758,1
C2006,UM,UM13792,C2006|UM13792,Control,0,182.625,40.799999,939,1
C2006,UM,UM13946,C2006|UM13946,Control,0,182.625,33.200001,670,1
C2006,UM,UM13953,C2006|UM13953,Control,0,182.625,36.599998,846,1
C2006,UM,UM13960,C2006|UM13960,Control,0,182.625,30.4,914,1
C2006,UM,UM13967,C2006|UM13967,Control,0,182.625,42.700001,967,1
C2006,UM,UM13974,C2006|UM13974,Control,0,182.625,36.5,1007,1
C2006,UM,UM13981,C2006|UM13981,Control,0,182.625,36.700001,762,1
C2006,UM,UM14198,C2006|UM14198,Control,0,182.625,31.9,1146,1
C2006,UM,UM14205,C2006|UM14205,Control,0,182.625,40.299999,953,1
C2006,UM,UM14212,C2006|UM14212,Control,0,182.625,33.5,669,1
C2006,UM,UM14268,C2006|UM14268,Control,0,182.625,30.799999,914,1
C2006,UM,UM14275,C2006|UM14275,Control,0,182.625,34.700001,634,1
C2006,UM,UM14282,C2006|UM14282,Control,0,182.625,31.4,955,1
C2006,UM,UM14317,C2006|UM14317,Control,0,182.625,35.299999,716,1
C2006,UM,UM14324,C2006|UM14324,Control,0,182.625,30.4,821,1
C2006,UM,UM14331,C2006|UM14331,Control,0,182.625,32.799999,610,1
C2006,UM,UM14408,C2006|UM14408,Control,0,182.625,30.1,810,1
C2006,UM,UM14415,C2006|UM14415,Control,0,182.625,32.099998,723,1
C2006,UM,UM14422,C2006|UM14422,Control,0,182.625,37.0,919,1
C2006,UM,UM14590,C2006|UM14590,Control,0,182.625,32.799999,1077,1
C2006,UM,UM14597,C2006|UM14597,Control,0,182.625,29.0,906,1
C2006,UM,UM14604,C2006|UM14604,Control,0,182.625,38.0,927,1
C2006,UM,UM14835,C2006|UM14835,Control,0,182.625,35.599998,727,1
C2006,UM,UM14842,C2006|UM14842,Control,0,182.625,41.900002,874,1
C2006,UM,UM14849,C2006|UM14849,Control,0,182.625,34.900002,727,1
C2006,UM,UM14954,C2006|UM14954,Control,0,182.625,27.9,921,1
C2006,UM,UM14961,C2006|UM14961,Control,0,182.625,35.799999,797,1
C2006,UM,UM14968,C2006|UM14968,Control,0,182.625,34.400002,953,1
C2006,UM,UM15199,C2006|UM15199,Control,0,182.625,35.599998,886,1
C2006,UM,UM15206,C2006|UM15206,Control,0,182.625,29.1,662,1
C2006,UM,UM15213,C2006|UM15213,Control,0,182.625,29.299999,1054,1
C2006,UM,UM15332,C2006|UM15332,Control,0,182.625,42.5,874,1
C2006,UM,UM15339,C2006|UM15339,Control,0,182.625,34.900002,476,1
C2006,UM,UM15346,C2006|UM15346,Control,0,182.625,46.099998,467,1
C2006,UM,UM15472,C2006|UM15472,Control,0,182.625,35.299999,839,1
C2006,UM,UM15479,C2006|UM15479,Control,0,182.625,32.400002,800,1
C2006,UM,UM15486,C2006|UM15486,Control,0,182.625,31.299999,1070,1
C2006,UM,UM15710,C2006|UM15710,Control,0,182.625,41.299999,816,1
C2006,UM,UM15717,C2006|UM15717,Control,0,182.625,33.5,968,1
C2006,UM,UM15724,C2006|UM15724,Control,0,182.625,40.5,922,1
C2006,UM,UM15731,C2006|UM15731,Control,0,182.625,37.099998,1236,1
C2006,UM,UM15738,C2006|UM15738,Control,0,182.625,33.799999,1061,1
C2006,UM,UM15745,C2006|UM15745,Control,0,182.625,33.700001,693,1
C2006,UM,UM15773,C2006|UM15773,Control,0,182.625,35.5,789,1
C2006,UM,UM15787,C2006|UM15787,Control,0,182.625,36.700001,724,1
C2006,UM,UM15953,C2006|UM15953,Control,0,182.625,29.1,820,1
C2006,UM,UM15960,C2006|UM15960,Control,0,182.625,31.1,393,1
C2006,UM,UM15967,C2006|UM15967,Control,0,182.625,29.200001,1001,1
C2006,UM,UM15995,C2006|UM15995,Control,0,182.625,33.099998,851,1
C2006,UM,UM16002,C2006|UM16002,Control,0,182.625,39.200001,652,1
C2006,UM,UM16009,C2006|UM16009,Control,0,182.625,34.799999,955,1
C2006,UM,UM16345,C2006|UM16345,Control,0,182.625,32.900002,780,1
C2006,UM,UM16352,C2006|UM16352,Control,0,182.625,35.0,618,1
C2006,UM,UM16359,C2006|UM16359,Control,0,182.625,33.400002,1268,1
C2006,UM,UM16366,C2006|UM16366,Control,0,182.625,30.6,688,1
C2006,UM,UM16373,C2006|UM16373,Control,0,182.625,36.700001,439,1
C2006,UM,UM16380,C2006|UM16380,Control,0,182.625,38.200001,869,1
C2006,UM,UM16436,C2006|UM16436,Control,0,182.625,32.599998,728,1
C2006,UM,UM16443,C2006|UM16443,Control,0,182.625,37.599998,885,1
C2006,UM,UM16450,C2006|UM16450,Control,0,182.625,32.299999,933,1
C2006,UM,UM16828,C2006|UM16828,Control,0,182.625,31.1,695,1
C2006,UM,UM16835,C2006|UM16835,Control,0,182.625,30.9,979,1
C2006,UM,UM16842,C2006|UM16842,Control,0,182.625,31.0,1100,1
C2006,UM,UM17045,C2006|UM17045,Control,0,182.625,34.700001,950,1
C2006,UM,UM17052,C2006|UM17052,Control,0,182.625,31.799999,711,1
C2006,UM,UM17059,C2006|UM17059,Control,0,182.625,37.299999,781,1
C2006,UM,UM17241,C2006|UM17241,Control,0,182.625,35.700001,850,1
C2006,UM,UM17248,C2006|UM17248,Control,0,182.625,34.299999,1065,1
C2006,UM,UM17255,C2006|UM17255,Control,0,182.625,33.799999,1162,1
C2006,UM,UM17262,C2006|UM17262,Control,0,182.625,30.1,622,1
C2006,UM,UM17269,C2006|UM17269,Control,0,182.625,31.4,616,1
C2006,UM,UM17276,C2006|UM17276,Control,0,182.625,33.599998,1019,1
C2006,UM,UM17283,C2006|UM17283,Control,0,182.625,30.4,1064,1
C2006,UM,UM17290,C2006|UM17290,Control,0,182.625,30.200001,1013,1
C2006,UM,UM17297,C2006|UM17297,Control,0,182.625,31.299999,1097,1
C2006,UM,UM17353,C2006|UM17353,Control,0,182.625,32.099998,928,1
C2006,UM,UM17360,C2006|UM17360,Control,0,182.625,31.0,826,1
C2006,UM,UM17367,C2006|UM17367,Control,0,182.625,39.200001,796,1
C2006,UM,UM17430,C2006|UM17430,Control,0,182.625,37.0,450,1
C2006,UM,UM17437,C2006|UM17437,Control,0,182.625,30.5,1043,1
C2006,UM,UM17444,C2006|UM17444,Control,0,182.625,36.0,1065,1
C2006,UM,UM17472,C2006|UM17472,Control,0,182.625,33.400002,954,1
C2006,UM,UM17479,C2006|UM17479,Control,0,182.625,40.200001,418,1
C2006,UM,UM17486,C2006|UM17486,Control,0,182.625,34.299999,663,1
C2006,UM,UM17731,C2006|UM17731,Control,0,182.625,30.799999,1096,1
C2006,UM,UM17738,C2006|UM17738,Control,0,182.625,36.099998,747,1
C2006,UM,UM17745,C2006|UM17745,Control,0,182.625,32.0,505,1
C2006,UM,UM17850,C2006|UM17850,Control,0,182.625,31.9,962,1
C2006,UM,UM17857,C2006|UM17857,Control,0,182.625,38.299999,672,1
C2006,UM,UM17864,C2006|UM17864,Control,0,182.625,32.099998,1092,1
C2006,UM,UM17976,C2006|UM17976,Control,0,182.625,31.200001,837,1
C2006,UM,UM17983,C2006|UM17983,Control,0,182.625,32.299999,1061,1
C2006,UM,UM17990,C2006|UM17990,Control,0,182.625,28.0,1085,1
C2006,UM,UM18165,C2006|UM18165,Control,0,182.625,31.700001,974,1
C2006,UM,UM18172,C2006|UM18172,Control,0,182.625,32.200001,701,1
C2006,UM,UM18179,C2006|UM18179,Control,0,182.625,31.6,1050,1
C2006,UM,UM13316,C2006|UM13316,Res_hi,1,182.625,32.700001,964,1
C2006,UM,UM13323,C2006|UM13323,Res_hi,1,182.625,31.200001,995,1
C2006,UM,UM13330,C2006|UM13330,Res_hi,1,182.625,35.299999,987,1
C2006,UM,UM13897,C2006|UM13897,Res_hi,1,182.625,38.799999,659,1
C2006,UM,UM13904,C2006|UM13904,Res_hi,1,182.625,41.5,764,1
C2006,UM,UM13911,C2006|UM13911,Res_hi,1,182.625,35.200001,859,1
C2006,UM,UM14058,C2006|UM14058,Res_hi,1,182.625,42.400002,690,1
C2006,UM,UM14072,C2006|UM14072,Res_hi,1,182.625,36.400002,991,1
C2006,UM,UM14219,C2006|UM14219,Res_hi,1,182.625,39.299999,713,1
C2006,UM,UM14226,C2006|UM14226,Res_hi,1,182.625,30.200001,1006,1
C2006,UM,UM14233,C2006|UM14233,Res_hi,1,182.625,29.1,902,1
C2006,UM,UM14569,C2006|UM14569,Res_hi,1,182.625,35.599998,429,1
C2006,UM,UM14576,C2006|UM14576,Res_hi,1,182.625,33.900002,703,1
C2006,UM,UM14583,C2006|UM14583,Res_hi,1,182.625,34.599998,1217,1
C2006,UM,UM15584,C2006|UM15584,Res_hi,1,182.625,36.700001,780,1
C2006,UM,UM15591,C2006|UM15591,Res_hi,1,182.625,31.799999,1108,1
C2006,UM,UM15598,C2006|UM15598,Res_hi,1,182.625,42.099998,845,1
C2006,UM,UM16415,C2006|UM16415,Res_hi,1,182.625,35.200001,700,1
C2006,UM,UM16422,C2006|UM16422,Res_hi,1,182.625,35.799999,949,1
C2006,UM,UM16429,C2006|UM16429,Res_hi,1,182.625,36.400002,660,1
C2006,UM,UM16457,C2006|UM16457,Res_hi,1,182.625,34.0,499,1
C2006,UM,UM16464,C2006|UM16464,Res_hi,1,182.625,39.900002,920,1
C2006,UM,UM16471,C2006|UM16471,Res_hi,1,182.625,40.0,921,1
C2006,UM,UM17143,C2006|UM17143,Res_hi,1,182.625,33.5,473,1
C2006,UM,UM17150,C2006|UM17150,Res_hi,1,182.625,33.400002,725,1
C2006,UM,UM17157,C2006|UM17157,Res_hi,1,182.625,31.700001,1092,1
C2006,UM,UM17332,C2006|UM17332,Res_hi,1,182.625,27.299999,1294,1
C2006,UM,UM17339,C2006|UM17339,Res_hi,1,182.625,30.5,1035,1
C2006,UM,UM17346,C2006|UM17346,Res_hi,1,182.625,31.9,927,1
C2006,UM,UM17535,C2006|UM17535,Res_hi,1,182.625,30.5,654,1
C2006,UM,UM17542,C2006|UM17542,Res_hi,1,182.625,26.200001,893,1
C2006,UM,UM17549,C2006|UM17549,Res_hi,1,182.625,32.299999,1270,1
C2006,UM,UM17640,C2006|UM17640,Res_hi,1,182.625,35.5,897,1
C2006,UM,UM17647,C2006|UM17647,Res_hi,1,182.625,34.5,980,1
C2006,UM,UM17654,C2006|UM17654,Res_hi,1,182.625,33.700001,659,1
C2006,UM,UM18046,C2006|UM18046,Res_hi,1,182.625,29.299999,811,1
C2006,UM,UM18053,C2006|UM18053,Res_hi,1,182.625,33.0,908,1
C2006,UM,UM18060,C2006|UM18060,Res_hi,1,182.625,29.200001,622,1
C2006,UM,UM18144,C2006|UM18144,Res_hi,1,182.625,26.4,787,1
C2006,UM,UM18151,C2006|UM18151,Res_hi,1,182.625,32.900002,685,1
C2006,UM,UM18158,C2006|UM18158,Res_hi,1,182.625,33.0,1138,1
C2006,UM,UM18235,C2006|UM18235,Res_hi,1,182.625,29.1,959,1
C2006,UM,UM18242,C2006|UM18242,Res_hi,1,182.625,34.400002,874,1
C2006,UM,UM18249,C2006|UM18249,Res_hi,1,182.625,31.0,890,1
C2006,UM,UM18284,C2006|UM18284,Res_hi,1,182.625,29.5,1182,1
C2006,UM,UM18298,C2006|UM18298,Res_hi,1,182.625,31.1,1020,1
C2006,TJL,JL01954,C2006|JL01954,Res_lo,1,182.625,43.0,901,1
C2006,TJL,JL01955,C2006|JL01955,Res_lo,1,182.625,48.0,249,1
C2006,TJL,JL01956,C2006|JL01956,Res_lo,1,182.625,40.0,741,1
C2006,TJL,JL02163,C2006|JL02163,Res_lo,1,182.625,43.0,879,1
C2006,TJL,JL02164,C2006|JL02164,Res_lo,1,182.625,43.0,815,1
C2006,TJL,JL02165,C2006|JL02165,Res_lo,1,182.625,47.0,931,1
C2006,TJL,JL02213,C2006|JL02213,Res_lo,1,182.625,40.0,937,1
C2006,TJL,JL02214,C2006|JL02214,Res_lo,1,182.625,34.0,1037,1
C2006,TJL,JL02216,C2006|JL02216,Res_lo,1,182.625,41.0,626,1
C2006,TJL,JL02217,C2006|JL02217,Res_lo,1,182.625,37.0,777,1
C2006,TJL,JL02218,C2006|JL02218,Res_lo,1,182.625,43.0,706,1
C2006,TJL,JL02270,C2006|JL02270,Res_lo,1,182.625,40.0,938,1
C2006,TJL,JL02271,C2006|JL02271,Res_lo,1,182.625,45.0,441,1
C2006,TJL,JL02272,C2006|JL02272,Res_lo,1,182.625,47.0,807,1
C2006,TJL,JL02283,C2006|JL02283,Res_lo,1,182.625,45.0,810,1
C2006,TJL,JL02284,C2006|JL02284,Res_lo,1,182.625,46.0,485,1
C2006,TJL,JL02285,C2006|JL02285,Res_lo,1,182.625,46.0,574,1
C2006,TJL,JL02342,C2006|JL02342,Res_lo,1,182.625,39.0,627,1
C2006,TJL,JL02343,C2006|JL02343,Res_lo,1,182.625,42.0,773,1
C2006,TJL,JL02344,C2006|JL02344,Res_lo,1,182.625,36.0,1026,1
C2006,TJL,JL02362,C2006|JL02362,Res_lo,1,182.625,37.0,790,1
C2006,TJL,JL02363,C2006|JL02363,Res_lo,1,182.625,34.0,568,1
C2006,TJL,JL02364,C2006|JL02364,Res_lo,1,182.625,34.0,1037,1
C2006,TJL,JL02426,C2006|JL02426,Res_lo,1,182.625,49.0,818,1
C2006,TJL,JL02427,C2006|JL02427,Res_lo,1,182.625,50.0,992,1
C2006,TJL,JL02428,C2006|JL02428,Res_lo,1,182.625,46.0,689,1
C2006,TJL,JL02493,C2006|JL02493,Res_lo,1,182.625,44.0,1013,1
C2006,TJL,JL02494,C2006|JL02494,Res_lo,1,182.625,46.0,315,1
C2006,TJL,JL02495,C2006|JL02495,Res_lo,1,182.625,37.0,669,1
C2006,TJL,JL02499,C2006|JL02499,Res_lo,1,182.625,45.0,515,1
C2006,TJL,JL02500,C2006|JL02500,Res_lo,1,182.625,35.0,651,1
C2006,TJL,JL02501,C2006|JL02501,Res_lo,1,182.625,38.0,717,1
C2006,TJL,JL02519,C2006|JL02519,Res_lo,1,182.625,46.0,1009,1
C2006,TJL,JL02520,C2006|JL02520,Res_lo,1,182.625,45.0,646,1
C2006,TJL,JL02521,C2006|JL02521,Res_lo,1,182.625,45.0,311,1
C2006,TJL,JL02557,C2006|JL02557,Res_lo,1,182.625,41.0,525,1
C2006,TJL,JL02558,C2006|JL02558,Res_lo,1,182.625,32.0,757,1
C2006,TJL,JL02559,C2006|JL02559,Res_lo,1,182.625,44.0,478,1
C2006,TJL,JL02610,C2006|JL02610,Res_lo,1,182.625,47.0,391,1
C2006,TJL,JL02611,C2006|JL02611,Res_lo,1,182.625,38.0,560,1
C2006,TJL,JL02612,C2006|JL02612,Res_lo,1,182.625,46.0,1009,1
C2006,TJL,JL02684,C2006|JL02684,Res_lo,1,182.625,40.0,826,1
C2006,TJL,JL02685,C2006|JL02685,Res_lo,1,182.625,38.0,934,1
C2006,TJL,JL02721,C2006|JL02721,Res_lo,1,182.625,35.0,982,1
C2006,TJL,JL02722,C2006|JL02722,Res_lo,1,182.625,38.0,967,1
C2006,TJL,JL02723,C2006|JL02723,Res_lo,1,182.625,41.0,706,1
C2006,UM,UM13267,C2006|UM13267,Res_lo,1,182.625,32.0,959,1
C2006,UM,UM13281,C2006|UM13281,Res_lo,1,182.625,45.0,956,1
C2006,UM,UM13386,C2006|UM13386,Res_lo,1,182.625,35.299999,1043,1
C2006,UM,UM13393,C2006|UM13393,Res_lo,1,182.625,37.599998,1082,1
C2006,UM,UM13400,C2006|UM13400,Res_lo,1,182.625,37.5,788,1
C2006,UM,UM13652,C2006|UM13652,Res_lo,1,182.625,32.200001,956,1
C2006,UM,UM13659,C2006|UM13659,Res_lo,1,182.625,30.9,825,1
C2006,UM,UM13848,C2006|UM13848,Res_lo,1,182.625,35.200001,880,1
C2006,UM,UM13855,C2006|UM13855,Res_lo,1,182.625,29.5,673,1
C2006,UM,UM13862,C2006|UM13862,Res_lo,1,182.625,37.099998,830,1
C2006,UM,UM14156,C2006|UM14156,Res_lo,1,182.625,39.799999,911,1
C2006,UM,UM14163,C2006|UM14163,Res_lo,1,182.625,34.900002,710,1
C2006,UM,UM14170,C2006|UM14170,Res_lo,1,182.625,33.200001,909,1
C2006,UM,UM15157,C2006|UM15157,Res_lo,1,182.625,37.099998,722,1
C2006,UM,UM15164,C2006|UM15164,Res_lo,1,182.625,32.099998,599,1
C2006,UM,UM15171,C2006|UM15171,Res_lo,1,182.625,41.200001,757,1
C2006,UM,UM15178,C2006|UM15178,Res_lo,1,182.625,42.0,694,1
C2006,UM,UM15185,C2006|UM15185,Res_lo,1,182.625,31.700001,907,1
C2006,UM,UM15192,C2006|UM15192,Res_lo,1,182.625,37.099998,885,1
C2006,UM,UM15381,C2006|UM15381,Res_lo,1,182.625,37.400002,964,1
C2006,UM,UM15388,C2006|UM15388,Res_lo,1,182.625,35.299999,826,1
C2006,UM,UM15395,C2006|UM15395,Res_lo,1,182.625,39.099998,882,1
C2006,UM,UM15430,C2006|UM15430,Res_lo,1,182.625,34.200001,934,1
C2006,UM,UM15437,C2006|UM15437,Res_lo,1,182.625,34.799999,899,1
C2006,UM,UM15444,C2006|UM15444,Res_lo,1,182.625,32.599998,805,1
C2006,UM,UM15836,C2006|UM15836,Res_lo,1,182.625,33.099998,725,1
C2006,UM,UM15842,C2006|UM15842,Res_lo,1,182.625,31.799999,750,1
C2006,UM,UM15849,C2006|UM15849,Res_lo,1,182.625,39.299999,832,1
C2006,UM,UM16611,C2006|UM16611,Res_lo,1,182.625,35.299999,699,1
C2006,UM,UM16618,C2006|UM16618,Res_lo,1,182.625,34.200001,756,1
C2006,UM,UM16625,C2006|UM16625,Res_lo,1,182.625,27.700001,1194,1
C2006,UM,UM16758,C2006|UM16758,Res_lo,1,182.625,34.400002,851,1
C2006,UM,UM16765,C2006|UM16765,Res_lo,1,182.625,30.0,794,1
C2006,UM,UM16772,C2006|UM16772,Res_lo,1,182.625,34.700001,1014,1
C2006,UM,UM16779,C2006|UM16779,Res_lo,1,182.625,33.299999,901,1
C2006,UM,UM16786,C2006|UM16786,Res_lo,1,182.625,32.900002,966,1
C2006,UM,UM16793,C2006|UM16793,Res_lo,1,182.625,34.599998,491,1
C2006,UM,UM16870,C2006|UM16870,Res_lo,1,182.625,35.5,868,1
C2006,UM,UM16877,C2006|UM16877,Res_lo,1,182.625,32.700001,1016,1
C2006,UM,UM16884,C2006|UM16884,Res_lo,1,182.625,33.799999,954,1
C2006,UM,UM16968,C2006|UM16968,Res_lo,1,182.625,40.299999,1078,1
C2006,UM,UM16975,C2006|UM16975,Res_lo,1,182.625,31.4,1092,1
C2006,UM,UM16982,C2006|UM16982,Res_lo,1,182.625,30.799999,535,1
C2006,UM,UM17514,C2006|UM17514,Res_lo,1,182.625,35.200001,1084,1
C2006,UM,UM17521,C2006|UM17521,Res_lo,1,182.625,33.299999,791,1
C2006,UM,UM17528,C2006|UM17528,Res_lo,1,182.625,45.099998,957,1
C2006,UM,UM17829,C2006|UM17829,Res_lo,1,182.625,34.0,725,1
C2006,UM,UM17836,C2006|UM17836,Res_lo,1,182.625,36.900002,883,1
C2006,UM,UM17843,C2006|UM17843,Res_lo,1,182.625,27.799999,1206,1
C2006,TJL,JL01921,C2006|JL01921,Sim_hi,1,182.625,46.0,797,1
C2006,TJL,JL01922,C2006|JL01922,Sim_hi,1,182.625,43.0,695,1
C2006,TJL,JL01923,C2006|JL01923,Sim_hi,1,182.625,46.0,665,1
C2006,TJL,JL01924,C2006|JL01924,Sim_hi,1,182.625,47.0,853,1
C2006,TJL,JL01925,C2006|JL01925,Sim_hi,1,182.625,37.0,1028,1
C2006,TJL,JL01926,C2006|JL01926,Sim_hi,1,182.625,39.0,1084,1
C2006,TJL,JL01936,C2006|JL01936,Sim_hi,1,182.625,43.0,692,1
C2006,TJL,JL01937,C2006|JL01937,Sim_hi,1,182.625,53.0,350,1
C2006,TJL,JL01938,C2006|JL01938,Sim_hi,1,182.625,44.0,720,1
C2006,TJL,JL01963,C2006|JL01963,Sim_hi,1,182.625,39.0,984,1
C2006,TJL,JL01964,C2006|JL01964,Sim_hi,1,182.625,42.0,895,1
C2006,TJL,JL01965,C2006|JL01965,Sim_hi,1,182.625,45.0,885,1
C2006,TJL,JL02151,C2006|JL02151,Sim_hi,1,182.625,37.0,1385,1
C2006,TJL,JL02152,C2006|JL02152,Sim_hi,1,182.625,42.0,1049,1
C2006,TJL,JL02153,C2006|JL02153,Sim_hi,1,182.625,32.0,203,1
C2006,TJL,JL02250,C2006|JL02250,Sim_hi,1,182.625,42.0,781,1
C2006,TJL,JL02251,C2006|JL02251,Sim_hi,1,182.625,35.0,1199,1
C2006,TJL,JL02252,C2006|JL02252,Sim_hi,1,182.625,45.0,770,1
C2006,TJL,JL02286,C2006|JL02286,Sim_hi,1,182.625,51.0,414,1
C2006,TJL,JL02287,C2006|JL02287,Sim_hi,1,182.625,46.0,720,1
C2006,TJL,JL02288,C2006|JL02288,Sim_hi,1,182.625,46.0,781,1
C2006,TJL,JL02309,C2006|JL02309,Sim_hi,1,182.625,41.0,941,1
C2006,TJL,JL02310,C2006|JL02310,Sim_hi,1,182.625,36.0,1155,1
C2006,TJL,JL02311,C2006|JL02311,Sim_hi,1,182.625,36.0,1026,1
C2006,TJL,JL02325,C2006|JL02325,Sim_hi,1,182.625,44.0,875,1
C2006,TJL,JL02326,C2006|JL02326,Sim_hi,1,182.625,42.0,720,1
C2006,TJL,JL02327,C2006|JL02327,Sim_hi,1,182.625,37.0,845,1
C2006,TJL,JL02336,C2006|JL02336,Sim_hi,1,182.625,50.0,696,1
C2006,TJL,JL02337,C2006|JL02337,Sim_hi,1,182.625,43.0,670,1
C2006,TJL,JL02338,C2006|JL02338,Sim_hi,1,182.625,44.0,832,1
C2006,TJL,JL02365,C2006|JL02365,Sim_hi,1,182.625,37.0,828,1
C2006,TJL,JL02366,C2006|JL02366,Sim_hi,1,182.625,34.0,1008,1
C2006,TJL,JL02367,C2006|JL02367,Sim_hi,1,182.625,39.0,413,1
C2006,TJL,JL02539,C2006|JL02539,Sim_hi,1,182.625,41.0,745,1
C2006,TJL,JL02540,C2006|JL02540,Sim_hi,1,182.625,40.0,544,1
C2006,TJL,JL02541,C2006|JL02541,Sim_hi,1,182.625,37.0,586,1
C2006,TJL,JL02604,C2006|JL02604,Sim_hi,1,182.625,44.0,895,1
C2006,TJL,JL02605,C2006|JL02605,Sim_hi,1,182.625,42.0,661,1
C2006,TJL,JL02606,C2006|JL02606,Sim_hi,1,182.625,39.0,526,1
C2006,TJL,JL02644,C2006|JL02644,Sim_hi,1,182.625,34.0,960,1
C2006,TJL,JL02645,C2006|JL02645,Sim_hi,1,182.625,36.0,826,1
C2006,TJL,JL02646,C2006|JL02646,Sim_hi,1,182.625,41.0,517,1
C2006,TJL,JL02657,C2006|JL02657,Sim_hi,1,182.625,54.0,582,1
C2006,TJL,JL02658,C2006|JL02658,Sim_hi,1,182.625,49.0,476,1
C2006,TJL,JL02659,C2006|JL02659,Sim_hi,1,182.625,38.0,680,1
C2006,TJL,JL02668,C2006|JL02668,Sim_hi,1,182.625,42.0,727,1
C2006,TJL,JL02669,C2006|JL02669,Sim_hi,1,182.625,43.0,949,1
C2006,TJL,JL02670,C2006|JL02670,Sim_hi,1,182.625,46.0,1162,1
C2006,UM,UM13106,C2006|UM13106,Sim_hi,1,182.625,32.599998,620,1
C2006,UM,UM13113,C2006|UM13113,Sim_hi,1,182.625,32.900002,765,1
C2006,UM,UM13120,C2006|UM13120,Sim_hi,1,182.625,35.400002,919,1
C2006,UM,UM13155,C2006|UM13155,Sim_hi,1,182.625,36.0,1223,1
C2006,UM,UM13162,C2006|UM13162,Sim_hi,1,182.625,38.900002,939,1
C2006,UM,UM13169,C2006|UM13169,Sim_hi,1,182.625,32.5,1128,1
C2006,UM,UM14177,C2006|UM14177,Sim_hi,1,182.625,36.400002,789,1
C2006,UM,UM14184,C2006|UM14184,Sim_hi,1,182.625,33.200001,883,1
C2006,UM,UM14191,C2006|UM14191,Sim_hi,1,182.625,31.0,937,1
C2006,UM,UM14338,C2006|UM14338,Sim_hi,1,182.625,35.400002,680,1
C2006,UM,UM14345,C2006|UM14345,Sim_hi,1,182.625,36.5,1081,1
C2006,UM,UM14352,C2006|UM14352,Sim_hi,1,182.625,34.799999,885,1
C2006,UM,UM14639,C2006|UM14639,Sim_hi,1,182.625,35.200001,710,1
C2006,UM,UM14646,C2006|UM14646,Sim_hi,1,182.625,35.5,964,1
C2006,UM,UM14653,C2006|UM14653,Sim_hi,1,182.625,40.099998,633,1
C2006,UM,UM15856,C2006|UM15856,Sim_hi,1,182.625,35.5,1224,1
C2006,UM,UM15862,C2006|UM15862,Sim_hi,1,182.625,39.400002,1095,1
C2006,UM,UM15869,C2006|UM15869,Sim_hi,1,182.625,36.599998,803,1
C2006,UM,UM16219,C2006|UM16219,Sim_hi,1,182.625,32.700001,1095,1
C2006,UM,UM16226,C2006|UM16226,Sim_hi,1,182.625,44.099998,909,1
C2006,UM,UM16233,C2006|UM16233,Sim_hi,1,182.625,35.799999,878,1
C2006,UM,UM16695,C2006|UM16695,Sim_hi,1,182.625,31.700001,594,1
C2006,UM,UM16702,C2006|UM16702,Sim_hi,1,182.625,32.700001,940,1
C2006,UM,UM16709,C2006|UM16709,Sim_hi,1,182.625,36.700001,732,1
C2006,UM,UM16716,C2006|UM16716,Sim_hi,1,182.625,37.900002,844,1
C2006,UM,UM16723,C2006|UM16723,Sim_hi,1,182.625,35.0,687,1
C2006,UM,UM16730,C2006|UM16730,Sim_hi,1,182.625,29.6,995,1
C2006,UM,UM16737,C2006|UM16737,Sim_hi,1,182.625,35.099998,843,1
C2006,UM,UM16744,C2006|UM16744,Sim_hi,1,182.625,35.5,817,1
C2006,UM,UM16751,C2006|UM16751,Sim_hi,1,182.625,33.299999,926,1
C2006,UM,UM16849,C2006|UM16849,Sim_hi,1,182.625,32.0,1096,1
C2006,UM,UM16856,C2006|UM16856,Sim_hi,1,182.625,32.599998,1054,1
C2006,UM,UM16863,C2006|UM16863,Sim_hi,1,182.625,39.400002,810,1
C2006,UM,UM16947,C2006|UM16947,Sim_hi,1,182.625,41.299999,562,1
C2006,UM,UM16954,C2006|UM16954,Sim_hi,1,182.625,36.0,788,1
C2006,UM,UM16961,C2006|UM16961,Sim_hi,1,182.625,37.5,793,1
C2006,UM,UM17493,C2006|UM17493,Sim_hi,1,182.625,35.099998,931,1
C2006,UM,UM17500,C2006|UM17500,Sim_hi,1,182.625,33.700001,1030,1
C2006,UM,UM17507,C2006|UM17507,Sim_hi,1,182.625,34.0,1087,1
C2006,UM,UM18326,C2006|UM18326,Sim_hi,1,182.625,32.799999,552,1
C2006,UM,UM18333,C2006|UM18333,Sim_hi,1,182.625,32.700001,501,1
C2006,UM,UM18340,C2006|UM18340,Sim_hi,1,182.625,26.700001,681,1
C2006,UM,UM18389,C2006|UM18389,Sim_hi,1,182.625,39.400002,433,1
C2006,UM,UM18396,C2006|UM18396,Sim_hi,1,182.625,36.799999,690,1
C2006,UM,UM18403,C2006|UM18403,Sim_hi,1,182.625,36.0,905,1
C2006,UM,UM18410,C2006|UM18410,Sim_hi,1,182.625,30.299999,883,1
C2006,UM,UM18417,C2006|UM18417,Sim_hi,1,182.625,30.200001,1126,1
C2006,UM,UM18424,C2006|UM18424,Sim_hi,1,182.625,36.299999,729,1
C2006,UM,UM18543,C2006|UM18543,Sim_hi,1,182.625,37.599998,940,1
C2006,UM,UM18550,C2006|UM18550,Sim_hi,1,182.625,41.099998,668,1
C2006,UM,UM18557,C2006|UM18557,Sim_hi,1,182.625,38.799999,698,1
C2006,UM,UM18564,C2006|UM18564,Sim_hi,1,182.625,29.6,940,1
C2006,UM,UM18571,C2006|UM18571,Sim_hi,1,182.625,42.200001,665,1
C2006,UM,UM18578,C2006|UM18578,Sim_hi,1,182.625,35.599998,1267,1
C2006,TJL,JL01960,C2006|JL01960,Sim_lo,1,182.625,40.0,542,1
C2006,TJL,JL01961,C2006|JL01961,Sim_lo,1,182.625,32.0,1034,1
C2006,TJL,JL01962,C2006|JL01962,Sim_lo,1,182.625,40.0,878,1
C2006,TJL,JL02136,C2006|JL02136,Sim_lo,1,182.625,41.0,858,1
C2006,TJL,JL02137,C2006|JL02137,Sim_lo,1,182.625,39.0,674,1
C2006,TJL,JL02138,C2006|JL02138,Sim_lo,1,182.625,45.0,992,1
C2006,TJL,JL02139,C2006|JL02139,Sim_lo,1,182.625,38.0,730,1
C2006,TJL,JL02140,C2006|JL02140,Sim_lo,1,182.625,38.0,1008,1
C2006,TJL,JL02141,C2006|JL02141,Sim_lo,1,182.625,31.0,650,1
C2006,TJL,JL02145,C2006|JL02145,Sim_lo,1,182.625,44.0,758,1
C2006,TJL,JL02146,C2006|JL02146,Sim_lo,1,182.625,29.0,1067,1
C2006,TJL,JL02147,C2006|JL02147,Sim_lo,1,182.625,39.0,882,1
C2006,TJL,JL02219,C2006|JL02219,Sim_lo,1,182.625,41.0,730,1
C2006,TJL,JL02220,C2006|JL02220,Sim_lo,1,182.625,41.0,668,1
C2006,TJL,JL02221,C2006|JL02221,Sim_lo,1,182.625,34.0,691,1
C2006,TJL,JL02222,C2006|JL02222,Sim_lo,1,182.625,40.0,1351,1
C2006,TJL,JL02223,C2006|JL02223,Sim_lo,1,182.625,47.0,673,1
C2006,TJL,JL02224,C2006|JL02224,Sim_lo,1,182.625,47.0,664,1
C2006,TJL,JL02273,C2006|JL02273,Sim_lo,1,182.625,34.0,415,1
C2006,TJL,JL02274,C2006|JL02274,Sim_lo,1,182.625,35.0,764,1
C2006,TJL,JL02275,C2006|JL02275,Sim_lo,1,182.625,35.0,951,1
C2006,TJL,JL02315,C2006|JL02315,Sim_lo,1,182.625,43.0,424,1
C2006,TJL,JL02316,C2006|JL02316,Sim_lo,1,182.625,46.0,796,1
C2006,TJL,JL02317,C2006|JL02317,Sim_lo,1,182.625,40.0,698,1
C2006,TJL,JL02356,C2006|JL02356,Sim_lo,1,182.625,43.0,485,1
C2006,TJL,JL02357,C2006|JL02357,Sim_lo,1,182.625,46.0,861,1
C2006,TJL,JL02358,C2006|JL02358,Sim_lo,1,182.625,34.0,1037,1
C2006,TJL,JL02368,C2006|JL02368,Sim_lo,1,182.625,37.0,722,1
C2006,TJL,JL02369,C2006|JL02369,Sim_lo,1,182.625,32.0,1044,1
C2006,TJL,JL02370,C2006|JL02370,Sim_lo,1,182.625,36.0,1322,1
C2006,TJL,JL02389,C2006|JL02389,Sim_lo,1,182.625,43.0,502,1
C2006,TJL,JL02390,C2006|JL02390,Sim_lo,1,182.625,41.0,984,1
C2006,TJL,JL02391,C2006|JL02391,Sim_lo,1,182.625,35.0,950,1
C2006,TJL,JL02395,C2006|JL02395,Sim_lo,1,182.625,35.0,857,1
C2006,TJL,JL02396,C2006|JL02396,Sim_lo,1,182.625,32.0,781,1
C2006,TJL,JL02397,C2006|JL02397,Sim_lo,1,182.625,34.0,933,1
C2006,TJL,JL02450,C2006|JL02450,Sim_lo,1,182.625,38.0,926,1
C2006,TJL,JL02451,C2006|JL02451,Sim_lo,1,182.625,35.0,1110,1
C2006,TJL,JL02452,C2006|JL02452,Sim_lo,1,182.625,33.0,1125,1
C2006,TJL,JL02525,C2006|JL02525,Sim_lo,1,182.625,44.0,862,1
C2006,TJL,JL02526,C2006|JL02526,Sim_lo,1,182.625,45.0,1010,1
C2006,TJL,JL02527,C2006|JL02527,Sim_lo,1,182.625,31.0,511,1
C2006,TJL,JL02563,C2006|JL02563,Sim_lo,1,182.625,47.0,650,1
C2006,TJL,JL02564,C2006|JL02564,Sim_lo,1,182.625,46.0,1021,1
C2006,TJL,JL02565,C2006|JL02565,Sim_lo,1,182.625,34.0,519,1
C2006,TJL,JL02573,C2006|JL02573,Sim_lo,1,182.625,35.0,1151,1
C2006,TJL,JL02574,C2006|JL02574,Sim_lo,1,182.625,44.0,607,1
C2006,TJL,JL02575,C2006|JL02575,Sim_lo,1,182.625,35.0,1082,1
C2006,UM,UM13246,C2006|UM13246,Sim_lo,1,182.625,33.400002,601,1
C2006,UM,UM13253,C2006|UM13253,Sim_lo,1,182.625,32.799999,1036,1
C2006,UM,UM13260,C2006|UM13260,Sim_lo,1,182.625,34.400002,710,1
C2006,UM,UM13407,C2006|UM13407,Sim_lo,1,182.625,33.5,943,1
C2006,UM,UM13414,C2006|UM13414,Sim_lo,1,182.625,37.299999,891,1
C2006,UM,UM13421,C2006|UM13421,Sim_lo,1,182.625,35.200001,880,1
C2006,UM,UM13428,C2006|UM13428,Sim_lo,1,182.625,40.0,480,1
C2006,UM,UM13435,C2006|UM13435,Sim_lo,1,182.625,43.5,768,1
C2006,UM,UM13442,C2006|UM13442,Sim_lo,1,182.625,47.599998,736,1
C2006,UM,UM13498,C2006|UM13498,Sim_lo,1,182.625,37.599998,1095,1
C2006,UM,UM13505,C2006|UM13505,Sim_lo,1,182.625,33.799999,939,1
C2006,UM,UM13512,C2006|UM13512,Sim_lo,1,182.625,39.599998,1021,1
C2006,UM,UM13988,C2006|UM13988,Sim_lo,1,182.625,39.900002,1071,1
C2006,UM,UM13995,C2006|UM13995,Sim_lo,1,182.625,39.299999,622,1
C2006,UM,UM14002,C2006|UM14002,Sim_lo,1,182.625,34.299999,879,1
C2006,UM,UM14387,C2006|UM14387,Sim_lo,1,182.625,29.200001,287,1
C2006,UM,UM14394,C2006|UM14394,Sim_lo,1,182.625,40.900002,460,1
C2006,UM,UM14401,C2006|UM14401,Sim_lo,1,182.625,26.6,1075,1
C2006,UM,UM14548,C2006|UM14548,Sim_lo,1,182.625,34.299999,818,1
C2006,UM,UM14555,C2006|UM14555,Sim_lo,1,182.625,33.0,1107,1
C2006,UM,UM14562,C2006|UM14562,Sim_lo,1,182.625,42.400002,716,1
C2006,UM,UM15143,C2006|UM15143,Sim_lo,1,182.625,36.099998,417,1
C2006,UM,UM15150,C2006|UM15150,Sim_lo,1,182.625,33.599998,875,1
C2006,UM,UM15493,C2006|UM15493,Sim_lo,1,182.625,34.599998,910,1
C2006,UM,UM15500,C2006|UM15500,Sim_lo,1,182.625,37.900002,983,1
C2006,UM,UM15507,C2006|UM15507,Sim_lo,1,182.625,34.299999,890,1
C2006,UM,UM15563,C2006|UM15563,Sim_lo,1,182.625,35.200001,997,1
C2006,UM,UM15570,C2006|UM15570,Sim_lo,1,182.625,31.4,1031,1
C2006,UM,UM15577,C2006|UM15577,Sim_lo,1,182.625,34.900002,1018,1
C2006,UM,UM15974,C2006|UM15974,Sim_lo,1,182.625,31.299999,857,1
C2006,UM,UM15981,C2006|UM15981,Sim_lo,1,182.625,31.200001,850,1
C2006,UM,UM15988,C2006|UM15988,Sim_lo,1,182.625,30.9,1132,1
C2006,UM,UM16653,C2006|UM16653,Sim_lo,1,182.625,30.9,1025,1
C2006,UM,UM16660,C2006|UM16660,Sim_lo,1,182.625,39.299999,841,1
C2006,UM,UM16667,C2006|UM16667,Sim_lo,1,182.625,33.599998,1085,1
C2006,UM,UM17094,C2006|UM17094,Sim_lo,1,182.625,29.5,757,1
C2006,UM,UM17101,C2006|UM17101,Sim_lo,1,182.625,36.5,877,1
C2006,UM,UM17108,C2006|UM17108,Sim_lo,1,182.625,32.099998,1003,1
C2006,UM,UM17451,C2006|UM17451,Sim_lo,1,182.625,35.700001,260,1
C2006,UM,UM17458,C2006|UM17458,Sim_lo,1,182.625,34.299999,1042,1
C2006,UM,UM17465,C2006|UM17465,Sim_lo,1,182.625,37.0,683,1
C2006,UM,UM17899,C2006|UM17899,Sim_lo,1,182.625,34.200001,1117,1
C2006,UM,UM17906,C2006|UM17906,Sim_lo,1,182.625,32.0,499,1
C2006,UM,UM17913,C2006|UM17913,Sim_lo,1,182.625,36.299999,927,1
C2006,UM,UM18123,C2006|UM18123,Sim_lo,1,182.625,36.400002,865,1
C2006,UM,UM18130,C2006|UM18130,Sim_lo,1,182.625,39.099998,982,1
C2006,UM,UM18137,C2006|UM18137,Sim_lo,1,182.625,40.799999,982,1
C2006,UM,UM18305,C2006|UM18305,Sim_lo,1,182.625,39.0,584,1
C2006,UM,UM18312,C2006|UM18312,Sim_lo,1,182.625,38.400002,966,1
C2006,UM,UM18319,C2006|UM18319,Sim_lo,1,182.625,43.0,844,1
C2006,UM,UM18347,C2006|UM18347,Sim_lo,1,182.625,32.799999,575,1
C2006,UM,UM18354,C2006|UM18354,Sim_lo,1,182.625,33.599998,761,1
C2006,UM,UM18361,C2006|UM18361,Sim_lo,1,182.625,36.599998,1202,1
C2009,TJL,JL04072,C2009|JL04072,Control,0,182.625,45.0,833,1
C2009,TJL,JL04073,C2009|JL04073,Control,0,182.625,38.0,807,1
C2009,TJL,JL04074,C2009|JL04074,Control,0,182.625,42.0,674,1
C2009,TJL,JL04099,C2009|JL04099,Control,0,182.625,41.0,420,1
C2009,TJL,JL04100,C2009|JL04100,Control,0,182.625,44.0,973,1
C2009,TJL,JL04101,C2009|JL04101,Control,0,182.625,33.0,1023,1
C2009,TJL,JL04105,C2009|JL04105,Control,0,182.625,48.0,408,1
C2009,TJL,JL04106,C2009|JL04106,Control,0,182.625,52.0,765,1
C2009,TJL,JL04107,C2009|JL04107,Control,0,182.625,45.0,785,1
C2009,TJL,JL04117,C2009|JL04117,Control,0,182.625,39.0,939,1
C2009,TJL,JL04118,C2009|JL04118,Control,0,182.625,37.0,729,1
C2009,TJL,JL04119,C2009|JL04119,Control,0,182.625,41.0,546,1
C2009,TJL,JL04189,C2009|JL04189,Control,0,182.625,35.0,793,1
C2009,TJL,JL04190,C2009|JL04190,Control,0,182.625,40.0,666,1
C2009,TJL,JL04191,C2009|JL04191,Control,0,182.625,46.0,835,1
C2009,TJL,JL04202,C2009|JL04202,Control,0,182.625,47.0,632,1
C2009,TJL,JL04203,C2009|JL04203,Control,0,182.625,47.0,575,1
C2009,TJL,JL04204,C2009|JL04204,Control,0,182.625,44.0,1242,1
C2009,TJL,JL04240,C2009|JL04240,Control,0,182.625,50.0,525,1
C2009,TJL,JL04241,C2009|JL04241,Control,0,182.625,51.0,945,1
C2009,TJL,JL04242,C2009|JL04242,Control,0,182.625,51.0,822,1
C2009,TJL,JL04249,C2009|JL04249,Control,0,182.625,41.0,941,1
C2009,TJL,JL04250,C2009|JL04250,Control,0,182.625,43.0,716,1
C2009,TJL,JL04251,C2009|JL04251,Control,0,182.625,42.0,1141,1
C2009,TJL,JL04255,C2009|JL04255,Control,0,182.625,48.0,814,1
C2009,TJL,JL04256,C2009|JL04256,Control,0,182.625,51.0,534,1
C2009,TJL,JL04257,C2009|JL04257,Control,0,182.625,42.0,609,1
C2009,TJL,JL04270,C2009|JL04270,Control,0,182.625,35.0,1061,1
C2009,TJL,JL04271,C2009|JL04271,Control,0,182.625,41.0,1278,1
C2009,TJL,JL04272,C2009|JL04272,Control,0,182.625,46.0,598,1
C2009,TJL,JL04273,C2009|JL04273,Control,0,182.625,32.0,829,1
C2009,TJL,JL04274,C2009|JL04274,Control,0,182.625,43.0,446,1
C2009,TJL,JL04275,C2009|JL04275,Control,0,182.625,40.0,1061,1
C2009,TJL,JL04276,C2009|JL04276,Control,0,182.625,35.0,606,1
C2009,TJL,JL04277,C2009|JL04277,Control,0,182.625,40.0,658,1
C2009,TJL,JL04278,C2009|JL04278,Control,0,182.625,42.0,908,1
C2009,TJL,JL04279,C2009|JL04279,Control,0,182.625,37.0,887,1
C2009,TJL,JL04280,C2009|JL04280,Control,0,182.625,41.0,873,1
C2009,TJL,JL04281,C2009|JL04281,Control,0,182.625,41.0,425,1
C2009,TJL,JL04301,C2009|JL04301,Control,0,182.625,34.0,807,1
C2009,TJL,JL04302,C2009|JL04302,Control,0,182.625,38.0,890,1
C2009,TJL,JL04303,C2009|JL04303,Control,0,182.625,36.0,1017,1
C2009,TJL,JL04332,C2009|JL04332,Control,0,182.625,51.0,913,1
C2009,TJL,JL04333,C2009|JL04333,Control,0,182.625,42.0,897,1
C2009,TJL,JL04334,C2009|JL04334,Control,0,182.625,43.0,759,1
C2009,TJL,JL04376,C2009|JL04376,Control,0,182.625,47.0,688,1
C2009,TJL,JL04377,C2009|JL04377,Control,0,182.625,41.0,1044,1
C2009,TJL,JL04379,C2009|JL04379,Control,0,182.625,44.0,722,1
C2009,TJL,JL04380,C2009|JL04380,Control,0,182.625,48.0,827,1
C2009,TJL,JL04381,C2009|JL04381,Control,0,182.625,44.0,260,1
C2009,TJL,JL04407,C2009|JL04407,Control,0,182.625,43.0,995,1
C2009,TJL,JL04408,C2009|JL04408,Control,0,182.625,44.0,779,1
C2009,TJL,JL04409,C2009|JL04409,Control,0,182.625,41.0,1338,1
C2009,TJL,JL04461,C2009|JL04461,Control,0,182.625,41.0,813,1
C2009,TJL,JL04462,C2009|JL04462,Control,0,182.625,50.0,568,1
C2009,TJL,JL04463,C2009|JL04463,Control,0,182.625,49.0,477,1
C2009,TJL,JL04478,C2009|JL04478,Control,0,182.625,56.0,705,1
C2009,TJL,JL04479,C2009|JL04479,Control,0,182.625,42.0,375,1
C2009,TJL,JL04480,C2009|JL04480,Control,0,182.625,53.0,467,1
C2009,TJL,JL04484,C2009|JL04484,Control,0,182.625,43.0,959,1
C2009,TJL,JL04485,C2009|JL04485,Control,0,182.625,44.0,701,1
C2009,TJL,JL04486,C2009|JL04486,Control,0,182.625,32.0,778,1
C2009,TJL,JL04493,C2009|JL04493,Control,0,182.625,53.0,435,1
C2009,TJL,JL04494,C2009|JL04494,Control,0,182.625,51.0,841,1
C2009,TJL,JL04495,C2009|JL04495,Control,0,182.625,48.0,463,1
C2009,TJL,JL04567,C2009|JL04567,Control,0,182.625,38.0,679,1
C2009,TJL,JL04568,C2009|JL04568,Control,0,182.625,41.0,904,1
C2009,TJL,JL04569,C2009|JL04569,Control,0,182.625,47.0,1162,1
C2009,TJL,JL04579,C2009|JL04579,Control,0,182.625,46.0,932,1
C2009,TJL,JL04580,C2009|JL04580,Control,0,182.625,43.0,904,1
C2009,TJL,JL04581,C2009|JL04581,Control,0,182.625,44.0,848,1
C2009,TJL,JL04613,C2009|JL04613,Control,0,182.625,44.0,890,1
C2009,TJL,JL04614,C2009|JL04614,Control,0,182.625,43.0,624,1
C2009,TJL,JL04615,C2009|JL04615,Control,0,182.625,46.0,1030,1
C2009,TJL,JL04641,C2009|JL04641,Control,0,182.625,46.0,516,1
C2009,TJL,JL04642,C2009|JL04642,Control,0,182.625,43.0,454,1
C2009,TJL,JL04643,C2009|JL04643,Control,0,182.625,49.0,950,1
C2009,TJL,JL04680,C2009|JL04680,Control,0,182.625,50.0,810,1
C2009,TJL,JL04681,C2009|JL04681,Control,0,182.625,39.0,692,1
C2009,TJL,JL04682,C2009|JL04682,Control,0,182.625,47.0,789,1
C2009,TJL,JL04723,C2009|JL04723,Control,0,182.625,38.0,330,1
C2009,TJL,JL04724,C2009|JL04724,Control,0,182.625,49.0,496,1
C2009,TJL,JL04725,C2009|JL04725,Control,0,182.625,44.0,484,1
C2009,TJL,JL04727,C2009|JL04727,Control,0,182.625,44.0,302,1
C2009,TJL,JL04728,C2009|JL04728,Control,0,182.625,46.0,1002,1
C2009,TJL,JL04729,C2009|JL04729,Control,0,182.625,50.0,841,1
C2009,TJL,JL04731,C2009|JL04731,Control,0,182.625,40.0,1009,1
C2009,TJL,JL04748,C2009|JL04748,Control,0,182.625,44.0,1008,1
C2009,TJL,JL04749,C2009|JL04749,Control,0,182.625,48.0,876,1
C2009,TJL,JL04750,C2009|JL04750,Control,0,182.625,43.0,1126,1
C2009,TJL,JL04754,C2009|JL04754,Control,0,182.625,47.0,750,1
C2009,TJL,JL04755,C2009|JL04755,Control,0,182.625,36.0,1210,1
C2009,TJL,JL04756,C2009|JL04756,Control,0,182.625,44.0,1204,1
C2009,TJL,JL04760,C2009|JL04760,Control,0,182.625,37.0,1274,1
C2009,TJL,JL04761,C2009|JL04761,Control,0,182.625,45.0,697,1
C2009,TJL,JL04762,C2009|JL04762,Control,0,182.625,36.0,952,1
C2009,TJL,JL04789,C2009|JL04789,Control,0,182.625,43.0,868,1
C2009,TJL,JL04790,C2009|JL04790,Control,0,182.625,43.0,1044,1
C2009,TJL,JL04791,C2009|JL04791,Control,0,182.625,46.0,190,1
C2009,TJL,JL04026,C2009|JL04026,Rapa_lo,1,182.625,40.0,1000,1
C2009,TJL,JL04027,C2009|JL04027,Rapa_lo,1,182.625,47.0,559,1
C2009,TJL,JL04028,C2009|JL04028,Rapa_lo,1,182.625,49.0,943,1
C2009,TJL,JL04066,C2009|JL04066,Rapa_lo,1,182.625,42.0,682,1
C2009,TJL,JL04067,C2009|JL04067,Rapa_lo,1,182.625,41.0,386,1
C2009,TJL,JL04068,C2009|JL04068,Rapa_lo,1,182.625,33.0,1163,1
C2009,TJL,JL04195,C2009|JL04195,Rapa_lo,1,182.625,41.0,565,1
C2009,TJL,JL04196,C2009|JL04196,Rapa_lo,1,182.625,53.0,731,1
C2009,TJL,JL04197,C2009|JL04197,Rapa_lo,1,182.625,38.0,1006,1
C2009,TJL,JL04246,C2009|JL04246,Rapa_lo,1,182.625,41.0,876,1
C2009,TJL,JL04247,C2009|JL04247,Rapa_lo,1,182.625,39.0,1217,1
C2009,TJL,JL04248,C2009|JL04248,Rapa_lo,1,182.625,38.0,772,1
C2009,TJL,JL04346,C2009|JL04346,Rapa_lo,1,182.625,48.0,779,1
C2009,TJL,JL04347,C2009|JL04347,Rapa_lo,1,182.625,41.0,302,1
C2009,TJL,JL04348,C2009|JL04348,Rapa_lo,1,182.625,44.0,1029,1
C2009,TJL,JL04382,C2009|JL04382,Rapa_lo,1,182.625,44.0,1106,1
C2009,TJL,JL04383,C2009|JL04383,Rapa_lo,1,182.625,52.0,441,1
C2009,TJL,JL04384,C2009|JL04384,Rapa_lo,1,182.625,39.0,612,1
C2009,TJL,JL04389,C2009|JL04389,Rapa_lo,1,182.625,45.0,313,1
C2009,TJL,JL04390,C2009|JL04390,Rapa_lo,1,182.625,44.0,774,1
C2009,TJL,JL04391,C2009|JL04391,Rapa_lo,1,182.625,36.0,551,1
C2009,TJL,JL04527,C2009|JL04527,Rapa_lo,1,182.625,49.0,498,1
C2009,TJL,JL04528,C2009|JL04528,Rapa_lo,1,182.625,47.0,765,1
C2009,TJL,JL04529,C2009|JL04529,Rapa_lo,1,182.625,51.0,428,1
C2009,TJL,JL04533,C2009|JL04533,Rapa_lo,1,182.625,46.0,1135,1
C2009,TJL,JL04534,C2009|JL04534,Rapa_lo,1,182.625,46.0,674,1
C2009,TJL,JL04535,C2009|JL04535,Rapa_lo,1,182.625,49.0,512,1
C2009,TJL,JL04555,C2009|JL04555,Rapa_lo,1,182.625,48.0,1002,1
C2009,TJL,JL04556,C2009|JL04556,Rapa_lo,1,182.625,43.0,897,1
C2009,TJL,JL04557,C2009|JL04557,Rapa_lo,1,182.625,45.0,260,1
C2009,TJL,JL04561,C2009|JL04561,Rapa_lo,1,182.625,43.0,953,1
C2009,TJL,JL04562,C2009|JL04562,Rapa_lo,1,182.625,49.0,260,1
C2009,TJL,JL04563,C2009|JL04563,Rapa_lo,1,182.625,50.0,577,1
C2009,TJL,JL04576,C2009|JL04576,Rapa_lo,1,182.625,41.0,1044,1
C2009,TJL,JL04577,C2009|JL04577,Rapa_lo,1,182.625,44.0,834,1
C2009,TJL,JL04578,C2009|JL04578,Rapa_lo,1,182.625,42.0,751,1
C2009,TJL,JL04610,C2009|JL04610,Rapa_lo,1,182.625,46.0,392,1
C2009,TJL,JL04611,C2009|JL04611,Rapa_lo,1,182.625,42.0,1058,1
C2009,TJL,JL04612,C2009|JL04612,Rapa_lo,1,182.625,55.0,288,1
C2009,TJL,JL04686,C2009|JL04686,Rapa_lo,1,182.625,48.0,840,1
C2009,TJL,JL04687,C2009|JL04687,Rapa_lo,1,182.625,44.0,718,1
C2009,TJL,JL04688,C2009|JL04688,Rapa_lo,1,182.625,47.0,887,1
C2009,TJL,JL04751,C2009|JL04751,Rapa_lo,1,182.625,42.0,449,1
C2009,TJL,JL04752,C2009|JL04752,Rapa_lo,1,182.625,38.0,1210,1
C2009,TJL,JL04753,C2009|JL04753,Rapa_lo,1,182.625,39.0,793,1
C2009,TJL,JL04757,C2009|JL04757,Rapa_lo,1,182.625,46.0,826,1
C2009,TJL,JL04758,C2009|JL04758,Rapa_lo,1,182.625,41.0,848,1
C2009,TJL,JL04759,C2009|JL04759,Rapa_lo,1,182.625,30.0,757,1
C2009,TJL,JL04783,C2009|JL04783,Rapa_lo,1,182.625,40.0,1191,1
C2009,TJL,JL04784,C2009|JL04784,Rapa_lo,1,182.625,31.0,611,1
C2009,TJL,JL04785,C2009|JL04785,Rapa_lo,1,182.625,37.0,540,1
C2009,TJL,JL04792,C2009|JL04792,Rapa_lo,1,182.625,43.0,715,1
C2009,TJL,JL04793,C2009|JL04793,Rapa_lo,1,182.625,40.0,919,1
C2009,TJL,JL04794,C2009|JL04794,Rapa_lo,1,182.625,51.0,498,1
C2009,UM,UM24801,C2009|UM24801,Control,0,182.625,32.0,836,1
C2009,UM,UM24808,C2009|UM24808,Control,0,182.625,43.099998,769,1
C2009,UM,UM24815,C2009|UM24815,Control,0,182.625,32.599998,749,1
C2009,UM,UM24899,C2009|UM24899,Control,0,182.625,34.599998,1099,1
C2009,UM,UM24906,C2009|UM24906,Control,0,182.625,33.099998,1113,1
C2009,UM,UM24913,C2009|UM24913,Control,0,182.625,32.099998,970,1
C2009,UM,UM24969,C2009|UM24969,Control,0,182.625,41.799999,737,1
C2009,UM,UM24976,C2009|UM24976,Control,0,182.625,41.200001,477,1
C2009,UM,UM24983,C2009|UM24983,Control,0,182.625,35.299999,1219,1
C2009,UM,UM25417,C2009|UM25417,Control,0,182.625,39.5,624,1
C2009,UM,UM25424,C2009|UM25424,Control,0,182.625,36.599998,611,1
C2009,UM,UM25431,C2009|UM25431,Control,0,182.625,34.799999,739,1
C2009,UM,UM25466,C2009|UM25466,Control,0,182.625,37.700001,440,1
C2009,UM,UM25473,C2009|UM25473,Control,0,182.625,34.299999,1011,1
C2009,UM,UM25480,C2009|UM25480,Control,0,182.625,34.0,938,1
C2009,UM,UM25557,C2009|UM25557,Control,0,182.625,38.700001,458,1
C2009,UM,UM25564,C2009|UM25564,Control,0,182.625,38.700001,1025,1
C2009,UM,UM25571,C2009|UM25571,Control,0,182.625,31.1,1013,1
C2009,UM,UM25578,C2009|UM25578,Control,0,182.625,37.599998,928,1
C2009,UM,UM25585,C2009|UM25585,Control,0,182.625,38.0,1138,1
C2009,UM,UM25592,C2009|UM25592,Control,0,182.625,35.599998,1006,1
C2009,UM,UM25746,C2009|UM25746,Control,0,182.625,37.900002,603,1
C2009,UM,UM25753,C2009|UM25753,Control,0,182.625,34.599998,1097,1
C2009,UM,UM25760,C2009|UM25760,Control,0,182.625,40.5,934,1
C2009,UM,UM25795,C2009|UM25795,Control,0,182.625,35.299999,802,1
C2009,UM,UM25802,C2009|UM25802,Control,0,182.625,32.900002,1007,1
C2009,UM,UM25809,C2009|UM25809,Control,0,182.625,35.5,1228,1
C2009,UM,UM26271,C2009|UM26271,Control,0,182.625,33.599998,666,1
C2009,UM,UM26278,C2009|UM26278,Control,0,182.625,32.299999,800,1
C2009,UM,UM26285,C2009|UM26285,Control,0,182.625,29.5,1083,1
C2009,UM,UM26530,C2009|UM26530,Control,0,182.625,34.900002,1151,1
C2009,UM,UM26537,C2009|UM26537,Control,0,182.625,43.0,537,1
C2009,UM,UM26544,C2009|UM26544,Control,0,182.625,38.599998,336,1
C2009,UM,UM26551,C2009|UM26551,Control,0,182.625,42.700001,272,1
C2009,UM,UM26558,C2009|UM26558,Control,0,182.625,41.400002,816,1
C2009,UM,UM26565,C2009|UM26565,Control,0,182.625,42.700001,801,1
C2009,UM,UM26866,C2009|UM26866,Control,0,182.625,36.099998,1079,1
C2009,UM,UM26873,C2009|UM26873,Control,0,182.625,35.200001,781,1
C2009,UM,UM26880,C2009|UM26880,Control,0,182.625,44.700001,1111,1
C2009,UM,UM26908,C2009|UM26908,Control,0,182.625,38.900002,526,1
C2009,UM,UM26915,C2009|UM26915,Control,0,182.625,41.099998,971,1
C2009,UM,UM26922,C2009|UM26922,Control,0,182.625,40.400002,585,1
C2009,UM,UM27174,C2009|UM27174,Control,0,182.625,34.5,758,1
C2009,UM,UM27181,C2009|UM27181,Control,0,182.625,33.200001,806,1
C2009,UM,UM27188,C2009|UM27188,Control,0,182.625,34.799999,866,1
C2009,UM,UM27293,C2009|UM27293,Control,0,182.625,34.099998,1077,1
C2009,UM,UM27300,C2009|UM27300,Control,0,182.625,36.099998,985,1
C2009,UM,UM27307,C2009|UM27307,Control,0,182.625,43.700001,713,1
C2009,UM,UM27440,C2009|UM27440,Control,0,182.625,32.599998,699,1
C2009,UM,UM27447,C2009|UM27447,Control,0,182.625,36.700001,1106,1
C2009,UM,UM27454,C2009|UM27454,Control,0,182.625,34.700001,849,1
C2009,UM,UM27608,C2009|UM27608,Control,0,182.625,38.299999,783,1
C2009,UM,UM27615,C2009|UM27615,Control,0,182.625,42.5,717,1
C2009,UM,UM27622,C2009|UM27622,Control,0,182.625,34.5,829,1
C2009,UM,UM27657,C2009|UM27657,Control,0,182.625,37.700001,939,1
C2009,UM,UM27664,C2009|UM27664,Control,0,182.625,34.400002,1169,1
C2009,UM,UM27671,C2009|UM27671,Control,0,182.625,39.099998,735,1
C2009,UM,UM27881,C2009|UM27881,Control,0,182.625,32.799999,1249,1
C2009,UM,UM27888,C2009|UM27888,Control,0,182.625,31.4,1000,1
C2009,UM,UM27895,C2009|UM27895,Control,0,182.625,41.5,907,1
C2009,UM,UM27902,C2009|UM27902,Control,0,182.625,32.299999,1204,1
C2009,UM,UM27909,C2009|UM27909,Control,0,182.625,39.099998,807,1
C2009,UM,UM27916,C2009|UM27916,Control,0,182.625,34.400002,1046,1
C2009,UM,UM28504,C2009|UM28504,Control,0,182.625,33.900002,663,1
C2009,UM,UM28511,C2009|UM28511,Control,0,182.625,40.099998,858,1
C2009,UM,UM28518,C2009|UM28518,Control,0,182.625,40.099998,697,1
C2009,UM,UM28560,C2009|UM28560,Control,0,182.625,40.900002,1024,1
C2009,UM,UM28567,C2009|UM28567,Control,0,182.625,30.6,928,1
C2009,UM,UM28679,C2009|UM28679,Control,0,182.625,31.6,629,1
C2009,UM,UM28686,C2009|UM28686,Control,0,182.625,33.400002,1275,1
C2009,UM,UM28693,C2009|UM28693,Control,0,182.625,31.799999,959,1
C2009,UM,UM28742,C2009|UM28742,Control,0,182.625,30.5,530,1
C2009,UM,UM28749,C2009|UM28749,Control,0,182.625,32.200001,1001,1
C2009,UM,UM28756,C2009|UM28756,Control,0,182.625,36.200001,1074,1
C2009,UM,UM28896,C2009|UM28896,Control,0,182.625,28.200001,1159,1
C2009,UM,UM28903,C2009|UM28903,Control,0,182.625,31.299999,1091,1
C2009,UM,UM28910,C2009|UM28910,Control,0,182.625,35.799999,978,1
C2009,UM,UM29218,C2009|UM29218,Control,0,182.625,28.799999,1325,1
C2009,UM,UM29225,C2009|UM29225,Control,0,182.625,28.799999,898,1
C2009,UM,UM29232,C2009|UM29232,Control,0,182.625,26.6,822,1
C2009,UM,UM29260,C2009|UM29260,Control,0,182.625,34.900002,721,1
C2009,UM,UM29267,C2009|UM29267,Control,0,182.625,33.599998,742,1
C2009,UM,UM29274,C2009|UM29274,Control,0,182.625,39.799999,925,1
C2009,UM,UM29421,C2009|UM29421,Control,0,182.625,28.799999,1302,1
C2009,UM,UM29428,C2009|UM29428,Control,0,182.625,31.0,1105,1
C2009,UM,UM29435,C2009|UM29435,Control,0,182.625,31.5,1059,1
C2009,UM,UM29470,C2009|UM29470,Control,0,182.625,38.599998,907,1
C2009,UM,UM29477,C2009|UM29477,Control,0,182.625,32.299999,1036,1
C2009,UM,UM29484,C2009|UM29484,Control,0,182.625,31.9,864,1
C2009,UM,UM29617,C2009|UM29617,Control,0,182.625,34.5,1094,1
C2009,UM,UM29624,C2009|UM29624,Control,0,182.625,44.299999,1017,1
C2009,UM,UM29631,C2009|UM29631,Control,0,182.625,38.299999,761,1
C2009,UM,UM29638,C2009|UM29638,Control,0,182.625,32.799999,1089,1
C2009,UM,UM29645,C2009|UM29645,Control,0,182.625,39.599998,799,1
C2009,UM,UM29652,C2009|UM29652,Control,0,182.625,41.5,1117,1
C2009,UM,UM24465,C2009|UM24465,Rapa_lo,1,182.625,31.9,1464,1
C2009,UM,UM24472,C2009|UM24472,Rapa_lo,1,182.625,42.400002,849,1
C2009,UM,UM24479,C2009|UM24479,Rapa_lo,1,182.625,37.200001,1173,1
C2009,UM,UM24948,C2009|UM24948,Rapa_lo,1,182.625,30.4,1084,1
C2009,UM,UM24955,C2009|UM24955,Rapa_lo,1,182.625,29.1,1292,1
C2009,UM,UM24962,C2009|UM24962,Rapa_lo,1,182.625,31.799999,1297,1
C2009,UM,UM25179,C2009|UM25179,Rapa_lo,1,182.625,33.5,1017,1
C2009,UM,UM25186,C2009|UM25186,Rapa_lo,1,182.625,39.200001,1088,1
C2009,UM,UM25193,C2009|UM25193,Rapa_lo,1,182.625,43.0,855,1
C2009,UM,UM25669,C2009|UM25669,Rapa_lo,1,182.625,38.200001,974,1
C2009,UM,UM25676,C2009|UM25676,Rapa_lo,1,182.625,31.0,1237,1
C2009,UM,UM25683,C2009|UM25683,Rapa_lo,1,182.625,42.400002,512,1
C2009,UM,UM26348,C2009|UM26348,Rapa_lo,1,182.625,39.900002,921,1
C2009,UM,UM26355,C2009|UM26355,Rapa_lo,1,182.625,31.1,712,1
C2009,UM,UM26362,C2009|UM26362,Rapa_lo,1,182.625,40.299999,843,1
C2009,UM,UM26698,C2009|UM26698,Rapa_lo,1,182.625,39.900002,767,1
C2009,UM,UM26705,C2009|UM26705,Rapa_lo,1,182.625,30.0,881,1
C2009,UM,UM26712,C2009|UM26712,Rapa_lo,1,182.625,34.200001,1314,1
C2009,UM,UM26719,C2009|UM26719,Rapa_lo,1,182.625,31.700001,1088,1
C2009,UM,UM26726,C2009|UM26726,Rapa_lo,1,182.625,34.400002,833,1
C2009,UM,UM26733,C2009|UM26733,Rapa_lo,1,182.625,38.5,534,1
C2009,UM,UM26978,C2009|UM26978,Rapa_lo,1,182.625,41.0,865,1
C2009,UM,UM26985,C2009|UM26985,Rapa_lo,1,182.625,41.5,810,1
C2009,UM,UM26992,C2009|UM26992,Rapa_lo,1,182.625,31.9,1100,1
C2009,UM,UM28280,C2009|UM28280,Rapa_lo,1,182.625,35.400002,1148,1
C2009,UM,UM28287,C2009|UM28287,Rapa_lo,1,182.625,37.200001,892,1
C2009,UM,UM28294,C2009|UM28294,Rapa_lo,1,182.625,34.400002,1313,1
C2009,UM,UM28350,C2009|UM28350,Rapa_lo,1,182.625,35.400002,956,1
C2009,UM,UM28357,C2009|UM28357,Rapa_lo,1,182.625,33.0,1040,1
C2009,UM,UM28364,C2009|UM28364,Rapa_lo,1,182.625,26.0,1162,1
C2009,UM,UM28791,C2009|UM28791,Rapa_lo,1,182.625,32.0,968,1
C2009,UM,UM28798,C2009|UM28798,Rapa_lo,1,182.625,38.5,1033,1
C2009,UM,UM28805,C2009|UM28805,Rapa_lo,1,182.625,31.299999,1042,1
C2009,UM,UM28854,C2009|UM28854,Rapa_lo,1,182.625,34.400002,1110,1
C2009,UM,UM28861,C2009|UM28861,Rapa_lo,1,182.625,35.5,1144,1
C2009,UM,UM28868,C2009|UM28868,Rapa_lo,1,182.625,37.0,600,1
C2009,UM,UM28938,C2009|UM28938,Rapa_lo,1,182.625,33.900002,645,1
C2009,UM,UM28945,C2009|UM28945,Rapa_lo,1,182.625,40.700001,651,1
C2009,UM,UM28952,C2009|UM28952,Rapa_lo,1,182.625,37.599998,1298,1
C2009,UM,UM28959,C2009|UM28959,Rapa_lo,1,182.625,26.9,1157,1
C2009,UM,UM28966,C2009|UM28966,Rapa_lo,1,182.625,42.599998,477,1
C2009,UM,UM28973,C2009|UM28973,Rapa_lo,1,182.625,30.4,1007,1
C2009,UM,UM29239,C2009|UM29239,Rapa_lo,1,182.625,39.5,755,1
C2009,UM,UM29246,C2009|UM29246,Rapa_lo,1,182.625,40.200001,1032,1
C2009,UM,UM29253,C2009|UM29253,Rapa_lo,1,182.625,33.799999,1317,1
C2009,UM,UM29302,C2009|UM29302,Rapa_lo,1,182.625,39.099998,664,1
C2009,UM,UM29309,C2009|UM29309,Rapa_lo,1,182.625,34.200001,899,1
C2009,UM,UM29316,C2009|UM29316,Rapa_lo,1,182.625,37.299999,713,1
C2009,UT,UT03533,C2009|UT03533,Control,0,182.625,41.200001,855,1
C2009,UT,UT03534,C2009|UT03534,Control,0,182.625,38.400002,760,1
C2009,UT,UT03535,C2009|UT03535,Control,0,182.625,46.200001,531,1
C2009,UT,UT03558,C2009|UT03558,Control,0,182.625,41.400002,909,1
C2009,UT,UT03559,C2009|UT03559,Control,0,182.625,46.700001,706,1
C2009,UT,UT03560,C2009|UT03560,Control,0,182.625,53.200001,903,1
C2009,UT,UT03627,C2009|UT03627,Control,0,182.625,44.599998,393,1
C2009,UT,UT03628,C2009|UT03628,Control,0,182.625,37.5,851,1
C2009,UT,UT03629,C2009|UT03629,Control,0,182.625,45.799999,949,1
C2009,UT,UT03636,C2009|UT03636,Control,0,182.625,43.0,730,1
C2009,UT,UT03637,C2009|UT03637,Control,0,182.625,37.5,1133,1
C2009,UT,UT03638,C2009|UT03638,Control,0,182.625,39.099998,574,1
C2009,UT,UT03731,C2009|UT03731,Control,0,182.625,44.599998,344,1
C2009,UT,UT03732,C2009|UT03732,Control,0,182.625,43.599998,917,1
C2009,UT,UT03733,C2009|UT03733,Control,0,182.625,43.599998,456,1
C2009,UT,UT03751,C2009|UT03751,Control,0,182.625,51.400002,623,1
C2009,UT,UT03752,C2009|UT03752,Control,0,182.625,44.700001,312,1
C2009,UT,UT03753,C2009|UT03753,Control,0,182.625,46.099998,718,1
C2009,UT,UT03754,C2009|UT03754,Control,0,182.625,47.599998,330,1
C2009,UT,UT03755,C2009|UT03755,Control,0,182.625,46.200001,244,1
C2009,UT,UT03756,C2009|UT03756,Control,0,182.625,48.099998,810,1
C2009,UT,UT03801,C2009|UT03801,Control,0,182.625,44.799999,918,1
C2009,UT,UT03802,C2009|UT03802,Control,0,182.625,44.400002,946,1
C2009,UT,UT03803,C2009|UT03803,Control,0,182.625,52.900002,901,1
C2009,UT,UT03811,C2009|UT03811,Control,0,182.625,44.700001,291,1
C2009,UT,UT03812,C2009|UT03812,Control,0,182.625,45.799999,460,1
C2009,UT,UT03813,C2009|UT03813,Control,0,182.625,45.299999,661,1
C2009,UT,UT03828,C2009|UT03828,Control,0,182.625,52.900002,344,1
C2009,UT,UT03829,C2009|UT03829,Control,0,182.625,42.400002,974,1
C2009,UT,UT03830,C2009|UT03830,Control,0,182.625,42.0,968,1
C2009,UT,UT03839,C2009|UT03839,Control,0,182.625,50.099998,581,1
C2009,UT,UT03840,C2009|UT03840,Control,0,182.625,47.299999,610,1
C2009,UT,UT03841,C2009|UT03841,Control,0,182.625,46.799999,797,1
C2009,UT,UT03846,C2009|UT03846,Control,0,182.625,45.900002,698,1
C2009,UT,UT03847,C2009|UT03847,Control,0,182.625,47.400002,641,1
C2009,UT,UT03848,C2009|UT03848,Control,0,182.625,45.799999,676,1
C2009,UT,UT03852,C2009|UT03852,Control,0,182.625,44.400002,481,1
C2009,UT,UT03853,C2009|UT03853,Control,0,182.625,52.599998,893,1
C2009,UT,UT03854,C2009|UT03854,Control,0,182.625,51.5,789,1
C2009,UT,UT03862,C2009|UT03862,Control,0,182.625,49.299999,257,1
C2009,UT,UT03863,C2009|UT03863,Control,0,182.625,50.200001,1013,1
C2009,UT,UT03864,C2009|UT03864,Control,0,182.625,39.200001,1015,1
C2009,UT,UT03880,C2009|UT03880,Control,0,182.625,40.5,803,1
C2009,UT,UT03881,C2009|UT03881,Control,0,182.625,53.400002,295,1
C2009,UT,UT03882,C2009|UT03882,Control,0,182.625,43.799999,612,1
C2009,UT,UT03887,C2009|UT03887,Control,0,182.625,47.0,268,1
C2009,UT,UT03888,C2009|UT03888,Control,0,182.625,34.900002,637,1
C2009,UT,UT03889,C2009|UT03889,Control,0,182.625,33.5,851,1
C2009,UT,UT03890,C2009|UT03890,Control,0,182.625,46.200001,704,1
C2009,UT,UT03891,C2009|UT03891,Control,0,182.625,42.5,354,1
C2009,UT,UT03892,C2009|UT03892,Control,0,182.625,47.900002,861,1
C2009,UT,UT03900,C2009|UT03900,Control,0,182.625,41.5,783,1
C2009,UT,UT03901,C2009|UT03901,Control,0,182.625,46.400002,678,1
C2009,UT,UT03902,C2009|UT03902,Control,0,182.625,41.599998,666,1
C2009,UT,UT03950,C2009|UT03950,Control,0,182.625,46.0,1088,1
C2009,UT,UT03951,C2009|UT03951,Control,0,182.625,47.700001,340,1
C2009,UT,UT03952,C2009|UT03952,Control,0,182.625,49.900002,432,1
C2009,UT,UT03957,C2009|UT03957,Control,0,182.625,42.700001,978,1
C2009,UT,UT03958,C2009|UT03958,Control,0,182.625,49.099998,877,1
C2009,UT,UT03959,C2009|UT03959,Control,0,182.625,35.900002,441,1
C2009,UT,UT03981,C2009|UT03981,Control,0,182.625,38.400002,1129,1
C2009,UT,UT03982,C2009|UT03982,Control,0,182.625,44.299999,248,1
C2009,UT,UT03983,C2009|UT03983,Control,0,182.625,40.0,1021,1
C2009,UT,UT03992,C2009|UT03992,Control,0,182.625,40.700001,839,1
C2009,UT,UT03993,C2009|UT03993,Control,0,182.625,48.200001,454,1
C2009,UT,UT03994,C2009|UT03994,Control,0,182.625,49.099998,381,1
C2009,UT,UT04029,C2009|UT04029,Control,0,182.625,49.700001,681,1
C2009,UT,UT04030,C2009|UT04030,Control,0,182.625,44.099998,497,1
C2009,UT,UT04031,C2009|UT04031,Control,0,182.625,34.099998,987,1
C2009,UT,UT04042,C2009|UT04042,Control,0,182.625,46.299999,772,1
C2009,UT,UT04043,C2009|UT04043,Control,0,182.625,39.299999,1070,1
C2009,UT,UT04044,C2009|UT04044,Control,0,182.625,49.799999,523,1
C2009,UT,UT04071,C2009|UT04071,Control,0,182.625,37.599998,811,1
C2009,UT,UT04072,C2009|UT04072,Control,0,182.625,42.5,655,1
C2009,UT,UT04073,C2009|UT04073,Control,0,182.625,40.099998,1086,1
C2009,UT,UT04105,C2009|UT04105,Control,0,182.625,38.5,782,1
C2009,UT,UT04106,C2009|UT04106,Control,0,182.625,44.599998,961,1
C2009,UT,UT04107,C2009|UT04107,Control,0,182.625,44.599998,836,1
C2009,UT,UT04112,C2009|UT04112,Control,0,182.625,36.400002,626,1
C2009,UT,UT04113,C2009|UT04113,Control,0,182.625,40.599998,909,1
C2009,UT,UT04114,C2009|UT04114,Control,0,182.625,36.5,1076,1
C2009,UT,UT04134,C2009|UT04134,Control,0,182.625,36.299999,1022,1
C2009,UT,UT04135,C2009|UT04135,Control,0,182.625,53.200001,585,1
C2009,UT,UT04136,C2009|UT04136,Control,0,182.625,46.700001,905,1
C2009,UT,UT04181,C2009|UT04181,Control,0,182.625,48.900002,284,1
C2009,UT,UT04182,C2009|UT04182,Control,0,182.625,50.599998,261,1
C2009,UT,UT04183,C2009|UT04183,Control,0,182.625,45.299999,425,1
C2009,UT,UT04184,C2009|UT04184,Control,0,182.625,48.5,513,1
C2009,UT,UT04185,C2009|UT04185,Control,0,182.625,46.700001,850,1
C2009,UT,UT04186,C2009|UT04186,Control,0,182.625,46.0,884,1
C2009,UT,UT04195,C2009|UT04195,Control,0,182.625,45.900002,607,1
C2009,UT,UT04196,C2009|UT04196,Control,0,182.625,48.0,678,1
C2009,UT,UT04197,C2009|UT04197,Control,0,182.625,51.0,665,1
C2009,UT,UT04239,C2009|UT04239,Control,0,182.625,47.200001,948,1
C2009,UT,UT04240,C2009|UT04240,Control,0,182.625,48.400002,517,1
C2009,UT,UT04241,C2009|UT04241,Control,0,182.625,44.599998,293,1
C2009,UT,UT04268,C2009|UT04268,Control,0,182.625,39.400002,616,1
C2009,UT,UT04269,C2009|UT04269,Control,0,182.625,39.0,986,1
C2009,UT,UT04270,C2009|UT04270,Control,0,182.625,41.599998,767,1
C2009,UT,UT03540,C2009|UT03540,Rapa_lo,1,182.625,43.299999,364,1
C2009,UT,UT03541,C2009|UT03541,Rapa_lo,1,182.625,46.900002,1013,1
C2009,UT,UT03542,C2009|UT03542,Rapa_lo,1,182.625,45.400002,580,1
C2009,UT,UT03593,C2009|UT03593,Rapa_lo,1,182.625,45.799999,454,1
C2009,UT,UT03594,C2009|UT03594,Rapa_lo,1,182.625,43.700001,653,1
C2009,UT,UT03595,C2009|UT03595,Rapa_lo,1,182.625,37.799999,477,1
C2009,UT,UT03669,C2009|UT03669,Rapa_lo,1,182.625,41.200001,550,1
C2009,UT,UT03670,C2009|UT03670,Rapa_lo,1,182.625,41.5,474,1
C2009,UT,UT03671,C2009|UT03671,Rapa_lo,1,182.625,33.799999,1261,1
C2009,UT,UT03676,C2009|UT03676,Rapa_lo,1,182.625,34.799999,946,1
C2009,UT,UT03677,C2009|UT03677,Rapa_lo,1,182.625,33.700001,740,1
C2009,UT,UT03678,C2009|UT03678,Rapa_lo,1,182.625,33.400002,1005,1
C2009,UT,UT03693,C2009|UT03693,Rapa_lo,1,182.625,42.200001,928,1
C2009,UT,UT03694,C2009|UT03694,Rapa_lo,1,182.625,44.099998,919,1
C2009,UT,UT03695,C2009|UT03695,Rapa_lo,1,182.625,47.400002,482,1
C2009,UT,UT03855,C2009|UT03855,Rapa_lo,1,182.625,38.400002,457,1
C2009,UT,UT03856,C2009|UT03856,Rapa_lo,1,182.625,46.599998,357,1
C2009,UT,UT03857,C2009|UT03857,Rapa_lo,1,182.625,36.5,816,1
C2009,UT,UT03869,C2009|UT03869,Rapa_lo,1,182.625,42.200001,532,1
C2009,UT,UT03870,C2009|UT03870,Rapa_lo,1,182.625,37.900002,1055,1
C2009,UT,UT03871,C2009|UT03871,Rapa_lo,1,182.625,32.299999,769,1
C2009,UT,UT03929,C2009|UT03929,Rapa_lo,1,182.625,44.700001,981,1
C2009,UT,UT03930,C2009|UT03930,Rapa_lo,1,182.625,41.799999,646,1
C2009,UT,UT03931,C2009|UT03931,Rapa_lo,1,182.625,45.200001,428,1
C2009,UT,UT03967,C2009|UT03967,Rapa_lo,1,182.625,38.400002,877,1
C2009,UT,UT03968,C2009|UT03968,Rapa_lo,1,182.625,37.099998,1093,1
C2009,UT,UT03969,C2009|UT03969,Rapa_lo,1,182.625,35.700001,983,1
C2009,UT,UT04022,C2009|UT04022,Rapa_lo,1,182.625,46.599998,677,1
C2009,UT,UT04023,C2009|UT04023,Rapa_lo,1,182.625,40.700001,433,1
C2009,UT,UT04024,C2009|UT04024,Rapa_lo,1,182.625,39.799999,396,1
C2009,UT,UT04125,C2009|UT04125,Rapa_lo,1,182.625,36.200001,1025,1
C2009,UT,UT04126,C2009|UT04126,Rapa_lo,1,182.625,47.5,290,1
C2009,UT,UT04127,C2009|UT04127,Rapa_lo,1,182.625,45.200001,904,1
C2009,UT,UT04157,C2009|UT04157,Rapa_lo,1,182.625,42.099998,270,1
C2009,UT,UT04158,C2009|UT04158,Rapa_lo,1,182.625,37.599998,923,1
C2009,UT,UT04209,C2009|UT04209,Rapa_lo,1,182.625,40.700001,914,1
C2009,UT,UT04210,C2009|UT04210,Rapa_lo,1,182.625,46.900002,197,1
C2009,UT,UT04211,C2009|UT04211,Rapa_lo,1,182.625,45.099998,624,1
C2009,UT,UT04226,C2009|UT04226,Rapa_lo,1,182.625,40.700001,985,1
C2009,UT,UT04227,C2009|UT04227,Rapa_lo,1,182.625,43.5,912,1
C2009,UT,UT04228,C2009|UT04228,Rapa_lo,1,182.625,36.400002,773,1
C2009,UT,UT04236,C2009|UT04236,Rapa_lo,1,182.625,43.099998,875,1
C2009,UT,UT04237,C2009|UT04237,Rapa_lo,1,182.625,38.799999,623,1
C2009,UT,UT04238,C2009|UT04238,Rapa_lo,1,182.625,37.700001,1062,1
C2009,UT,UT04259,C2009|UT04259,Rapa_lo,1,182.625,44.799999,652,1
C2009,UT,UT04260,C2009|UT04260,Rapa_lo,1,182.625,43.0,315,1
C2009,UT,UT04261,C2009|UT04261,Rapa_lo,1,182.625,46.099998,562,1
C2010,TJL,JL06054,C2010|JL06054,Control,0,182.625,45.0,593,1
C2010,TJL,JL06055,C2010|JL06055,Control,0,182.625,51.0,235,1
C2010,TJL,JL06056,C2010|JL06056,Control,0,182.625,45.0,524,1
C2010,TJL,JL06060,C2010|JL06060,Control,0,182.625,50.0,1092,1
C2010,TJL,JL06061,C2010|JL06061,Control,0,182.625,42.0,272,1
C2010,TJL,JL06062,C2010|JL06062,Control,0,182.625,37.0,1139,1
C2010,TJL,JL06078,C2010|JL06078,Control,0,182.625,38.0,760,1
C2010,TJL,JL06079,C2010|JL06079,Control,0,182.625,38.0,390,1
C2010,TJL,JL06080,C2010|JL06080,Control,0,182.625,34.0,739,1
C2010,TJL,JL06084,C2010|JL06084,Control,0,182.625,42.0,566,0
C2010,TJL,JL06085,C2010|JL06085,Control,0,182.625,47.0,677,1
C2010,TJL,JL06086,C2010|JL06086,Control,0,182.625,47.0,566,1
C2010,TJL,JL06094,C2010|JL06094,Control,0,182.625,28.0,196,0
C2010,TJL,JL06095,C2010|JL06095,Control,0,182.625,44.0,196,0
C2010,TJL,JL06096,C2010|JL06096,Control,0,182.625,30.0,196,0
C2010,TJL,JL06122,C2010|JL06122,Control,0,182.625,45.0,1012,1
C2010,TJL,JL06123,C2010|JL06123,Control,0,182.625,47.0,1067,1
C2010,TJL,JL06124,C2010|JL06124,Control,0,182.625,46.0,683,1
C2010,TJL,JL06131,C2010|JL06131,Control,0,182.625,46.0,688,1
C2010,TJL,JL06132,C2010|JL06132,Control,0,182.625,50.0,683,1
C2010,TJL,JL06133,C2010|JL06133,Control,0,182.625,46.0,795,1
C2010,TJL,JL06134,C2010|JL06134,Control,0,182.625,43.0,340,1
C2010,TJL,JL06135,C2010|JL06135,Control,0,182.625,45.0,887,1
C2010,TJL,JL06136,C2010|JL06136,Control,0,182.625,41.0,425,1
C2010,TJL,JL06178,C2010|JL06178,Control,0,182.625,50.0,840,1
C2010,TJL,JL06179,C2010|JL06179,Control,0,182.625,43.0,629,1
C2010,TJL,JL06180,C2010|JL06180,Control,0,182.625,43.0,839,1
C2010,TJL,JL06199,C2010|JL06199,Control,0,182.625,48.0,350,1
C2010,TJL,JL06200,C2010|JL06200,Control,0,182.625,48.0,714,1
C2010,TJL,JL06201,C2010|JL06201,Control,0,182.625,43.0,595,1
C2010,TJL,JL06202,C2010|JL06202,Control,0,182.625,50.0,393,1
C2010,TJL,JL06203,C2010|JL06203,Control,0,182.625,45.0,344,1
C2010,TJL,JL06204,C2010|JL06204,Control,0,182.625,46.0,434,1
C2010,TJL,JL06209,C2010|JL06209,Control,0,182.625,39.0,448,1
C2010,TJL,JL06210,C2010|JL06210,Control,0,182.625,45.0,574,1
C2010,TJL,JL06211,C2010|JL06211,Control,0,182.625,45.0,455,1
C2010,TJL,JL06219,C2010|JL06219,Control,0,182.625,49.0,250,1
C2010,TJL,JL06220,C2010|JL06220,Control,0,182.625,45.0,833,1
C2010,TJL,JL06221,C2010|JL06221,Control,0,182.625,42.0,514,1
C2010,TJL,JL06252,C2010|JL06252,Control,0,182.625,43.0,823,1
C2010,TJL,JL06253,C2010|JL06253,Control,0,182.625,49.0,640,1
C2010,TJL,JL06254,C2010|JL06254,Control,0,182.625,48.0,906,1
C2010,TJL,JL06261,C2010|JL06261,Control,0,182.625,44.0,780,1
C2010,TJL,JL06262,C2010|JL06262,Control,0,182.625,43.0,341,1
C2010,TJL,JL06263,C2010|JL06263,Control,0,182.625,36.0,787,1
C2010,TJL,JL06270,C2010|JL06270,Control,0,182.625,44.0,586,1
C2010,TJL,JL06271,C2010|JL06271,Control,0,182.625,45.0,634,1
C2010,TJL,JL06272,C2010|JL06272,Control,0,182.625,42.0,725,1
C2010,TJL,JL06277,C2010|JL06277,Control,0,182.625,49.0,523,1
C2010,TJL,JL06278,C2010|JL06278,Control,0,182.625,48.0,516,1
C2010,TJL,JL06279,C2010|JL06279,Control,0,182.625,50.0,810,1
C2010,TJL,JL06355,C2010|JL06355,Control,0,182.625,45.0,741,1
C2010,TJL,JL06356,C2010|JL06356,Control,0,182.625,48.0,295,1
C2010,TJL,JL06357,C2010|JL06357,Control,0,182.625,47.0,595,1
C2010,TJL,JL06409,C2010|JL06409,Control,0,182.625,39.0,620,0
C2010,TJL,JL06410,C2010|JL06410,Control,0,182.625,42.0,840,0
C2010,TJL,JL06411,C2010|JL06411,Control,0,182.625,44.0,718,0
C2010,TJL,JL06436,C2010|JL06436,Control,0,182.625,41.0,958,1
C2010,TJL,JL06437,C2010|JL06437,Control,0,182.625,44.0,568,1
C2010,TJL,JL06438,C2010|JL06438,Control,0,182.625,36.0,728,1
C2010,TJL,JL06451,C2010|JL06451,Control,0,182.625,39.0,1015,0
C2010,TJL,JL06452,C2010|JL06452,Control,0,182.625,35.0,550,1
C2010,TJL,JL06453,C2010|JL06453,Control,0,182.625,38.0,1301,1
C2010,TJL,JL06460,C2010|JL06460,Control,0,182.625,40.0,330,1
C2010,TJL,JL06461,C2010|JL06461,Control,0,182.625,42.0,770,1
C2010,TJL,JL06462,C2010|JL06462,Control,0,182.625,41.0,1130,1
C2010,TJL,JL06480,C2010|JL06480,Control,0,182.625,36.0,1093,1
C2010,TJL,JL06481,C2010|JL06481,Control,0,182.625,34.0,1169,1
C2010,TJL,JL06482,C2010|JL06482,Control,0,182.625,44.0,666,1
C2010,TJL,JL06507,C2010|JL06507,Control,0,182.625,42.0,1207,1
C2010,TJL,JL06509,C2010|JL06509,Control,0,182.625,48.0,727,1
C2010,TJL,JL06510,C2010|JL06510,Control,0,182.625,34.0,1162,1
C2010,TJL,JL06511,C2010|JL06511,Control,0,182.625,47.0,644,1
C2010,TJL,JL06512,C2010|JL06512,Control,0,182.625,36.0,498,1
C2010,TJL,JL06519,C2010|JL06519,Control,0,182.625,42.0,602,1
C2010,TJL,JL06520,C2010|JL06520,Control,0,182.625,44.0,743,1
C2010,TJL,JL06521,C2010|JL06521,Control,0,182.625,45.0,748,1
C2010,TJL,JL06525,C2010|JL06525,Control,0,182.625,42.0,819,1
C2010,TJL,JL06526,C2010|JL06526,Control,0,182.625,43.0,906,1
C2010,TJL,JL06527,C2010|JL06527,Control,0,182.625,39.0,1051,1
C2010,TJL,JL06534,C2010|JL06534,Control,0,182.625,32.0,1309,1
C2010,TJL,JL06535,C2010|JL06535,Control,0,182.625,46.0,764,1
C2010,TJL,JL06536,C2010|JL06536,Control,0,182.625,46.0,853,1
C2010,TJL,JL06540,C2010|JL06540,Control,0,182.625,35.0,327,1
C2010,TJL,JL06541,C2010|JL06541,Control,0,182.625,44.0,405,1
C2010,TJL,JL06542,C2010|JL06542,Control,0,182.625,38.0,782,1
C2010,TJL,JL06546,C2010|JL06546,Control,0,182.625,46.0,872,1
C2010,TJL,JL06547,C2010|JL06547,Control,0,182.625,38.0,592,1
C2010,TJL,JL06548,C2010|JL06548,Control,0,182.625,48.0,610,1
C2010,TJL,JL06561,C2010|JL06561,Control,0,182.625,46.0,819,1
C2010,TJL,JL06562,C2010|JL06562,Control,0,182.625,49.0,686,1
C2010,TJL,JL06563,C2010|JL06563,Control,0,182.625,45.0,470,1
C2010,TJL,JL06570,C2010|JL06570,Control,0,182.625,51.0,477,1
C2010,TJL,JL06571,C2010|JL06571,Control,0,182.625,44.0,805,1
C2010,TJL,JL06572,C2010|JL06572,Control,0,182.625,44.0,394,1
C2010,TJL,JL06601,C2010|JL06601,Control,0,182.625,43.0,729,1
C2010,TJL,JL06602,C2010|JL06602,Control,0,182.625,53.0,483,1
C2010,TJL,JL06603,C2010|JL06603,Control,0,182.625,45.0,679,1
C2010,TJL,JL06063,C2010|JL06063,FO_hi,1,182.625,46.0,874,1
C2010,TJL,JL06064,C2010|JL06064,FO_hi,1,182.625,39.0,1040,1
C2010,TJL,JL06065,C2010|JL06065,FO_hi,1,182.625,47.0,355,1
C2010,TJL,JL06087,C2010|JL06087,FO_hi,1,182.625,35.0,1022,1
C2010,TJL,JL06088,C2010|JL06088,FO_hi,1,182.625,36.0,642,1
C2010,TJL,JL06089,C2010|JL06089,FO_hi,1,182.625,37.0,424,1
C2010,TJL,JL06175,C2010|JL06175,FO_hi,1,182.625,47.0,430,1
C2010,TJL,JL06176,C2010|JL06176,FO_hi,1,182.625,41.0,973,1
C2010,TJL,JL06177,C2010|JL06177,FO_hi,1,182.625,48.0,869,1
C2010,TJL,JL06184,C2010|JL06184,FO_hi,1,182.625,46.0,701,1
C2010,TJL,JL06185,C2010|JL06185,FO_hi,1,182.625,52.0,302,1
C2010,TJL,JL06186,C2010|JL06186,FO_hi,1,182.625,44.0,462,1
C2010,TJL,JL06193,C2010|JL06193,FO_hi,1,182.625,43.0,448,1
C2010,TJL,JL06194,C2010|JL06194,FO_hi,1,182.625,49.0,734,1
C2010,TJL,JL06195,C2010|JL06195,FO_hi,1,182.625,46.0,722,1
C2010,TJL,JL06196,C2010|JL06196,FO_hi,1,182.625,41.0,433,1
C2010,TJL,JL06197,C2010|JL06197,FO_hi,1,182.625,49.0,834,1
C2010,TJL,JL06198,C2010|JL06198,FO_hi,1,182.625,49.0,1225,1
C2010,TJL,JL06264,C2010|JL06264,FO_hi,1,182.625,36.0,410,0
C2010,TJL,JL06265,C2010|JL06265,FO_hi,1,182.625,35.0,410,0
C2010,TJL,JL06266,C2010|JL06266,FO_hi,1,182.625,30.0,410,0
C2010,TJL,JL06287,C2010|JL06287,FO_hi,1,182.625,47.0,614,1
C2010,TJL,JL06288,C2010|JL06288,FO_hi,1,182.625,50.0,1097,1
C2010,TJL,JL06289,C2010|JL06289,FO_hi,1,182.625,43.0,579,1
C2010,TJL,JL06301,C2010|JL06301,FO_hi,1,182.625,49.0,694,1
C2010,TJL,JL06302,C2010|JL06302,FO_hi,1,182.625,47.0,912,1
C2010,TJL,JL06303,C2010|JL06303,FO_hi,1,182.625,40.0,475,1
C2010,TJL,JL06329,C2010|JL06329,FO_hi,1,182.625,39.0,789,1
C2010,TJL,JL06330,C2010|JL06330,FO_hi,1,182.625,43.0,502,1
C2010,TJL,JL06331,C2010|JL06331,FO_hi,1,182.625,46.0,873,1
C2010,TJL,JL06364,C2010|JL06364,FO_hi,1,182.625,48.0,595,1
C2010,TJL,JL06365,C2010|JL06365,FO_hi,1,182.625,33.0,864,1
C2010,TJL,JL06366,C2010|JL06366,FO_hi,1,182.625,46.0,593,1
C2010,TJL,JL06378,C2010|JL06378,FO_hi,1,182.625,37.0,827,1
C2010,TJL,JL06379,C2010|JL06379,FO_hi,1,182.625,45.0,827,1
C2010,TJL,JL06380,C2010|JL06380,FO_hi,1,182.625,44.0,463,1
C2010,TJL,JL06471,C2010|JL06471,FO_hi,1,182.625,48.0,887,1
C2010,TJL,JL06472,C2010|JL06472,FO_hi,1,182.625,45.0,999,1
C2010,TJL,JL06473,C2010|JL06473,FO_hi,1,182.625,47.0,1025,1
C2010,TJL,JL06474,C2010|JL06474,FO_hi,1,182.625,26.0,907,1
C2010,TJL,JL06475,C2010|JL06475,FO_hi,1,182.625,31.0,817,1
C2010,TJL,JL06476,C2010|JL06476,FO_hi,1,182.625,26.0,935,1
C2010,TJL,JL06501,C2010|JL06501,FO_hi,1,182.625,39.0,660,1
C2010,TJL,JL06502,C2010|JL06502,FO_hi,1,182.625,46.0,855,1
C2010,TJL,JL06503,C2010|JL06503,FO_hi,1,182.625,36.0,1204,1
C2010,TJL,JL06531,C2010|JL06531,FO_hi,1,182.625,38.0,713,1
C2010,TJL,JL06532,C2010|JL06532,FO_hi,1,182.625,41.0,1065,1
C2010,TJL,JL06533,C2010|JL06533,FO_hi,1,182.625,43.0,450,1
C2010,TJL,JL06555,C2010|JL06555,FO_hi,1,182.625,50.0,436,1
C2010,TJL,JL06556,C2010|JL06556,FO_hi,1,182.625,40.0,946,1
C2010,TJL,JL06557,C2010|JL06557,FO_hi,1,182.625,38.0,924,1
C2010,TJL,JL06604,C2010|JL06604,FO_hi,1,182.625,38.0,512,1
C2010,TJL,JL06605,C2010|JL06605,FO_hi,1,182.625,37.0,1023,1
C2010,TJL,JL06606,C2010|JL06606,FO_hi,1,182.625,42.0,658,1
C2010,UM,UM29841,C2010|UM29841,Control,0,182.625,33.5,355,0
C2010,UM,UM29848,C2010|UM29848,Control,0,182.625,29.3,355,0
C2010,UM,UM29855,C2010|UM29855,Control,0,182.625,37.8,355,0
C2010,UM,UM29925,C2010|UM29925,Control,0,182.625,33.7,689,1
C2010,UM,UM29932,C2010|UM29932,Control,0,182.625,36.5,868,1
C2010,UM,UM29939,C2010|UM29939,Control,0,182.625,31.9,831,1
C2010,UM,UM30303,C2010|UM30303,Control,0,182.625,37.6,673,1
C2010,UM,UM30310,C2010|UM30310,Control,0,182.625,27.2,1062,1
C2010,UM,UM30317,C2010|UM30317,Control,0,182.625,34.0,976,1
C2010,UM,UM30443,C2010|UM30443,Control,0,182.625,30.8,883,1
C2010,UM,UM30450,C2010|UM30450,Control,0,182.625,31.4,840,1
C2010,UM,UM30457,C2010|UM30457,Control,0,182.625,35.3,733,1
C2010,UM,UM30555,C2010|UM30555,Control,0,182.625,35.1,1026,1
C2010,UM,UM30562,C2010|UM30562,Control,0,182.625,32.3,547,1
C2010,UM,UM30569,C2010|UM30569,Control,0,182.625,31.9,1094,1
C2010,UM,UM30625,C2010|UM30625,Control,0,182.625,35.0,929,1
C2010,UM,UM30632,C2010|UM30632,Control,0,182.625,31.9,737,1
C2010,UM,UM30639,C2010|UM30639,Control,0,182.625,39.0,956,1
C2010,UM,UM30716,C2010|UM30716,Control,0,182.625,31.0,890,1
C2010,UM,UM30723,C2010|UM30723,Control,0,182.625,31.9,784,1
C2010,UM,UM30730,C2010|UM30730,Control,0,182.625,33.5,880,1
C2010,UM,UM30814,C2010|UM30814,Control,0,182.625,32.5,1087,1
C2010,UM,UM30821,C2010|UM30821,Control,0,182.625,37.4,1239,1
C2010,UM,UM30828,C2010|UM30828,Control,0,182.625,44.0,646,1
C2010,UM,UM31122,C2010|UM31122,Control,0,182.625,29.7,1265,1
C2010,UM,UM31129,C2010|UM31129,Control,0,182.625,25.9,991,1
C2010,UM,UM31136,C2010|UM31136,Control,0,182.625,28.3,1104,1
C2010,UM,UM31185,C2010|UM31185,Control,0,182.625,34.9,1053,1
C2010,UM,UM31192,C2010|UM31192,Control,0,182.625,35.7,640,0
C2010,UM,UM31199,C2010|UM31199,Control,0,182.625,34.7,641,0
C2010,UM,UM31227,C2010|UM31227,Control,0,182.625,31.1,1016,1
C2010,UM,UM31234,C2010|UM31234,Control,0,182.625,31.9,861,1
C2010,UM,UM31241,C2010|UM31241,Control,0,182.625,37.1,874,1
C2010,UM,UM31346,C2010|UM31346,Control,0,182.625,44.0,242,0
C2010,UM,UM31353,C2010|UM31353,Control,0,182.625,31.7,242,0
C2010,UM,UM31360,C2010|UM31360,Control,0,182.625,30.1,242,0
C2010,UM,UM31437,C2010|UM31437,Control,0,182.625,31.0,975,1
C2010,UM,UM31444,C2010|UM31444,Control,0,182.625,34.4,1010,1
C2010,UM,UM31451,C2010|UM31451,Control,0,182.625,46.9,672,1
C2010,UM,UM31458,C2010|UM31458,Control,0,182.625,33.1,950,1
C2010,UM,UM31465,C2010|UM31465,Control,0,182.625,37.7,1070,1
C2010,UM,UM31472,C2010|UM31472,Control,0,182.625,37.1,422,1
C2010,UM,UM31647,C2010|UM31647,Control,0,182.625,30.0,1182,1
C2010,UM,UM31654,C2010|UM31654,Control,0,182.625,33.4,474,1
C2010,UM,UM31661,C2010|UM31661,Control,0,182.625,32.9,815,1
C2010,UM,UM31696,C2010|UM31696,Control,0,182.625,37.2,1203,1
C2010,UM,UM31703,C2010|UM31703,Control,0,182.625,36.6,876,1
C2010,UM,UM31710,C2010|UM31710,Control,0,182.625,37.5,959,1
C2010,UM,UM31717,C2010|UM31717,Control,0,182.625,29.1,655,1
C2010,UM,UM31724,C2010|UM31724,Control,0,182.625,34.7,873,1
C2010,UM,UM31731,C2010|UM31731,Control,0,182.625,36.4,1087,1
C2010,UM,UM32011,C2010|UM32011,Control,0,182.625,31.1,1044,1
C2010,UM,UM32018,C2010|UM32018,Control,0,182.625,31.5,612,1
C2010,UM,UM32025,C2010|UM32025,Control,0,182.625,32.4,1041,1
C2010,UM,UM32116,C2010|UM32116,Control,0,182.625,31.8,937,1
C2010,UM,UM32123,C2010|UM32123,Control,0,182.625,37.2,903,1
C2010,UM,UM32130,C2010|UM32130,Control,0,182.625,35.0,819,1
C2010,UM,UM32137,C2010|UM32137,Control,0,182.625,37.6,803,1
C2010,UM,UM32144,C2010|UM32144,Control,0,182.625,35.8,927,1
C2010,UM,UM32151,C2010|UM32151,Control,0,182.625,31.5,1047,1
C2010,UM,UM32256,C2010|UM32256,Control,0,182.625,38.2,535,0
C2010,UM,UM32263,C2010|UM32263,Control,0,182.625,35.4,535,0
C2010,UM,UM32270,C2010|UM32270,Control,0,182.625,39.3,536,0
C2010,UM,UM32410,C2010|UM32410,Control,0,182.625,29.7,506,1
C2010,UM,UM32417,C2010|UM32417,Control,0,182.625,30.3,715,1
C2010,UM,UM32424,C2010|UM32424,Control,0,182.625,35.3,925,1
C2010,UM,UM32704,C2010|UM32704,Control,0,182.625,35.0,1294,1
C2010,UM,UM32711,C2010|UM32711,Control,0,182.625,37.3,1057,1
C2010,UM,UM32718,C2010|UM32718,Control,0,182.625,36.8,647,1
C2010,UM,UM32725,C2010|UM32725,Control,0,182.625,30.1,1066,1
C2010,UM,UM32732,C2010|UM32732,Control,0,182.625,30.2,908,1
C2010,UM,UM32739,C2010|UM32739,Control,0,182.625,31.2,768,1
C2010,UM,UM32795,C2010|UM32795,Control,0,182.625,31.7,1146,1
C2010,UM,UM32802,C2010|UM32802,Control,0,182.625,27.8,837,1
C2010,UM,UM32809,C2010|UM32809,Control,0,182.625,38.9,724,1
C2010,UM,UM32816,C2010|UM32816,Control,0,182.625,33.5,1146,1
C2010,UM,UM32823,C2010|UM32823,Control,0,182.625,28.7,1176,1
C2010,UM,UM32830,C2010|UM32830,Control,0,182.625,30.3,609,1
C2010,UM,UM33005,C2010|UM33005,Control,0,182.625,33.3,809,1
C2010,UM,UM33012,C2010|UM33012,Control,0,182.625,33.5,1125,1
C2010,UM,UM33019,C2010|UM33019,Control,0,182.625,32.2,835,1
C2010,UM,UM33208,C2010|UM33208,Control,0,182.625,32.0,1168,1
C2010,UM,UM33215,C2010|UM33215,Control,0,182.625,34.7,1065,1
C2010,UM,UM33222,C2010|UM33222,Control,0,182.625,41.7,993,1
C2010,UM,UM33271,C2010|UM33271,Control,0,182.625,31.5,1026,1
C2010,UM,UM33278,C2010|UM33278,Control,0,182.625,31.0,1041,1
C2010,UM,UM33285,C2010|UM33285,Control,0,182.625,30.4,326,1
C2010,UM,UM33390,C2010|UM33390,Control,0,182.625,31.6,681,1
C2010,UM,UM33397,C2010|UM33397,Control,0,182.625,34.6,626,1
C2010,UM,UM33404,C2010|UM33404,Control,0,182.625,30.2,697,1
C2010,UM,UM33509,C2010|UM33509,Control,0,182.625,30.6,1033,1
C2010,UM,UM33516,C2010|UM33516,Control,0,182.625,33.0,904,1
C2010,UM,UM33523,C2010|UM33523,Control,0,182.625,32.3,967,1
C2010,UM,UM33628,C2010|UM33628,Control,0,182.625,34.3,1083,1
C2010,UM,UM33635,C2010|UM33635,Control,0,182.625,33.4,880,1
C2010,UM,UM33642,C2010|UM33642,Control,0,182.625,33.7,880,1
C2010,UM,UM33719,C2010|UM33719,Control,0,182.625,32.1,1029,1
C2010,UM,UM33726,C2010|UM33726,Control,0,182.625,36.9,962,1
C2010,UM,UM33733,C2010|UM33733,Control,0,182.625,37.8,1053,1
C2010,UM,UM29862,C2010|UM29862,FO_hi,1,182.625,33.4,954,1
C2010,UM,UM29869,C2010|UM29869,FO_hi,1,182.625,36.6,758,1
C2010,UM,UM29876,C2010|UM29876,FO_hi,1,182.625,32.8,501,1
C2010,UM,UM29904,C2010|UM29904,FO_hi,1,182.625,33.2,859,1
C2010,UM,UM29911,C2010|UM29911,FO_hi,1,182.625,38.7,646,1
C2010,UM,UM29918,C2010|UM29918,FO_hi,1,182.625,35.5,689,1
C2010,UM,UM29995,C2010|UM29995,FO_hi,1,182.625,33.1,508,1
C2010,UM,UM30002,C2010|UM30002,FO_hi,1,182.625,29.9,528,1
C2010,UM,UM30009,C2010|UM30009,FO_hi,1,182.625,34.6,700,1
C2010,UM,UM30394,C2010|UM30394,FO_hi,1,182.625,31.1,886,1
C2010,UM,UM30401,C2010|UM30401,FO_hi,1,182.625,35.6,792,1
C2010,UM,UM30408,C2010|UM30408,FO_hi,1,182.625,32.7,413,1
C2010,UM,UM30905,C2010|UM30905,FO_hi,1,182.625,29.5,1046,1
C2010,UM,UM30912,C2010|UM30912,FO_hi,1,182.625,30.1,1159,1
C2010,UM,UM30919,C2010|UM30919,FO_hi,1,182.625,38.1,709,1
C2010,UM,UM31024,C2010|UM31024,FO_hi,1,182.625,33.2,580,1
C2010,UM,UM31031,C2010|UM31031,FO_hi,1,182.625,34.4,1058,1
C2010,UM,UM31038,C2010|UM31038,FO_hi,1,182.625,31.4,503,1
C2010,UM,UM31367,C2010|UM31367,FO_hi,1,182.625,30.36,887,1
C2010,UM,UM31374,C2010|UM31374,FO_hi,1,182.625,33.5,696,1
C2010,UM,UM31626,C2010|UM31626,FO_hi,1,182.625,41.1,365,1
C2010,UM,UM31633,C2010|UM31633,FO_hi,1,182.625,37.3,476,1
C2010,UM,UM31640,C2010|UM31640,FO_hi,1,182.625,39.4,744,1
C2010,UM,UM31892,C2010|UM31892,FO_hi,1,182.625,34.4,561,0
C2010,UM,UM31899,C2010|UM31899,FO_hi,1,182.625,32.1,561,0
C2010,UM,UM31906,C2010|UM31906,FO_hi,1,182.625,32.2,561,0
C2010,UM,UM31941,C2010|UM31941,FO_hi,1,182.625,31.4,860,1
C2010,UM,UM31948,C2010|UM31948,FO_hi,1,182.625,40.1,1115,1
C2010,UM,UM31955,C2010|UM31955,FO_hi,1,182.625,37.5,493,1
C2010,UM,UM32277,C2010|UM32277,FO_hi,1,182.625,37.2,580,1
C2010,UM,UM32284,C2010|UM32284,FO_hi,1,182.625,37.1,699,1
C2010,UM,UM32291,C2010|UM32291,FO_hi,1,182.625,37.2,696,1
C2010,UM,UM32326,C2010|UM32326,FO_hi,1,182.625,46.3,946,1
C2010,UM,UM32333,C2010|UM32333,FO_hi,1,182.625,37.5,344,1
C2010,UM,UM32340,C2010|UM32340,FO_hi,1,182.625,40.0,1029,1
C2010,UM,UM32389,C2010|UM32389,FO_hi,1,182.625,31.5,749,1
C2010,UM,UM32396,C2010|UM32396,FO_hi,1,182.625,33.6,960,1
C2010,UM,UM32403,C2010|UM32403,FO_hi,1,182.625,30.3,1083,1
C2010,UM,UM32431,C2010|UM32431,FO_hi,1,182.625,38.1,1129,1
C2010,UM,UM32438,C2010|UM32438,FO_hi,1,182.625,36.0,845,1
C2010,UM,UM32445,C2010|UM32445,FO_hi,1,182.625,34.6,843,1
C2010,UM,UM32452,C2010|UM32452,FO_hi,1,182.625,31.3,290,0
C2010,UM,UM32459,C2010|UM32459,FO_hi,1,182.625,31.0,290,0
C2010,UM,UM32466,C2010|UM32466,FO_hi,1,182.625,32.0,290,0
C2010,UM,UM32550,C2010|UM32550,FO_hi,1,182.625,31.7,570,1
C2010,UM,UM32557,C2010|UM32557,FO_hi,1,182.625,29.4,1044,1
C2010,UM,UM32564,C2010|UM32564,FO_hi,1,182.625,33.1,1046,1
C2010,UM,UM33250,C2010|UM33250,FO_hi,1,182.625,32.4,573,1
C2010,UM,UM33257,C2010|UM33257,FO_hi,1,182.625,35.4,853,1
C2010,UM,UM33264,C2010|UM33264,FO_hi,1,182.625,29.8,991,1
C2010,UT,UT04289,C2010|UT04289,Control,0,182.625,40.8,734,1
C2010,UT,UT04290,C2010|UT04290,Control,0,182.625,41.2,854,1
C2010,UT,UT04291,C2010|UT04291,Control,0,182.625,47.8,384,1
C2010,UT,UT04292,C2010|UT04292,Control,0,182.625,33.1,721,1
C2010,UT,UT04293,C2010|UT04293,Control,0,182.625,43.9,585,1
C2010,UT,UT04294,C2010|UT04294,Control,0,182.625,41.3,1125,1
C2010,UT,UT04319,C2010|UT04319,Control,0,182.625,47.2,224,1
C2010,UT,UT04320,C2010|UT04320,Control,0,182.625,43.5,600,1
C2010,UT,UT04321,C2010|UT04321,Control,0,182.625,42.8,732,1
C2010,UT,UT04337,C2010|UT04337,Control,0,182.625,49.5,446,1
C2010,UT,UT04338,C2010|UT04338,Control,0,182.625,41.7,905,1
C2010,UT,UT04339,C2010|UT04339,Control,0,182.625,40.7,774,1
C2010,UT,UT04340,C2010|UT04340,Control,0,182.625,35.3,842,1
C2010,UT,UT04341,C2010|UT04341,Control,0,182.625,32.0,794,1
C2010,UT,UT04342,C2010|UT04342,Control,0,182.625,29.3,739,1
C2010,UT,UT04347,C2010|UT04347,Control,0,182.625,36.0,326,1
C2010,UT,UT04348,C2010|UT04348,Control,0,182.625,44.9,796,1
C2010,UT,UT04349,C2010|UT04349,Control,0,182.625,44.0,318,1
C2010,UT,UT04373,C2010|UT04373,Control,0,182.625,35.5,819,1
C2010,UT,UT04374,C2010|UT04374,Control,0,182.625,38.0,488,1
C2010,UT,UT04375,C2010|UT04375,Control,0,182.625,43.9,389,1
C2010,UT,UT04376,C2010|UT04376,Control,0,182.625,47.7,271,1
C2010,UT,UT04377,C2010|UT04377,Control,0,182.625,43.5,1024,1
C2010,UT,UT04378,C2010|UT04378,Control,0,182.625,45.1,331,1
C2010,UT,UT04411,C2010|UT04411,Control,0,182.625,38.4,396,1
C2010,UT,UT04412,C2010|UT04412,Control,0,182.625,37.9,952,1
C2010,UT,UT04413,C2010|UT04413,Control,0,182.625,44.9,896,1
C2010,UT,UT04418,C2010|UT04418,Control,0,182.625,39.3,440,1
C2010,UT,UT04419,C2010|UT04419,Control,0,182.625,48.4,635,1
C2010,UT,UT04420,C2010|UT04420,Control,0,182.625,44.1,984,1
C2010,UT,UT04441,C2010|UT04441,Control,0,182.625,52.1,821,1
C2010,UT,UT04442,C2010|UT04442,Control,0,182.625,40.9,1090,1
C2010,UT,UT04443,C2010|UT04443,Control,0,182.625,37.9,1155,1
C2010,UT,UT04444,C2010|UT04444,Control,0,182.625,29.9,613,1
C2010,UT,UT04445,C2010|UT04445,Control,0,182.625,35.9,1090,1
C2010,UT,UT04446,C2010|UT04446,Control,0,182.625,27.2,1100,1
C2010,UT,UT04467,C2010|UT04467,Control,0,182.625,39.4,554,1
C2010,UT,UT04468,C2010|UT04468,Control,0,182.625,44.7,585,1
C2010,UT,UT04469,C2010|UT04469,Control,0,182.625,42.4,718,1
C2010,UT,UT04500,C2010|UT04500,Control,0,182.625,45.6,375,1
C2010,UT,UT04501,C2010|UT04501,Control,0,182.625,37.7,961,0
C2010,UT,UT04502,C2010|UT04502,Control,0,182.625,30.5,901,0
C2010,UT,UT04533,C2010|UT04533,Control,0,182.625,38.1,798,1
C2010,UT,UT04534,C2010|UT04534,Control,0,182.625,49.9,432,1
C2010,UT,UT04535,C2010|UT04535,Control,0,182.625,38.2,1071,1
C2010,UT,UT04543,C2010|UT04543,Control,0,182.625,36.0,887,1
C2010,UT,UT04544,C2010|UT04544,Control,0,182.625,44.6,622,1
C2010,UT,UT04545,C2010|UT04545,Control,0,182.625,39.7,894,1
C2010,UT,UT04567,C2010|UT04567,Control,0,182.625,39.0,540,1
C2010,UT,UT04568,C2010|UT04568,Control,0,182.625,41.5,472,1
C2010,UT,UT04569,C2010|UT04569,Control,0,182.625,41.6,1013,1
C2010,UT,UT04632,C2010|UT04632,Control,0,182.625,42.5,541,1
C2010,UT,UT04633,C2010|UT04633,Control,0,182.625,43.6,783,1
C2010,UT,UT04634,C2010|UT04634,Control,0,182.625,35.2,974,1
C2010,UT,UT04638,C2010|UT04638,Control,0,182.625,44.5,1113,1
C2010,UT,UT04639,C2010|UT04639,Control,0,182.625,45.2,1134,1
C2010,UT,UT04640,C2010|UT04640,Control,0,182.625,43.8,345,1
C2010,UT,UT04641,C2010|UT04641,Control,0,182.625,45.5,705,1
C2010,UT,UT04642,C2010|UT04642,Control,0,182.625,47.0,656,1
C2010,UT,UT04643,C2010|UT04643,Control,0,182.625,37.4,809,1
C2010,UT,UT04644,C2010|UT04644,Control,0,182.625,36.8,609,1
C2010,UT,UT04645,C2010|UT04645,Control,0,182.625,49.9,482,1
C2010,UT,UT04646,C2010|UT04646,Control,0,182.625,56.3,759,1
C2010,UT,UT04651,C2010|UT04651,Control,0,182.625,44.2,465,1
C2010,UT,UT04652,C2010|UT04652,Control,0,182.625,48.8,1041,1
C2010,UT,UT04653,C2010|UT04653,Control,0,182.625,40.5,556,1
C2010,UT,UT04694,C2010|UT04694,Control,0,182.625,42.0,924,1
C2010,UT,UT04695,C2010|UT04695,Control,0,182.625,35.1,823,1
C2010,UT,UT04696,C2010|UT04696,Control,0,182.625,45.6,428,1
C2010,UT,UT04697,C2010|UT04697,Control,0,182.625,33.7,573,1
C2010,UT,UT04698,C2010|UT04698,Control,0,182.625,39.5,395,1
C2010,UT,UT04699,C2010|UT04699,Control,0,182.625,32.6,687,1
C2010,UT,UT04716,C2010|UT04716,Control,0,182.625,47.6,371,1
C2010,UT,UT04717,C2010|UT04717,Control,0,182.625,43.5,751,1
C2010,UT,UT04718,C2010|UT04718,Control,0,182.625,45.0,807,1
C2010,UT,UT04749,C2010|UT04749,Control,0,182.625,45.7,662,1
C2010,UT,UT04750,C2010|UT04750,Control,0,182.625,43.0,735,1
C2010,UT,UT04751,C2010|UT04751,Control,0,182.625,37.3,659,1
C2010,UT,UT04752,C2010|UT04752,Control,0,182.625,40.9,863,1
C2010,UT,UT04753,C2010|UT04753,Control,0,182.625,28.3,912,1
C2010,UT,UT04754,C2010|UT04754,Control,0,182.625,45.7,649,1
C2010,UT,UT04755,C2010|UT04755,Control,0,182.625,39.2,808,1
C2010,UT,UT04756,C2010|UT04756,Control,0,182.625,32.3,919,1
C2010,UT,UT04757,C2010|UT04757,Control,0,182.625,40.9,1054,1
C2010,UT,UT04769,C2010|UT04769,Control,0,182.625,44.8,628,1
C2010,UT,UT04770,C2010|UT04770,Control,0,182.625,44.1,459,1
C2010,UT,UT04771,C2010|UT04771,Control,0,182.625,46.3,308,1
C2010,UT,UT04783,C2010|UT04783,Control,0,182.625,39.1,953,1
C2010,UT,UT04784,C2010|UT04784,Control,0,182.625,42.7,694,1
C2010,UT,UT04785,C2010|UT04785,Control,0,182.625,45.2,1006,1
C2010,UT,UT04802,C2010|UT04802,Control,0,182.625,39.1,587,0
C2010,UT,UT04803,C2010|UT04803,Control,0,182.625,43.2,587,0
C2010,UT,UT04804,C2010|UT04804,Control,0,182.625,45.9,527,1
C2010,UT,UT04838,C2010|UT04838,Control,0,182.625,39.0,856,1
C2010,UT,UT04839,C2010|UT04839,Control,0,182.625,44.6,539,1
C2010,UT,UT04840,C2010|UT04840,Control,0,182.625,43.5,737,1
C2010,UT,UT04844,C2010|UT04844,Control,0,182.625,39.6,820,1
C2010,UT,UT04845,C2010|UT04845,Control,0,182.625,30.6,889,1
C2010,UT,UT04846,C2010|UT04846,Control,0,182.625,41.9,517,1
C2010,UT,UT04350,C2010|UT04350,FO_hi,1,182.625,43.4,1065,1
C2010,UT,UT04351,C2010|UT04351,FO_hi,1,182.625,39.7,692,1
C2010,UT,UT04352,C2010|UT04352,FO_hi,1,182.625,34.6,1038,1
C2010,UT,UT04353,C2010|UT04353,FO_hi,1,182.625,43.0,959,1
C2010,UT,UT04354,C2010|UT04354,FO_hi,1,182.625,37.6,653,1
C2010,UT,UT04367,C2010|UT04367,FO_hi,1,182.625,42.9,945,1
C2010,UT,UT04368,C2010|UT04368,FO_hi,1,182.625,53.6,903,1
C2010,UT,UT04369,C2010|UT04369,FO_hi,1,182.625,47.8,755,1
C2010,UT,UT04451,C2010|UT04451,FO_hi,1,182.625,40.7,722,1
C2010,UT,UT04452,C2010|UT04452,FO_hi,1,182.625,41.7,340,1
C2010,UT,UT04453,C2010|UT04453,FO_hi,1,182.625,41.4,373,1
C2010,UT,UT04464,C2010|UT04464,FO_hi,1,182.625,40.9,316,1
C2010,UT,UT04465,C2010|UT04465,FO_hi,1,182.625,44.3,714,1
C2010,UT,UT04466,C2010|UT04466,FO_hi,1,182.625,40.9,858,1
C2010,UT,UT04473,C2010|UT04473,FO_hi,1,182.625,40.8,636,1
C2010,UT,UT04474,C2010|UT04474,FO_hi,1,182.625,41.1,646,1
C2010,UT,UT04475,C2010|UT04475,FO_hi,1,182.625,55.4,681,1
C2010,UT,UT04476,C2010|UT04476,FO_hi,1,182.625,31.9,1146,1
C2010,UT,UT04477,C2010|UT04477,FO_hi,1,182.625,44.7,788,1
C2010,UT,UT04478,C2010|UT04478,FO_hi,1,182.625,40.9,883,1
C2010,UT,UT04497,C2010|UT04497,FO_hi,1,182.625,39.3,741,1
C2010,UT,UT04498,C2010|UT04498,FO_hi,1,182.625,39.2,473,1
C2010,UT,UT04499,C2010|UT04499,FO_hi,1,182.625,37.0,764,1
C2010,UT,UT04583,C2010|UT04583,FO_hi,1,182.625,42.8,910,1
C2010,UT,UT04584,C2010|UT04584,FO_hi,1,182.625,46.5,729,1
C2010,UT,UT04585,C2010|UT04585,FO_hi,1,182.625,43.9,224,1
C2010,UT,UT04674,C2010|UT04674,FO_hi,1,182.625,44.3,558,1
C2010,UT,UT04675,C2010|UT04675,FO_hi,1,182.625,50.1,432,1
C2010,UT,UT04676,C2010|UT04676,FO_hi,1,182.625,51.8,554,1
C2010,UT,UT04680,C2010|UT04680,FO_hi,1,182.625,30.6,685,1
C2010,UT,UT04681,C2010|UT04681,FO_hi,1,182.625,42.9,653,1
C2010,UT,UT04682,C2010|UT04682,FO_hi,1,182.625,45.7,313,1
C2010,UT,UT04683,C2010|UT04683,FO_hi,1,182.625,36.5,584,1
C2010,UT,UT04684,C2010|UT04684,FO_hi,1,182.625,43.5,332,1
C2010,UT,UT04685,C2010|UT04685,FO_hi,1,182.625,43.9,1049,1
C2010,UT,UT04729,C2010|UT04729,FO_hi,1,182.625,42.9,444,1
C2010,UT,UT04730,C2010|UT04730,FO_hi,1,182.625,40.4,447,1
C2010,UT,UT04731,C2010|UT04731,FO_hi,1,182.625,34.1,742,1
C2010,UT,UT04776,C2010|UT04776,FO_hi,1,182.625,40.1,642,1
C2010,UT,UT04777,C2010|UT04777,FO_hi,1,182.625,42.2,800,1
C2010,UT,UT04778,C2010|UT04778,FO_hi,1,182.625,44.1,703,1
C2010,UT,UT04786,C2010|UT04786,FO_hi,1,182.625,32.8,1206,1
C2010,UT,UT04787,C2010|UT04787,FO_hi,1,182.625,39.0,904,1
C2010,UT,UT04788,C2010|UT04788,FO_hi,1,182.625,45.4,597,1
C2010,UT,UT04796,C2010|UT04796,FO_hi,1,182.625,38.8,684,1
C2010,UT,UT04797,C2010|UT04797,FO_hi,1,182.625,40.0,954,1
C2010,UT,UT04798,C2010|UT04798,FO_hi,1,182.625,42.7,798,1
C2010,UT,UT04822,C2010|UT04822,FO_hi,1,182.625,47.7,502,1
C2010,UT,UT04823,C2010|UT04823,FO_hi,1,182.625,45.4,1068,1
C2010,UT,UT04824,C2010|UT04824,FO_hi,1,182.625,36.7,808,1
C2010,TJL,JL06051,C2010|JL06051,FO_lo,1,182.625,49.0,384,1
C2010,TJL,JL06052,C2010|JL06052,FO_lo,1,182.625,43.0,677,1
C2010,TJL,JL06053,C2010|JL06053,FO_lo,1,182.625,40.0,455,1
C2010,TJL,JL06057,C2010|JL06057,FO_lo,1,182.625,50.0,355,1
C2010,TJL,JL06058,C2010|JL06058,FO_lo,1,182.625,46.0,1042,1
C2010,TJL,JL06059,C2010|JL06059,FO_lo,1,182.625,36.0,524,1
C2010,TJL,JL06069,C2010|JL06069,FO_lo,1,182.625,32.0,893,1
C2010,TJL,JL06070,C2010|JL06070,FO_lo,1,182.625,34.0,1082,1
C2010,TJL,JL06072,C2010|JL06072,FO_lo,1,182.625,54.0,711,1
C2010,TJL,JL06073,C2010|JL06073,FO_lo,1,182.625,41.0,760,1
C2010,TJL,JL06074,C2010|JL06074,FO_lo,1,182.625,49.0,747,1
C2010,TJL,JL06081,C2010|JL06081,FO_lo,1,182.625,42.0,871,1
C2010,TJL,JL06082,C2010|JL06082,FO_lo,1,182.625,46.0,880,1
C2010,TJL,JL06083,C2010|JL06083,FO_lo,1,182.625,39.0,789,1
C2010,TJL,JL06128,C2010|JL06128,FO_lo,1,182.625,47.0,852,1
C2010,TJL,JL06129,C2010|JL06129,FO_lo,1,182.625,48.0,567,0
C2010,TJL,JL06130,C2010|JL06130,FO_lo,1,182.625,44.0,816,1
C2010,TJL,JL06212,C2010|JL06212,FO_lo,1,182.625,46.0,714,1
C2010,TJL,JL06213,C2010|JL06213,FO_lo,1,182.625,48.0,841,1
C2010,TJL,JL06214,C2010|JL06214,FO_lo,1,182.625,46.0,714,1
C2010,TJL,JL06290,C2010|JL06290,FO_lo,1,182.625,31.0,1049,1
C2010,TJL,JL06291,C2010|JL06291,FO_lo,1,182.625,44.0,1054,1
C2010,TJL,JL06292,C2010|JL06292,FO_lo,1,182.625,47.0,545,1
C2010,TJL,JL06323,C2010|JL06323,FO_lo,1,182.625,47.0,566,1
C2010,TJL,JL06324,C2010|JL06324,FO_lo,1,182.625,46.0,810,1
C2010,TJL,JL06325,C2010|JL06325,FO_lo,1,182.625,44.0,523,1
C2010,TJL,JL06326,C2010|JL06326,FO_lo,1,182.625,30.0,726,1
C2010,TJL,JL06327,C2010|JL06327,FO_lo,1,182.625,41.0,481,1
C2010,TJL,JL06328,C2010|JL06328,FO_lo,1,182.625,39.0,426,1
C2010,TJL,JL06367,C2010|JL06367,FO_lo,1,182.625,32.0,859,1
C2010,TJL,JL06368,C2010|JL06368,FO_lo,1,182.625,42.0,300,1
C2010,TJL,JL06369,C2010|JL06369,FO_lo,1,182.625,38.0,928,1
C2010,TJL,JL06445,C2010|JL06445,FO_lo,1,182.625,31.0,204,0
C2010,TJL,JL06446,C2010|JL06446,FO_lo,1,182.625,35.0,204,0
C2010,TJL,JL06447,C2010|JL06447,FO_lo,1,182.625,40.0,204,0
C2010,TJL,JL06454,C2010|JL06454,FO_lo,1,182.625,47.0,588,1
C2010,TJL,JL06455,C2010|JL06455,FO_lo,1,182.625,46.0,937,1
C2010,TJL,JL06456,C2010|JL06456,FO_lo,1,182.625,44.0,1017,1
C2010,TJL,JL06477,C2010|JL06477,FO_lo,1,182.625,31.0,767,1
C2010,TJL,JL06478,C2010|JL06478,FO_lo,1,182.625,33.0,1274,1
C2010,TJL,JL06479,C2010|JL06479,FO_lo,1,182.625,30.0,845,1
C2010,TJL,JL06483,C2010|JL06483,FO_lo,1,182.625,40.0,356,1
C2010,TJL,JL06484,C2010|JL06484,FO_lo,1,182.625,39.0,721,1
C2010,TJL,JL06485,C2010|JL06485,FO_lo,1,182.625,44.0,617,1
C2010,TJL,JL06489,C2010|JL06489,FO_lo,1,182.625,48.0,670,1
C2010,TJL,JL06490,C2010|JL06490,FO_lo,1,182.625,43.0,536,1
C2010,TJL,JL06491,C2010|JL06491,FO_lo,1,182.625,51.0,391,1
C2010,TJL,JL06543,C2010|JL06543,FO_lo,1,182.625,31.0,979,1
C2010,TJL,JL06544,C2010|JL06544,FO_lo,1,182.625,32.0,522,1
C2010,TJL,JL06545,C2010|JL06545,FO_lo,1,182.625,32.0,905,1
C2010,TJL,JL06607,C2010|JL06607,FO_lo,1,182.625,33.0,645,1
C2010,TJL,JL06608,C2010|JL06608,FO_lo,1,182.625,42.0,771,1
C2010,TJL,JL06609,C2010|JL06609,FO_lo,1,182.625,29.0,1099,1
C2010,UM,UM29820,C2010|UM29820,FO_lo,1,182.625,35.5,790,1
C2010,UM,UM29827,C2010|UM29827,FO_lo,1,182.625,34.5,427,1
C2010,UM,UM29834,C2010|UM29834,FO_lo,1,182.625,33.3,1051,1
C2010,UM,UM30072,C2010|UM30072,FO_lo,1,182.625,28.5,1007,1
C2010,UM,UM30079,C2010|UM30079,FO_lo,1,182.625,33.3,1052,1
C2010,UM,UM30086,C2010|UM30086,FO_lo,1,182.625,45.0,958,1
C2010,UM,UM30254,C2010|UM30254,FO_lo,1,182.625,29.4,970,1
C2010,UM,UM30261,C2010|UM30261,FO_lo,1,182.625,41.0,662,1
C2010,UM,UM30268,C2010|UM30268,FO_lo,1,182.625,31.8,726,1
C2010,UM,UM30674,C2010|UM30674,FO_lo,1,182.625,30.3,1105,0
C2010,UM,UM30681,C2010|UM30681,FO_lo,1,182.625,36.4,980,1
C2010,UM,UM30688,C2010|UM30688,FO_lo,1,182.625,36.1,810,1
C2010,UM,UM30884,C2010|UM30884,FO_lo,1,182.625,37.3,977,1
C2010,UM,UM30891,C2010|UM30891,FO_lo,1,182.625,29.4,759,1
C2010,UM,UM30898,C2010|UM30898,FO_lo,1,182.625,30.0,1032,1
C2010,UM,UM30926,C2010|UM30926,FO_lo,1,182.625,31.2,291,0
C2010,UM,UM30933,C2010|UM30933,FO_lo,1,182.625,35.4,291,0
C2010,UM,UM30940,C2010|UM30940,FO_lo,1,182.625,31.2,291,0
C2010,UM,UM30947,C2010|UM30947,FO_lo,1,182.625,34.9,662,1
C2010,UM,UM30954,C2010|UM30954,FO_lo,1,182.625,39.6,1046,1
C2010,UM,UM30961,C2010|UM30961,FO_lo,1,182.625,29.2,1196,1
C2010,UM,UM31479,C2010|UM31479,FO_lo,1,182.625,31.8,726,1
C2010,UM,UM31486,C2010|UM31486,FO_lo,1,182.625,30.8,773,1
C2010,UM,UM31493,C2010|UM31493,FO_lo,1,182.625,32.9,1031,1
C2010,UM,UM31577,C2010|UM31577,FO_lo,1,182.625,30.8,924,1
C2010,UM,UM31584,C2010|UM31584,FO_lo,1,182.625,35.5,1215,1
C2010,UM,UM31591,C2010|UM31591,FO_lo,1,182.625,37.5,576,1
C2010,UM,UM31794,C2010|UM31794,FO_lo,1,182.625,36.8,875,1
C2010,UM,UM31801,C2010|UM31801,FO_lo,1,182.625,36.9,604,1
C2010,UM,UM31808,C2010|UM31808,FO_lo,1,182.625,40.6,996,1
C2010,UM,UM31843,C2010|UM31843,FO_lo,1,182.625,35.3,895,1
C2010,UM,UM31850,C2010|UM31850,FO_lo,1,182.625,37.3,953,1
C2010,UM,UM31857,C2010|UM31857,FO_lo,1,182.625,28.9,1189,1
C2010,UM,UM32473,C2010|UM32473,FO_lo,1,182.625,35.0,1024,1
C2010,UM,UM32480,C2010|UM32480,FO_lo,1,182.625,38.9,982,1
C2010,UM,UM32487,C2010|UM32487,FO_lo,1,182.625,48.8,876,1
C2010,UM,UM32592,C2010|UM32592,FO_lo,1,182.625,34.9,414,0
C2010,UM,UM32599,C2010|UM32599,FO_lo,1,182.625,33.1,414,0
C2010,UM,UM32606,C2010|UM32606,FO_lo,1,182.625,37.2,414,0
C2010,UM,UM32746,C2010|UM32746,FO_lo,1,182.625,31.1,951,1
C2010,UM,UM32753,C2010|UM32753,FO_lo,1,182.625,33.2,999,1
C2010,UM,UM32760,C2010|UM32760,FO_lo,1,182.625,34.6,505,1
C2010,UM,UM33026,C2010|UM33026,FO_lo,1,182.625,35.7,812,1
C2010,UM,UM33033,C2010|UM33033,FO_lo,1,182.625,28.0,987,1
C2010,UM,UM33040,C2010|UM33040,FO_lo,1,182.625,29.8,674,1
C2010,UM,UM33530,C2010|UM33530,FO_lo,1,182.625,31.1,807,1
C2010,UM,UM33537,C2010|UM33537,FO_lo,1,182.625,42.0,555,1
C2010,UM,UM33544,C2010|UM33544,FO_lo,1,182.625,37.8,1080,0
C2010,UM,UM33607,C2010|UM33607,FO_lo,1,182.625,30.7,1061,1
C2010,UM,UM33614,C2010|UM33614,FO_lo,1,182.625,30.3,926,1
C2010,UM,UM33621,C2010|UM33621,FO_lo,1,182.625,31.3,1198,1
C2010,UT,UT04312,C2010|UT04312,FO_lo,1,182.625,40.3,476,1
C2010,UT,UT04313,C2010|UT04313,FO_lo,1,182.625,43.3,798,1
C2010,UT,UT04314,C2010|UT04314,FO_lo,1,182.625,43.7,842,1
C2010,UT,UT04322,C2010|UT04322,FO_lo,1,182.625,47.3,978,1
C2010,UT,UT04323,C2010|UT04323,FO_lo,1,182.625,40.7,1223,1
C2010,UT,UT04324,C2010|UT04324,FO_lo,1,182.625,44.8,555,1
C2010,UT,UT04397,C2010|UT04397,FO_lo,1,182.625,46.0,364,1
C2010,UT,UT04398,C2010|UT04398,FO_lo,1,182.625,48.0,336,1
C2010,UT,UT04399,C2010|UT04399,FO_lo,1,182.625,45.5,731,1
C2010,UT,UT04404,C2010|UT04404,FO_lo,1,182.625,43.6,750,1
C2010,UT,UT04405,C2010|UT04405,FO_lo,1,182.625,36.3,495,1
C2010,UT,UT04406,C2010|UT04406,FO_lo,1,182.625,38.1,698,1
C2010,UT,UT04438,C2010|UT04438,FO_lo,1,182.625,45.3,419,1
C2010,UT,UT04439,C2010|UT04439,FO_lo,1,182.625,45.9,1053,1
C2010,UT,UT04440,C2010|UT04440,FO_lo,1,182.625,46.1,804,1
C2010,UT,UT04458,C2010|UT04458,FO_lo,1,182.625,46.7,1134,1
C2010,UT,UT04459,C2010|UT04459,FO_lo,1,182.625,44.5,779,1
C2010,UT,UT04460,C2010|UT04460,FO_lo,1,182.625,37.9,1270,1
C2010,UT,UT04503,C2010|UT04503,FO_lo,1,182.625,33.4,1128,1
C2010,UT,UT04504,C2010|UT04504,FO_lo,1,182.625,46.5,651,1
C2010,UT,UT04505,C2010|UT04505,FO_lo,1,182.625,41.4,719,1
C2010,UT,UT04509,C2010|UT04509,FO_lo,1,182.625,38.2,753,1
C2010,UT,UT04510,C2010|UT04510,FO_lo,1,182.625,36.6,1029,1
C2010,UT,UT04511,C2010|UT04511,FO_lo,1,182.625,39.3,389,1
C2010,UT,UT04536,C2010|UT04536,FO_lo,1,182.625,40.7,319,1
C2010,UT,UT04537,C2010|UT04537,FO_lo,1,182.625,34.8,999,1
C2010,UT,UT04538,C2010|UT04538,FO_lo,1,182.625,35.7,1121,1
C2010,UT,UT04570,C2010|UT04570,FO_lo,1,182.625,46.5,440,0
C2010,UT,UT04571,C2010|UT04571,FO_lo,1,182.625,46.7,440,0
C2010,UT,UT04572,C2010|UT04572,FO_lo,1,182.625,42.4,440,0
C2010,UT,UT04577,C2010|UT04577,FO_lo,1,182.625,33.1,971,1
C2010,UT,UT04578,C2010|UT04578,FO_lo,1,182.625,39.4,868,1
C2010,UT,UT04579,C2010|UT04579,FO_lo,1,182.625,49.9,839,1
C2010,UT,UT04629,C2010|UT04629,FO_lo,1,182.625,37.0,987,1
C2010,UT,UT04630,C2010|UT04630,FO_lo,1,182.625,36.6,817,1
C2010,UT,UT04631,C2010|UT04631,FO_lo,1,182.625,36.8,901,1
C2010,UT,UT04635,C2010|UT04635,FO_lo,1,182.625,30.3,1087,1
C2010,UT,UT04636,C2010|UT04636,FO_lo,1,182.625,32.6,478,1
C2010,UT,UT04637,C2010|UT04637,FO_lo,1,182.625,24.9,1308,1
C2010,UT,UT04664,C2010|UT04664,FO_lo,1,182.625,39.3,720,1
C2010,UT,UT04665,C2010|UT04665,FO_lo,1,182.625,45.2,1068,1
C2010,UT,UT04666,C2010|UT04666,FO_lo,1,182.625,42.9,921,1
C2010,UT,UT04713,C2010|UT04713,FO_lo,1,182.625,40.1,628,1
C2010,UT,UT04714,C2010|UT04714,FO_lo,1,182.625,43.1,382,1
C2010,UT,UT04715,C2010|UT04715,FO_lo,1,182.625,38.6,641,1
C2010,UT,UT04732,C2010|UT04732,FO_lo,1,182.625,45.0,958,1
C2010,UT,UT04733,C2010|UT04733,FO_lo,1,182.625,44.3,417,1
C2010,UT,UT04734,C2010|UT04734,FO_lo,1,182.625,44.3,863,1
C2010,UT,UT04762,C2010|UT04762,FO_lo,1,182.625,43.4,926,1
C2010,UT,UT04763,C2010|UT04763,FO_lo,1,182.625,48.9,375,1
C2010,UT,UT04764,C2010|UT04764,FO_lo,1,182.625,40.1,427,1
C2011,TJL,JL07023,C2011|JL07023,Control,0,182.625,27.0,1049,1
C2011,TJL,JL07024,C2011|JL07024,Control,0,182.625,47.0,494,1
C2011,TJL,JL07025,C2011|JL07025,Control,0,182.625,39.0,853,1
C2011,TJL,JL07124,C2011|JL07124,Control,0,182.625,38.0,665,1
C2011,TJL,JL07125,C2011|JL07125,Control,0,182.625,40.0,554,1
C2011,TJL,JL07126,C2011|JL07126,Control,0,182.625,32.0,749,1
C2011,TJL,JL07130,C2011|JL07130,Control,0,182.625,35.0,1178,1
C2011,TJL,JL07131,C2011|JL07131,Control,0,182.625,35.0,771,1
C2011,TJL,JL07132,C2011|JL07132,Control,0,182.625,41.0,861,1
C2011,TJL,JL07166,C2011|JL07166,Control,0,182.625,42.0,812,1
C2011,TJL,JL07308,C2011|JL07308,Control,0,182.625,39.0,1082,1
C2011,TJL,JL07309,C2011|JL07309,Control,0,182.625,45.0,587,1
C2011,TJL,JL07310,C2011|JL07310,Control,0,182.625,45.0,676,1
C2011,TJL,JL07311,C2011|JL07311,Control,0,182.625,34.0,613,1
C2011,TJL,JL07312,C2011|JL07312,Control,0,182.625,41.0,657,1
C2011,TJL,JL07313,C2011|JL07313,Control,0,182.625,42.0,587,1
C2011,TJL,JL07364,C2011|JL07364,Control,0,182.625,45.0,791,1
C2011,TJL,JL07365,C2011|JL07365,Control,0,182.625,47.0,805,1
C2011,TJL,JL07366,C2011|JL07366,Control,0,182.625,43.0,763,1
C2011,TJL,JL07371,C2011|JL07371,Control,0,182.625,40.0,972,1
C2011,TJL,JL07372,C2011|JL07372,Control,0,182.625,35.0,874,1
C2011,TJL,JL07403,C2011|JL07403,Control,0,182.625,42.0,616,1
C2011,TJL,JL07404,C2011|JL07404,Control,0,182.625,47.0,842,1
C2011,TJL,JL07405,C2011|JL07405,Control,0,182.625,50.0,731,1
C2011,TJL,JL07430,C2011|JL07430,Control,0,182.625,42.0,1057,1
C2011,TJL,JL07431,C2011|JL07431,Control,0,182.625,33.0,763,1
C2011,TJL,JL07432,C2011|JL07432,Control,0,182.625,45.0,932,1
C2011,TJL,JL07468,C2011|JL07468,Control,0,182.625,42.0,296,1
C2011,TJL,JL07469,C2011|JL07469,Control,0,182.625,49.0,1085,1
C2011,TJL,JL07470,C2011|JL07470,Control,0,182.625,33.0,995,1
C2011,TJL,JL07572,C2011|JL07572,Control,0,182.625,44.0,875,1
C2011,TJL,JL07573,C2011|JL07573,Control,0,182.625,50.0,959,1
C2011,TJL,JL07574,C2011|JL07574,Control,0,182.625,39.0,644,1
C2011,TJL,JL07670,C2011|JL07670,Control,0,182.625,41.0,607,1
C2011,TJL,JL07671,C2011|JL07671,Control,0,182.625,42.0,557,1
C2011,TJL,JL07672,C2011|JL07672,Control,0,182.625,46.0,1041,1
C2011,TJL,JL07685,C2011|JL07685,Control,0,182.625,47.0,637,1
C2011,TJL,JL07686,C2011|JL07686,Control,0,182.625,45.0,813,1
C2011,TJL,JL07687,C2011|JL07687,Control,0,182.625,51.0,798,1
C2011,TJL,JL07688,C2011|JL07688,Control,0,182.625,40.0,619,1
C2011,TJL,JL07689,C2011|JL07689,Control,0,182.625,40.0,925,1
C2011,TJL,JL07690,C2011|JL07690,Control,0,182.625,38.0,847,1
C2011,TJL,JL07728,C2011|JL07728,Control,0,182.625,37.0,388,1
C2011,TJL,JL07729,C2011|JL07729,Control,0,182.625,32.0,830,1
C2011,TJL,JL07730,C2011|JL07730,Control,0,182.625,42.0,564,1
C2011,TJL,JL07731,C2011|JL07731,Control,0,182.625,38.0,221,1
C2011,TJL,JL07732,C2011|JL07732,Control,0,182.625,46.0,620,1
C2011,TJL,JL07733,C2011|JL07733,Control,0,182.625,43.0,648,1
C2011,TJL,JL07737,C2011|JL07737,Control,0,182.625,51.0,319,1
C2011,TJL,JL07738,C2011|JL07738,Control,0,182.625,44.0,660,1
C2011,TJL,JL07739,C2011|JL07739,Control,0,182.625,49.0,634,1
C2011,TJL,JL07751,C2011|JL07751,Control,0,182.625,39.0,371,1
C2011,TJL,JL07752,C2011|JL07752,Control,0,182.625,40.0,1127,1
C2011,TJL,JL07753,C2011|JL07753,Control,0,182.625,42.0,602,1
C2011,TJL,JL07777,C2011|JL07777,Control,0,182.625,33.0,1256,1
C2011,TJL,JL07778,C2011|JL07778,Control,0,182.625,44.0,776,1
C2011,TJL,JL07779,C2011|JL07779,Control,0,182.625,35.0,438,1
C2011,TJL,JL07822,C2011|JL07822,Control,0,182.625,40.0,937,1
C2011,TJL,JL07823,C2011|JL07823,Control,0,182.625,43.0,812,1
C2011,TJL,JL07824,C2011|JL07824,Control,0,182.625,39.0,435,1
C2011,TJL,JL07086,C2011|JL07086,Met,1,182.625,48.0,775,1
C2011,TJL,JL07087,C2011|JL07087,Met,1,182.625,44.0,655,0
C2011,TJL,JL07088,C2011|JL07088,Met,1,182.625,50.0,541,1
C2011,TJL,JL07376,C2011|JL07376,Met,1,182.625,38.0,1189,1
C2011,TJL,JL07377,C2011|JL07377,Met,1,182.625,43.0,531,1
C2011,TJL,JL07378,C2011|JL07378,Met,1,182.625,46.0,455,1
C2011,TJL,JL07397,C2011|JL07397,Met,1,182.625,49.0,836,1
C2011,TJL,JL07398,C2011|JL07398,Met,1,182.625,40.0,1209,1
C2011,TJL,JL07399,C2011|JL07399,Met,1,182.625,41.0,550,1
C2011,TJL,JL07423,C2011|JL07423,Met,1,182.625,45.0,348,1
C2011,TJL,JL07424,C2011|JL07424,Met,1,182.625,44.0,853,1
C2011,TJL,JL07425,C2011|JL07425,Met,1,182.625,35.0,704,1
C2011,TJL,JL07465,C2011|JL07465,Met,1,182.625,32.0,1066,1
C2011,TJL,JL07466,C2011|JL07466,Met,1,182.625,41.0,980,1
C2011,TJL,JL07467,C2011|JL07467,Met,1,182.625,45.0,939,1
C2011,TJL,JL07483,C2011|JL07483,Met,1,182.625,42.0,680,1
C2011,TJL,JL07484,C2011|JL07484,Met,1,182.625,43.0,1168,1
C2011,TJL,JL07485,C2011|JL07485,Met,1,182.625,40.0,721,1
C2011,TJL,JL07563,C2011|JL07563,Met,1,182.625,41.0,385,1
C2011,TJL,JL07564,C2011|JL07564,Met,1,182.625,30.0,966,1
C2011,TJL,JL07565,C2011|JL07565,Met,1,182.625,29.0,1144,1
C2011,TJL,JL07584,C2011|JL07584,Met,1,182.625,45.0,721,1
C2011,TJL,JL07585,C2011|JL07585,Met,1,182.625,44.0,904,1
C2011,TJL,JL07586,C2011|JL07586,Met,1,182.625,38.0,855,1
C2011,TJL,JL07646,C2011|JL07646,Met,1,182.625,34.0,1027,1
C2011,TJL,JL07647,C2011|JL07647,Met,1,182.625,36.0,935,1
C2011,TJL,JL07648,C2011|JL07648,Met,1,182.625,42.0,892,1
C2011,TJL,JL07673,C2011|JL07673,Met,1,182.625,52.0,500,1
C2011,TJL,JL07674,C2011|JL07674,Met,1,182.625,42.0,746,1
C2011,TJL,JL07675,C2011|JL07675,Met,1,182.625,44.0,804,1
C2011,TJL,JL07706,C2011|JL07706,Met,1,182.625,44.0,644,1
C2011,TJL,JL07707,C2011|JL07707,Met,1,182.625,40.0,391,1
C2011,TJL,JL07708,C2011|JL07708,Met,1,182.625,40.0,989,1
C2011,TJL,JL07740,C2011|JL07740,Met,1,182.625,39.0,991,1
C2011,TJL,JL07741,C2011|JL07741,Met,1,182.625,45.0,859,1
C2011,TJL,JL07742,C2011|JL07742,Met,1,182.625,42.0,273,1
C2011,TJL,JL07754,C2011|JL07754,Met,1,182.625,49.0,693,1
C2011,TJL,JL07755,C2011|JL07755,Met,1,182.625,40.0,630,1
C2011,TJL,JL07756,C2011|JL07756,Met,1,182.625,38.0,1093,1
C2011,UM,UM33915,C2011|UM33915,Control,0,182.625,35.2,927,1
C2011,UM,UM33922,C2011|UM33922,Control,0,182.625,31.9,847,1
C2011,UM,UM33929,C2011|UM33929,Control,0,182.625,37.5,587,1
C2011,UM,UM34258,C2011|UM34258,Control,0,182.625,39.3,659,1
C2011,UM,UM34265,C2011|UM34265,Control,0,182.625,38.3,458,1
C2011,UM,UM34272,C2011|UM34272,Control,0,182.625,33.0,810,1
C2011,UM,UM34461,C2011|UM34461,Control,0,182.625,31.4,850,1
C2011,UM,UM34468,C2011|UM34468,Control,0,182.625,35.2,938,1
C2011,UM,UM34475,C2011|UM34475,Control,0,182.625,40.6,853,1
C2011,UM,UM34510,C2011|UM34510,Control,0,182.625,29.4,233,0
C2011,UM,UM34517,C2011|UM34517,Control,0,182.625,30.2,233,0
C2011,UM,UM34524,C2011|UM34524,Control,0,182.625,25.8,233,0
C2011,UM,UM34650,C2011|UM34650,Control,0,182.625,39.3,446,1
C2011,UM,UM34657,C2011|UM34657,Control,0,182.625,27.1,1228,1
C2011,UM,UM34664,C2011|UM34664,Control,0,182.625,35.6,938,1
C2011,UM,UM34839,C2011|UM34839,Control,0,182.625,30.9,1117,1
C2011,UM,UM34846,C2011|UM34846,Control,0,182.625,41.9,471,1
C2011,UM,UM34853,C2011|UM34853,Control,0,182.625,28.1,930,1
C2011,UM,UM35014,C2011|UM35014,Control,0,182.625,33.6,584,0
C2011,UM,UM35021,C2011|UM35021,Control,0,182.625,38.0,584,0
C2011,UM,UM35028,C2011|UM35028,Control,0,182.625,41.0,551,1
C2011,UM,UM35133,C2011|UM35133,Control,0,182.625,29.4,1034,1
C2011,UM,UM35140,C2011|UM35140,Control,0,182.625,29.6,1103,1
C2011,UM,UM35147,C2011|UM35147,Control,0,182.625,29.3,1198,1
C2011,UM,UM35196,C2011|UM35196,Control,0,182.625,29.5,355,0
C2011,UM,UM35203,C2011|UM35203,Control,0,182.625,28.5,355,0
C2011,UM,UM35210,C2011|UM35210,Control,0,182.625,33.7,355,0
C2011,UM,UM35357,C2011|UM35357,Control,0,182.625,33.7,1177,1
C2011,UM,UM35364,C2011|UM35364,Control,0,182.625,36.9,898,1
C2011,UM,UM35371,C2011|UM35371,Control,0,182.625,32.8,1127,1
C2011,UM,UM35476,C2011|UM35476,Control,0,182.625,31.5,1006,1
C2011,UM,UM35483,C2011|UM35483,Control,0,182.625,32.2,948,1
C2011,UM,UM35490,C2011|UM35490,Control,0,182.625,31.5,1121,1
C2011,UM,UM35546,C2011|UM35546,Control,0,182.625,37.1,936,1
C2011,UM,UM35553,C2011|UM35553,Control,0,182.625,41.9,554,1
C2011,UM,UM35616,C2011|UM35616,Control,0,182.625,37.5,807,1
C2011,UM,UM35623,C2011|UM35623,Control,0,182.625,41.6,829,1
C2011,UM,UM35630,C2011|UM35630,Control,0,182.625,36.4,823,1
C2011,UM,UM35805,C2011|UM35805,Control,0,182.625,36.1,1182,1
C2011,UM,UM35812,C2011|UM35812,Control,0,182.625,42.5,868,1
C2011,UM,UM35819,C2011|UM35819,Control,0,182.625,41.2,907,1
C2011,UM,UM35854,C2011|UM35854,Control,0,182.625,28.9,810,1
C2011,UM,UM35861,C2011|UM35861,Control,0,182.625,26.4,1199,1
C2011,UM,UM35868,C2011|UM35868,Control,0,182.625,33.3,946,1
C2011,UM,UM36022,C2011|UM36022,Control,0,182.625,33.1,921,1
C2011,UM,UM36029,C2011|UM36029,Control,0,182.625,32.9,917,1
C2011,UM,UM36036,C2011|UM36036,Control,0,182.625,29.0,936,1
C2011,UM,UM36092,C2011|UM36092,Control,0,182.625,26.7,1024,1
C2011,UM,UM36099,C2011|UM36099,Control,0,182.625,31.5,750,1
C2011,UM,UM36106,C2011|UM36106,Control,0,182.625,32.1,921,1
C2011,UM,UM36519,C2011|UM36519,Control,0,182.625,37.5,1180,1
C2011,UM,UM36526,C2011|UM36526,Control,0,182.625,28.9,804,1
C2011,UM,UM36533,C2011|UM36533,Control,0,182.625,41.1,1054,1
C2011,UM,UM36540,C2011|UM36540,Control,0,182.625,31.0,997,1
C2011,UM,UM36547,C2011|UM36547,Control,0,182.625,35.6,1033,1
C2011,UM,UM36554,C2011|UM36554,Control,0,182.625,32.7,754,1
C2011,UM,UM36610,C2011|UM36610,Control,0,182.625,30.7,897,1
C2011,UM,UM36617,C2011|UM36617,Control,0,182.625,34.5,845,1
C2011,UM,UM36659,C2011|UM36659,Control,0,182.625,44.5,712,1
C2011,UM,UM36666,C2011|UM36666,Control,0,182.625,33.3,183,1
C2011,UM,UM36673,C2011|UM36673,Control,0,182.625,32.7,896,1
C2011,UM,UM36827,C2011|UM36827,Control,0,182.625,34.0,1066,1
C2011,UM,UM36841,C2011|UM36841,Control,0,182.625,32.7,712,1
C2011,UM,UM37072,C2011|UM37072,Control,0,182.625,43.4,747,1
C2011,UM,UM37079,C2011|UM37079,Control,0,182.625,33.5,1156,1
C2011,UM,UM37086,C2011|UM37086,Control,0,182.625,34.2,537,1
C2011,UM,UM37247,C2011|UM37247,Control,0,182.625,30.9,1251,1
C2011,UM,UM37254,C2011|UM37254,Control,0,182.625,33.5,888,1
C2011,UM,UM37261,C2011|UM37261,Control,0,182.625,37.6,615,1
C2011,UM,UM37289,C2011|UM37289,Control,0,182.625,30.9,708,1
C2011,UM,UM37296,C2011|UM37296,Control,0,182.625,34.3,891,1
C2011,UM,UM37303,C2011|UM37303,Control,0,182.625,36.8,869,1
C2011,UM,UM37646,C2011|UM37646,Control,0,182.625,35.0,741,1
C2011,UM,UM37653,C2011|UM37653,Control,0,182.625,41.2,516,1
C2011,UM,UM37660,C2011|UM37660,Control,0,182.625,39.3,798,1
C2011,UM,UM37919,C2011|UM37919,Control,0,182.625,31.2,804,1
C2011,UM,UM37926,C2011|UM37926,Control,0,182.625,26.5,989,1
C2011,UM,UM37933,C2011|UM37933,Control,0,182.625,28.3,628,1
C2011,UM,UM37940,C2011|UM37940,Control,0,182.625,37.5,714,1
C2011,UM,UM37947,C2011|UM37947,Control,0,182.625,38.9,376,1
C2011,UM,UM37954,C2011|UM37954,Control,0,182.625,31.8,983,1
C2011,UM,UM38066,C2011|UM38066,Control,0,182.625,35.0,1043,1
C2011,UM,UM38073,C2011|UM38073,Control,0,182.625,37.3,743,1
C2011,UM,UM38080,C2011|UM38080,Control,0,182.625,42.7,326,1
C2011,UM,UM38108,C2011|UM38108,Control,0,182.625,44.6,528,1
C2011,UM,UM38115,C2011|UM38115,Control,0,182.625,30.2,880,1
C2011,UM,UM38122,C2011|UM38122,Control,0,182.625,31.3,671,1
C2011,UM,UM38157,C2011|UM38157,Control,0,182.625,37.6,677,1
C2011,UM,UM38164,C2011|UM38164,Control,0,182.625,35.2,788,1
C2011,UM,UM38171,C2011|UM38171,Control,0,182.625,42.4,760,1
C2011,UM,UM38276,C2011|UM38276,Control,0,182.625,45.0,728,1
C2011,UM,UM38283,C2011|UM38283,Control,0,182.625,37.6,552,1
C2011,UM,UM38290,C2011|UM38290,Control,0,182.625,31.9,954,1
C2011,UM,UM38451,C2011|UM38451,Control,0,182.625,37.2,1116,1
C2011,UM,UM38458,C2011|UM38458,Control,0,182.625,29.9,909,1
C2011,UM,UM38465,C2011|UM38465,Control,0,182.625,37.3,838,1
C2011,UM,UM38500,C2011|UM38500,Control,0,182.625,35.0,1048,1
C2011,UM,UM38507,C2011|UM38507,Control,0,182.625,42.3,934,1
C2011,UM,UM38514,C2011|UM38514,Control,0,182.625,35.8,688,1
C2011,UM,UM38570,C2011|UM38570,Control,0,182.625,40.1,457,1
C2011,UM,UM38577,C2011|UM38577,Control,0,182.625,44.8,281,1
C2011,UM,UM38584,C2011|UM38584,Control,0,182.625,37.1,410,1
C2011,UM,UM34279,C2011|UM34279,Met,1,182.625,35.0,807,1
C2011,UM,UM34286,C2011|UM34286,Met,1,182.625,34.6,800,1
C2011,UM,UM34293,C2011|UM34293,Met,1,182.625,33.5,912,1
C2011,UM,UM34440,C2011|UM34440,Met,1,182.625,29.4,648,1
C2011,UM,UM34447,C2011|UM34447,Met,1,182.625,38.5,752,1
C2011,UM,UM34454,C2011|UM34454,Met,1,182.625,40.6,907,1
C2011,UM,UM34531,C2011|UM34531,Met,1,182.625,32.8,1017,1
C2011,UM,UM34538,C2011|UM34538,Met,1,182.625,41.3,764,1
C2011,UM,UM34545,C2011|UM34545,Met,1,182.625,34.7,1115,1
C2011,UM,UM35259,C2011|UM35259,Met,1,182.625,33.4,371,0
C2011,UM,UM35266,C2011|UM35266,Met,1,182.625,28.4,371,0
C2011,UM,UM35273,C2011|UM35273,Met,1,182.625,29.6,371,0
C2011,UM,UM35637,C2011|UM35637,Met,1,182.625,32.5,289,0
C2011,UM,UM35644,C2011|UM35644,Met,1,182.625,30.8,289,0
C2011,UM,UM35651,C2011|UM35651,Met,1,182.625,31.8,289,0
C2011,UM,UM35784,C2011|UM35784,Met,1,182.625,32.5,718,1
C2011,UM,UM35791,C2011|UM35791,Met,1,182.625,29.6,1061,1
C2011,UM,UM35798,C2011|UM35798,Met,1,182.625,28.8,1040,1
C2011,UM,UM35931,C2011|UM35931,Met,1,182.625,33.8,855,1
C2011,UM,UM35938,C2011|UM35938,Met,1,182.625,36.1,913,1
C2011,UM,UM35945,C2011|UM35945,Met,1,182.625,32.7,792,1
C2011,UM,UM36218,C2011|UM36218,Met,1,182.625,30.7,1102,1
C2011,UM,UM36225,C2011|UM36225,Met,1,182.625,38.7,625,1
C2011,UM,UM36232,C2011|UM36232,Met,1,182.625,44.8,1049,1
C2011,UM,UM36456,C2011|UM36456,Met,1,182.625,36.0,903,1
C2011,UM,UM36463,C2011|UM36463,Met,1,182.625,46.0,505,1
C2011,UM,UM36470,C2011|UM36470,Met,1,182.625,34.1,989,1
C2011,UM,UM36589,C2011|UM36589,Met,1,182.625,37.7,938,1
C2011,UM,UM36596,C2011|UM36596,Met,1,182.625,33.7,936,1
C2011,UM,UM36603,C2011|UM36603,Met,1,182.625,33.6,861,1
C2011,UM,UM36785,C2011|UM36785,Met,1,182.625,31.3,1038,1
C2011,UM,UM36792,C2011|UM36792,Met,1,182.625,30.6,410,0
C2011,UM,UM36799,C2011|UM36799,Met,1,182.625,27.8,851,1
C2011,UM,UM36974,C2011|UM36974,Met,1,182.625,27.9,1233,1
C2011,UM,UM36981,C2011|UM36981,Met,1,182.625,36.3,1081,1
C2011,UM,UM36988,C2011|UM36988,Met,1,182.625,38.3,853,1
C2011,UM,UM37198,C2011|UM37198,Met,1,182.625,40.8,355,1
C2011,UM,UM37205,C2011|UM37205,Met,1,182.625,40.8,828,1
C2011,UM,UM37212,C2011|UM37212,Met,1,182.625,30.0,922,1
C2011,UM,UM37436,C2011|UM37436,Met,1,182.625,29.6,327,0
C2011,UM,UM37443,C2011|UM37443,Met,1,182.625,32.5,327,0
C2011,UM,UM37450,C2011|UM37450,Met,1,182.625,30.0,327,0
C2011,UM,UM37457,C2011|UM37457,Met,1,182.625,42.3,686,1
C2011,UM,UM37464,C2011|UM37464,Met,1,182.625,40.0,1025,1
C2011,UM,UM37471,C2011|UM37471,Met,1,182.625,32.1,363,1
C2011,UM,UM37737,C2011|UM37737,Met,1,182.625,41.9,414,1
C2011,UM,UM37744,C2011|UM37744,Met,1,182.625,40.0,950,1
C2011,UM,UM37751,C2011|UM37751,Met,1,182.625,41.1,1044,1
C2011,UM,UM37898,C2011|UM37898,Met,1,182.625,30.0,636,1
C2011,UM,UM37905,C2011|UM37905,Met,1,182.625,46.4,332,1
C2011,UM,UM37912,C2011|UM37912,Met,1,182.625,41.8,745,1
C2011,UM,UM38703,C2011|UM38703,Met,1,182.625,48.5,642,1
C2011,UM,UM38710,C2011|UM38710,Met,1,182.625,41.8,823,1
C2011,UM,UM38717,C2011|UM38717,Met,1,182.625,44.7,339,1
C2011,UM,UM38773,C2011|UM38773,Met,1,182.625,41.7,1019,1
C2011,UM,UM38780,C2011|UM38780,Met,1,182.625,38.9,1035,1
C2011,UM,UM38787,C2011|UM38787,Met,1,182.625,35.0,708,1
C2011,UT,UT04936,C2011|UT04936,Control,0,182.625,44.7,664,1
C2011,UT,UT04937,C2011|UT04937,Control,0,182.625,47.6,595,1
C2011,UT,UT04938,C2011|UT04938,Control,0,182.625,42.4,693,1
C2011,UT,UT04942,C2011|UT04942,Control,0,182.625,44.8,790,1
C2011,UT,UT04943,C2011|UT04943,Control,0,182.625,35.8,1031,1
C2011,UT,UT04944,C2011|UT04944,Control,0,182.625,42.8,816,1
C2011,UT,UT04949,C2011|UT04949,Control,0,182.625,42.4,1011,1
C2011,UT,UT04950,C2011|UT04950,Control,0,182.625,43.9,881,1
C2011,UT,UT04951,C2011|UT04951,Control,0,182.625,43.9,895,1
C2011,UT,UT04983,C2011|UT04983,Control,0,182.625,45.0,616,1
C2011,UT,UT04984,C2011|UT04984,Control,0,182.625,46.8,712,1
C2011,UT,UT04985,C2011|UT04985,Control,0,182.625,45.0,581,1
C2011,UT,UT05001,C2011|UT05001,Control,0,182.625,41.8,917,1
C2011,UT,UT05002,C2011|UT05002,Control,0,182.625,32.0,973,1
C2011,UT,UT05003,C2011|UT05003,Control,0,182.625,42.8,887,1
C2011,UT,UT05018,C2011|UT05018,Control,0,182.625,31.5,1081,1
C2011,UT,UT05019,C2011|UT05019,Control,0,182.625,46.4,673,1
C2011,UT,UT05020,C2011|UT05020,Control,0,182.625,35.0,1186,1
C2011,UT,UT05027,C2011|UT05027,Control,0,182.625,44.5,803,1
C2011,UT,UT05028,C2011|UT05028,Control,0,182.625,33.2,791,1
C2011,UT,UT05029,C2011|UT05029,Control,0,182.625,35.3,690,1
C2011,UT,UT05034,C2011|UT05034,Control,0,182.625,47.6,1077,1
C2011,UT,UT05035,C2011|UT05035,Control,0,182.625,42.4,412,1
C2011,UT,UT05036,C2011|UT05036,Control,0,182.625,41.5,765,1
C2011,UT,UT05037,C2011|UT05037,Control,0,182.625,42.7,388,1
C2011,UT,UT05038,C2011|UT05038,Control,0,182.625,40.8,675,1
C2011,UT,UT05039,C2011|UT05039,Control,0,182.625,48.9,569,1
C2011,UT,UT05062,C2011|UT05062,Control,0,182.625,42.8,857,1
C2011,UT,UT05063,C2011|UT05063,Control,0,182.625,47.3,605,1
C2011,UT,UT05064,C2011|UT05064,Control,0,182.625,41.0,463,1
C2011,UT,UT05071,C2011|UT05071,Control,0,182.625,45.0,585,1
C2011,UT,UT05072,C2011|UT05072,Control,0,182.625,42.9,266,1
C2011,UT,UT05073,C2011|UT05073,Control,0,182.625,42.5,789,1
C2011,UT,UT05086,C2011|UT05086,Control,0,182.625,48.0,746,1
C2011,UT,UT05087,C2011|UT05087,Control,0,182.625,49.0,325,1
C2011,UT,UT05088,C2011|UT05088,Control,0,182.625,52.9,629,1
C2011,UT,UT05106,C2011|UT05106,Control,0,182.625,41.1,335,1
C2011,UT,UT05107,C2011|UT05107,Control,0,182.625,41.4,880,1
C2011,UT,UT05108,C2011|UT05108,Control,0,182.625,42.2,354,1
C2011,UT,UT05109,C2011|UT05109,Control,0,182.625,39.3,1014,1
C2011,UT,UT05110,C2011|UT05110,Control,0,182.625,39.4,395,1
C2011,UT,UT05111,C2011|UT05111,Control,0,182.625,32.0,879,1
C2011,UT,UT05122,C2011|UT05122,Control,0,182.625,44.9,372,1
C2011,UT,UT05123,C2011|UT05123,Control,0,182.625,45.6,385,1
C2011,UT,UT05124,C2011|UT05124,Control,0,182.625,48.6,382,1
C2011,UT,UT05136,C2011|UT05136,Control,0,182.625,32.5,928,1
C2011,UT,UT05137,C2011|UT05137,Control,0,182.625,36.4,1026,1
C2011,UT,UT05138,C2011|UT05138,Control,0,182.625,32.6,868,1
C2011,UT,UT05170,C2011|UT05170,Control,0,182.625,52.4,448,1
C2011,UT,UT05171,C2011|UT05171,Control,0,182.625,46.3,630,1
C2011,UT,UT05172,C2011|UT05172,Control,0,182.625,46.3,214,1
C2011,UT,UT05201,C2011|UT05201,Control,0,182.625,40.3,421,1
C2011,UT,UT05202,C2011|UT05202,Control,0,182.625,35.0,831,1
C2011,UT,UT05203,C2011|UT05203,Control,0,182.625,41.5,639,1
C2011,UT,UT05229,C2011|UT05229,Control,0,182.625,44.9,972,1
C2011,UT,UT05230,C2011|UT05230,Control,0,182.625,41.4,299,1
C2011,UT,UT05231,C2011|UT05231,Control,0,182.625,44.2,492,1
C2011,UT,UT05255,C2011|UT05255,Control,0,182.625,45.9,646,1
C2011,UT,UT05256,C2011|UT05256,Control,0,182.625,43.6,738,1
C2011,UT,UT05257,C2011|UT05257,Control,0,182.625,42.2,463,1
C2011,UT,UT05271,C2011|UT05271,Control,0,182.625,43.6,550,1
C2011,UT,UT05272,C2011|UT05272,Control,0,182.625,34.7,1057,1
C2011,UT,UT05273,C2011|UT05273,Control,0,182.625,43.2,821,1
C2011,UT,UT05278,C2011|UT05278,Control,0,182.625,41.3,1013,1
C2011,UT,UT05279,C2011|UT05279,Control,0,182.625,35.6,802,1
C2011,UT,UT05280,C2011|UT05280,Control,0,182.625,42.1,1063,1
C2011,UT,UT05321,C2011|UT05321,Control,0,182.625,45.7,334,1
C2011,UT,UT05322,C2011|UT05322,Control,0,182.625,46.9,653,1
C2011,UT,UT05323,C2011|UT05323,Control,0,182.625,46.2,603,1
C2011,UT,UT05340,C2011|UT05340,Control,0,182.625,42.6,750,1
C2011,UT,UT05341,C2011|UT05341,Control,0,182.625,42.9,761,1
C2011,UT,UT05342,C2011|UT05342,Control,0,182.625,42.6,674,1
C2011,UT,UT05367,C2011|UT05367,Control,0,182.625,40.8,810,1
C2011,UT,UT05368,C2011|UT05368,Control,0,182.625,46.5,1129,1
C2011,UT,UT05369,C2011|UT05369,Control,0,182.625,53.5,622,1
C2011,UT,UT05384,C2011|UT05384,Control,0,182.625,33.5,918,1
C2011,UT,UT05385,C2011|UT05385,Control,0,182.625,34.9,737,1
C2011,UT,UT05386,C2011|UT05386,Control,0,182.625,43.8,530,1
C2011,UT,UT05405,C2011|UT05405,Control,0,182.625,33.7,785,1
C2011,UT,UT05406,C2011|UT05406,Control,0,182.625,33.5,820,1
C2011,UT,UT05407,C2011|UT05407,Control,0,182.625,41.2,851,1
C2011,UT,UT05412,C2011|UT05412,Control,0,182.625,41.2,495,1
C2011,UT,UT05413,C2011|UT05413,Control,0,182.625,48.8,604,1
C2011,UT,UT05414,C2011|UT05414,Control,0,182.625,40.3,404,1
C2011,UT,UT05452,C2011|UT05452,Control,0,182.625,50.3,542,1
C2011,UT,UT05453,C2011|UT05453,Control,0,182.625,45.0,371,1
C2011,UT,UT05454,C2011|UT05454,Control,0,182.625,38.4,969,1
C2011,UT,UT05472,C2011|UT05472,Control,0,182.625,43.3,715,1
C2011,UT,UT05473,C2011|UT05473,Control,0,182.625,43.2,828,1
C2011,UT,UT05474,C2011|UT05474,Control,0,182.625,45.7,348,1
C2011,UT,UT05534,C2011|UT05534,Control,0,182.625,42.4,840,1
C2011,UT,UT05535,C2011|UT05535,Control,0,182.625,51.5,577,1
C2011,UT,UT05536,C2011|UT05536,Control,0,182.625,44.0,715,1
C2011,UT,UT05540,C2011|UT05540,Control,0,182.625,37.0,904,1
C2011,UT,UT05541,C2011|UT05541,Control,0,182.625,49.0,716,1
C2011,UT,UT05542,C2011|UT05542,Control,0,182.625,45.6,826,1
C2011,UT,UT05543,C2011|UT05543,Control,0,182.625,44.9,447,1
C2011,UT,UT05544,C2011|UT05544,Control,0,182.625,43.1,587,1
C2011,UT,UT05545,C2011|UT05545,Control,0,182.625,41.9,753,1
C2011,UT,UT04867,C2011|UT04867,Met,1,182.625,43.0,393,1
C2011,UT,UT04868,C2011|UT04868,Met,1,182.625,42.3,884,1
C2011,UT,UT04869,C2011|UT04869,Met,1,182.625,46.2,394,1
C2011,UT,UT04888,C2011|UT04888,Met,1,182.625,30.2,217,0
C2011,UT,UT04889,C2011|UT04889,Met,1,182.625,37.2,217,0
C2011,UT,UT04890,C2011|UT04890,Met,1,182.625,35.4,217,0
C2011,UT,UT05015,C2011|UT05015,Met,1,182.625,43.0,371,1
C2011,UT,UT05016,C2011|UT05016,Met,1,182.625,42.6,695,1
C2011,UT,UT05017,C2011|UT05017,Met,1,182.625,44.1,1099,1
C2011,UT,UT05024,C2011|UT05024,Met,1,182.625,29.0,723,1
C2011,UT,UT05025,C2011|UT05025,Met,1,182.625,36.2,917,1
C2011,UT,UT05026,C2011|UT05026,Met,1,182.625,34.2,451,1
C2011,UT,UT05096,C2011|UT05096,Met,1,182.625,45.6,674,1
C2011,UT,UT05097,C2011|UT05097,Met,1,182.625,46.8,582,1
C2011,UT,UT05098,C2011|UT05098,Met,1,182.625,40.7,645,1
C2011,UT,UT05099,C2011|UT05099,Met,1,182.625,41.9,884,1
C2011,UT,UT05100,C2011|UT05100,Met,1,182.625,45.5,220,1
C2011,UT,UT05101,C2011|UT05101,Met,1,182.625,53.2,872,1
C2011,UT,UT05116,C2011|UT05116,Met,1,182.625,35.4,919,1
C2011,UT,UT05117,C2011|UT05117,Met,1,182.625,38.6,818,1
C2011,UT,UT05118,C2011|UT05118,Met,1,182.625,49.8,706,1
C2011,UT,UT05177,C2011|UT05177,Met,1,182.625,48.3,834,1
C2011,UT,UT05178,C2011|UT05178,Met,1,182.625,45.5,212,1
C2011,UT,UT05179,C2011|UT05179,Met,1,182.625,45.3,939,1
C2011,UT,UT05191,C2011|UT05191,Met,1,182.625,40.4,589,1
C2011,UT,UT05192,C2011|UT05192,Met,1,182.625,42.2,513,1
C2011,UT,UT05193,C2011|UT05193,Met,1,182.625,36.7,541,1
C2011,UT,UT05258,C2011|UT05258,Met,1,182.625,43.3,442,1
C2011,UT,UT05259,C2011|UT05259,Met,1,182.625,43.3,985,1
C2011,UT,UT05260,C2011|UT05260,Met,1,182.625,37.1,874,1
C2011,UT,UT05265,C2011|UT05265,Met,1,182.625,43.1,963,1
C2011,UT,UT05266,C2011|UT05266,Met,1,182.625,41.5,443,1
C2011,UT,UT05267,C2011|UT05267,Met,1,182.625,46.2,527,1
C2011,UT,UT05307,C2011|UT05307,Met,1,182.625,43.2,851,1
C2011,UT,UT05308,C2011|UT05308,Met,1,182.625,39.2,802,1
C2011,UT,UT05309,C2011|UT05309,Met,1,182.625,36.0,607,1
C2011,UT,UT05360,C2011|UT05360,Met,1,182.625,38.5,1006,1
C2011,UT,UT05361,C2011|UT05361,Met,1,182.625,47.5,744,1
C2011,UT,UT05362,C2011|UT05362,Met,1,182.625,41.2,986,1
C2011,UT,UT05370,C2011|UT05370,Met,1,182.625,39.9,792,1
C2011,UT,UT05371,C2011|UT05371,Met,1,182.625,35.0,742,1
C2011,UT,UT05372,C2011|UT05372,Met,1,182.625,43.5,1004,1
C2011,UT,UT05439,C2011|UT05439,Met,1,182.625,39.0,717,1
C2011,UT,UT05440,C2011|UT05440,Met,1,182.625,34.8,943,1
C2011,UT,UT05441,C2011|UT05441,Met,1,182.625,43.9,887,1
C2011,UT,UT05503,C2011|UT05503,Met,1,182.625,46.9,847,1
C2011,UT,UT05504,C2011|UT05504,Met,1,182.625,37.2,806,1
C2011,UT,UT05505,C2011|UT05505,Met,1,182.625,43.9,787,1
C2011,UT,UT05510,C2011|UT05510,Met,1,182.625,40.3,923,1
C2011,UT,UT05511,C2011|UT05511,Met,1,182.625,43.7,695,1
C2011,UT,UT05512,C2011|UT05512,Met,1,182.625,46.5,937,1
C2014,TJL,JL11054,C2014|JL11054,Asp_200,1,182.625,43.0,485,1
C2014,TJL,JL11055,C2014|JL11055,Asp_200,1,182.625,35.0,716,1
C2014,TJL,JL11056,C2014|JL11056,Asp_200,1,182.625,42.0,995,1
C2014,TJL,JL11067,C2014|JL11067,Asp_200,1,182.625,49.0,328,1
C2014,TJL,JL11068,C2014|JL11068,Asp_200,1,182.625,45.0,820,1
C2014,TJL,JL11069,C2014|JL11069,Asp_200,1,182.625,45.0,988,1
C2014,TJL,JL11178,C2014|JL11178,Asp_200,1,182.625,50.0,611,1
C2014,TJL,JL11179,C2014|JL11179,Asp_200,1,182.625,42.0,624,1
C2014,TJL,JL11180,C2014|JL11180,Asp_200,1,182.625,49.0,465,1
C2014,TJL,JL11193,C2014|JL11193,Asp_200,1,182.625,38.0,732,1
C2014,TJL,JL11194,C2014|JL11194,Asp_200,1,182.625,43.0,859,1
C2014,TJL,JL11195,C2014|JL11195,Asp_200,1,182.625,42.0,1013,1
C2014,TJL,JL11246,C2014|JL11246,Asp_200,1,182.625,51.0,460,1
C2014,TJL,JL11247,C2014|JL11247,Asp_200,1,182.625,46.0,634,1
C2014,TJL,JL11248,C2014|JL11248,Asp_200,1,182.625,48.0,684,1
C2014,TJL,JL11306,C2014|JL11306,Asp_200,1,182.625,43.0,561,1
C2014,TJL,JL11307,C2014|JL11307,Asp_200,1,182.625,38.0,841,1
C2014,TJL,JL11308,C2014|JL11308,Asp_200,1,182.625,40.0,1281,1
C2014,TJL,JL11349,C2014|JL11349,Asp_200,1,182.625,39.0,834,1
C2014,TJL,JL11350,C2014|JL11350,Asp_200,1,182.625,41.0,1220,1
C2014,TJL,JL11351,C2014|JL11351,Asp_200,1,182.625,47.0,625,1
C2014,TJL,JL11442,C2014|JL11442,Asp_200,1,182.625,49.0,887,1
C2014,TJL,JL11443,C2014|JL11443,Asp_200,1,182.625,48.0,973,1
C2014,TJL,JL11444,C2014|JL11444,Asp_200,1,182.625,43.0,1073,1
C2014,TJL,JL11526,C2014|JL11526,Asp_200,1,182.625,42.0,960,1
C2014,TJL,JL11527,C2014|JL11527,Asp_200,1,182.625,43.0,946,1
C2014,TJL,JL11528,C2014|JL11528,Asp_200,1,182.625,46.0,897,1
C2014,TJL,JL11538,C2014|JL11538,Asp_200,1,182.625,47.0,861,1
C2014,TJL,JL11539,C2014|JL11539,Asp_200,1,182.625,48.0,275,1
C2014,TJL,JL11540,C2014|JL11540,Asp_200,1,182.625,49.0,1029,1
C2014,TJL,JL11541,C2014|JL11541,Asp_200,1,182.625,36.0,1036,1
C2014,TJL,JL11542,C2014|JL11542,Asp_200,1,182.625,42.0,674,1
C2014,TJL,JL11543,C2014|JL11543,Asp_200,1,182.625,46.0,391,1
C2014,TJL,JL11565,C2014|JL11565,Asp_200,1,182.625,39.0,1078,1
C2014,TJL,JL11566,C2014|JL11566,Asp_200,1,182.625,40.0,845,1
C2014,TJL,JL11567,C2014|JL11567,Asp_200,1,182.625,42.0,977,1
C2014,TJL,JL11568,C2014|JL11568,Asp_200,1,182.625,38.0,901,1
C2014,TJL,JL11569,C2014|JL11569,Asp_200,1,182.625,44.0,741,1
C2014,TJL,JL11570,C2014|JL11570,Asp_200,1,182.625,48.0,488,1
C2014,TJL,JL11607,C2014|JL11607,Asp_200,1,182.625,43.0,1236,1
C2014,TJL,JL11608,C2014|JL11608,Asp_200,1,182.625,38.0,824,1
C2014,TJL,JL11609,C2014|JL11609,Asp_200,1,182.625,39.0,998,1
C2014,TJL,JL11622,C2014|JL11622,Asp_200,1,182.625,39.0,712,1
C2014,TJL,JL11623,C2014|JL11623,Asp_200,1,182.625,39.0,642,1
C2014,TJL,JL11624,C2014|JL11624,Asp_200,1,182.625,45.0,307,1
C2014,TJL,JL11643,C2014|JL11643,Asp_200,1,182.625,41.0,1055,1
C2014,TJL,JL11644,C2014|JL11644,Asp_200,1,182.625,45.0,1148,1
C2014,TJL,JL11645,C2014|JL11645,Asp_200,1,182.625,36.0,910,1
C2014,TJL,JL11093,C2014|JL11093,Control,0,182.625,48.0,526,1
C2014,TJL,JL11094,C2014|JL11094,Control,0,182.625,50.0,891,1
C2014,TJL,JL11095,C2014|JL11095,Control,0,182.625,48.0,365,1
C2014,TJL,JL11184,C2014|JL11184,Control,0,182.625,47.0,702,1
C2014,TJL,JL11185,C2014|JL11185,Control,0,182.625,54.0,630,1
C2014,TJL,JL11186,C2014|JL11186,Control,0,182.625,41.0,917,1
C2014,TJL,JL11190,C2014|JL11190,Control,0,182.625,44.0,1037,1
C2014,TJL,JL11191,C2014|JL11191,Control,0,182.625,44.0,904,1
C2014,TJL,JL11192,C2014|JL11192,Control,0,182.625,41.0,1101,1
C2014,TJL,JL11255,C2014|JL11255,Control,0,182.625,42.0,572,1
C2014,TJL,JL11256,C2014|JL11256,Control,0,182.625,49.0,915,1
C2014,TJL,JL11257,C2014|JL11257,Control,0,182.625,39.0,922,1
C2014,TJL,JL11258,C2014|JL11258,Control,0,182.625,47.0,544,1
C2014,TJL,JL11259,C2014|JL11259,Control,0,182.625,51.0,530,1
C2014,TJL,JL11260,C2014|JL11260,Control,0,182.625,38.0,495,1
C2014,TJL,JL11261,C2014|JL11261,Control,0,182.625,48.0,468,1
C2014,TJL,JL11262,C2014|JL11262,Control,0,182.625,47.0,334,1
C2014,TJL,JL11263,C2014|JL11263,Control,0,182.625,38.0,873,1
C2014,TJL,JL11275,C2014|JL11275,Control,0,182.625,44.0,911,1
C2014,TJL,JL11276,C2014|JL11276,Control,0,182.625,38.0,589,1
C2014,TJL,JL11277,C2014|JL11277,Control,0,182.625,36.0,1176,1
C2014,TJL,JL11284,C2014|JL11284,Control,0,182.625,49.0,443,1
C2014,TJL,JL11285,C2014|JL11285,Control,0,182.625,38.0,946,1
C2014,TJL,JL11286,C2014|JL11286,Control,0,182.625,46.0,520,1
C2014,TJL,JL11309,C2014|JL11309,Control,0,182.625,43.0,738,1
C2014,TJL,JL11310,C2014|JL11310,Control,0,182.625,47.0,813,1
C2014,TJL,JL11311,C2014|JL11311,Control,0,182.625,35.0,1099,1
C2014,TJL,JL11361,C2014|JL11361,Control,0,182.625,30.0,925,1
C2014,TJL,JL11362,C2014|JL11362,Control,0,182.625,34.0,972,1
C2014,TJL,JL11363,C2014|JL11363,Control,0,182.625,32.0,1043,1
C2014,TJL,JL11371,C2014|JL11371,Control,0,182.625,48.0,1029,1
C2014,TJL,JL11372,C2014|JL11372,Control,0,182.625,49.0,1078,1
C2014,TJL,JL11373,C2014|JL11373,Control,0,182.625,50.0,967,1
C2014,TJL,JL11381,C2014|JL11381,Control,0,182.625,39.0,1064,1
C2014,TJL,JL11382,C2014|JL11382,Control,0,182.625,47.0,695,1
C2014,TJL,JL11383,C2014|JL11383,Control,0,182.625,37.0,717,1
C2014,TJL,JL11384,C2014|JL11384,Control,0,182.625,49.0,352,1
C2014,TJL,JL11385,C2014|JL11385,Control,0,182.625,41.0,983,1
C2014,TJL,JL11386,C2014|JL11386,Control,0,182.625,45.0,960,1
C2014,TJL,JL11394,C2014|JL11394,Control,0,182.625,43.0,1068,1
C2014,TJL,JL11395,C2014|JL11395,Control,0,182.625,49.0,866,1
C2014,TJL,JL11396,C2014|JL11396,Control,0,182.625,36.0,1257,1
C2014,TJL,JL11400,C2014|JL11400,Control,0,182.625,47.0,522,1
C2014,TJL,JL11401,C2014|JL11401,Control,0,182.625,42.0,1007,1
C2014,TJL,JL11402,C2014|JL11402,Control,0,182.625,47.0,847,1
C2014,TJL,JL11419,C2014|JL11419,Control,0,182.625,43.0,969,1
C2014,TJL,JL11420,C2014|JL11420,Control,0,182.625,49.0,855,1
C2014,TJL,JL11421,C2014|JL11421,Control,0,182.625,47.0,1272,1
C2014,TJL,JL11428,C2014|JL11428,Control,0,182.625,47.0,848,1
C2014,TJL,JL11429,C2014|JL11429,Control,0,182.625,50.0,463,1
C2014,TJL,JL11430,C2014|JL11430,Control,0,182.625,46.0,1064,1
C2014,TJL,JL11449,C2014|JL11449,Control,0,182.625,46.0,992,1
C2014,TJL,JL11450,C2014|JL11450,Control,0,182.625,45.0,971,1
C2014,TJL,JL11451,C2014|JL11451,Control,0,182.625,43.0,377,1
C2014,TJL,JL11514,C2014|JL11514,Control,0,182.625,51.0,505,1
C2014,TJL,JL11515,C2014|JL11515,Control,0,182.625,43.0,1050,1
C2014,TJL,JL11516,C2014|JL11516,Control,0,182.625,36.0,1111,1
C2014,TJL,JL11517,C2014|JL11517,Control,0,182.625,50.0,994,1
C2014,TJL,JL11518,C2014|JL11518,Control,0,182.625,44.0,590,1
C2014,TJL,JL11519,C2014|JL11519,Control,0,182.625,45.0,994,1
C2014,TJL,JL11529,C2014|JL11529,Control,0,182.625,45.0,519,1
C2014,TJL,JL11530,C2014|JL11530,Control,0,182.625,45.0,359,1
C2014,TJL,JL11531,C2014|JL11531,Control,0,182.625,41.0,1004,1
C2014,TJL,JL11535,C2014|JL11535,Control,0,182.625,43.0,925,1
C2014,TJL,JL11536,C2014|JL11536,Control,0,182.625,39.0,1022,1
C2014,TJL,JL11537,C2014|JL11537,Control,0,182.625,46.0,967,1
C2014,TJL,JL11589,C2014|JL11589,Control,0,182.625,41.0,498,1
C2014,TJL,JL11590,C2014|JL11590,Control,0,182.625,47.0,751,1
C2014,TJL,JL11591,C2014|JL11591,Control,0,182.625,45.0,932,1
C2014,TJL,JL11592,C2014|JL11592,Control,0,182.625,45.0,1161,1
C2014,TJL,JL11593,C2014|JL11593,Control,0,182.625,44.0,269,1
C2014,TJL,JL11594,C2014|JL11594,Control,0,182.625,36.0,973,1
C2014,TJL,JL11613,C2014|JL11613,Control,0,182.625,46.0,549,1
C2014,TJL,JL11614,C2014|JL11614,Control,0,182.625,38.0,846,1
C2014,TJL,JL11615,C2014|JL11615,Control,0,182.625,50.0,544,1
C2014,TJL,JL11619,C2014|JL11619,Control,0,182.625,47.0,992,1
C2014,TJL,JL11620,C2014|JL11620,Control,0,182.625,40.0,846,1
C2014,TJL,JL11621,C2014|JL11621,Control,0,182.625,43.0,622,1
C2014,TJL,JL11625,C2014|JL11625,Control,0,182.625,47.0,838,1
C2014,TJL,JL11626,C2014|JL11626,Control,0,182.625,44.0,1040,1
C2014,TJL,JL11627,C2014|JL11627,Control,0,182.625,41.0,797,1
C2014,TJL,JL11676,C2014|JL11676,Control,0,182.625,42.0,873,1
C2014,TJL,JL11677,C2014|JL11677,Control,0,182.625,38.0,1026,1
C2014,TJL,JL11678,C2014|JL11678,Control,0,182.625,47.0,678,1
C2014,TJL,JL11702,C2014|JL11702,Control,0,182.625,50.0,573,1
C2014,TJL,JL11703,C2014|JL11703,Control,0,182.625,41.0,292,1
C2014,TJL,JL11704,C2014|JL11704,Control,0,182.625,44.0,1179,1
C2014,TJL,JL11716,C2014|JL11716,Control,0,182.625,49.0,274,1
C2014,TJL,JL11717,C2014|JL11717,Control,0,182.625,43.0,680,1
C2014,TJL,JL11718,C2014|JL11718,Control,0,182.625,38.0,980,1
C2014,TJL,JL11728,C2014|JL11728,Control,0,182.625,51.0,757,1
C2014,TJL,JL11729,C2014|JL11729,Control,0,182.625,45.0,969,1
C2014,TJL,JL11730,C2014|JL11730,Control,0,182.625,46.0,559,1
C2014,UT,UT06919,C2014|UT06919,Asp_200,1,182.625,43.200001,411,1
C2014,UT,UT06920,C2014|UT06920,Asp_200,1,182.625,36.900002,933,1
C2014,UT,UT06921,C2014|UT06921,Asp_200,1,182.625,31.799999,269,1
C2014,UT,UT06950,C2014|UT06950,Asp_200,1,182.625,43.299999,857,1
C2014,UT,UT06951,C2014|UT06951,Asp_200,1,182.625,48.900002,553,1
C2014,UT,UT06952,C2014|UT06952,Asp_200,1,182.625,47.700001,917,1
C2014,UT,UT07005,C2014|UT07005,Asp_200,1,182.625,48.299999,992,1
C2014,UT,UT07006,C2014|UT07006,Asp_200,1,182.625,44.799999,604,1
C2014,UT,UT07007,C2014|UT07007,Asp_200,1,182.625,45.200001,1201,1
C2014,UT,UT07063,C2014|UT07063,Asp_200,1,182.625,41.5,584,1
C2014,UT,UT07064,C2014|UT07064,Asp_200,1,182.625,38.900002,1058,1
C2014,UT,UT07065,C2014|UT07065,Asp_200,1,182.625,48.200001,547,1
C2014,UT,UT07101,C2014|UT07101,Asp_200,1,182.625,45.200001,1089,1
C2014,UT,UT07102,C2014|UT07102,Asp_200,1,182.625,49.5,1095,1
C2014,UT,UT07103,C2014|UT07103,Asp_200,1,182.625,45.200001,741,1
C2014,UT,UT07111,C2014|UT07111,Asp_200,1,182.625,40.400002,521,1
C2014,UT,UT07112,C2014|UT07112,Asp_200,1,182.625,36.099998,934,1
C2014,UT,UT07113,C2014|UT07113,Asp_200,1,182.625,44.799999,677,1
C2014,UT,UT07128,C2014|UT07128,Asp_200,1,182.625,41.900002,924,1
C2014,UT,UT07129,C2014|UT07129,Asp_200,1,182.625,41.200001,788,1
C2014,UT,UT07130,C2014|UT07130,Asp_200,1,182.625,43.900002,965,1
C2014,UT,UT07165,C2014|UT07165,Asp_200,1,182.625,37.599998,824,1
C2014,UT,UT07166,C2014|UT07166,Asp_200,1,182.625,38.900002,412,1
C2014,UT,UT07167,C2014|UT07167,Asp_200,1,182.625,42.900002,839,1
C2014,UT,UT07182,C2014|UT07182,Asp_200,1,182.625,41.200001,1047,1
C2014,UT,UT07183,C2014|UT07183,Asp_200,1,182.625,52.400002,541,1
C2014,UT,UT07184,C2014|UT07184,Asp_200,1,182.625,45.5,981,1
C2014,UT,UT07287,C2014|UT07287,Asp_200,1,182.625,44.200001,891,1
C2014,UT,UT07288,C2014|UT07288,Asp_200,1,182.625,36.099998,821,1
C2014,UT,UT07289,C2014|UT07289,Asp_200,1,182.625,43.099998,852,1
C2014,UT,UT07297,C2014|UT07297,Asp_200,1,182.625,48.200001,810,1
C2014,UT,UT07298,C2014|UT07298,Asp_200,1,182.625,47.700001,893,1
C2014,UT,UT07299,C2014|UT07299,Asp_200,1,182.625,52.5,601,1
C2014,UT,UT07304,C2014|UT07304,Asp_200,1,182.625,40.700001,1169,1
C2014,UT,UT07305,C2014|UT07305,Asp_200,1,182.625,46.0,397,1
C2014,UT,UT07306,C2014|UT07306,Asp_200,1,182.625,43.400002,580,1
C2014,UT,UT07325,C2014|UT07325,Asp_200,1,182.625,47.799999,671,1
C2014,UT,UT07326,C2014|UT07326,Asp_200,1,182.625,44.099998,201,1
C2014,UT,UT07327,C2014|UT07327,Asp_200,1,182.625,47.5,583,1
C2014,UT,UT07403,C2014|UT07403,Asp_200,1,182.625,42.0,861,1
C2014,UT,UT07404,C2014|UT07404,Asp_200,1,182.625,45.299999,880,1
C2014,UT,UT07405,C2014|UT07405,Asp_200,1,182.625,43.200001,774,1
C2014,UT,UT07426,C2014|UT07426,Asp_200,1,182.625,35.5,950,1
C2014,UT,UT07427,C2014|UT07427,Asp_200,1,182.625,39.099998,874,1
C2014,UT,UT07428,C2014|UT07428,Asp_200,1,182.625,36.900002,654,1
C2014,UT,UT07461,C2014|UT07461,Asp_200,1,182.625,47.799999,862,1
C2014,UT,UT07462,C2014|UT07462,Asp_200,1,182.625,44.700001,436,1
C2014,UT,UT07463,C2014|UT07463,Asp_200,1,182.625,46.5,788,1
C2014,UT,UT07467,C2014|UT07467,Asp_200,1,182.625,42.200001,743,1
C2014,UT,UT07468,C2014|UT07468,Asp_200,1,182.625,46.799999,682,1
C2014,UT,UT07469,C2014|UT07469,Asp_200,1,182.625,45.200001,464,1
C2014,UT,UT06922,C2014|UT06922,Control,0,182.625,42.200001,678,1
C2014,UT,UT06923,C2014|UT06923,Control,0,182.625,46.599998,617,1
C2014,UT,UT06924,C2014|UT06924,Control,0,182.625,48.900002,353,1
C2014,UT,UT06933,C2014|UT06933,Control,0,182.625,42.599998,1002,1
C2014,UT,UT06934,C2014|UT06934,Control,0,182.625,41.200001,444,1
C2014,UT,UT06935,C2014|UT06935,Control,0,182.625,44.799999,332,1
C2014,UT,UT06936,C2014|UT06936,Control,0,182.625,45.0,803,1
C2014,UT,UT06937,C2014|UT06937,Control,0,182.625,46.900002,931,1
C2014,UT,UT06938,C2014|UT06938,Control,0,182.625,37.299999,1076,1
C2014,UT,UT06960,C2014|UT06960,Control,0,182.625,37.0,924,1
C2014,UT,UT06961,C2014|UT06961,Control,0,182.625,39.5,612,1
C2014,UT,UT06962,C2014|UT06962,Control,0,182.625,40.700001,661,1
C2014,UT,UT06985,C2014|UT06985,Control,0,182.625,44.099998,495,1
C2014,UT,UT06986,C2014|UT06986,Control,0,182.625,51.799999,680,1
C2014,UT,UT06987,C2014|UT06987,Control,0,182.625,42.0,642,1
C2014,UT,UT07033,C2014|UT07033,Control,0,182.625,41.299999,892,1
C2014,UT,UT07034,C2014|UT07034,Control,0,182.625,45.299999,902,1
C2014,UT,UT07035,C2014|UT07035,Control,0,182.625,38.299999,667,1
C2014,UT,UT07053,C2014|UT07053,Control,0,182.625,43.200001,761,1
C2014,UT,UT07054,C2014|UT07054,Control,0,182.625,36.599998,795,1
C2014,UT,UT07055,C2014|UT07055,Control,0,182.625,41.799999,888,1
C2014,UT,UT07074,C2014|UT07074,Control,0,182.625,41.700001,920,1
C2014,UT,UT07075,C2014|UT07075,Control,0,182.625,50.0,928,1
C2014,UT,UT07076,C2014|UT07076,Control,0,182.625,52.799999,888,1
C2014,UT,UT07081,C2014|UT07081,Control,0,182.625,43.900002,513,1
C2014,UT,UT07082,C2014|UT07082,Control,0,182.625,48.200001,387,1
C2014,UT,UT07083,C2014|UT07083,Control,0,182.625,49.799999,590,1
C2014,UT,UT07091,C2014|UT07091,Control,0,182.625,40.0,892,1
C2014,UT,UT07092,C2014|UT07092,Control,0,182.625,44.0,719,1
C2014,UT,UT07093,C2014|UT07093,Control,0,182.625,47.0,748,1
C2014,UT,UT07131,C2014|UT07131,Control,0,182.625,48.799999,832,1
C2014,UT,UT07132,C2014|UT07132,Control,0,182.625,51.400002,362,1
C2014,UT,UT07133,C2014|UT07133,Control,0,182.625,40.400002,693,1
C2014,UT,UT07168,C2014|UT07168,Control,0,182.625,35.599998,1068,1
C2014,UT,UT07169,C2014|UT07169,Control,0,182.625,35.599998,668,1
C2014,UT,UT07170,C2014|UT07170,Control,0,182.625,33.799999,370,1
C2014,UT,UT07189,C2014|UT07189,Control,0,182.625,47.900002,668,1
C2014,UT,UT07190,C2014|UT07190,Control,0,182.625,43.599998,427,1
C2014,UT,UT07191,C2014|UT07191,Control,0,182.625,41.0,943,1
C2014,UT,UT07207,C2014|UT07207,Control,0,182.625,45.599998,559,1
C2014,UT,UT07208,C2014|UT07208,Control,0,182.625,42.299999,282,1
C2014,UT,UT07209,C2014|UT07209,Control,0,182.625,37.799999,901,1
C2014,UT,UT07214,C2014|UT07214,Control,0,182.625,41.299999,990,1
C2014,UT,UT07215,C2014|UT07215,Control,0,182.625,39.700001,469,1
C2014,UT,UT07216,C2014|UT07216,Control,0,182.625,39.799999,1093,1
C2014,UT,UT07220,C2014|UT07220,Control,0,182.625,38.799999,546,1
C2014,UT,UT07221,C2014|UT07221,Control,0,182.625,40.599998,630,1
C2014,UT,UT07222,C2014|UT07222,Control,0,182.625,40.299999,899,1
C2014,UT,UT07230,C2014|UT07230,Control,0,182.625,49.5,960,1
C2014,UT,UT07231,C2014|UT07231,Control,0,182.625,44.0,660,1
C2014,UT,UT07232,C2014|UT07232,Control,0,182.625,50.5,941,1
C2014,UT,UT07237,C2014|UT07237,Control,0,182.625,36.0,1167,1
C2014,UT,UT07239,C2014|UT07239,Control,0,182.625,48.200001,480,1
C2014,UT,UT07271,C2014|UT07271,Control,0,182.625,44.700001,751,1
C2014,UT,UT07272,C2014|UT07272,Control,0,182.625,48.900002,609,1
C2014,UT,UT07273,C2014|UT07273,Control,0,182.625,44.5,435,1
C2014,UT,UT07311,C2014|UT07311,Control,0,182.625,46.099998,688,1
C2014,UT,UT07312,C2014|UT07312,Control,0,182.625,42.799999,982,1
C2014,UT,UT07313,C2014|UT07313,Control,0,182.625,44.900002,977,1
C2014,UT,UT07339,C2014|UT07339,Control,0,182.625,43.900002,828,1
C2014,UT,UT07340,C2014|UT07340,Control,0,182.625,38.200001,1021,1
C2014,UT,UT07341,C2014|UT07341,Control,0,182.625,44.099998,731,1
C2014,UT,UT07345,C2014|UT07345,Control,0,182.625,53.0,348,1
C2014,UT,UT07346,C2014|UT07346,Control,0,182.625,50.0,688,1
C2014,UT,UT07347,C2014|UT07347,Control,0,182.625,50.099998,773,1
C2014,UT,UT07386,C2014|UT07386,Control,0,182.625,42.299999,664,1
C2014,UT,UT07387,C2014|UT07387,Control,0,182.625,46.799999,830,1
C2014,UT,UT07388,C2014|UT07388,Control,0,182.625,41.099998,816,1
C2014,UT,UT07389,C2014|UT07389,Control,0,182.625,46.700001,820,1
C2014,UT,UT07390,C2014|UT07390,Control,0,182.625,52.299999,516,1
C2014,UT,UT07391,C2014|UT07391,Control,0,182.625,37.200001,766,1
C2014,UT,UT07416,C2014|UT07416,Control,0,182.625,45.5,812,1
C2014,UT,UT07417,C2014|UT07417,Control,0,182.625,32.400002,824,1
C2014,UT,UT07418,C2014|UT07418,Control,0,182.625,43.900002,968,1
C2014,UT,UT07447,C2014|UT07447,Control,0,182.625,45.099998,661,1
C2014,UT,UT07448,C2014|UT07448,Control,0,182.625,40.200001,584,1
C2014,UT,UT07449,C2014|UT07449,Control,0,182.625,40.200001,785,1
C2014,UT,UT07454,C2014|UT07454,Control,0,182.625,42.400002,829,1
C2014,UT,UT07455,C2014|UT07455,Control,0,182.625,45.799999,497,1
C2014,UT,UT07456,C2014|UT07456,Control,0,182.625,39.200001,876,1
C2014,UT,UT07477,C2014|UT07477,Control,0,182.625,44.799999,916,1
C2014,UT,UT07478,C2014|UT07478,Control,0,182.625,41.599998,738,1
C2014,UT,UT07479,C2014|UT07479,Control,0,182.625,44.5,905,1
C2014,UT,UT07508,C2014|UT07508,Control,0,182.625,32.700001,847,1
C2014,UT,UT07509,C2014|UT07509,Control,0,182.625,39.200001,316,1
C2014,UT,UT07510,C2014|UT07510,Control,0,182.625,39.599998,499,1
C2014,UT,UT07560,C2014|UT07560,Control,0,182.625,44.599998,223,1
C2014,UT,UT07561,C2014|UT07561,Control,0,182.625,45.400002,818,1
C2014,UT,UT07562,C2014|UT07562,Control,0,182.625,46.5,700,1
C2014,UT,UT07563,C2014|UT07563,Control,0,182.625,38.599998,870,1
C2014,UT,UT07564,C2014|UT07564,Control,0,182.625,46.400002,513,1
C2014,UT,UT07565,C2014|UT07565,Control,0,182.625,44.200001,580,1
C2014,UT,UT07573,C2014|UT07573,Control,0,182.625,43.599998,874,1
C2014,UT,UT07574,C2014|UT07574,Control,0,182.625,46.299999,343,1
C2014,UT,UT07575,C2014|UT07575,Control,0,182.625,44.700001,1044,1
C2014,TJL,JL11013,C2014|JL11013,Asp_60,1,182.625,38.0,960,1
C2014,TJL,JL11014,C2014|JL11014,Asp_60,1,182.625,34.0,1023,1
C2014,TJL,JL11015,C2014|JL11015,Asp_60,1,182.625,46.0,778,1
C2014,TJL,JL11114,C2014|JL11114,Asp_60,1,182.625,41.0,1065,1
C2014,TJL,JL11115,C2014|JL11115,Asp_60,1,182.625,39.0,904,1
C2014,TJL,JL11116,C2014|JL11116,Asp_60,1,182.625,51.0,715,1
C2014,TJL,JL11166,C2014|JL11166,Asp_60,1,182.625,34.0,890,1
C2014,TJL,JL11167,C2014|JL11167,Asp_60,1,182.625,43.0,658,1
C2014,TJL,JL11168,C2014|JL11168,Asp_60,1,182.625,37.0,874,1
C2014,TJL,JL11210,C2014|JL11210,Asp_60,1,182.625,42.0,1198,1
C2014,TJL,JL11211,C2014|JL11211,Asp_60,1,182.625,44.0,493,1
C2014,TJL,JL11212,C2014|JL11212,Asp_60,1,182.625,37.0,1174,1
C2014,TJL,JL11249,C2014|JL11249,Asp_60,1,182.625,48.0,950,1
C2014,TJL,JL11250,C2014|JL11250,Asp_60,1,182.625,41.0,628,1
C2014,TJL,JL11251,C2014|JL11251,Asp_60,1,182.625,43.0,1049,1
C2014,TJL,JL11278,C2014|JL11278,Asp_60,1,182.625,32.0,1071,1
C2014,TJL,JL11279,C2014|JL11279,Asp_60,1,182.625,43.0,920,1
C2014,TJL,JL11280,C2014|JL11280,Asp_60,1,182.625,37.0,589,1
C2014,TJL,JL11281,C2014|JL11281,Asp_60,1,182.625,44.0,799,1
C2014,TJL,JL11282,C2014|JL11282,Asp_60,1,182.625,49.0,1315,1
C2014,TJL,JL11283,C2014|JL11283,Asp_60,1,182.625,44.0,1016,1
C2014,TJL,JL11319,C2014|JL11319,Asp_60,1,182.625,43.0,579,1
C2014,TJL,JL11320,C2014|JL11320,Asp_60,1,182.625,40.0,593,1
C2014,TJL,JL11321,C2014|JL11321,Asp_60,1,182.625,44.0,713,1
C2014,TJL,JL11355,C2014|JL11355,Asp_60,1,182.625,42.0,927,1
C2014,TJL,JL11356,C2014|JL11356,Asp_60,1,182.625,40.0,881,1
C2014,TJL,JL11357,C2014|JL11357,Asp_60,1,182.625,40.0,448,1
C2014,TJL,JL11397,C2014|JL11397,Asp_60,1,182.625,42.0,992,1
C2014,TJL,JL11398,C2014|JL11398,Asp_60,1,182.625,52.0,1040,1
C2014,TJL,JL11399,C2014|JL11399,Asp_60,1,182.625,41.0,936,1
C2014,TJL,JL11478,C2014|JL11478,Asp_60,1,182.625,47.0,1141,1
C2014,TJL,JL11479,C2014|JL11479,Asp_60,1,182.625,40.0,834,1
C2014,TJL,JL11480,C2014|JL11480,Asp_60,1,182.625,35.0,1072,1
C2014,TJL,JL11481,C2014|JL11481,Asp_60,1,182.625,35.0,606,1
C2014,TJL,JL11482,C2014|JL11482,Asp_60,1,182.625,42.0,681,1
C2014,TJL,JL11483,C2014|JL11483,Asp_60,1,182.625,39.0,994,1
C2014,TJL,JL11544,C2014|JL11544,Asp_60,1,182.625,45.0,1090,1
C2014,TJL,JL11545,C2014|JL11545,Asp_60,1,182.625,40.0,537,1
C2014,TJL,JL11546,C2014|JL11546,Asp_60,1,182.625,42.0,964,1
C2014,TJL,JL11550,C2014|JL11550,Asp_60,1,182.625,48.0,481,1
C2014,TJL,JL11551,C2014|JL11551,Asp_60,1,182.625,46.0,679,1
C2014,TJL,JL11552,C2014|JL11552,Asp_60,1,182.625,46.0,251,1
C2014,TJL,JL11586,C2014|JL11586,Asp_60,1,182.625,49.0,918,1
C2014,TJL,JL11587,C2014|JL11587,Asp_60,1,182.625,50.0,680,1
C2014,TJL,JL11588,C2014|JL11588,Asp_60,1,182.625,47.0,267,1
C2014,TJL,JL11616,C2014|JL11616,Asp_60,1,182.625,45.0,887,1
C2014,TJL,JL11617,C2014|JL11617,Asp_60,1,182.625,35.0,642,1
C2014,TJL,JL11618,C2014|JL11618,Asp_60,1,182.625,35.0,901,1
C2014,TJL,JL11679,C2014|JL11679,Asp_60,1,182.625,42.0,698,1
C2014,TJL,JL11680,C2014|JL11680,Asp_60,1,182.625,43.0,1185,1
C2014,TJL,JL11681,C2014|JL11681,Asp_60,1,182.625,42.0,608,1
C2014,TJL,JL11731,C2014|JL11731,Asp_60,1,182.625,43.0,981,1
C2014,TJL,JL11732,C2014|JL11732,Asp_60,1,182.625,37.0,827,1
C2014,TJL,JL11733,C2014|JL11733,Asp_60,1,182.625,44.0,771,1
C2014,UT,UT06992,C2014|UT06992,Asp_60,1,182.625,42.099998,811,1
C2014,UT,UT06993,C2014|UT06993,Asp_60,1,182.625,42.200001,592,1
C2014,UT,UT06994,C2014|UT06994,Asp_60,1,182.625,40.700001,940,1
C2014,UT,UT07002,C2014|UT07002,Asp_60,1,182.625,37.700001,832,1
C2014,UT,UT07003,C2014|UT07003,Asp_60,1,182.625,42.5,828,1
C2014,UT,UT07004,C2014|UT07004,Asp_60,1,182.625,44.900002,472,1
C2014,UT,UT07012,C2014|UT07012,Asp_60,1,182.625,41.0,456,1
C2014,UT,UT07013,C2014|UT07013,Asp_60,1,182.625,53.900002,604,1
C2014,UT,UT07014,C2014|UT07014,Asp_60,1,182.625,46.200001,686,1
C2014,UT,UT07039,C2014|UT07039,Asp_60,1,182.625,42.799999,913,1
C2014,UT,UT07040,C2014|UT07040,Asp_60,1,182.625,41.799999,410,1
C2014,UT,UT07041,C2014|UT07041,Asp_60,1,182.625,50.299999,767,1
C2014,UT,UT07042,C2014|UT07042,Asp_60,1,182.625,35.099998,849,1
C2014,UT,UT07043,C2014|UT07043,Asp_60,1,182.625,49.599998,918,1
C2014,UT,UT07044,C2014|UT07044,Asp_60,1,182.625,44.5,905,1
C2014,UT,UT07138,C2014|UT07138,Asp_60,1,182.625,44.400002,507,1
C2014,UT,UT07139,C2014|UT07139,Asp_60,1,182.625,40.5,378,1
C2014,UT,UT07140,C2014|UT07140,Asp_60,1,182.625,46.299999,267,1
C2014,UT,UT07196,C2014|UT07196,Asp_60,1,182.625,41.700001,903,1
C2014,UT,UT07197,C2014|UT07197,Asp_60,1,182.625,48.900002,459,1
C2014,UT,UT07198,C2014|UT07198,Asp_60,1,182.625,42.900002,867,1
C2014,UT,UT07243,C2014|UT07243,Asp_60,1,182.625,40.5,819,1
C2014,UT,UT07244,C2014|UT07244,Asp_60,1,182.625,44.5,820,1
C2014,UT,UT07245,C2014|UT07245,Asp_60,1,182.625,41.5,430,1
C2014,UT,UT07264,C2014|UT07264,Asp_60,1,182.625,41.099998,964,1
C2014,UT,UT07265,C2014|UT07265,Asp_60,1,182.625,41.700001,603,1
C2014,UT,UT07266,C2014|UT07266,Asp_60,1,182.625,39.099998,754,1
C2014,UT,UT07280,C2014|UT07280,Asp_60,1,182.625,46.599998,532,1
C2014,UT,UT07281,C2014|UT07281,Asp_60,1,182.625,41.900002,323,1
C2014,UT,UT07282,C2014|UT07282,Asp_60,1,182.625,45.400002,217,1
C2014,UT,UT07318,C2014|UT07318,Asp_60,1,182.625,44.900002,820,1
C2014,UT,UT07319,C2014|UT07319,Asp_60,1,182.625,47.099998,924,1
C2014,UT,UT07320,C2014|UT07320,Asp_60,1,182.625,50.599998,587,1
C2014,UT,UT07376,C2014|UT07376,Asp_60,1,182.625,44.599998,611,1
C2014,UT,UT07377,C2014|UT07377,Asp_60,1,182.625,49.0,349,1
C2014,UT,UT07378,C2014|UT07378,Asp_60,1,182.625,44.599998,834,1
C2014,UT,UT07396,C2014|UT07396,Asp_60,1,182.625,41.299999,604,1
C2014,UT,UT07397,C2014|UT07397,Asp_60,1,182.625,48.099998,290,1
C2014,UT,UT07398,C2014|UT07398,Asp_60,1,182.625,37.5,1102,1
C2014,UT,UT07409,C2014|UT07409,Asp_60,1,182.625,39.5,1228,1
C2014,UT,UT07410,C2014|UT07410,Asp_60,1,182.625,50.799999,880,1
C2014,UT,UT07411,C2014|UT07411,Asp_60,1,182.625,49.200001,1142,1
C2014,UT,UT07511,C2014|UT07511,Asp_60,1,182.625,49.900002,490,1
C2014,UT,UT07512,C2014|UT07512,Asp_60,1,182.625,45.700001,713,1
C2014,UT,UT07513,C2014|UT07513,Asp_60,1,182.625,40.700001,794,1
C2014,UT,UT07526,C2014|UT07526,Asp_60,1,182.625,42.099998,562,1
C2014,UT,UT07539,C2014|UT07539,Asp_60,1,182.625,39.799999,512,1
C2014,UT,UT07540,C2014|UT07540,Asp_60,1,182.625,47.400002,326,1
C2014,UT,UT07541,C2014|UT07541,Asp_60,1,182.625,43.799999,687,1
C2014,TJL,JL11034,C2014|JL11034,Inu,1,182.625,32.0,924,1
C2014,TJL,JL11035,C2014|JL11035,Inu,1,182.625,40.0,1188,1
C2014,TJL,JL11036,C2014|JL11036,Inu,1,182.625,41.0,962,1
C2014,TJL,JL11037,C2014|JL11037,Inu,1,182.625,48.0,1093,1
C2014,TJL,JL11038,C2014|JL11038,Inu,1,182.625,43.0,590,1
C2014,TJL,JL11039,C2014|JL11039,Inu,1,182.625,47.0,569,1
C2014,TJL,JL11096,C2014|JL11096,Inu,1,182.625,47.0,518,1
C2014,TJL,JL11097,C2014|JL11097,Inu,1,182.625,54.0,624,1
C2014,TJL,JL11098,C2014|JL11098,Inu,1,182.625,44.0,652,1
C2014,TJL,JL11102,C2014|JL11102,Inu,1,182.625,45.0,906,1
C2014,TJL,JL11103,C2014|JL11103,Inu,1,182.625,48.0,505,1
C2014,TJL,JL11104,C2014|JL11104,Inu,1,182.625,45.0,436,1
C2014,TJL,JL11111,C2014|JL11111,Inu,1,182.625,47.0,835,1
C2014,TJL,JL11112,C2014|JL11112,Inu,1,182.625,51.0,310,1
C2014,TJL,JL11113,C2014|JL11113,Inu,1,182.625,47.0,953,1
C2014,TJL,JL11140,C2014|JL11140,Inu,1,182.625,38.0,1009,1
C2014,TJL,JL11141,C2014|JL11141,Inu,1,182.625,50.0,595,1
C2014,TJL,JL11142,C2014|JL11142,Inu,1,182.625,35.0,1024,1
C2014,TJL,JL11217,C2014|JL11217,Inu,1,182.625,52.0,660,1
C2014,TJL,JL11218,C2014|JL11218,Inu,1,182.625,47.0,282,1
C2014,TJL,JL11219,C2014|JL11219,Inu,1,182.625,48.0,723,1
C2014,TJL,JL11243,C2014|JL11243,Inu,1,182.625,44.0,1194,1
C2014,TJL,JL11244,C2014|JL11244,Inu,1,182.625,40.0,600,1
C2014,TJL,JL11245,C2014|JL11245,Inu,1,182.625,40.0,503,1
C2014,TJL,JL11391,C2014|JL11391,Inu,1,182.625,47.0,684,1
C2014,TJL,JL11392,C2014|JL11392,Inu,1,182.625,36.0,1217,1
C2014,TJL,JL11393,C2014|JL11393,Inu,1,182.625,44.0,522,1
C2014,TJL,JL11532,C2014|JL11532,Inu,1,182.625,36.0,1168,1
C2014,TJL,JL11533,C2014|JL11533,Inu,1,182.625,43.0,399,1
C2014,TJL,JL11534,C2014|JL11534,Inu,1,182.625,42.0,526,1
C2014,TJL,JL11571,C2014|JL11571,Inu,1,182.625,45.0,481,1
C2014,TJL,JL11572,C2014|JL11572,Inu,1,182.625,43.0,1113,1
C2014,TJL,JL11573,C2014|JL11573,Inu,1,182.625,46.0,782,1
C2014,TJL,JL11610,C2014|JL11610,Inu,1,182.625,49.0,489,1
C2014,TJL,JL11611,C2014|JL11611,Inu,1,182.625,40.0,929,1
C2014,TJL,JL11612,C2014|JL11612,Inu,1,182.625,41.0,817,1
C2014,TJL,JL11646,C2014|JL11646,Inu,1,182.625,42.0,778,1
C2014,TJL,JL11647,C2014|JL11647,Inu,1,182.625,40.0,505,1
C2014,TJL,JL11648,C2014|JL11648,Inu,1,182.625,43.0,952,1
C2014,TJL,JL11667,C2014|JL11667,Inu,1,182.625,38.0,1063,1
C2014,TJL,JL11668,C2014|JL11668,Inu,1,182.625,43.0,455,1
C2014,TJL,JL11669,C2014|JL11669,Inu,1,182.625,43.0,820,1
C2014,TJL,JL11670,C2014|JL11670,Inu,1,182.625,41.0,693,1
C2014,TJL,JL11671,C2014|JL11671,Inu,1,182.625,49.0,880,1
C2014,TJL,JL11672,C2014|JL11672,Inu,1,182.625,49.0,558,1
C2014,TJL,JL11693,C2014|JL11693,Inu,1,182.625,47.0,862,1
C2014,TJL,JL11694,C2014|JL11694,Inu,1,182.625,44.0,1147,1
C2014,TJL,JL11695,C2014|JL11695,Inu,1,182.625,49.0,933,1
C2014,TJL,JL11722,C2014|JL11722,Inu,1,182.625,44.0,887,1
C2014,TJL,JL11723,C2014|JL11723,Inu,1,182.625,38.0,935,1
C2014,TJL,JL11724,C2014|JL11724,Inu,1,182.625,41.0,818,1
C2014,UT,UT06916,C2014|UT06916,Inu,1,182.625,46.0,879,1
C2014,UT,UT06917,C2014|UT06917,Inu,1,182.625,39.0,1035,1
C2014,UT,UT06918,C2014|UT06918,Inu,1,182.625,42.900002,454,1
C2014,UT,UT06978,C2014|UT06978,Inu,1,182.625,40.0,567,1
C2014,UT,UT06979,C2014|UT06979,Inu,1,182.625,46.200001,1036,1
C2014,UT,UT06980,C2014|UT06980,Inu,1,182.625,48.299999,1030,1
C2014,UT,UT07088,C2014|UT07088,Inu,1,182.625,42.599998,472,1
C2014,UT,UT07089,C2014|UT07089,Inu,1,182.625,47.099998,811,1
C2014,UT,UT07090,C2014|UT07090,Inu,1,182.625,39.200001,771,1
C2014,UT,UT07118,C2014|UT07118,Inu,1,182.625,49.799999,616,1
C2014,UT,UT07119,C2014|UT07119,Inu,1,182.625,48.0,829,1
C2014,UT,UT07120,C2014|UT07120,Inu,1,182.625,45.5,302,1
C2014,UT,UT07125,C2014|UT07125,Inu,1,182.625,26.200001,196,1
C2014,UT,UT07126,C2014|UT07126,Inu,1,182.625,43.799999,382,1
C2014,UT,UT07127,C2014|UT07127,Inu,1,182.625,30.299999,826,1
C2014,UT,UT07151,C2014|UT07151,Inu,1,182.625,48.299999,831,1
C2014,UT,UT07152,C2014|UT07152,Inu,1,182.625,43.400002,831,1
C2014,UT,UT07153,C2014|UT07153,Inu,1,182.625,50.099998,428,1
C2014,UT,UT07250,C2014|UT07250,Inu,1,182.625,48.200001,866,1
C2014,UT,UT07251,C2014|UT07251,Inu,1,182.625,40.0,765,1
C2014,UT,UT07252,C2014|UT07252,Inu,1,182.625,32.900002,867,1
C2014,UT,UT07274,C2014|UT07274,Inu,1,182.625,35.900002,1221,1
C2014,UT,UT07275,C2014|UT07275,Inu,1,182.625,38.299999,804,1
C2014,UT,UT07276,C2014|UT07276,Inu,1,182.625,43.400002,742,1
C2014,UT,UT07366,C2014|UT07366,Inu,1,182.625,43.700001,706,1
C2014,UT,UT07367,C2014|UT07367,Inu,1,182.625,35.5,908,1
C2014,UT,UT07368,C2014|UT07368,Inu,1,182.625,44.200001,708,1
C2014,UT,UT07379,C2014|UT07379,Inu,1,182.625,40.400002,811,1
C2014,UT,UT07380,C2014|UT07380,Inu,1,182.625,36.599998,806,1
C2014,UT,UT07381,C2014|UT07381,Inu,1,182.625,43.700001,603,1
C2014,UT,UT07406,C2014|UT07406,Inu,1,182.625,40.200001,855,1
C2014,UT,UT07407,C2014|UT07407,Inu,1,182.625,46.0,1034,1
C2014,UT,UT07408,C2014|UT07408,Inu,1,182.625,42.400002,1035,1
C2014,UT,UT07429,C2014|UT07429,Inu,1,182.625,48.900002,312,1
C2014,UT,UT07430,C2014|UT07430,Inu,1,182.625,44.200001,899,1
C2014,UT,UT07431,C2014|UT07431,Inu,1,182.625,43.799999,1049,1
C2014,UT,UT07470,C2014|UT07470,Inu,1,182.625,40.799999,642,1
C2014,UT,UT07471,C2014|UT07471,Inu,1,182.625,45.599998,466,1
C2014,UT,UT07472,C2014|UT07472,Inu,1,182.625,45.099998,941,1
C2014,UT,UT07480,C2014|UT07480,Inu,1,182.625,36.900002,815,1
C2014,UT,UT07481,C2014|UT07481,Inu,1,182.625,43.799999,1062,1
C2014,UT,UT07482,C2014|UT07482,Inu,1,182.625,45.099998,732,1
C2014,UT,UT07505,C2014|UT07505,Inu,1,182.625,46.400002,831,1
C2014,UT,UT07506,C2014|UT07506,Inu,1,182.625,34.0,790,1
C2014,UT,UT07507,C2014|UT07507,Inu,1,182.625,42.299999,596,1
C2014,UT,UT07553,C2014|UT07553,Inu,1,182.625,47.099998,440,1
C2014,UT,UT07554,C2014|UT07554,Inu,1,182.625,43.5,711,1
C2014,UT,UT07555,C2014|UT07555,Inu,1,182.625,33.200001,765,1
C2014,UT,UT07570,C2014|UT07570,Inu,1,182.625,38.900002,595,1
C2014,UT,UT07571,C2014|UT07571,Inu,1,182.625,50.200001,700,1
C2014,UT,UT07572,C2014|UT07572,Inu,1,182.625,42.700001,663,1
C2014,TJL,JL11016,C2014|JL11016,TM,1,182.625,42.0,734,1
C2014,TJL,JL11017,C2014|JL11017,TM,1,182.625,50.0,756,1
C2014,TJL,JL11018,C2014|JL11018,TM,1,182.625,54.0,756,1
C2014,TJL,JL11019,C2014|JL11019,TM,1,182.625,44.0,854,1
C2014,TJL,JL11020,C2014|JL11020,TM,1,182.625,38.0,1079,1
C2014,TJL,JL11021,C2014|JL11021,TM,1,182.625,45.0,869,1
C2014,TJL,JL11099,C2014|JL11099,TM,1,182.625,44.0,701,1
C2014,TJL,JL11100,C2014|JL11100,TM,1,182.625,43.0,1148,1
C2014,TJL,JL11101,C2014|JL11101,TM,1,182.625,35.0,1086,1
C2014,TJL,JL11105,C2014|JL11105,TM,1,182.625,45.0,540,1
C2014,TJL,JL11106,C2014|JL11106,TM,1,182.625,42.0,876,1
C2014,TJL,JL11107,C2014|JL11107,TM,1,182.625,41.0,575,1
C2014,TJL,JL11143,C2014|JL11143,TM,1,182.625,47.0,933,1
C2014,TJL,JL11144,C2014|JL11144,TM,1,182.625,44.0,853,1
C2014,TJL,JL11145,C2014|JL11145,TM,1,182.625,39.0,1128,1
C2014,TJL,JL11169,C2014|JL11169,TM,1,182.625,41.0,1009,1
C2014,TJL,JL11170,C2014|JL11170,TM,1,182.625,40.0,497,1
C2014,TJL,JL11171,C2014|JL11171,TM,1,182.625,43.0,708,1
C2014,TJL,JL11207,C2014|JL11207,TM,1,182.625,34.0,845,1
C2014,TJL,JL11208,C2014|JL11208,TM,1,182.625,46.0,1015,1
C2014,TJL,JL11209,C2014|JL11209,TM,1,182.625,43.0,699,1
C2014,TJL,JL11303,C2014|JL11303,TM,1,182.625,34.0,1139,1
C2014,TJL,JL11304,C2014|JL11304,TM,1,182.625,49.0,582,1
C2014,TJL,JL11305,C2014|JL11305,TM,1,182.625,43.0,1138,1
C2014,TJL,JL11312,C2014|JL11312,TM,1,182.625,47.0,862,1
C2014,TJL,JL11313,C2014|JL11313,TM,1,182.625,41.0,918,1
C2014,TJL,JL11314,C2014|JL11314,TM,1,182.625,46.0,1057,1
C2014,TJL,JL11484,C2014|JL11484,TM,1,182.625,42.0,608,1
C2014,TJL,JL11485,C2014|JL11485,TM,1,182.625,45.0,603,1
C2014,TJL,JL11486,C2014|JL11486,TM,1,182.625,38.0,834,1
C2014,TJL,JL11523,C2014|JL11523,TM,1,182.625,38.0,801,1
C2014,TJL,JL11524,C2014|JL11524,TM,1,182.625,46.0,380,1
C2014,TJL,JL11525,C2014|JL11525,TM,1,182.625,45.0,716,1
C2014,TJL,JL11547,C2014|JL11547,TM,1,182.625,45.0,964,1
C2014,TJL,JL11548,C2014|JL11548,TM,1,182.625,46.0,386,1
C2014,TJL,JL11549,C2014|JL11549,TM,1,182.625,43.0,286,1
C2014,TJL,JL11664,C2014|JL11664,TM,1,182.625,37.0,855,1
C2014,TJL,JL11665,C2014|JL11665,TM,1,182.625,39.0,1079,1
C2014,TJL,JL11666,C2014|JL11666,TM,1,182.625,37.0,932,1
C2014,TJL,JL11690,C2014|JL11690,TM,1,182.625,42.0,477,1
C2014,TJL,JL11691,C2014|JL11691,TM,1,182.625,44.0,335,1
C2014,TJL,JL11692,C2014|JL11692,TM,1,182.625,49.0,665,1
C2014,TJL,JL11713,C2014|JL11713,TM,1,182.625,47.0,668,1
C2014,TJL,JL11714,C2014|JL11714,TM,1,182.625,46.0,860,1
C2014,TJL,JL11715,C2014|JL11715,TM,1,182.625,42.0,778,1
C2014,TJL,JL11725,C2014|JL11725,TM,1,182.625,34.0,1030,1
C2014,TJL,JL11726,C2014|JL11726,TM,1,182.625,47.0,789,1
C2014,TJL,JL11727,C2014|JL11727,TM,1,182.625,40.0,622,1
C2014,UT,UT06943,C2014|UT06943,TM,1,182.625,44.400002,682,1
C2014,UT,UT06944,C2014|UT06944,TM,1,182.625,45.0,719,1
C2014,UT,UT06945,C2014|UT06945,TM,1,182.625,41.5,456,1
C2014,UT,UT06999,C2014|UT06999,TM,1,182.625,47.400002,936,1
C2014,UT,UT07000,C2014|UT07000,TM,1,182.625,48.900002,953,1
C2014,UT,UT07001,C2014|UT07001,TM,1,182.625,47.799999,297,1
C2014,UT,UT07026,C2014|UT07026,TM,1,182.625,47.799999,694,1
C2014,UT,UT07027,C2014|UT07027,TM,1,182.625,46.400002,903,1
C2014,UT,UT07028,C2014|UT07028,TM,1,182.625,30.1,1092,1
C2014,UT,UT07036,C2014|UT07036,TM,1,182.625,41.400002,935,1
C2014,UT,UT07037,C2014|UT07037,TM,1,182.625,37.0,1066,1
C2014,UT,UT07038,C2014|UT07038,TM,1,182.625,39.400002,460,1
C2014,UT,UT07060,C2014|UT07060,TM,1,182.625,45.299999,726,1
C2014,UT,UT07061,C2014|UT07061,TM,1,182.625,45.0,390,1
C2014,UT,UT07062,C2014|UT07062,TM,1,182.625,51.200001,638,1
C2014,UT,UT07145,C2014|UT07145,TM,1,182.625,51.599998,442,1
C2014,UT,UT07146,C2014|UT07146,TM,1,182.625,45.5,365,1
C2014,UT,UT07147,C2014|UT07147,TM,1,182.625,49.200001,776,1
C2014,UT,UT07148,C2014|UT07148,TM,1,182.625,47.400002,1049,1
C2014,UT,UT07149,C2014|UT07149,TM,1,182.625,46.400002,1023,1
C2014,UT,UT07150,C2014|UT07150,TM,1,182.625,48.900002,759,1
C2014,UT,UT07158,C2014|UT07158,TM,1,182.625,40.599998,353,1
C2014,UT,UT07159,C2014|UT07159,TM,1,182.625,47.400002,750,1
C2014,UT,UT07160,C2014|UT07160,TM,1,182.625,45.099998,836,1
C2014,UT,UT07175,C2014|UT07175,TM,1,182.625,42.200001,578,1
C2014,UT,UT07176,C2014|UT07176,TM,1,182.625,40.400002,874,1
C2014,UT,UT07177,C2014|UT07177,TM,1,182.625,34.5,1037,1
C2014,UT,UT07223,C2014|UT07223,TM,1,182.625,47.400002,708,1
C2014,UT,UT07224,C2014|UT07224,TM,1,182.625,33.400002,1132,1
C2014,UT,UT07225,C2014|UT07225,TM,1,182.625,47.700001,873,1
C2014,UT,UT07352,C2014|UT07352,TM,1,182.625,38.799999,902,1
C2014,UT,UT07353,C2014|UT07353,TM,1,182.625,38.5,853,1
C2014,UT,UT07354,C2014|UT07354,TM,1,182.625,37.200001,1005,1
C2014,UT,UT07436,C2014|UT07436,TM,1,182.625,38.799999,1072,1
C2014,UT,UT07437,C2014|UT07437,TM,1,182.625,34.200001,947,1
C2014,UT,UT07438,C2014|UT07438,TM,1,182.625,29.6,898,1
C2014,UT,UT07487,C2014|UT07487,TM,1,182.625,42.599998,510,1
C2014,UT,UT07488,C2014|UT07488,TM,1,182.625,44.400002,726,1
C2014,UT,UT07489,C2014|UT07489,TM,1,182.625,39.0,803,1
C2014,UT,UT07518,C2014|UT07518,TM,1,182.625,43.5,1009,1
C2014,UT,UT07519,C2014|UT07519,TM,1,182.625,36.099998,1130,1
C2014,UT,UT07520,C2014|UT07520,TM,1,182.625,41.5,752,1
C2014,UT,UT07532,C2014|UT07532,TM,1,182.625,33.799999,1079,1
C2014,UT,UT07533,C2014|UT07533,TM,1,182.625,33.299999,787,1
C2014,UT,UT07534,C2014|UT07534,TM,1,182.625,34.599998,953,1
C2014,UT,UT07546,C2014|UT07546,TM,1,182.625,42.299999,867,1
C2014,UT,UT07547,C2014|UT07547,TM,1,182.625,45.299999,351,1
C2014,UT,UT07548,C2014|UT07548,TM,1,182.625,47.799999,442,1
C2014,UT,UT07576,C2014|UT07576,TM,1,182.625,39.700001,473,1
C2014,UT,UT07577,C2014|UT07577,TM,1,182.625,47.599998,371,1
C2014,UT,UT07578,C2014|UT07578,TM,1,182.625,34.5,781,1
C2015,TJL,JL11875,C2015|JL11875,Control,0,182.625,49.0,373,1
C2015,TJL,JL11876,C2015|JL11876,Control,0,182.625,42.0,887,1
C2015,TJL,JL11877,C2015|JL11877,Control,0,182.625,40.0,840,1
C2015,TJL,JL11943,C2015|JL11943,Control,0,182.625,30.0,601,1
C2015,TJL,JL11944,C2015|JL11944,Control,0,182.625,31.0,1237,1
C2015,TJL,JL11945,C2015|JL11945,Control,0,182.625,29.0,1164,1
C2015,TJL,JL11946,C2015|JL11946,Control,0,182.625,37.0,762,1
C2015,TJL,JL11947,C2015|JL11947,Control,0,182.625,40.0,629,1
C2015,TJL,JL11948,C2015|JL11948,Control,0,182.625,41.0,483,1
C2015,TJL,JL11949,C2015|JL11949,Control,0,182.625,47.0,348,1
C2015,TJL,JL11950,C2015|JL11950,Control,0,182.625,40.0,1009,1
C2015,TJL,JL11951,C2015|JL11951,Control,0,182.625,45.0,873,1
C2015,TJL,JL12011,C2015|JL12011,Control,0,182.625,35.0,873,1
C2015,TJL,JL12012,C2015|JL12012,Control,0,182.625,50.0,935,1
C2015,TJL,JL12013,C2015|JL12013,Control,0,182.625,43.0,1061,1
C2015,TJL,JL12022,C2015|JL12022,Control,0,182.625,39.0,918,1
C2015,TJL,JL12023,C2015|JL12023,Control,0,182.625,39.0,942,1
C2015,TJL,JL12024,C2015|JL12024,Control,0,182.625,45.0,239,1
C2015,TJL,JL12064,C2015|JL12064,Control,0,182.625,46.0,820,1
C2015,TJL,JL12065,C2015|JL12065,Control,0,182.625,33.0,885,1
C2015,TJL,JL12066,C2015|JL12066,Control,0,182.625,42.0,945,1
C2015,TJL,JL12067,C2015|JL12067,Control,0,182.625,30.0,1042,1
C2015,TJL,JL12068,C2015|JL12068,Control,0,182.625,36.0,457,1
C2015,TJL,JL12069,C2015|JL12069,Control,0,182.625,46.0,520,1
C2015,TJL,JL12074,C2015|JL12074,Control,0,182.625,34.0,1056,1
C2015,TJL,JL12075,C2015|JL12075,Control,0,182.625,32.0,1094,1
C2015,TJL,JL12113,C2015|JL12113,Control,0,182.625,42.0,932,1
C2015,TJL,JL12114,C2015|JL12114,Control,0,182.625,40.0,768,1
C2015,TJL,JL12115,C2015|JL12115,Control,0,182.625,37.0,392,1
C2015,TJL,JL12129,C2015|JL12129,Control,0,182.625,47.0,289,1
C2015,TJL,JL12130,C2015|JL12130,Control,0,182.625,43.0,1032,1
C2015,TJL,JL12131,C2015|JL12131,Control,0,182.625,33.0,924,1
C2015,TJL,JL12210,C2015|JL12210,Control,0,182.625,36.0,649,1
C2015,TJL,JL12211,C2015|JL12211,Control,0,182.625,38.0,866,1
C2015,TJL,JL12212,C2015|JL12212,Control,0,182.625,32.0,908,1
C2015,TJL,JL12213,C2015|JL12213,Control,0,182.625,32.0,732,1
C2015,TJL,JL12214,C2015|JL12214,Control,0,182.625,46.0,349,1
C2015,TJL,JL12215,C2015|JL12215,Control,0,182.625,50.0,698,1
C2015,TJL,JL12267,C2015|JL12267,Control,0,182.625,40.0,374,1
C2015,TJL,JL12268,C2015|JL12268,Control,0,182.625,37.0,1001,1
C2015,TJL,JL12269,C2015|JL12269,Control,0,182.625,38.0,751,1
C2015,TJL,JL12270,C2015|JL12270,Control,0,182.625,37.0,847,1
C2015,TJL,JL12271,C2015|JL12271,Control,0,182.625,33.0,520,1
C2015,TJL,JL12272,C2015|JL12272,Control,0,182.625,39.0,686,1
C2015,TJL,JL12289,C2015|JL12289,Control,0,182.625,41.0,346,1
C2015,TJL,JL12291,C2015|JL12291,Control,0,182.625,40.0,981,1
C2015,TJL,JL12295,C2015|JL12295,Control,0,182.625,48.0,772,1
C2015,TJL,JL12296,C2015|JL12296,Control,0,182.625,35.0,889,1
C2015,TJL,JL12297,C2015|JL12297,Control,0,182.625,45.0,618,1
C2015,TJL,JL12306,C2015|JL12306,Control,0,182.625,39.0,1028,1
C2015,TJL,JL12307,C2015|JL12307,Control,0,182.625,36.0,882,1
C2015,TJL,JL12308,C2015|JL12308,Control,0,182.625,34.0,882,1
C2015,TJL,JL12309,C2015|JL12309,Control,0,182.625,50.0,1161,1
C2015,TJL,JL12310,C2015|JL12310,Control,0,182.625,44.0,869,1
C2015,TJL,JL12311,C2015|JL12311,Control,0,182.625,43.0,680,1
C2015,TJL,JL12352,C2015|JL12352,Control,0,182.625,41.0,1154,1
C2015,TJL,JL12353,C2015|JL12353,Control,0,182.625,38.0,660,1
C2015,TJL,JL12354,C2015|JL12354,Control,0,182.625,33.0,624,1
C2015,TJL,JL12370,C2015|JL12370,Control,0,182.625,34.0,610,1
C2015,TJL,JL12371,C2015|JL12371,Control,0,182.625,43.0,996,1
C2015,TJL,JL12372,C2015|JL12372,Control,0,182.625,44.0,596,1
C2015,TJL,JL12373,C2015|JL12373,Control,0,182.625,43.0,624,1
C2015,TJL,JL12374,C2015|JL12374,Control,0,182.625,36.0,973,1
C2015,TJL,JL12375,C2015|JL12375,Control,0,182.625,29.0,1183,1
C2015,TJL,JL12385,C2015|JL12385,Control,0,182.625,44.0,540,1
C2015,TJL,JL12386,C2015|JL12386,Control,0,182.625,38.0,996,1
C2015,TJL,JL12387,C2015|JL12387,Control,0,182.625,35.0,1148,1
C2015,TJL,JL12410,C2015|JL12410,Control,0,182.625,47.0,597,1
C2015,TJL,JL12411,C2015|JL12411,Control,0,182.625,40.0,918,1
C2015,TJL,JL12412,C2015|JL12412,Control,0,182.625,50.0,666,1
C2015,TJL,JL12440,C2015|JL12440,Control,0,182.625,40.0,727,1
C2015,TJL,JL12441,C2015|JL12441,Control,0,182.625,39.0,697,1
C2015,TJL,JL12442,C2015|JL12442,Control,0,182.625,46.0,258,1
C2015,TJL,JL12466,C2015|JL12466,Control,0,182.625,37.0,693,1
C2015,TJL,JL12467,C2015|JL12467,Control,0,182.625,38.0,667,1
C2015,TJL,JL12468,C2015|JL12468,Control,0,182.625,36.0,861,1
C2015,TJL,JL12469,C2015|JL12469,Control,0,182.625,37.0,930,1
C2015,TJL,JL12470,C2015|JL12470,Control,0,182.625,39.0,930,1
C2015,TJL,JL12471,C2015|JL12471,Control,0,182.625,41.0,1196,1
C2015,TJL,JL12537,C2015|JL12537,Control,0,182.625,44.0,364,1
C2015,TJL,JL12538,C2015|JL12538,Control,0,182.625,40.0,559,1
C2015,TJL,JL12539,C2015|JL12539,Control,0,182.625,46.0,656,1
C2015,TJL,JL12577,C2015|JL12577,Control,0,182.625,44.0,405,1
C2015,TJL,JL12578,C2015|JL12578,Control,0,182.625,52.0,943,1
C2015,TJL,JL12579,C2015|JL12579,Control,0,182.625,41.0,706,1
C2015,TJL,JL12622,C2015|JL12622,Control,0,182.625,33.0,949,1
C2015,TJL,JL12623,C2015|JL12623,Control,0,182.625,35.0,607,1
C2015,TJL,JL12624,C2015|JL12624,Control,0,182.625,40.0,817,1
C2015,TJL,JL12696,C2015|JL12696,Control,0,182.625,35.0,534,1
C2015,TJL,JL12697,C2015|JL12697,Control,0,182.625,48.0,1085,1
C2015,TJL,JL12698,C2015|JL12698,Control,0,182.625,46.0,925,1
C2015,TJL,JL11882,C2015|JL11882,MitoQ,1,182.625,39.0,1173,1
C2015,TJL,JL11883,C2015|JL11883,MitoQ,1,182.625,31.0,1096,1
C2015,TJL,JL11884,C2015|JL11884,MitoQ,1,182.625,30.0,956,1
C2015,TJL,JL11917,C2015|JL11917,MitoQ,1,182.625,36.0,559,1
C2015,TJL,JL11918,C2015|JL11918,MitoQ,1,182.625,38.0,331,1
C2015,TJL,JL11919,C2015|JL11919,MitoQ,1,182.625,38.0,939,1
C2015,TJL,JL11985,C2015|JL11985,MitoQ,1,182.625,45.0,307,1
C2015,TJL,JL11986,C2015|JL11986,MitoQ,1,182.625,43.0,510,1
C2015,TJL,JL11987,C2015|JL11987,MitoQ,1,182.625,43.0,545,1
C2015,TJL,JL11988,C2015|JL11988,MitoQ,1,182.625,35.0,1366,1
C2015,TJL,JL11989,C2015|JL11989,MitoQ,1,182.625,32.0,811,1
C2015,TJL,JL11990,C2015|JL11990,MitoQ,1,182.625,35.0,663,1
C2015,TJL,JL11994,C2015|JL11994,MitoQ,1,182.625,32.0,601,1
C2015,TJL,JL11995,C2015|JL11995,MitoQ,1,182.625,34.0,438,1
C2015,TJL,JL11996,C2015|JL11996,MitoQ,1,182.625,42.0,504,1
C2015,TJL,JL12008,C2015|JL12008,MitoQ,1,182.625,45.0,1116,1
C2015,TJL,JL12009,C2015|JL12009,MitoQ,1,182.625,39.0,839,1
C2015,TJL,JL12010,C2015|JL12010,MitoQ,1,182.625,43.0,886,1
C2015,TJL,JL12058,C2015|JL12058,MitoQ,1,182.625,45.0,1050,1
C2015,TJL,JL12059,C2015|JL12059,MitoQ,1,182.625,41.0,673,1
C2015,TJL,JL12060,C2015|JL12060,MitoQ,1,182.625,38.0,512,1
C2015,TJL,JL12070,C2015|JL12070,MitoQ,1,182.625,32.0,734,1
C2015,TJL,JL12071,C2015|JL12071,MitoQ,1,182.625,37.0,681,1
C2015,TJL,JL12072,C2015|JL12072,MitoQ,1,182.625,41.0,1144,1
C2015,TJL,JL12164,C2015|JL12164,MitoQ,1,182.625,43.0,873,1
C2015,TJL,JL12165,C2015|JL12165,MitoQ,1,182.625,34.0,942,1
C2015,TJL,JL12166,C2015|JL12166,MitoQ,1,182.625,47.0,378,1
C2015,TJL,JL12258,C2015|JL12258,MitoQ,1,182.625,40.0,862,1
C2015,TJL,JL12259,C2015|JL12259,MitoQ,1,182.625,36.0,800,1
C2015,TJL,JL12260,C2015|JL12260,MitoQ,1,182.625,45.0,869,1
C2015,TJL,JL12407,C2015|JL12407,MitoQ,1,182.625,35.0,960,1
C2015,TJL,JL12408,C2015|JL12408,MitoQ,1,182.625,39.0,946,1
C2015,TJL,JL12409,C2015|JL12409,MitoQ,1,182.625,43.0,639,1
C2015,TJL,JL12501,C2015|JL12501,MitoQ,1,182.625,49.0,502,1
C2015,TJL,JL12502,C2015|JL12502,MitoQ,1,182.625,51.0,322,1
C2015,TJL,JL12503,C2015|JL12503,MitoQ,1,182.625,43.0,747,1
C2015,TJL,JL12504,C2015|JL12504,MitoQ,1,182.625,38.0,1015,1
C2015,TJL,JL12505,C2015|JL12505,MitoQ,1,182.625,46.0,586,1
C2015,TJL,JL12506,C2015|JL12506,MitoQ,1,182.625,40.0,1025,1
C2015,TJL,JL12516,C2015|JL12516,MitoQ,1,182.625,36.0,775,1
C2015,TJL,JL12517,C2015|JL12517,MitoQ,1,182.625,35.0,779,1
C2015,TJL,JL12518,C2015|JL12518,MitoQ,1,182.625,50.0,929,1
C2015,TJL,JL12604,C2015|JL12604,MitoQ,1,182.625,39.0,799,1
C2015,TJL,JL12605,C2015|JL12605,MitoQ,1,182.625,36.0,676,1
C2015,TJL,JL12606,C2015|JL12606,MitoQ,1,182.625,36.0,993,1
C2015,TJL,JL12634,C2015|JL12634,MitoQ,1,182.625,33.0,1051,1
C2015,TJL,JL12635,C2015|JL12635,MitoQ,1,182.625,45.0,314,1
C2015,TJL,JL12636,C2015|JL12636,MitoQ,1,182.625,38.0,990,1
C2015,TJL,JL12659,C2015|JL12659,MitoQ,1,182.625,42.0,1212,1
C2015,TJL,JL12660,C2015|JL12660,MitoQ,1,182.625,44.0,1184,1
C2015,TJL,JL12661,C2015|JL12661,MitoQ,1,182.625,39.0,945,1
C2015,UT,UT07579,C2015|UT07579,Control,0,182.625,51.400002,268,1
C2015,UT,UT07580,C2015|UT07580,Control,0,182.625,40.5,951,1
C2015,UT,UT07581,C2015|UT07581,Control,0,182.625,43.200001,860,1
C2015,UT,UT07589,C2015|UT07589,Control,0,182.625,40.799999,304,1
C2015,UT,UT07590,C2015|UT07590,Control,0,182.625,49.400002,638,1
C2015,UT,UT07591,C2015|UT07591,Control,0,182.625,38.200001,864,1
C2015,UT,UT07592,C2015|UT07592,Control,0,182.625,48.5,605,1
C2015,UT,UT07593,C2015|UT07593,Control,0,182.625,40.5,1000,1
C2015,UT,UT07594,C2015|UT07594,Control,0,182.625,42.700001,852,1
C2015,UT,UT07610,C2015|UT07610,Control,0,182.625,44.299999,462,1
C2015,UT,UT07611,C2015|UT07611,Control,0,182.625,33.700001,1147,1
C2015,UT,UT07612,C2015|UT07612,Control,0,182.625,36.5,352,1
C2015,UT,UT07624,C2015|UT07624,Control,0,182.625,42.700001,307,1
C2015,UT,UT07625,C2015|UT07625,Control,0,182.625,46.0,837,1
C2015,UT,UT07626,C2015|UT07626,Control,0,182.625,45.0,626,1
C2015,UT,UT07631,C2015|UT07631,Control,0,182.625,47.0,1111,1
C2015,UT,UT07632,C2015|UT07632,Control,0,182.625,37.400002,1111,1
C2015,UT,UT07633,C2015|UT07633,Control,0,182.625,47.599998,1025,1
C2015,UT,UT07665,C2015|UT07665,Control,0,182.625,42.799999,671,1
C2015,UT,UT07666,C2015|UT07666,Control,0,182.625,38.099998,276,1
C2015,UT,UT07667,C2015|UT07667,Control,0,182.625,37.099998,563,1
C2015,UT,UT07672,C2015|UT07672,Control,0,182.625,35.0,994,1
C2015,UT,UT07673,C2015|UT07673,Control,0,182.625,45.400002,1024,1
C2015,UT,UT07674,C2015|UT07674,Control,0,182.625,36.599998,546,1
C2015,UT,UT07700,C2015|UT07700,Control,0,182.625,46.099998,326,1
C2015,UT,UT07702,C2015|UT07702,Control,0,182.625,32.0,730,1
C2015,UT,UT07725,C2015|UT07725,Control,0,182.625,31.6,578,1
C2015,UT,UT07727,C2015|UT07727,Control,0,182.625,37.799999,683,1
C2015,UT,UT07770,C2015|UT07770,Control,0,182.625,37.0,1118,1
C2015,UT,UT07771,C2015|UT07771,Control,0,182.625,42.0,539,1
C2015,UT,UT07772,C2015|UT07772,Control,0,182.625,34.700001,1056,1
C2015,UT,UT07773,C2015|UT07773,Control,0,182.625,51.900002,500,1
C2015,UT,UT07774,C2015|UT07774,Control,0,182.625,39.0,847,1
C2015,UT,UT07775,C2015|UT07775,Control,0,182.625,45.5,351,1
C2015,UT,UT07787,C2015|UT07787,Control,0,182.625,37.299999,905,1
C2015,UT,UT07788,C2015|UT07788,Control,0,182.625,42.200001,576,1
C2015,UT,UT07789,C2015|UT07789,Control,0,182.625,44.0,762,1
C2015,UT,UT07793,C2015|UT07793,Control,0,182.625,45.0,241,1
C2015,UT,UT07794,C2015|UT07794,Control,0,182.625,43.700001,976,1
C2015,UT,UT07795,C2015|UT07795,Control,0,182.625,53.299999,437,1
C2015,UT,UT07810,C2015|UT07810,Control,0,182.625,35.299999,1220,1
C2015,UT,UT07811,C2015|UT07811,Control,0,182.625,42.0,877,1
C2015,UT,UT07812,C2015|UT07812,Control,0,182.625,41.799999,1176,1
C2015,UT,UT07866,C2015|UT07866,Control,0,182.625,42.200001,815,1
C2015,UT,UT07867,C2015|UT07867,Control,0,182.625,38.799999,916,1
C2015,UT,UT07868,C2015|UT07868,Control,0,182.625,33.599998,451,1
C2015,UT,UT07922,C2015|UT07922,Control,0,182.625,45.200001,884,1
C2015,UT,UT07923,C2015|UT07923,Control,0,182.625,46.799999,300,1
C2015,UT,UT07924,C2015|UT07924,Control,0,182.625,41.599998,888,1
C2015,UT,UT07928,C2015|UT07928,Control,0,182.625,41.700001,394,1
C2015,UT,UT07929,C2015|UT07929,Control,0,182.625,38.900002,786,1
C2015,UT,UT07930,C2015|UT07930,Control,0,182.625,49.900002,237,1
C2015,UT,UT08033,C2015|UT08033,Control,0,182.625,34.200001,842,1
C2015,UT,UT08034,C2015|UT08034,Control,0,182.625,46.900002,387,1
C2015,UT,UT08035,C2015|UT08035,Control,0,182.625,48.599998,876,1
C2015,UT,UT08044,C2015|UT08044,Control,0,182.625,37.200001,1106,1
C2015,UT,UT08045,C2015|UT08045,Control,0,182.625,34.299999,923,1
C2015,UT,UT08046,C2015|UT08046,Control,0,182.625,43.5,419,1
C2015,UT,UT08061,C2015|UT08061,Control,0,182.625,42.700001,412,1
C2015,UT,UT08062,C2015|UT08062,Control,0,182.625,45.400002,796,1
C2015,UT,UT08063,C2015|UT08063,Control,0,182.625,34.0,903,1
C2015,UT,UT08094,C2015|UT08094,Control,0,182.625,36.900002,864,1
C2015,UT,UT08095,C2015|UT08095,Control,0,182.625,46.400002,607,1
C2015,UT,UT08128,C2015|UT08128,Control,0,182.625,38.299999,809,1
C2015,UT,UT08129,C2015|UT08129,Control,0,182.625,47.799999,519,1
C2015,UT,UT08130,C2015|UT08130,Control,0,182.625,41.700001,912,1
C2015,UT,UT08182,C2015|UT08182,Control,0,182.625,43.700001,487,1
C2015,UT,UT08183,C2015|UT08183,Control,0,182.625,45.200001,720,1
C2015,UT,UT08184,C2015|UT08184,Control,0,182.625,40.299999,1086,1
C2015,UT,UT08193,C2015|UT08193,Control,0,182.625,36.900002,839,1
C2015,UT,UT08194,C2015|UT08194,Control,0,182.625,38.0,879,1
C2015,UT,UT08195,C2015|UT08195,Control,0,182.625,35.599998,876,1
C2015,UT,UT08277,C2015|UT08277,Control,0,182.625,33.599998,869,1
C2015,UT,UT08278,C2015|UT08278,Control,0,182.625,41.0,806,1
C2015,UT,UT08279,C2015|UT08279,Control,0,182.625,39.599998,674,1
C2015,UT,UT08291,C2015|UT08291,Control,0,182.625,43.799999,668,1
C2015,UT,UT08292,C2015|UT08292,Control,0,182.625,44.599998,814,1
C2015,UT,UT08293,C2015|UT08293,Control,0,182.625,41.400002,529,1
C2015,UT,UT08296,C2015|UT08296,Control,0,182.625,45.200001,775,1
C2015,UT,UT08363,C2015|UT08363,Control,0,182.625,40.0,849,1
C2015,UT,UT08364,C2015|UT08364,Control,0,182.625,43.400002,373,1
C2015,UT,UT08365,C2015|UT08365,Control,0,182.625,45.099998,510,1
C2015,UT,UT08393,C2015|UT08393,Control,0,182.625,37.400002,1019,1
C2015,UT,UT08394,C2015|UT08394,Control,0,182.625,42.200001,730,1
C2015,UT,UT08395,C2015|UT08395,Control,0,182.625,41.299999,796,1
C2015,UT,UT08424,C2015|UT08424,Control,0,182.625,48.799999,771,1
C2015,UT,UT08425,C2015|UT08425,Control,0,182.625,44.799999,395,1
C2015,UT,UT08426,C2015|UT08426,Control,0,182.625,45.0,941,1
C2015,UT,UT08462,C2015|UT08462,Control,0,182.625,42.5,810,1
C2015,UT,UT08463,C2015|UT08463,Control,0,182.625,44.200001,405,1
C2015,UT,UT08464,C2015|UT08464,Control,0,182.625,46.099998,420,1
C2015,UT,UT07651,C2015|UT07651,MitoQ,1,182.625,33.400002,680,1
C2015,UT,UT07652,C2015|UT07652,MitoQ,1,182.625,32.099998,636,1
C2015,UT,UT07653,C2015|UT07653,MitoQ,1,182.625,41.599998,997,1
C2015,UT,UT07662,C2015|UT07662,MitoQ,1,182.625,41.799999,804,1
C2015,UT,UT07663,C2015|UT07663,MitoQ,1,182.625,43.299999,761,1
C2015,UT,UT07664,C2015|UT07664,MitoQ,1,182.625,48.5,814,1
C2015,UT,UT07710,C2015|UT07710,MitoQ,1,182.625,45.099998,781,1
C2015,UT,UT07711,C2015|UT07711,MitoQ,1,182.625,43.799999,806,1
C2015,UT,UT07712,C2015|UT07712,MitoQ,1,182.625,46.5,630,1
C2015,UT,UT07745,C2015|UT07745,MitoQ,1,182.625,35.799999,662,1
C2015,UT,UT07746,C2015|UT07746,MitoQ,1,182.625,37.400002,1128,1
C2015,UT,UT07747,C2015|UT07747,MitoQ,1,182.625,41.400002,767,1
C2015,UT,UT07756,C2015|UT07756,MitoQ,1,182.625,43.200001,444,1
C2015,UT,UT07757,C2015|UT07757,MitoQ,1,182.625,38.900002,676,1
C2015,UT,UT07758,C2015|UT07758,MitoQ,1,182.625,43.200001,901,1
C2015,UT,UT07763,C2015|UT07763,MitoQ,1,182.625,41.400002,1190,1
C2015,UT,UT07764,C2015|UT07764,MitoQ,1,182.625,45.299999,906,1
C2015,UT,UT07765,C2015|UT07765,MitoQ,1,182.625,42.299999,718,1
C2015,UT,UT07800,C2015|UT07800,MitoQ,1,182.625,41.900002,417,1
C2015,UT,UT07801,C2015|UT07801,MitoQ,1,182.625,42.900002,713,1
C2015,UT,UT07802,C2015|UT07802,MitoQ,1,182.625,38.5,983,1
C2015,UT,UT07873,C2015|UT07873,MitoQ,1,182.625,42.099998,368,1
C2015,UT,UT07874,C2015|UT07874,MitoQ,1,182.625,41.299999,1132,1
C2015,UT,UT07875,C2015|UT07875,MitoQ,1,182.625,36.400002,842,1
C2015,UT,UT07894,C2015|UT07894,MitoQ,1,182.625,53.5,287,1
C2015,UT,UT07895,C2015|UT07895,MitoQ,1,182.625,47.799999,639,1
C2015,UT,UT07896,C2015|UT07896,MitoQ,1,182.625,43.799999,636,1
C2015,UT,UT07901,C2015|UT07901,MitoQ,1,182.625,44.799999,793,1
C2015,UT,UT07902,C2015|UT07902,MitoQ,1,182.625,45.200001,753,1
C2015,UT,UT07903,C2015|UT07903,MitoQ,1,182.625,44.5,629,1
C2015,UT,UT07997,C2015|UT07997,MitoQ,1,182.625,49.200001,538,1
C2015,UT,UT07998,C2015|UT07998,MitoQ,1,182.625,38.700001,1066,1
C2015,UT,UT07999,C2015|UT07999,MitoQ,1,182.625,46.099998,916,1
C2015,UT,UT08016,C2015|UT08016,MitoQ,1,182.625,36.400002,1050,1
C2015,UT,UT08017,C2015|UT08017,MitoQ,1,182.625,45.700001,811,1
C2015,UT,UT08018,C2015|UT08018,MitoQ,1,182.625,49.200001,282,1
C2015,UT,UT08071,C2015|UT08071,MitoQ,1,182.625,26.5,926,1
C2015,UT,UT08072,C2015|UT08072,MitoQ,1,182.625,40.400002,371,1
C2015,UT,UT08073,C2015|UT08073,MitoQ,1,182.625,47.099998,553,1
C2015,UT,UT08145,C2015|UT08145,MitoQ,1,182.625,39.200001,1032,1
C2015,UT,UT08146,C2015|UT08146,MitoQ,1,182.625,34.200001,879,1
C2015,UT,UT08147,C2015|UT08147,MitoQ,1,182.625,44.099998,834,1
C2015,UT,UT08220,C2015|UT08220,MitoQ,1,182.625,39.0,1135,1
C2015,UT,UT08240,C2015|UT08240,MitoQ,1,182.625,35.599998,890,1
C2015,UT,UT08241,C2015|UT08241,MitoQ,1,182.625,43.299999,613,1
C2015,UT,UT08242,C2015|UT08242,MitoQ,1,182.625,46.599998,787,1
C2016,TJL,JL12912,C2016|JL12912,Control,0,182.625,51.0,799,1
C2016,TJL,JL12913,C2016|JL12913,Control,0,182.625,39.0,699,1
C2016,TJL,JL12914,C2016|JL12914,Control,0,182.625,37.0,816,1
C2016,TJL,JL12961,C2016|JL12961,Control,0,182.625,33.0,700,1
C2016,TJL,JL12962,C2016|JL12962,Control,0,182.625,32.0,552,1
C2016,TJL,JL12963,C2016|JL12963,Control,0,182.625,41.0,689,1
C2016,TJL,JL12970,C2016|JL12970,Control,0,182.625,49.0,420,1
C2016,TJL,JL12971,C2016|JL12971,Control,0,182.625,49.0,685,1
C2016,TJL,JL12972,C2016|JL12972,Control,0,182.625,42.0,796,1
C2016,TJL,JL13014,C2016|JL13014,Control,0,182.625,48.0,1005,1
C2016,TJL,JL13015,C2016|JL13015,Control,0,182.625,44.0,752,1
C2016,TJL,JL13016,C2016|JL13016,Control,0,182.625,51.0,357,1
C2016,TJL,JL13074,C2016|JL13074,Control,0,182.625,46.0,1019,1
C2016,TJL,JL13075,C2016|JL13075,Control,0,182.625,47.0,847,1
C2016,TJL,JL13076,C2016|JL13076,Control,0,182.625,44.0,880,1
C2016,TJL,JL13077,C2016|JL13077,Control,0,182.625,45.0,1027,1
C2016,TJL,JL13078,C2016|JL13078,Control,0,182.625,51.0,631,1
C2016,TJL,JL13079,C2016|JL13079,Control,0,182.625,48.0,687,1
C2016,TJL,JL13092,C2016|JL13092,Control,0,182.625,41.0,428,1
C2016,TJL,JL13093,C2016|JL13093,Control,0,182.625,44.0,940,1
C2016,TJL,JL13094,C2016|JL13094,Control,0,182.625,31.0,1095,1
C2016,TJL,JL13098,C2016|JL13098,Control,0,182.625,47.0,610,1
C2016,TJL,JL13099,C2016|JL13099,Control,0,182.625,47.0,978,1
C2016,TJL,JL13100,C2016|JL13100,Control,0,182.625,47.0,641,1
C2016,TJL,JL13138,C2016|JL13138,Control,0,182.625,43.0,817,1
C2016,TJL,JL13139,C2016|JL13139,Control,0,182.625,42.0,533,1
C2016,TJL,JL13140,C2016|JL13140,Control,0,182.625,34.0,1103,1
C2016,TJL,JL13161,C2016|JL13161,Control,0,182.625,42.0,856,1
C2016,TJL,JL13162,C2016|JL13162,Control,0,182.625,46.0,530,1
C2016,TJL,JL13163,C2016|JL13163,Control,0,182.625,52.0,283,1
C2016,TJL,JL13170,C2016|JL13170,Control,0,182.625,50.0,611,1
C2016,TJL,JL13171,C2016|JL13171,Control,0,182.625,45.0,855,1
C2016,TJL,JL13172,C2016|JL13172,Control,0,182.625,47.0,747,1
C2016,TJL,JL13204,C2016|JL13204,Control,0,182.625,43.0,892,1
C2016,TJL,JL13205,C2016|JL13205,Control,0,182.625,47.0,842,1
C2016,TJL,JL13206,C2016|JL13206,Control,0,182.625,47.0,645,1
C2016,TJL,JL13210,C2016|JL13210,Control,0,182.625,41.0,666,1
C2016,TJL,JL13211,C2016|JL13211,Control,0,182.625,34.0,802,1
C2016,TJL,JL13216,C2016|JL13216,Control,0,182.625,47.0,435,1
C2016,TJL,JL13217,C2016|JL13217,Control,0,182.625,47.0,793,1
C2016,TJL,JL13218,C2016|JL13218,Control,0,182.625,46.0,883,1
C2016,TJL,JL13263,C2016|JL13263,Control,0,182.625,42.0,891,1
C2016,TJL,JL13264,C2016|JL13264,Control,0,182.625,44.0,892,1
C2016,TJL,JL13265,C2016|JL13265,Control,0,182.625,49.0,421,1
C2016,TJL,JL13266,C2016|JL13266,Control,0,182.625,48.0,296,1
C2016,TJL,JL13267,C2016|JL13267,Control,0,182.625,38.0,995,1
C2016,TJL,JL13268,C2016|JL13268,Control,0,182.625,45.0,518,1
C2016,TJL,JL13286,C2016|JL13286,Control,0,182.625,48.0,950,1
C2016,TJL,JL13287,C2016|JL13287,Control,0,182.625,34.0,751,1
C2016,TJL,JL13288,C2016|JL13288,Control,0,182.625,41.0,932,1
C2016,TJL,JL13378,C2016|JL13378,Control,0,182.625,51.0,875,1
C2016,TJL,JL13379,C2016|JL13379,Control,0,182.625,44.0,813,1
C2016,TJL,JL13380,C2016|JL13380,Control,0,182.625,43.0,689,1
C2016,TJL,JL13398,C2016|JL13398,Control,0,182.625,48.0,372,1
C2016,TJL,JL13399,C2016|JL13399,Control,0,182.625,51.0,755,1
C2016,TJL,JL13400,C2016|JL13400,Control,0,182.625,48.0,974,1
C2016,TJL,JL13443,C2016|JL13443,Control,0,182.625,47.0,900,1
C2016,TJL,JL13444,C2016|JL13444,Control,0,182.625,49.0,332,1
C2016,TJL,JL13445,C2016|JL13445,Control,0,182.625,44.0,802,1
C2016,TJL,JL13490,C2016|JL13490,Control,0,182.625,38.0,525,1
C2016,TJL,JL13491,C2016|JL13491,Control,0,182.625,48.0,525,1
C2016,TJL,JL13492,C2016|JL13492,Control,0,182.625,50.0,610,1
C2016,TJL,JL13510,C2016|JL13510,Control,0,182.625,37.0,642,1
C2016,TJL,JL13511,C2016|JL13511,Control,0,182.625,43.0,460,1
C2016,TJL,JL13512,C2016|JL13512,Control,0,182.625,41.0,454,1
C2016,TJL,JL13624,C2016|JL13624,Control,0,182.625,45.0,603,1
C2016,TJL,JL13625,C2016|JL13625,Control,0,182.625,45.0,989,1
C2016,TJL,JL13626,C2016|JL13626,Control,0,182.625,44.0,935,1
C2016,TJL,JL13627,C2016|JL13627,Control,0,182.625,43.0,383,1
C2016,TJL,JL13628,C2016|JL13628,Control,0,182.625,38.0,1048,1
C2016,TJL,JL13629,C2016|JL13629,Control,0,182.625,41.0,680,1
C2016,TJL,JL13636,C2016|JL13636,Control,0,182.625,36.0,690,1
C2016,TJL,JL13637,C2016|JL13637,Control,0,182.625,40.0,1262,1
C2016,TJL,JL13638,C2016|JL13638,Control,0,182.625,46.0,785,1
C2016,TJL,JL13642,C2016|JL13642,Control,0,182.625,45.0,612,1
C2016,TJL,JL13643,C2016|JL13643,Control,0,182.625,41.0,774,1
C2016,TJL,JL13644,C2016|JL13644,Control,0,182.625,45.0,556,1
C2016,TJL,JL13677,C2016|JL13677,Control,0,182.625,38.0,694,1
C2016,TJL,JL13678,C2016|JL13678,Control,0,182.625,45.0,608,1
C2016,TJL,JL13679,C2016|JL13679,Control,0,182.625,39.0,683,1
C2016,TJL,JL13718,C2016|JL13718,Control,0,182.625,38.0,680,1
C2016,TJL,JL13719,C2016|JL13719,Control,0,182.625,36.0,1146,1
C2016,TJL,JL13720,C2016|JL13720,Control,0,182.625,43.0,891,1
C2016,TJL,JL13721,C2016|JL13721,Control,0,182.625,40.0,334,1
C2016,TJL,JL13722,C2016|JL13722,Control,0,182.625,40.0,1139,1
C2016,TJL,JL13839,C2016|JL13839,Control,0,182.625,48.0,764,1
C2016,TJL,JL13840,C2016|JL13840,Control,0,182.625,46.0,702,1
C2016,TJL,JL13841,C2016|JL13841,Control,0,182.625,46.0,337,1
C2016,TJL,JL13865,C2016|JL13865,Control,0,182.625,38.0,897,1
C2016,TJL,JL13866,C2016|JL13866,Control,0,182.625,43.0,763,1
C2016,TJL,JL13936,C2016|JL13936,Control,0,182.625,48.0,674,1
C2016,TJL,JL13937,C2016|JL13937,Control,0,182.625,38.0,1176,1
C2016,TJL,JL13938,C2016|JL13938,Control,0,182.625,43.0,946,1
C2016,TJL,JL12976,C2016|JL12976,NR,1,182.625,45.0,638,1
C2016,TJL,JL12977,C2016|JL12977,NR,1,182.625,46.0,477,1
C2016,TJL,JL12978,C2016|JL12978,NR,1,182.625,42.0,1086,1
C2016,TJL,JL12979,C2016|JL12979,NR,1,182.625,55.0,808,1
C2016,TJL,JL12980,C2016|JL12980,NR,1,182.625,54.0,897,1
C2016,TJL,JL12981,C2016|JL12981,NR,1,182.625,49.0,801,1
C2016,TJL,JL12983,C2016|JL12983,NR,1,182.625,51.0,506,1
C2016,TJL,JL12984,C2016|JL12984,NR,1,182.625,55.0,379,1
C2016,TJL,JL13017,C2016|JL13017,NR,1,182.625,39.0,907,1
C2016,TJL,JL13018,C2016|JL13018,NR,1,182.625,48.0,865,1
C2016,TJL,JL13019,C2016|JL13019,NR,1,182.625,55.0,709,1
C2016,TJL,JL13033,C2016|JL13033,NR,1,182.625,39.0,944,1
C2016,TJL,JL13034,C2016|JL13034,NR,1,182.625,46.0,287,1
C2016,TJL,JL13035,C2016|JL13035,NR,1,182.625,45.0,424,1
C2016,TJL,JL13167,C2016|JL13167,NR,1,182.625,43.0,725,1
C2016,TJL,JL13168,C2016|JL13168,NR,1,182.625,36.0,875,1
C2016,TJL,JL13169,C2016|JL13169,NR,1,182.625,48.0,495,1
C2016,TJL,JL13173,C2016|JL13173,NR,1,182.625,45.0,705,1
C2016,TJL,JL13174,C2016|JL13174,NR,1,182.625,45.0,847,1
C2016,TJL,JL13175,C2016|JL13175,NR,1,182.625,42.0,760,1
C2016,TJL,JL13219,C2016|JL13219,NR,1,182.625,39.0,435,1
C2016,TJL,JL13220,C2016|JL13220,NR,1,182.625,41.0,581,1
C2016,TJL,JL13221,C2016|JL13221,NR,1,182.625,42.0,345,1
C2016,TJL,JL13431,C2016|JL13431,NR,1,182.625,42.0,681,1
C2016,TJL,JL13432,C2016|JL13432,NR,1,182.625,45.0,529,1
C2016,TJL,JL13433,C2016|JL13433,NR,1,182.625,40.0,600,1
C2016,TJL,JL13446,C2016|JL13446,NR,1,182.625,51.0,903,1
C2016,TJL,JL13448,C2016|JL13448,NR,1,182.625,45.0,837,1
C2016,TJL,JL13561,C2016|JL13561,NR,1,182.625,45.0,778,1
C2016,TJL,JL13562,C2016|JL13562,NR,1,182.625,37.0,741,1
C2016,TJL,JL13563,C2016|JL13563,NR,1,182.625,40.0,705,1
C2016,TJL,JL13686,C2016|JL13686,NR,1,182.625,41.0,809,1
C2016,TJL,JL13687,C2016|JL13687,NR,1,182.625,36.0,814,1
C2016,TJL,JL13688,C2016|JL13688,NR,1,182.625,46.0,658,1
C2016,TJL,JL13759,C2016|JL13759,NR,1,182.625,43.0,915,1
C2016,TJL,JL13760,C2016|JL13760,NR,1,182.625,38.0,1115,1
C2016,TJL,JL13761,C2016|JL13761,NR,1,182.625,42.0,1008,1
C2016,TJL,JL13774,C2016|JL13774,NR,1,182.625,38.0,1151,1
C2016,TJL,JL13775,C2016|JL13775,NR,1,182.625,39.0,1191,1
C2016,TJL,JL13776,C2016|JL13776,NR,1,182.625,34.0,872,1
C2016,TJL,JL13800,C2016|JL13800,NR,1,182.625,40.0,834,1
C2016,TJL,JL13801,C2016|JL13801,NR,1,182.625,34.0,754,1
C2016,TJL,JL13802,C2016|JL13802,NR,1,182.625,41.0,600,1
C2016,TJL,JL13907,C2016|JL13907,NR,1,182.625,47.0,652,1
C2016,TJL,JL13908,C2016|JL13908,NR,1,182.625,49.0,795,1
C2016,TJL,JL13909,C2016|JL13909,NR,1,182.625,52.0,481,1
C2016,TJL,JL13927,C2016|JL13927,NR,1,182.625,48.0,1075,1
C2016,TJL,JL13928,C2016|JL13928,NR,1,182.625,48.0,809,1
C2016,TJL,JL13929,C2016|JL13929,NR,1,182.625,45.0,621,1
C2016,TJL,JL13959,C2016|JL13959,NR,1,182.625,46.0,386,1
C2016,TJL,JL13960,C2016|JL13960,NR,1,182.625,46.0,702,1
C2016,TJL,JL13961,C2016|JL13961,NR,1,182.625,42.0,547,1
C2016,UM,UM61712,C2016|UM61712,Control,0,182.625,39.7,818,1
C2016,UM,UM61719,C2016|UM61719,Control,0,182.625,44.0,434,1
C2016,UM,UM61726,C2016|UM61726,Control,0,182.625,41.6,1258,1
C2016,UM,UM62594,C2016|UM62594,Control,0,182.625,43.8,523,1
C2016,UM,UM62601,C2016|UM62601,Control,0,182.625,39.3,257,1
C2016,UM,UM62608,C2016|UM62608,Control,0,182.625,37.7,613,1
C2016,UM,UM62706,C2016|UM62706,Control,0,182.625,41.9,602,1
C2016,UM,UM62713,C2016|UM62713,Control,0,182.625,43.9,894,1
C2016,UM,UM62720,C2016|UM62720,Control,0,182.625,39.1,889,1
C2016,UM,UM62797,C2016|UM62797,Control,0,182.625,37.3,534,1
C2016,UM,UM62804,C2016|UM62804,Control,0,182.625,42.9,951,1
C2016,UM,UM62811,C2016|UM62811,Control,0,182.625,42.8,1008,1
C2016,UM,UM62986,C2016|UM62986,Control,0,182.625,31.4,334,0
C2016,UM,UM62993,C2016|UM62993,Control,0,182.625,34.3,334,0
C2016,UM,UM63000,C2016|UM63000,Control,0,182.625,38.1,334,0
C2016,UM,UM63182,C2016|UM63182,Control,0,182.625,55.2,457,1
C2016,UM,UM63189,C2016|UM63189,Control,0,182.625,38.7,317,1
C2016,UM,UM63196,C2016|UM63196,Control,0,182.625,41.9,706,1
C2016,UM,UM63231,C2016|UM63231,Control,0,182.625,33.1,1230,1
C2016,UM,UM63238,C2016|UM63238,Control,0,182.625,35.4,1055,1
C2016,UM,UM63245,C2016|UM63245,Control,0,182.625,40.9,997,1
C2016,UM,UM63273,C2016|UM63273,Control,0,182.625,39.5,591,1
C2016,UM,UM63280,C2016|UM63280,Control,0,182.625,35.5,1130,1
C2016,UM,UM63287,C2016|UM63287,Control,0,182.625,35.6,1096,1
C2016,UM,UM63294,C2016|UM63294,Control,0,182.625,42.8,1094,1
C2016,UM,UM63301,C2016|UM63301,Control,0,182.625,45.0,736,1
C2016,UM,UM63308,C2016|UM63308,Control,0,182.625,37.3,856,1
C2016,UM,UM63518,C2016|UM63518,Control,0,182.625,50.3,749,1
C2016,UM,UM63525,C2016|UM63525,Control,0,182.625,42.5,460,1
C2016,UM,UM63532,C2016|UM63532,Control,0,182.625,39.2,924,1
C2016,UM,UM63798,C2016|UM63798,Control,0,182.625,48.2,476,1
C2016,UM,UM63805,C2016|UM63805,Control,0,182.625,41.3,695,1
C2016,UM,UM63812,C2016|UM63812,Control,0,182.625,44.6,513,1
C2016,UM,UM63910,C2016|UM63910,Control,0,182.625,44.4,969,1
C2016,UM,UM63917,C2016|UM63917,Control,0,182.625,38.8,1071,1
C2016,UM,UM63924,C2016|UM63924,Control,0,182.625,36.0,1052,1
C2016,UM,UM64323,C2016|UM64323,Control,0,182.625,42.5,833,1
C2016,UM,UM64330,C2016|UM64330,Control,0,182.625,46.3,750,0
C2016,UM,UM64337,C2016|UM64337,Control,0,182.625,49.7,843,1
C2016,UM,UM64631,C2016|UM64631,Control,0,182.625,50.4,370,1
C2016,UM,UM64638,C2016|UM64638,Control,0,182.625,43.1,464,0
C2016,UM,UM64645,C2016|UM64645,Control,0,182.625,41.5,464,0
C2016,UM,UM64820,C2016|UM64820,Control,0,182.625,46.2,423,1
C2016,UM,UM64827,C2016|UM64827,Control,0,182.625,35.1,1063,1
C2016,UM,UM64834,C2016|UM64834,Control,0,182.625,42.1,806,1
C2016,UM,UM65436,C2016|UM65436,Control,0,182.625,50.1,739,1
C2016,UM,UM65450,C2016|UM65450,Control,0,182.625,49.4,434,1
C2016,UM,UM65457,C2016|UM65457,Control,0,182.625,33.8,775,1
C2016,UM,UM65464,C2016|UM65464,Control,0,182.625,40.0,879,1
C2016,UM,UM65471,C2016|UM65471,Control,0,182.625,32.2,1065,1
C2016,UM,UM65618,C2016|UM65618,Control,0,182.625,33.3,218,0
C2016,UM,UM65625,C2016|UM65625,Control,0,182.625,38.2,218,0
C2016,UM,UM66045,C2016|UM66045,Control,0,182.625,47.5,464,1
C2016,UM,UM66052,C2016|UM66052,Control,0,182.625,40.6,923,1
C2016,UM,UM66675,C2016|UM66675,Control,0,182.625,35.9,907,1
C2016,UM,UM66682,C2016|UM66682,Control,0,182.625,38.5,742,1
C2016,UM,UM66689,C2016|UM66689,Control,0,182.625,36.6,996,1
C2016,UM,UM66801,C2016|UM66801,Control,0,182.625,44.9,326,1
C2016,UM,UM66808,C2016|UM66808,Control,0,182.625,47.3,748,1
C2016,UM,UM66815,C2016|UM66815,Control,0,182.625,31.3,693,1
C2016,UM,UM66892,C2016|UM66892,Control,0,182.625,43.0,1013,1
C2016,UM,UM66899,C2016|UM66899,Control,0,182.625,49.2,582,1
C2016,UM,UM66906,C2016|UM66906,Control,0,182.625,50.0,1046,1
C2016,UM,UM66941,C2016|UM66941,Control,0,182.625,36.0,378,0
C2016,UM,UM66948,C2016|UM66948,Control,0,182.625,45.5,378,0
C2016,UM,UM66955,C2016|UM66955,Control,0,182.625,41.3,378,0
C2016,UM,UM66983,C2016|UM66983,Control,0,182.625,44.5,408,1
C2016,UM,UM66990,C2016|UM66990,Control,0,182.625,47.8,238,1
C2016,UM,UM66997,C2016|UM66997,Control,0,182.625,41.6,875,1
C2016,UM,UM67109,C2016|UM67109,Control,0,182.625,48.2,852,1
C2016,UM,UM67116,C2016|UM67116,Control,0,182.625,41.8,848,1
C2016,UM,UM67123,C2016|UM67123,Control,0,182.625,41.2,1073,1
C2016,UM,UM67361,C2016|UM67361,Control,0,182.625,42.8,507,1
C2016,UM,UM67368,C2016|UM67368,Control,0,182.625,49.6,357,1
C2016,UM,UM67375,C2016|UM67375,Control,0,182.625,41.4,935,1
C2016,UM,UM67529,C2016|UM67529,Control,0,182.625,40.2,881,1
C2016,UM,UM67536,C2016|UM67536,Control,0,182.625,41.2,427,1
C2016,UM,UM67543,C2016|UM67543,Control,0,182.625,38.9,748,1
C2016,UM,UM67809,C2016|UM67809,Control,0,182.625,40.8,810,1
C2016,UM,UM67816,C2016|UM67816,Control,0,182.625,40.9,1002,1
C2016,UM,UM67823,C2016|UM67823,Control,0,182.625,45.3,956,1
C2016,UM,UM68033,C2016|UM68033,Control,0,182.625,35.5,469,1
C2016,UM,UM68040,C2016|UM68040,Control,0,182.625,38.4,514,1
C2016,UM,UM68047,C2016|UM68047,Control,0,182.625,47.4,581,1
C2016,UM,UM68075,C2016|UM68075,Control,0,182.625,38.9,992,1
C2016,UM,UM68082,C2016|UM68082,Control,0,182.625,47.0,735,1
C2016,UM,UM68089,C2016|UM68089,Control,0,182.625,40.2,690,1
C2016,UM,UM68117,C2016|UM68117,Control,0,182.625,39.8,826,1
C2016,UM,UM68124,C2016|UM68124,Control,0,182.625,36.2,1088,1
C2016,UM,UM68131,C2016|UM68131,Control,0,182.625,33.4,1115,1
C2016,UM,UM68201,C2016|UM68201,Control,0,182.625,43.4,1005,1
C2016,UM,UM68208,C2016|UM68208,Control,0,182.625,42.0,1003,1
C2016,UM,UM68215,C2016|UM68215,Control,0,182.625,48.8,567,1
C2016,UM,UM62146,C2016|UM62146,NR,1,182.625,44.0,493,1
C2016,UM,UM62153,C2016|UM62153,NR,1,182.625,41.3,1137,1
C2016,UM,UM62160,C2016|UM62160,NR,1,182.625,40.0,1146,1
C2016,UM,UM62755,C2016|UM62755,NR,1,182.625,47.5,721,1
C2016,UM,UM62762,C2016|UM62762,NR,1,182.625,39.3,909,1
C2016,UM,UM62769,C2016|UM62769,NR,1,182.625,45.3,923,1
C2016,UM,UM62818,C2016|UM62818,NR,1,182.625,35.7,1063,1
C2016,UM,UM62825,C2016|UM62825,NR,1,182.625,39.1,713,1
C2016,UM,UM62832,C2016|UM62832,NR,1,182.625,50.5,908,1
C2016,UM,UM64652,C2016|UM64652,NR,1,182.625,38.3,652,1
C2016,UM,UM64659,C2016|UM64659,NR,1,182.625,38.7,414,1
C2016,UM,UM64666,C2016|UM64666,NR,1,182.625,51.8,930,1
C2016,UM,UM64701,C2016|UM64701,NR,1,182.625,46.5,471,1
C2016,UM,UM64708,C2016|UM64708,NR,1,182.625,31.9,988,1
C2016,UM,UM64715,C2016|UM64715,NR,1,182.625,36.1,1156,1
C2016,UM,UM64988,C2016|UM64988,NR,1,182.625,38.9,1096,1
C2016,UM,UM64995,C2016|UM64995,NR,1,182.625,43.4,913,1
C2016,UM,UM65002,C2016|UM65002,NR,1,182.625,40.8,1081,1
C2016,UM,UM65079,C2016|UM65079,NR,1,182.625,39.9,697,1
C2016,UM,UM65086,C2016|UM65086,NR,1,182.625,49.2,569,1
C2016,UM,UM65093,C2016|UM65093,NR,1,182.625,52.8,282,1
C2016,UM,UM65247,C2016|UM65247,NR,1,182.625,42.7,980,1
C2016,UM,UM65254,C2016|UM65254,NR,1,182.625,38.7,892,1
C2016,UM,UM65261,C2016|UM65261,NR,1,182.625,41.1,804,1
C2016,UM,UM66136,C2016|UM66136,NR,1,182.625,45.9,226,1
C2016,UM,UM66143,C2016|UM66143,NR,1,182.625,39.6,918,1
C2016,UM,UM66150,C2016|UM66150,NR,1,182.625,43.3,852,1
C2016,UM,UM66339,C2016|UM66339,NR,1,182.625,32.9,589,1
C2016,UM,UM66346,C2016|UM66346,NR,1,182.625,45.8,947,1
C2016,UM,UM66353,C2016|UM66353,NR,1,182.625,42.8,762,1
C2016,UM,UM66850,C2016|UM66850,NR,1,182.625,41.6,794,1
C2016,UM,UM66857,C2016|UM66857,NR,1,182.625,46.4,766,1
C2016,UM,UM66864,C2016|UM66864,NR,1,182.625,47.4,856,1
C2016,UM,UM67459,C2016|UM67459,NR,1,182.625,47.4,486,0
C2016,UM,UM67466,C2016|UM67466,NR,1,182.625,44.7,486,0
C2016,UM,UM67473,C2016|UM67473,NR,1,182.625,36.6,486,0
C2016,UM,UM67718,C2016|UM67718,NR,1,182.625,35.1,642,0
C2016,UM,UM67725,C2016|UM67725,NR,1,182.625,34.1,643,0
C2016,UM,UM67732,C2016|UM67732,NR,1,182.625,33.0,642,0
C2016,UM,UM67830,C2016|UM67830,NR,1,182.625,42.1,733,1
C2016,UM,UM67837,C2016|UM67837,NR,1,182.625,48.7,230,1
C2016,UM,UM67844,C2016|UM67844,NR,1,182.625,42.4,745,1
C2016,UM,UM68054,C2016|UM68054,NR,1,182.625,38.9,1207,1
C2016,UM,UM68061,C2016|UM68061,NR,1,182.625,45.6,707,1
C2016,UM,UM68068,C2016|UM68068,NR,1,182.625,40.2,693,1
C2016,UM,UM68096,C2016|UM68096,NR,1,182.625,41.0,807,1
C2016,UM,UM68103,C2016|UM68103,NR,1,182.625,41.2,865,1
C2016,UM,UM68110,C2016|UM68110,NR,1,182.625,34.5,1061,1
C2016,UT,UT08721,C2016|UT08721,Control,0,182.625,40.3,896,1
C2016,UT,UT08722,C2016|UT08722,Control,0,182.625,42.2,847,1
C2016,UT,UT08723,C2016|UT08723,Control,0,182.625,39.0,644,1
C2016,UT,UT08780,C2016|UT08780,Control,0,182.625,37.6,989,1
C2016,UT,UT08781,C2016|UT08781,Control,0,182.625,35.9,990,1
C2016,UT,UT08782,C2016|UT08782,Control,0,182.625,42.8,382,1
C2016,UT,UT08787,C2016|UT08787,Control,0,182.625,42.9,663,1
C2016,UT,UT08788,C2016|UT08788,Control,0,182.625,43.8,836,1
C2016,UT,UT08789,C2016|UT08789,Control,0,182.625,34.0,1073,1
C2016,UT,UT08794,C2016|UT08794,Control,0,182.625,32.9,841,1
C2016,UT,UT08795,C2016|UT08795,Control,0,182.625,39.0,873,1
C2016,UT,UT08796,C2016|UT08796,Control,0,182.625,31.2,668,1
C2016,UT,UT08814,C2016|UT08814,Control,0,182.625,42.4,963,1
C2016,UT,UT08815,C2016|UT08815,Control,0,182.625,32.5,1192,1
C2016,UT,UT08816,C2016|UT08816,Control,0,182.625,44.1,752,1
C2016,UT,UT08871,C2016|UT08871,Control,0,182.625,31.8,865,1
C2016,UT,UT08872,C2016|UT08872,Control,0,182.625,36.1,784,1
C2016,UT,UT08873,C2016|UT08873,Control,0,182.625,44.7,405,1
C2016,UT,UT08877,C2016|UT08877,Control,0,182.625,44.9,1074,1
C2016,UT,UT08878,C2016|UT08878,Control,0,182.625,39.8,876,1
C2016,UT,UT08879,C2016|UT08879,Control,0,182.625,48.6,899,1
C2016,UT,UT08887,C2016|UT08887,Control,0,182.625,40.9,782,1
C2016,UT,UT08888,C2016|UT08888,Control,0,182.625,49.6,434,1
C2016,UT,UT08889,C2016|UT08889,Control,0,182.625,45.2,617,1
C2016,UT,UT08901,C2016|UT08901,Control,0,182.625,45.3,453,1
C2016,UT,UT08902,C2016|UT08902,Control,0,182.625,41.6,1022,1
C2016,UT,UT08903,C2016|UT08903,Control,0,182.625,39.5,918,1
C2016,UT,UT08939,C2016|UT08939,Control,0,182.625,37.2,742,1
C2016,UT,UT08940,C2016|UT08940,Control,0,182.625,38.5,853,1
C2016,UT,UT08941,C2016|UT08941,Control,0,182.625,47.0,437,1
C2016,UT,UT08953,C2016|UT08953,Control,0,182.625,38.0,631,1
C2016,UT,UT08954,C2016|UT08954,Control,0,182.625,40.2,599,1
C2016,UT,UT08955,C2016|UT08955,Control,0,182.625,39.8,1186,1
C2016,UT,UT08970,C2016|UT08970,Control,0,182.625,43.1,898,1
C2016,UT,UT08971,C2016|UT08971,Control,0,182.625,31.5,970,1
C2016,UT,UT08972,C2016|UT08972,Control,0,182.625,36.8,672,1
C2016,UT,UT09010,C2016|UT09010,Control,0,182.625,41.0,952,1
C2016,UT,UT09011,C2016|UT09011,Control,0,182.625,43.7,298,1
C2016,UT,UT09012,C2016|UT09012,Control,0,182.625,40.2,883,1
C2016,UT,UT09027,C2016|UT09027,Control,0,182.625,47.3,816,1
C2016,UT,UT09028,C2016|UT09028,Control,0,182.625,39.4,865,1
C2016,UT,UT09029,C2016|UT09029,Control,0,182.625,35.1,858,1
C2016,UT,UT09065,C2016|UT09065,Control,0,182.625,47.1,936,1
C2016,UT,UT09066,C2016|UT09066,Control,0,182.625,48.7,611,1
C2016,UT,UT09067,C2016|UT09067,Control,0,182.625,45.2,621,1
C2016,UT,UT09082,C2016|UT09082,Control,0,182.625,43.6,542,1
C2016,UT,UT09083,C2016|UT09083,Control,0,182.625,41.0,719,1
C2016,UT,UT09084,C2016|UT09084,Control,0,182.625,40.1,734,1
C2016,UT,UT09093,C2016|UT09093,Control,0,182.625,37.4,705,1
C2016,UT,UT09094,C2016|UT09094,Control,0,182.625,44.0,459,1
C2016,UT,UT09095,C2016|UT09095,Control,0,182.625,36.7,725,1
C2016,UT,UT09100,C2016|UT09100,Control,0,182.625,35.7,945,1
C2016,UT,UT09101,C2016|UT09101,Control,0,182.625,42.1,850,1
C2016,UT,UT09102,C2016|UT09102,Control,0,182.625,43.5,828,1
C2016,UT,UT09114,C2016|UT09114,Control,0,182.625,35.8,856,1
C2016,UT,UT09115,C2016|UT09115,Control,0,182.625,42.8,657,1
C2016,UT,UT09116,C2016|UT09116,Control,0,182.625,46.8,599,1
C2016,UT,UT09253,C2016|UT09253,Control,0,182.625,38.3,743,1
C2016,UT,UT09254,C2016|UT09254,Control,0,182.625,44.0,370,1
C2016,UT,UT09255,C2016|UT09255,Control,0,182.625,47.1,1003,1
C2016,UT,UT09263,C2016|UT09263,Control,0,182.625,47.0,623,1
C2016,UT,UT09264,C2016|UT09264,Control,0,182.625,42.1,1020,1
C2016,UT,UT09265,C2016|UT09265,Control,0,182.625,41.8,1026,1
C2016,UT,UT09306,C2016|UT09306,Control,0,182.625,57.1,478,1
C2016,UT,UT09307,C2016|UT09307,Control,0,182.625,37.0,1064,1
C2016,UT,UT09308,C2016|UT09308,Control,0,182.625,41.7,741,1
C2016,UT,UT09335,C2016|UT09335,Control,0,182.625,40.9,986,1
C2016,UT,UT09336,C2016|UT09336,Control,0,182.625,48.9,798,1
C2016,UT,UT09337,C2016|UT09337,Control,0,182.625,48.1,474,1
C2016,UT,UT09386,C2016|UT09386,Control,0,182.625,44.6,673,1
C2016,UT,UT09387,C2016|UT09387,Control,0,182.625,42.7,1103,1
C2016,UT,UT09388,C2016|UT09388,Control,0,182.625,40.5,868,1
C2016,UT,UT09420,C2016|UT09420,Control,0,182.625,42.9,640,1
C2016,UT,UT09421,C2016|UT09421,Control,0,182.625,30.7,744,1
C2016,UT,UT09422,C2016|UT09422,Control,0,182.625,30.9,976,1
C2016,UT,UT09454,C2016|UT09454,Control,0,182.625,36.3,1264,1
C2016,UT,UT09455,C2016|UT09455,Control,0,182.625,44.9,439,1
C2016,UT,UT09456,C2016|UT09456,Control,0,182.625,38.0,756,1
C2016,UT,UT09464,C2016|UT09464,Control,0,182.625,43.3,578,1
C2016,UT,UT09465,C2016|UT09465,Control,0,182.625,32.8,1035,1
C2016,UT,UT09466,C2016|UT09466,Control,0,182.625,37.5,976,1
C2016,UT,UT09484,C2016|UT09484,Control,0,182.625,35.6,1090,1
C2016,UT,UT09485,C2016|UT09485,Control,0,182.625,42.1,686,1
C2016,UT,UT09486,C2016|UT09486,Control,0,182.625,44.1,1066,1
C2016,UT,UT09547,C2016|UT09547,Control,0,182.625,48.5,909,1
C2016,UT,UT09548,C2016|UT09548,Control,0,182.625,40.1,517,1
C2016,UT,UT09549,C2016|UT09549,Control,0,182.625,49.8,432,1
C2016,UT,UT09569,C2016|UT09569,Control,0,182.625,40.2,784,1
C2016,UT,UT09570,C2016|UT09570,Control,0,182.625,38.4,529,1
C2016,UT,UT09571,C2016|UT09571,Control,0,182.625,42.0,709,1
C2016,UT,UT09587,C2016|UT09587,Control,0,182.625,38.5,1168,1
C2016,UT,UT09588,C2016|UT09588,Control,0,182.625,44.2,885,1
C2016,UT,UT09589,C2016|UT09589,Control,0,182.625,37.0,820,1
C2016,UT,UT09597,C2016|UT09597,Control,0,182.625,40.1,742,1
C2016,UT,UT09598,C2016|UT09598,Control,0,182.625,37.9,846,1
C2016,UT,UT09599,C2016|UT09599,Control,0,182.625,43.8,675,1
C2016,UT,UT09634,C2016|UT09634,Control,0,182.625,42.0,838,1
C2016,UT,UT09635,C2016|UT09635,Control,0,182.625,45.7,799,1
C2016,UT,UT09636,C2016|UT09636,Control,0,182.625,41.3,608,1
C2016,UT,UT08628,C2016|UT08628,NR,1,182.625,48.2,798,1
C2016,UT,UT08629,C2016|UT08629,NR,1,182.625,41.5,671,1
C2016,UT,UT08630,C2016|UT08630,NR,1,182.625,48.8,410,1
C2016,UT,UT08756,C2016|UT08756,NR,1,182.625,49.3,320,1
C2016,UT,UT08757,C2016|UT08757,NR,1,182.625,46.2,582,1
C2016,UT,UT08758,C2016|UT08758,NR,1,182.625,44.0,912,1
C2016,UT,UT08800,C2016|UT08800,NR,1,182.625,41.7,682,1
C2016,UT,UT08801,C2016|UT08801,NR,1,182.625,40.5,561,1
C2016,UT,UT08802,C2016|UT08802,NR,1,182.625,43.1,729,1
C2016,UT,UT08851,C2016|UT08851,NR,1,182.625,30.9,678,1
C2016,UT,UT08852,C2016|UT08852,NR,1,182.625,41.2,654,1
C2016,UT,UT08853,C2016|UT08853,NR,1,182.625,37.2,874,1
C2016,UT,UT08922,C2016|UT08922,NR,1,182.625,44.7,1059,1
C2016,UT,UT08923,C2016|UT08923,NR,1,182.625,40.3,712,1
C2016,UT,UT08924,C2016|UT08924,NR,1,182.625,42.0,810,1
C2016,UT,UT09068,C2016|UT09068,NR,1,182.625,41.6,875,1
C2016,UT,UT09069,C2016|UT09069,NR,1,182.625,43.0,320,1
C2016,UT,UT09070,C2016|UT09070,NR,1,182.625,40.1,915,1
C2016,UT,UT09111,C2016|UT09111,NR,1,182.625,31.6,1025,1
C2016,UT,UT09112,C2016|UT09112,NR,1,182.625,36.8,863,1
C2016,UT,UT09113,C2016|UT09113,NR,1,182.625,42.8,268,1
C2016,UT,UT09154,C2016|UT09154,NR,1,182.625,44.8,830,1
C2016,UT,UT09155,C2016|UT09155,NR,1,182.625,36.2,749,1
C2016,UT,UT09156,C2016|UT09156,NR,1,182.625,44.5,812,1
C2016,UT,UT09211,C2016|UT09211,NR,1,182.625,42.8,768,1
C2016,UT,UT09212,C2016|UT09212,NR,1,182.625,41.8,610,1
C2016,UT,UT09213,C2016|UT09213,NR,1,182.625,33.6,893,1
C2016,UT,UT09286,C2016|UT09286,NR,1,182.625,42.8,473,1
C2016,UT,UT09287,C2016|UT09287,NR,1,182.625,42.6,558,1
C2016,UT,UT09288,C2016|UT09288,NR,1,182.625,41.8,1078,1
C2016,UT,UT09365,C2016|UT09365,NR,1,182.625,41.7,794,1
C2016,UT,UT09366,C2016|UT09366,NR,1,182.625,43.1,972,1
C2016,UT,UT09367,C2016|UT09367,NR,1,182.625,37.7,244,1
C2016,UT,UT09427,C2016|UT09427,NR,1,182.625,46.2,556,1
C2016,UT,UT09428,C2016|UT09428,NR,1,182.625,43.5,557,1
C2016,UT,UT09429,C2016|UT09429,NR,1,182.625,42.6,1013,1
C2016,UT,UT09461,C2016|UT09461,NR,1,182.625,48.1,711,1
C2016,UT,UT09462,C2016|UT09462,NR,1,182.625,38.5,946,1
C2016,UT,UT09463,C2016|UT09463,NR,1,182.625,47.9,771,1
C2016,UT,UT09527,C2016|UT09527,NR,1,182.625,45.1,415,1
C2016,UT,UT09528,C2016|UT09528,NR,1,182.625,48.8,383,1
C2016,UT,UT09529,C2016|UT09529,NR,1,182.625,54.0,454,1
C2016,UT,UT09550,C2016|UT09550,NR,1,182.625,45.8,614,1
C2016,UT,UT09551,C2016|UT09551,NR,1,182.625,46.4,679,1
C2016,UT,UT09552,C2016|UT09552,NR,1,182.625,35.7,748,1
C2016,UT,UT09553,C2016|UT09553,NR,1,182.625,40.9,613,1
C2016,UT,UT09554,C2016|UT09554,NR,1,182.625,39.7,868,1
C2016,UT,UT09555,C2016|UT09555,NR,1,182.625,46.6,953,1
C2016,UT,UT09610,C2016|UT09610,NR,1,182.625,41.7,596,1
C2016,UT,UT09611,C2016|UT09611,NR,1,182.625,37.6,816,1
C2016,UT,UT09612,C2016|UT09612,NR,1,182.625,46.3,611,1
C2018,TJL,JL17019,C2018|JL17019,Control,0,182.625,42.0,529,1
C2018,TJL,JL17020,C2018|JL17020,Control,0,182.625,47.0,367,1
C2018,TJL,JL17021,C2018|JL17021,Control,0,182.625,47.0,866,1
C2018,TJL,JL17022,C2018|JL17022,Control,0,182.625,47.0,460,1
C2018,TJL,JL17023,C2018|JL17023,Control,0,182.625,40.0,830,1
C2018,TJL,JL17045,C2018|JL17045,Control,0,182.625,47.0,345,1
C2018,TJL,JL17046,C2018|JL17046,Control,0,182.625,50.0,317,1
C2018,TJL,JL17047,C2018|JL17047,Control,0,182.625,45.0,975,1
C2018,TJL,JL17063,C2018|JL17063,Control,0,182.625,43.0,820,1
C2018,TJL,JL17064,C2018|JL17064,Control,0,182.625,38.0,603,1
C2018,TJL,JL17065,C2018|JL17065,Control,0,182.625,43.0,603,1
C2018,TJL,JL17094,C2018|JL17094,Control,0,182.625,46.0,395,1
C2018,TJL,JL17095,C2018|JL17095,Control,0,182.625,42.0,960,1
C2018,TJL,JL17096,C2018|JL17096,Control,0,182.625,41.0,773,1
C2018,TJL,JL17097,C2018|JL17097,Control,0,182.625,41.0,443,1
C2018,TJL,JL17098,C2018|JL17098,Control,0,182.625,43.0,453,1
C2018,TJL,JL17099,C2018|JL17099,Control,0,182.625,36.0,864,1
C2018,TJL,JL17159,C2018|JL17159,Control,0,182.625,42.0,947,1
C2018,TJL,JL17160,C2018|JL17160,Control,0,182.625,41.0,454,1
C2018,TJL,JL17161,C2018|JL17161,Control,0,182.625,44.0,293,1
C2018,TJL,JL17165,C2018|JL17165,Control,0,182.625,47.0,363,1
C2018,TJL,JL17166,C2018|JL17166,Control,0,182.625,41.0,321,1
C2018,TJL,JL17167,C2018|JL17167,Control,0,182.625,46.0,405,1
C2018,TJL,JL17168,C2018|JL17168,Control,0,182.625,40.0,726,1
C2018,TJL,JL17169,C2018|JL17169,Control,0,182.625,43.0,617,1
C2018,TJL,JL17170,C2018|JL17170,Control,0,182.625,48.0,419,1
C2018,TJL,JL17199,C2018|JL17199,Control,0,182.625,46.0,412,1
C2018,TJL,JL17200,C2018|JL17200,Control,0,182.625,32.0,807,1
C2018,TJL,JL17201,C2018|JL17201,Control,0,182.625,35.0,1123,1
C2018,TJL,JL17219,C2018|JL17219,Control,0,182.625,53.0,411,1
C2018,TJL,JL17220,C2018|JL17220,Control,0,182.625,48.0,579,1
C2018,TJL,JL17221,C2018|JL17221,Control,0,182.625,44.0,544,1
C2018,TJL,JL17234,C2018|JL17234,Control,0,182.625,40.0,883,1
C2018,TJL,JL17235,C2018|JL17235,Control,0,182.625,40.0,708,1
C2018,TJL,JL17236,C2018|JL17236,Control,0,182.625,41.0,953,1
C2018,TJL,JL17246,C2018|JL17246,Control,0,182.625,43.0,603,1
C2018,TJL,JL17247,C2018|JL17247,Control,0,182.625,49.0,1116,1
C2018,TJL,JL17248,C2018|JL17248,Control,0,182.625,44.0,1116,1
C2018,TJL,JL17264,C2018|JL17264,Control,0,182.625,42.0,502,1
C2018,TJL,JL17265,C2018|JL17265,Control,0,182.625,45.0,329,1
C2018,TJL,JL17266,C2018|JL17266,Control,0,182.625,39.0,938,1
C2018,TJL,JL17289,C2018|JL17289,Control,0,182.625,42.0,934,1
C2018,TJL,JL17290,C2018|JL17290,Control,0,182.625,48.0,736,1
C2018,TJL,JL17291,C2018|JL17291,Control,0,182.625,45.0,277,1
C2018,TJL,JL17295,C2018|JL17295,Control,0,182.625,47.0,464,1
C2018,TJL,JL17296,C2018|JL17296,Control,0,182.625,45.0,1009,1
C2018,TJL,JL17297,C2018|JL17297,Control,0,182.625,50.0,1010,1
C2018,TJL,JL17332,C2018|JL17332,Control,0,182.625,40.0,715,1
C2018,TJL,JL17333,C2018|JL17333,Control,0,182.625,42.0,573,1
C2018,TJL,JL17334,C2018|JL17334,Control,0,182.625,44.0,715,1
C2018,TJL,JL17343,C2018|JL17343,Control,0,182.625,35.0,1197,1
C2018,TJL,JL17345,C2018|JL17345,Control,0,182.625,42.0,701,1
C2018,TJL,JL17352,C2018|JL17352,Control,0,182.625,39.0,838,1
C2018,TJL,JL17353,C2018|JL17353,Control,0,182.625,45.0,572,1
C2018,TJL,JL17354,C2018|JL17354,Control,0,182.625,43.0,454,1
C2018,TJL,JL17355,C2018|JL17355,Control,0,182.625,45.0,294,1
C2018,TJL,JL17356,C2018|JL17356,Control,0,182.625,42.0,454,1
C2018,TJL,JL17357,C2018|JL17357,Control,0,182.625,43.0,873,1
C2018,TJL,JL17400,C2018|JL17400,Control,0,182.625,44.0,638,1
C2018,TJL,JL17401,C2018|JL17401,Control,0,182.625,44.0,662,1
C2018,TJL,JL17402,C2018|JL17402,Control,0,182.625,43.0,331,1
C2018,TJL,JL17420,C2018|JL17420,Control,0,182.625,41.0,766,1
C2018,TJL,JL17421,C2018|JL17421,Control,0,182.625,38.0,895,1
C2018,TJL,JL17422,C2018|JL17422,Control,0,182.625,42.0,858,1
C2018,TJL,JL17429,C2018|JL17429,Control,0,182.625,45.0,408,1
C2018,TJL,JL17430,C2018|JL17430,Control,0,182.625,50.0,478,1
C2018,TJL,JL17431,C2018|JL17431,Control,0,182.625,45.0,802,1
C2018,TJL,JL17459,C2018|JL17459,Control,0,182.625,45.0,631,1
C2018,TJL,JL17460,C2018|JL17460,Control,0,182.625,45.0,686,1
C2018,TJL,JL17461,C2018|JL17461,Control,0,182.625,45.0,213,1
C2018,TJL,JL17471,C2018|JL17471,Control,0,182.625,45.0,1003,1
C2018,TJL,JL17472,C2018|JL17472,Control,0,182.625,42.0,940,1
C2018,TJL,JL17473,C2018|JL17473,Control,0,182.625,43.0,1019,1
C2018,TJL,JL17493,C2018|JL17493,Control,0,182.625,39.0,753,1
C2018,TJL,JL17494,C2018|JL17494,Control,0,182.625,42.0,970,1
C2018,TJL,JL17495,C2018|JL17495,Control,0,182.625,50.0,514,1
C2018,TJL,JL17505,C2018|JL17505,Control,0,182.625,47.0,931,1
C2018,TJL,JL17506,C2018|JL17506,Control,0,182.625,50.0,1018,1
C2018,TJL,JL17507,C2018|JL17507,Control,0,182.625,49.0,358,1
C2018,TJL,JL17530,C2018|JL17530,Control,0,182.625,46.0,981,1
C2018,TJL,JL17531,C2018|JL17531,Control,0,182.625,42.0,373,1
C2018,TJL,JL17532,C2018|JL17532,Control,0,182.625,40.0,331,1
C2018,TJL,JL17539,C2018|JL17539,Control,0,182.625,39.0,857,1
C2018,TJL,JL17540,C2018|JL17540,Control,0,182.625,43.0,351,1
C2018,TJL,JL17541,C2018|JL17541,Control,0,182.625,43.0,345,1
C2018,TJL,JL17542,C2018|JL17542,Control,0,182.625,33.0,1057,1
C2018,TJL,JL17543,C2018|JL17543,Control,0,182.625,43.0,672,1
C2018,TJL,JL17544,C2018|JL17544,Control,0,182.625,47.0,239,1
C2018,TJL,JL17589,C2018|JL17589,Control,0,182.625,40.0,768,1
C2018,TJL,JL17590,C2018|JL17590,Control,0,182.625,40.0,875,1
C2018,TJL,JL17591,C2018|JL17591,Control,0,182.625,48.0,869,1
C2018,TJL,JL17592,C2018|JL17592,Control,0,182.625,42.0,317,1
C2018,TJL,JL17593,C2018|JL17593,Control,0,182.625,39.0,878,1
C2018,TJL,JL17594,C2018|JL17594,Control,0,182.625,38.0,996,1
C2018,TJL,JL17595,C2018|JL17595,Control,0,182.625,45.0,647,1
C2018,TJL,JL17596,C2018|JL17596,Control,0,182.625,41.0,703,1
C2018,TJL,JL17597,C2018|JL17597,Control,0,182.625,40.0,650,1
C2018,TJL,JL17598,C2018|JL17598,Control,0,182.625,52.0,538,1
C2018,TJL,JL17599,C2018|JL17599,Control,0,182.625,51.0,378,1
C2018,TJL,JL17600,C2018|JL17600,Control,0,182.625,48.0,1014,1
C2018,TJL,JL17629,C2018|JL17629,Control,0,182.625,46.0,801,1
C2018,TJL,JL17630,C2018|JL17630,Control,0,182.625,39.0,950,1
C2018,TJL,JL17631,C2018|JL17631,Control,0,182.625,41.0,934,1
C2018,TJL,JL17711,C2018|JL17711,Control,0,182.625,47.0,1025,1
C2018,TJL,JL17712,C2018|JL17712,Control,0,182.625,42.0,519,1
C2018,TJL,JL17713,C2018|JL17713,Control,0,182.625,42.0,649,1
C2018,TJL,JL17013,C2018|JL17013,Fis_On,1,182.625,38.0,1016,1
C2018,TJL,JL17014,C2018|JL17014,Fis_On,1,182.625,40.0,899,1
C2018,TJL,JL17015,C2018|JL17015,Fis_On,1,182.625,46.0,694,1
C2018,TJL,JL17083,C2018|JL17083,Fis_On,1,182.625,41.0,454,1
C2018,TJL,JL17084,C2018|JL17084,Fis_On,1,182.625,42.0,454,1
C2018,TJL,JL17085,C2018|JL17085,Fis_On,1,182.625,53.0,320,1
C2018,TJL,JL17118,C2018|JL17118,Fis_On,1,182.625,48.0,710,1
C2018,TJL,JL17119,C2018|JL17119,Fis_On,1,182.625,48.0,686,1
C2018,TJL,JL17120,C2018|JL17120,Fis_On,1,182.625,41.0,839,1
C2018,TJL,JL17135,C2018|JL17135,Fis_On,1,182.625,50.0,680,1
C2018,TJL,JL17136,C2018|JL17136,Fis_On,1,182.625,46.0,828,1
C2018,TJL,JL17137,C2018|JL17137,Fis_On,1,182.625,42.0,339,1
C2018,TJL,JL17153,C2018|JL17153,Fis_On,1,182.625,47.0,837,1
C2018,TJL,JL17154,C2018|JL17154,Fis_On,1,182.625,39.0,834,1
C2018,TJL,JL17155,C2018|JL17155,Fis_On,1,182.625,39.0,1236,1
C2018,TJL,JL17179,C2018|JL17179,Fis_On,1,182.625,40.0,897,1
C2018,TJL,JL17180,C2018|JL17180,Fis_On,1,182.625,36.0,450,1
C2018,TJL,JL17181,C2018|JL17181,Fis_On,1,182.625,39.0,764,1
C2018,TJL,JL17326,C2018|JL17326,Fis_On,1,182.625,47.0,338,1
C2018,TJL,JL17327,C2018|JL17327,Fis_On,1,182.625,42.0,576,1
C2018,TJL,JL17328,C2018|JL17328,Fis_On,1,182.625,41.0,761,1
C2018,TJL,JL17329,C2018|JL17329,Fis_On,1,182.625,42.0,238,1
C2018,TJL,JL17330,C2018|JL17330,Fis_On,1,182.625,48.0,355,1
C2018,TJL,JL17331,C2018|JL17331,Fis_On,1,182.625,46.0,856,1
C2018,TJL,JL17391,C2018|JL17391,Fis_On,1,182.625,45.0,568,1
C2018,TJL,JL17392,C2018|JL17392,Fis_On,1,182.625,41.0,973,1
C2018,TJL,JL17393,C2018|JL17393,Fis_On,1,182.625,44.0,642,1
C2018,TJL,JL17397,C2018|JL17397,Fis_On,1,182.625,40.0,987,1
C2018,TJL,JL17398,C2018|JL17398,Fis_On,1,182.625,42.0,750,1
C2018,TJL,JL17399,C2018|JL17399,Fis_On,1,182.625,46.0,748,1
C2018,TJL,JL17426,C2018|JL17426,Fis_On,1,182.625,45.0,1219,1
C2018,TJL,JL17427,C2018|JL17427,Fis_On,1,182.625,41.0,652,1
C2018,TJL,JL17428,C2018|JL17428,Fis_On,1,182.625,46.0,296,1
C2018,TJL,JL17496,C2018|JL17496,Fis_On,1,182.625,39.0,1024,1
C2018,TJL,JL17497,C2018|JL17497,Fis_On,1,182.625,36.0,771,1
C2018,TJL,JL17498,C2018|JL17498,Fis_On,1,182.625,46.0,871,1
C2018,TJL,JL17533,C2018|JL17533,Fis_On,1,182.625,38.0,971,1
C2018,TJL,JL17534,C2018|JL17534,Fis_On,1,182.625,37.0,996,1
C2018,TJL,JL17535,C2018|JL17535,Fis_On,1,182.625,41.0,667,1
C2018,TJL,JL17567,C2018|JL17567,Fis_On,1,182.625,44.0,408,1
C2018,TJL,JL17568,C2018|JL17568,Fis_On,1,182.625,43.0,638,1
C2018,TJL,JL17569,C2018|JL17569,Fis_On,1,182.625,50.0,728,1
C2018,TJL,JL17604,C2018|JL17604,Fis_On,1,182.625,41.0,436,1
C2018,TJL,JL17605,C2018|JL17605,Fis_On,1,182.625,39.0,436,1
C2018,TJL,JL17606,C2018|JL17606,Fis_On,1,182.625,39.0,436,1
C2018,TJL,JL17694,C2018|JL17694,Fis_On,1,182.625,44.0,717,1
C2018,TJL,JL17695,C2018|JL17695,Fis_On,1,182.625,46.0,441,1
C2018,TJL,JL17696,C2018|JL17696,Fis_On,1,182.625,40.0,1165,1
C2018,TJL,JL17697,C2018|JL17697,Fis_On,1,182.625,46.0,405,1
C2018,TJL,JL17698,C2018|JL17698,Fis_On,1,182.625,42.0,943,1
C2018,TJL,JL17699,C2018|JL17699,Fis_On,1,182.625,35.0,828,1
C2018,UT,UT11211,C2018|UT11211,Control,0,182.625,43.0,987,1
C2018,UT,UT11212,C2018|UT11212,Control,0,182.625,46.099998,384,1
C2018,UT,UT11213,C2018|UT11213,Control,0,182.625,42.299999,619,1
C2018,UT,UT11218,C2018|UT11218,Control,0,182.625,46.0,496,1
C2018,UT,UT11219,C2018|UT11219,Control,0,182.625,45.400002,810,1
C2018,UT,UT11220,C2018|UT11220,Control,0,182.625,41.200001,458,1
C2018,UT,UT11250,C2018|UT11250,Control,0,182.625,31.299999,1047,1
C2018,UT,UT11251,C2018|UT11251,Control,0,182.625,42.700001,734,1
C2018,UT,UT11252,C2018|UT11252,Control,0,182.625,38.200001,724,1
C2018,UT,UT11260,C2018|UT11260,Control,0,182.625,45.700001,778,1
C2018,UT,UT11261,C2018|UT11261,Control,0,182.625,39.099998,795,1
C2018,UT,UT11262,C2018|UT11262,Control,0,182.625,30.9,1020,1
C2018,UT,UT11281,C2018|UT11281,Control,0,182.625,45.900002,790,1
C2018,UT,UT11282,C2018|UT11282,Control,0,182.625,42.599998,692,1
C2018,UT,UT11283,C2018|UT11283,Control,0,182.625,42.0,1149,1
C2018,UT,UT11291,C2018|UT11291,Control,0,182.625,49.400002,596,1
C2018,UT,UT11292,C2018|UT11292,Control,0,182.625,30.200001,1338,1
C2018,UT,UT11293,C2018|UT11293,Control,0,182.625,41.5,692,1
C2018,UT,UT11306,C2018|UT11306,Control,0,182.625,53.0,887,1
C2018,UT,UT11307,C2018|UT11307,Control,0,182.625,50.200001,918,1
C2018,UT,UT11308,C2018|UT11308,Control,0,182.625,45.5,816,1
C2018,UT,UT11309,C2018|UT11309,Control,0,182.625,41.099998,901,1
C2018,UT,UT11310,C2018|UT11310,Control,0,182.625,41.299999,792,1
C2018,UT,UT11311,C2018|UT11311,Control,0,182.625,41.5,244,1
C2018,UT,UT11332,C2018|UT11332,Control,0,182.625,36.299999,771,1
C2018,UT,UT11333,C2018|UT11333,Control,0,182.625,40.799999,609,1
C2018,UT,UT11334,C2018|UT11334,Control,0,182.625,38.0,913,1
C2018,UT,UT11392,C2018|UT11392,Control,0,182.625,36.799999,1028,1
C2018,UT,UT11393,C2018|UT11393,Control,0,182.625,44.200001,828,1
C2018,UT,UT11394,C2018|UT11394,Control,0,182.625,40.400002,783,1
C2018,UT,UT11395,C2018|UT11395,Control,0,182.625,37.599998,682,1
C2018,UT,UT11396,C2018|UT11396,Control,0,182.625,34.0,638,1
C2018,UT,UT11397,C2018|UT11397,Control,0,182.625,40.700001,625,1
C2018,UT,UT11409,C2018|UT11409,Control,0,182.625,42.599998,880,1
C2018,UT,UT11410,C2018|UT11410,Control,0,182.625,37.400002,972,1
C2018,UT,UT11411,C2018|UT11411,Control,0,182.625,37.200001,511,1
C2018,UT,UT11426,C2018|UT11426,Control,0,182.625,44.200001,457,1
C2018,UT,UT11427,C2018|UT11427,Control,0,182.625,47.799999,941,1
C2018,UT,UT11428,C2018|UT11428,Control,0,182.625,46.799999,233,1
C2018,UT,UT11429,C2018|UT11429,Control,0,182.625,42.5,339,1
C2018,UT,UT11430,C2018|UT11430,Control,0,182.625,45.400002,1036,1
C2018,UT,UT11431,C2018|UT11431,Control,0,182.625,40.900002,980,1
C2018,UT,UT11454,C2018|UT11454,Control,0,182.625,46.299999,338,1
C2018,UT,UT11455,C2018|UT11455,Control,0,182.625,43.799999,486,1
C2018,UT,UT11456,C2018|UT11456,Control,0,182.625,34.299999,943,1
C2018,UT,UT11464,C2018|UT11464,Control,0,182.625,39.400002,750,1
C2018,UT,UT11465,C2018|UT11465,Control,0,182.625,42.099998,649,1
C2018,UT,UT11466,C2018|UT11466,Control,0,182.625,38.5,1047,1
C2018,UT,UT11474,C2018|UT11474,Control,0,182.625,38.5,744,1
C2018,UT,UT11475,C2018|UT11475,Control,0,182.625,39.5,1066,1
C2018,UT,UT11476,C2018|UT11476,Control,0,182.625,49.200001,385,1
C2018,UT,UT11546,C2018|UT11546,Control,0,182.625,39.0,832,1
C2018,UT,UT11547,C2018|UT11547,Control,0,182.625,33.400002,1048,1
C2018,UT,UT11548,C2018|UT11548,Control,0,182.625,29.1,654,1
C2018,UT,UT11561,C2018|UT11561,Control,0,182.625,44.0,918,1
C2018,UT,UT11562,C2018|UT11562,Control,0,182.625,43.900002,471,1
C2018,UT,UT11563,C2018|UT11563,Control,0,182.625,42.799999,924,1
C2018,UT,UT11567,C2018|UT11567,Control,0,182.625,41.0,692,1
C2018,UT,UT11568,C2018|UT11568,Control,0,182.625,46.200001,807,1
C2018,UT,UT11569,C2018|UT11569,Control,0,182.625,40.599998,881,1
C2018,UT,UT11617,C2018|UT11617,Control,0,182.625,41.0,897,1
C2018,UT,UT11618,C2018|UT11618,Control,0,182.625,45.299999,900,1
C2018,UT,UT11619,C2018|UT11619,Control,0,182.625,46.799999,331,1
C2018,UT,UT11631,C2018|UT11631,Control,0,182.625,39.200001,1055,1
C2018,UT,UT11632,C2018|UT11632,Control,0,182.625,48.900002,354,1
C2018,UT,UT11633,C2018|UT11633,Control,0,182.625,43.5,856,1
C2018,UT,UT11675,C2018|UT11675,Control,0,182.625,48.799999,658,1
C2018,UT,UT11676,C2018|UT11676,Control,0,182.625,43.599998,722,1
C2018,UT,UT11677,C2018|UT11677,Control,0,182.625,49.200001,722,1
C2018,UT,UT11686,C2018|UT11686,Control,0,182.625,40.5,423,1
C2018,UT,UT11687,C2018|UT11687,Control,0,182.625,34.0,1026,1
C2018,UT,UT11688,C2018|UT11688,Control,0,182.625,41.599998,938,1
C2018,UT,UT11689,C2018|UT11689,Control,0,182.625,38.099998,778,1
C2018,UT,UT11690,C2018|UT11690,Control,0,182.625,40.299999,814,1
C2018,UT,UT11691,C2018|UT11691,Control,0,182.625,41.200001,861,1
C2018,UT,UT11695,C2018|UT11695,Control,0,182.625,46.900002,685,1
C2018,UT,UT11696,C2018|UT11696,Control,0,182.625,47.900002,316,1
C2018,UT,UT11697,C2018|UT11697,Control,0,182.625,38.0,1129,1
C2018,UT,UT11712,C2018|UT11712,Control,0,182.625,42.599998,1003,1
C2018,UT,UT11713,C2018|UT11713,Control,0,182.625,42.5,818,1
C2018,UT,UT11714,C2018|UT11714,Control,0,182.625,45.400002,903,1
C2018,UT,UT11736,C2018|UT11736,Control,0,182.625,43.5,585,1
C2018,UT,UT11737,C2018|UT11737,Control,0,182.625,45.5,559,1
C2018,UT,UT11738,C2018|UT11738,Control,0,182.625,46.400002,946,1
C2018,UT,UT11739,C2018|UT11739,Control,0,182.625,47.400002,937,1
C2018,UT,UT11740,C2018|UT11740,Control,0,182.625,45.299999,243,1
C2018,UT,UT11741,C2018|UT11741,Control,0,182.625,49.900002,590,1
C2018,UT,UT11771,C2018|UT11771,Control,0,182.625,43.799999,1163,1
C2018,UT,UT11772,C2018|UT11772,Control,0,182.625,43.5,920,1
C2018,UT,UT11773,C2018|UT11773,Control,0,182.625,41.0,190,1
C2018,UT,UT11789,C2018|UT11789,Control,0,182.625,54.5,304,1
C2018,UT,UT11790,C2018|UT11790,Control,0,182.625,45.799999,1152,1
C2018,UT,UT11791,C2018|UT11791,Control,0,182.625,49.799999,1148,1
C2018,UT,UT11813,C2018|UT11813,Control,0,182.625,34.200001,890,1
C2018,UT,UT11814,C2018|UT11814,Control,0,182.625,48.299999,881,1
C2018,UT,UT11815,C2018|UT11815,Control,0,182.625,35.0,524,1
C2018,UT,UT11839,C2018|UT11839,Control,0,182.625,47.799999,248,1
C2018,UT,UT11840,C2018|UT11840,Control,0,182.625,34.299999,1105,1
C2018,UT,UT11841,C2018|UT11841,Control,0,182.625,41.599998,771,1
C2018,UT,UT11874,C2018|UT11874,Control,0,182.625,30.799999,971,1
C2018,UT,UT11875,C2018|UT11875,Control,0,182.625,37.299999,762,1
C2018,UT,UT11876,C2018|UT11876,Control,0,182.625,39.799999,934,1
C2018,UT,UT11205,C2018|UT11205,Fis_On,1,182.625,38.400002,1077,1
C2018,UT,UT11206,C2018|UT11206,Fis_On,1,182.625,41.299999,296,1
C2018,UT,UT11253,C2018|UT11253,Fis_On,1,182.625,38.700001,412,1
C2018,UT,UT11254,C2018|UT11254,Fis_On,1,182.625,38.0,733,1
C2018,UT,UT11255,C2018|UT11255,Fis_On,1,182.625,40.5,578,1
C2018,UT,UT11297,C2018|UT11297,Fis_On,1,182.625,32.200001,1154,1
C2018,UT,UT11298,C2018|UT11298,Fis_On,1,182.625,36.200001,814,1
C2018,UT,UT11299,C2018|UT11299,Fis_On,1,182.625,44.200001,1167,1
C2018,UT,UT11312,C2018|UT11312,Fis_On,1,182.625,43.299999,312,1
C2018,UT,UT11313,C2018|UT11313,Fis_On,1,182.625,47.599998,679,1
C2018,UT,UT11314,C2018|UT11314,Fis_On,1,182.625,35.0,958,1
C2018,UT,UT11322,C2018|UT11322,Fis_On,1,182.625,45.599998,902,1
C2018,UT,UT11323,C2018|UT11323,Fis_On,1,182.625,44.900002,744,1
C2018,UT,UT11324,C2018|UT11324,Fis_On,1,182.625,41.5,841,1
C2018,UT,UT11381,C2018|UT11381,Fis_On,1,182.625,31.9,1039,1
C2018,UT,UT11382,C2018|UT11382,Fis_On,1,182.625,36.0,1345,1
C2018,UT,UT11383,C2018|UT11383,Fis_On,1,182.625,46.400002,819,1
C2018,UT,UT11444,C2018|UT11444,Fis_On,1,182.625,49.0,675,1
C2018,UT,UT11445,C2018|UT11445,Fis_On,1,182.625,54.799999,281,1
C2018,UT,UT11446,C2018|UT11446,Fis_On,1,182.625,41.5,966,1
C2018,UT,UT11488,C2018|UT11488,Fis_On,1,182.625,43.0,209,1
C2018,UT,UT11489,C2018|UT11489,Fis_On,1,182.625,49.299999,315,1
C2018,UT,UT11490,C2018|UT11490,Fis_On,1,182.625,47.0,303,1
C2018,UT,UT11502,C2018|UT11502,Fis_On,1,182.625,41.700001,1006,1
C2018,UT,UT11503,C2018|UT11503,Fis_On,1,182.625,42.099998,925,1
C2018,UT,UT11504,C2018|UT11504,Fis_On,1,182.625,38.200001,859,1
C2018,UT,UT11526,C2018|UT11526,Fis_On,1,182.625,40.599998,465,1
C2018,UT,UT11527,C2018|UT11527,Fis_On,1,182.625,47.299999,411,1
C2018,UT,UT11528,C2018|UT11528,Fis_On,1,182.625,24.9,666,1
C2018,UT,UT11537,C2018|UT11537,Fis_On,1,182.625,49.0,896,1
C2018,UT,UT11538,C2018|UT11538,Fis_On,1,182.625,42.5,570,1
C2018,UT,UT11539,C2018|UT11539,Fis_On,1,182.625,41.599998,898,1
C2018,UT,UT11604,C2018|UT11604,Fis_On,1,182.625,39.299999,996,1
C2018,UT,UT11605,C2018|UT11605,Fis_On,1,182.625,42.299999,438,1
C2018,UT,UT11606,C2018|UT11606,Fis_On,1,182.625,48.0,735,1
C2018,UT,UT11652,C2018|UT11652,Fis_On,1,182.625,42.599998,805,1
C2018,UT,UT11653,C2018|UT11653,Fis_On,1,182.625,40.299999,474,1
C2018,UT,UT11654,C2018|UT11654,Fis_On,1,182.625,38.799999,677,1
C2018,UT,UT11666,C2018|UT11666,Fis_On,1,182.625,37.799999,974,1
C2018,UT,UT11667,C2018|UT11667,Fis_On,1,182.625,43.799999,715,1
C2018,UT,UT11692,C2018|UT11692,Fis_On,1,182.625,41.299999,865,1
C2018,UT,UT11693,C2018|UT11693,Fis_On,1,182.625,42.0,686,1
C2018,UT,UT11694,C2018|UT11694,Fis_On,1,182.625,43.599998,721,1
C2018,UT,UT11764,C2018|UT11764,Fis_On,1,182.625,47.099998,482,1
C2018,UT,UT11765,C2018|UT11765,Fis_On,1,182.625,44.799999,358,1
C2018,UT,UT11766,C2018|UT11766,Fis_On,1,182.625,43.099998,640,1
C2018,TJL,JL17016,C2018|JL17016,SG1002,1,182.625,37.0,967,1
C2018,TJL,JL17017,C2018|JL17017,SG1002,1,182.625,34.0,1262,1
C2018,TJL,JL17018,C2018|JL17018,SG1002,1,182.625,44.0,945,1
C2018,TJL,JL17051,C2018|JL17051,SG1002,1,182.625,45.0,1087,1
C2018,TJL,JL17052,C2018|JL17052,SG1002,1,182.625,42.0,803,1
C2018,TJL,JL17053,C2018|JL17053,SG1002,1,182.625,45.0,705,1
C2018,TJL,JL17060,C2018|JL17060,SG1002,1,182.625,43.0,544,1
C2018,TJL,JL17061,C2018|JL17061,SG1002,1,182.625,46.0,345,1
C2018,TJL,JL17062,C2018|JL17062,SG1002,1,182.625,48.0,615,1
C2018,TJL,JL17182,C2018|JL17182,SG1002,1,182.625,47.0,850,1
C2018,TJL,JL17183,C2018|JL17183,SG1002,1,182.625,46.0,969,1
C2018,TJL,JL17184,C2018|JL17184,SG1002,1,182.625,45.0,548,1
C2018,TJL,JL17209,C2018|JL17209,SG1002,1,182.625,45.0,855,1
C2018,TJL,JL17210,C2018|JL17210,SG1002,1,182.625,40.0,924,1
C2018,TJL,JL17211,C2018|JL17211,SG1002,1,182.625,44.0,247,1
C2018,TJL,JL17212,C2018|JL17212,SG1002,1,182.625,52.0,626,1
C2018,TJL,JL17213,C2018|JL17213,SG1002,1,182.625,45.0,443,1
C2018,TJL,JL17214,C2018|JL17214,SG1002,1,182.625,43.0,752,1
C2018,TJL,JL17243,C2018|JL17243,SG1002,1,182.625,45.0,401,1
C2018,TJL,JL17244,C2018|JL17244,SG1002,1,182.625,49.0,794,1
C2018,TJL,JL17245,C2018|JL17245,SG1002,1,182.625,43.0,275,1
C2018,TJL,JL17261,C2018|JL17261,SG1002,1,182.625,49.0,451,1
C2018,TJL,JL17262,C2018|JL17262,SG1002,1,182.625,44.0,903,1
C2018,TJL,JL17263,C2018|JL17263,SG1002,1,182.625,37.0,785,1
C2018,TJL,JL17323,C2018|JL17323,SG1002,1,182.625,32.0,1003,1
C2018,TJL,JL17324,C2018|JL17324,SG1002,1,182.625,38.0,1031,1
C2018,TJL,JL17325,C2018|JL17325,SG1002,1,182.625,35.0,478,1
C2018,TJL,JL17385,C2018|JL17385,SG1002,1,182.625,47.0,841,1
C2018,TJL,JL17386,C2018|JL17386,SG1002,1,182.625,41.0,484,1
C2018,TJL,JL17387,C2018|JL17387,SG1002,1,182.625,48.0,862,1
C2018,TJL,JL17388,C2018|JL17388,SG1002,1,182.625,44.0,767,1
C2018,TJL,JL17389,C2018|JL17389,SG1002,1,182.625,46.0,753,1
C2018,TJL,JL17390,C2018|JL17390,SG1002,1,182.625,44.0,508,1
C2018,TJL,JL17440,C2018|JL17440,SG1002,1,182.625,47.0,607,1
C2018,TJL,JL17441,C2018|JL17441,SG1002,1,182.625,49.0,286,1
C2018,TJL,JL17442,C2018|JL17442,SG1002,1,182.625,49.0,384,1
C2018,TJL,JL17468,C2018|JL17468,SG1002,1,182.625,51.0,1095,1
C2018,TJL,JL17469,C2018|JL17469,SG1002,1,182.625,51.0,859,1
C2018,TJL,JL17470,C2018|JL17470,SG1002,1,182.625,51.0,1125,1
C2018,TJL,JL17474,C2018|JL17474,SG1002,1,182.625,50.0,511,1
C2018,TJL,JL17475,C2018|JL17475,SG1002,1,182.625,45.0,477,1
C2018,TJL,JL17476,C2018|JL17476,SG1002,1,182.625,49.0,394,1
C2018,TJL,JL17549,C2018|JL17549,SG1002,1,182.625,54.0,315,1
C2018,TJL,JL17550,C2018|JL17550,SG1002,1,182.625,42.0,876,1
C2018,TJL,JL17551,C2018|JL17551,SG1002,1,182.625,50.0,219,1
C2018,TJL,JL17607,C2018|JL17607,SG1002,1,182.625,43.0,1002,1
C2018,TJL,JL17608,C2018|JL17608,SG1002,1,182.625,45.0,750,1
C2018,TJL,JL17609,C2018|JL17609,SG1002,1,182.625,43.0,747,1
C2018,TJL,JL17685,C2018|JL17685,SG1002,1,182.625,45.0,339,1
C2018,TJL,JL17686,C2018|JL17686,SG1002,1,182.625,33.0,707,1
C2018,TJL,JL17687,C2018|JL17687,SG1002,1,182.625,31.0,337,1
C2018,TJL,JL17708,C2018|JL17708,SG1002,1,182.625,38.0,764,1
C2018,TJL,JL17709,C2018|JL17709,SG1002,1,182.625,41.0,426,1
C2018,TJL,JL17710,C2018|JL17710,SG1002,1,182.625,45.0,1003,1
C2018,UT,UT11221,C2018|UT11221,SG1002,1,182.625,39.799999,944,1
C2018,UT,UT11222,C2018|UT11222,SG1002,1,182.625,45.5,668,1
C2018,UT,UT11223,C2018|UT11223,SG1002,1,182.625,46.599998,912,1
C2018,UT,UT11263,C2018|UT11263,SG1002,1,182.625,40.400002,760,1
C2018,UT,UT11264,C2018|UT11264,SG1002,1,182.625,37.099998,1129,1
C2018,UT,UT11265,C2018|UT11265,SG1002,1,182.625,36.799999,749,1
C2018,UT,UT11294,C2018|UT11294,SG1002,1,182.625,42.700001,1002,1
C2018,UT,UT11295,C2018|UT11295,SG1002,1,182.625,39.799999,756,1
C2018,UT,UT11296,C2018|UT11296,SG1002,1,182.625,45.5,474,1
C2018,UT,UT11339,C2018|UT11339,SG1002,1,182.625,38.299999,890,1
C2018,UT,UT11340,C2018|UT11340,SG1002,1,182.625,38.200001,868,1
C2018,UT,UT11341,C2018|UT11341,SG1002,1,182.625,41.0,859,1
C2018,UT,UT11346,C2018|UT11346,SG1002,1,182.625,45.400002,927,1
C2018,UT,UT11347,C2018|UT11347,SG1002,1,182.625,32.700001,945,1
C2018,UT,UT11348,C2018|UT11348,SG1002,1,182.625,43.599998,701,1
C2018,UT,UT11419,C2018|UT11419,SG1002,1,182.625,29.4,919,1
C2018,UT,UT11420,C2018|UT11420,SG1002,1,182.625,31.9,1192,1
C2018,UT,UT11421,C2018|UT11421,SG1002,1,182.625,38.700001,765,1
C2018,UT,UT11435,C2018|UT11435,SG1002,1,182.625,41.700001,933,1
C2018,UT,UT11436,C2018|UT11436,SG1002,1,182.625,46.900002,418,1
C2018,UT,UT11437,C2018|UT11437,SG1002,1,182.625,37.5,1113,1
C2018,UT,UT11495,C2018|UT11495,SG1002,1,182.625,34.200001,647,1
C2018,UT,UT11496,C2018|UT11496,SG1002,1,182.625,34.200001,602,1
C2018,UT,UT11497,C2018|UT11497,SG1002,1,182.625,43.299999,436,1
C2018,UT,UT11515,C2018|UT11515,SG1002,1,182.625,33.099998,985,1
C2018,UT,UT11516,C2018|UT11516,SG1002,1,182.625,33.0,755,1
C2018,UT,UT11517,C2018|UT11517,SG1002,1,182.625,40.400002,376,1
C2018,UT,UT11540,C2018|UT11540,SG1002,1,182.625,50.799999,702,1
C2018,UT,UT11541,C2018|UT11541,SG1002,1,182.625,35.5,871,1
C2018,UT,UT11542,C2018|UT11542,SG1002,1,182.625,42.5,652,1
C2018,UT,UT11564,C2018|UT11564,SG1002,1,182.625,41.900002,1002,1
C2018,UT,UT11565,C2018|UT11565,SG1002,1,182.625,41.099998,600,1
C2018,UT,UT11566,C2018|UT11566,SG1002,1,182.625,42.299999,807,1
C2018,UT,UT11580,C2018|UT11580,SG1002,1,182.625,43.400002,630,1
C2018,UT,UT11581,C2018|UT11581,SG1002,1,182.625,46.299999,910,1
C2018,UT,UT11582,C2018|UT11582,SG1002,1,182.625,46.099998,641,1
C2018,UT,UT11655,C2018|UT11655,SG1002,1,182.625,42.799999,711,1
C2018,UT,UT11656,C2018|UT11656,SG1002,1,182.625,42.700001,722,1
C2018,UT,UT11657,C2018|UT11657,SG1002,1,182.625,41.700001,516,1
C2018,UT,UT11705,C2018|UT11705,SG1002,1,182.625,43.200001,743,1
C2018,UT,UT11706,C2018|UT11706,SG1002,1,182.625,45.900002,766,1
C2018,UT,UT11707,C2018|UT11707,SG1002,1,182.625,45.200001,755,1
C2018,UT,UT11722,C2018|UT11722,SG1002,1,182.625,39.299999,640,1
C2018,UT,UT11723,C2018|UT11723,SG1002,1,182.625,37.099998,846,1
C2018,UT,UT11724,C2018|UT11724,SG1002,1,182.625,38.299999,467,1
C2018,UT,UT11819,C2018|UT11819,SG1002,1,182.625,43.799999,1005,1
C2018,UT,UT11820,C2018|UT11820,SG1002,1,182.625,42.700001,1036,1
C2018,UT,UT11821,C2018|UT11821,SG1002,1,182.625,39.0,1041,1
C2018,UT,UT11825,C2018|UT11825,SG1002,1,182.625,44.200001,349,1
C2018,UT,UT11826,C2018|UT11826,SG1002,1,182.625,34.200001,923,1
C2018,UT,UT11827,C2018|UT11827,SG1002,1,182.625,39.700001,832,1
C2019,TJL,JL19009,C2019|JL19009,Asta,1,182.625,50.0,808,1
C2019,TJL,JL19010,C2019|JL19010,Asta,1,182.625,50.0,758,1
C2019,TJL,JL19011,C2019|JL19011,Asta,1,182.625,50.0,1003,1
C2019,TJL,JL19108,C2019|JL19108,Asta,1,182.625,47.0,394,1
C2019,TJL,JL19109,C2019|JL19109,Asta,1,182.625,48.0,701,1
C2019,TJL,JL19110,C2019|JL19110,Asta,1,182.625,45.0,1001,1
C2019,TJL,JL19114,C2019|JL19114,Asta,1,182.625,42.0,904,1
C2019,TJL,JL19115,C2019|JL19115,Asta,1,182.625,44.0,904,1
C2019,TJL,JL19116,C2019|JL19116,Asta,1,182.625,44.0,499,1
C2019,TJL,JL19189,C2019|JL19189,Asta,1,182.625,40.0,233,1
C2019,TJL,JL19190,C2019|JL19190,Asta,1,182.625,45.0,971,1
C2019,TJL,JL19191,C2019|JL19191,Asta,1,182.625,49.0,759,1
C2019,TJL,JL19255,C2019|JL19255,Asta,1,182.625,46.0,1020,1
C2019,TJL,JL19256,C2019|JL19256,Asta,1,182.625,40.0,870,1
C2019,TJL,JL19257,C2019|JL19257,Asta,1,182.625,46.0,799,1
C2019,TJL,JL19283,C2019|JL19283,Asta,1,182.625,38.0,880,1
C2019,TJL,JL19284,C2019|JL19284,Asta,1,182.625,44.0,794,1
C2019,TJL,JL19285,C2019|JL19285,Asta,1,182.625,50.0,655,1
C2019,TJL,JL19336,C2019|JL19336,Asta,1,182.625,39.0,907,1
C2019,TJL,JL19337,C2019|JL19337,Asta,1,182.625,40.0,1019,1
C2019,TJL,JL19338,C2019|JL19338,Asta,1,182.625,40.0,1041,1
C2019,TJL,JL19373,C2019|JL19373,Asta,1,182.625,48.0,405,1
C2019,TJL,JL19374,C2019|JL19374,Asta,1,182.625,57.0,518,1
C2019,TJL,JL19375,C2019|JL19375,Asta,1,182.625,46.0,419,1
C2019,TJL,JL19448,C2019|JL19448,Asta,1,182.625,47.0,717,1
C2019,TJL,JL19449,C2019|JL19449,Asta,1,182.625,40.0,918,1
C2019,TJL,JL19450,C2019|JL19450,Asta,1,182.625,44.0,962,1
C2019,TJL,JL19491,C2019|JL19491,Asta,1,182.625,36.0,742,1
C2019,TJL,JL19492,C2019|JL19492,Asta,1,182.625,42.0,1243,1
C2019,TJL,JL19493,C2019|JL19493,Asta,1,182.625,42.0,1177,1
C2019,TJL,JL19532,C2019|JL19532,Asta,1,182.625,49.0,973,1
C2019,TJL,JL19533,C2019|JL19533,Asta,1,182.625,45.0,1003,1
C2019,TJL,JL19534,C2019|JL19534,Asta,1,182.625,45.0,1086,1
C2019,TJL,JL19595,C2019|JL19595,Asta,1,182.625,39.0,802,1
C2019,TJL,JL19596,C2019|JL19596,Asta,1,182.625,37.0,1039,1
C2019,TJL,JL19597,C2019|JL19597,Asta,1,182.625,46.0,541,1
C2019,TJL,JL19651,C2019|JL19651,Asta,1,182.625,55.0,188,1
C2019,TJL,JL19652,C2019|JL19652,Asta,1,182.625,39.0,1201,1
C2019,TJL,JL19653,C2019|JL19653,Asta,1,182.625,40.0,796,1
C2019,TJL,JL19676,C2019|JL19676,Asta,1,182.625,49.0,907,1
C2019,TJL,JL19677,C2019|JL19677,Asta,1,182.625,38.0,696,1
C2019,TJL,JL19678,C2019|JL19678,Asta,1,182.625,48.0,1024,1
C2019,TJL,JL19763,C2019|JL19763,Asta,1,182.625,50.0,803,1
C2019,TJL,JL19764,C2019|JL19764,Asta,1,182.625,44.0,779,1
C2019,TJL,JL19765,C2019|JL19765,Asta,1,182.625,42.0,397,1
C2019,TJL,JL19815,C2019|JL19815,Asta,1,182.625,40.0,917,1
C2019,TJL,JL19816,C2019|JL19816,Asta,1,182.625,41.0,971,1
C2019,TJL,JL19817,C2019|JL19817,Asta,1,182.625,44.0,977,1
C2019,TJL,JL19846,C2019|JL19846,Asta,1,182.625,36.0,1067,1
C2019,TJL,JL19847,C2019|JL19847,Asta,1,182.625,48.0,1110,1
C2019,TJL,JL19848,C2019|JL19848,Asta,1,182.625,52.0,302,1
C2019,TJL,JL19884,C2019|JL19884,Asta,1,182.625,40.0,512,1
C2019,TJL,JL19885,C2019|JL19885,Asta,1,182.625,40.0,999,1
C2019,TJL,JL19886,C2019|JL19886,Asta,1,182.625,45.0,722,1
C2019,TJL,JL19039,C2019|JL19039,Control,0,182.625,47.0,623,1
C2019,TJL,JL19040,C2019|JL19040,Control,0,182.625,43.0,694,1
C2019,TJL,JL19041,C2019|JL19041,Control,0,182.625,32.0,909,1
C2019,TJL,JL19061,C2019|JL19061,Control,0,182.625,42.0,659,1
C2019,TJL,JL19062,C2019|JL19062,Control,0,182.625,42.0,729,1
C2019,TJL,JL19063,C2019|JL19063,Control,0,182.625,34.0,1271,1
C2019,TJL,JL19067,C2019|JL19067,Control,0,182.625,41.0,1033,1
C2019,TJL,JL19068,C2019|JL19068,Control,0,182.625,38.0,1150,1
C2019,TJL,JL19069,C2019|JL19069,Control,0,182.625,35.0,1099,1
C2019,TJL,JL19070,C2019|JL19070,Control,0,182.625,41.0,1017,1
C2019,TJL,JL19071,C2019|JL19071,Control,0,182.625,41.0,790,1
C2019,TJL,JL19072,C2019|JL19072,Control,0,182.625,46.0,544,1
C2019,TJL,JL19136,C2019|JL19136,Control,0,182.625,43.0,351,1
C2019,TJL,JL19137,C2019|JL19137,Control,0,182.625,44.0,861,1
C2019,TJL,JL19138,C2019|JL19138,Control,0,182.625,42.0,530,1
C2019,TJL,JL19145,C2019|JL19145,Control,0,182.625,47.0,910,1
C2019,TJL,JL19146,C2019|JL19146,Control,0,182.625,41.0,565,1
C2019,TJL,JL19147,C2019|JL19147,Control,0,182.625,40.0,883,1
C2019,TJL,JL19186,C2019|JL19186,Control,0,182.625,50.0,944,1
C2019,TJL,JL19187,C2019|JL19187,Control,0,182.625,42.0,875,1
C2019,TJL,JL19188,C2019|JL19188,Control,0,182.625,46.0,564,1
C2019,TJL,JL19206,C2019|JL19206,Control,0,182.625,44.0,877,1
C2019,TJL,JL19207,C2019|JL19207,Control,0,182.625,43.0,802,1
C2019,TJL,JL19208,C2019|JL19208,Control,0,182.625,43.0,750,1
C2019,TJL,JL19236,C2019|JL19236,Control,0,182.625,49.0,648,1
C2019,TJL,JL19237,C2019|JL19237,Control,0,182.625,45.0,794,1
C2019,TJL,JL19238,C2019|JL19238,Control,0,182.625,45.0,899,1
C2019,TJL,JL19245,C2019|JL19245,Control,0,182.625,46.0,748,1
C2019,TJL,JL19246,C2019|JL19246,Control,0,182.625,46.0,763,1
C2019,TJL,JL19247,C2019|JL19247,Control,0,182.625,41.0,743,1
C2019,TJL,JL19264,C2019|JL19264,Control,0,182.625,43.0,447,1
C2019,TJL,JL19265,C2019|JL19265,Control,0,182.625,41.0,513,1
C2019,TJL,JL19266,C2019|JL19266,Control,0,182.625,40.0,778,1
C2019,TJL,JL19289,C2019|JL19289,Control,0,182.625,46.0,619,1
C2019,TJL,JL19290,C2019|JL19290,Control,0,182.625,45.0,752,1
C2019,TJL,JL19291,C2019|JL19291,Control,0,182.625,44.0,631,1
C2019,TJL,JL19330,C2019|JL19330,Control,0,182.625,53.0,547,1
C2019,TJL,JL19331,C2019|JL19331,Control,0,182.625,40.0,946,1
C2019,TJL,JL19332,C2019|JL19332,Control,0,182.625,43.0,1034,1
C2019,TJL,JL19342,C2019|JL19342,Control,0,182.625,38.0,757,1
C2019,TJL,JL19343,C2019|JL19343,Control,0,182.625,46.0,837,1
C2019,TJL,JL19344,C2019|JL19344,Control,0,182.625,45.0,519,1
C2019,TJL,JL19376,C2019|JL19376,Control,0,182.625,34.0,1001,1
C2019,TJL,JL19377,C2019|JL19377,Control,0,182.625,48.0,765,1
C2019,TJL,JL19378,C2019|JL19378,Control,0,182.625,42.0,351,1
C2019,TJL,JL19411,C2019|JL19411,Control,0,182.625,37.0,848,1
C2019,TJL,JL19412,C2019|JL19412,Control,0,182.625,43.0,547,1
C2019,TJL,JL19413,C2019|JL19413,Control,0,182.625,43.0,851,1
C2019,TJL,JL19451,C2019|JL19451,Control,0,182.625,43.0,533,1
C2019,TJL,JL19452,C2019|JL19452,Control,0,182.625,39.0,408,1
C2019,TJL,JL19453,C2019|JL19453,Control,0,182.625,46.0,976,1
C2019,TJL,JL19457,C2019|JL19457,Control,0,182.625,39.0,688,1
C2019,TJL,JL19458,C2019|JL19458,Control,0,182.625,39.0,699,1
C2019,TJL,JL19459,C2019|JL19459,Control,0,182.625,43.0,621,1
C2019,TJL,JL19482,C2019|JL19482,Control,0,182.625,36.0,1044,1
C2019,TJL,JL19483,C2019|JL19483,Control,0,182.625,45.0,824,1
C2019,TJL,JL19484,C2019|JL19484,Control,0,182.625,41.0,1068,1
C2019,TJL,JL19513,C2019|JL19513,Control,0,182.625,42.0,846,1
C2019,TJL,JL19514,C2019|JL19514,Control,0,182.625,47.0,645,1
C2019,TJL,JL19515,C2019|JL19515,Control,0,182.625,44.0,946,1
C2019,TJL,JL19519,C2019|JL19519,Control,0,182.625,46.0,666,1
C2019,TJL,JL19520,C2019|JL19520,Control,0,182.625,51.0,648,1
C2019,TJL,JL19521,C2019|JL19521,Control,0,182.625,35.0,838,1
C2019,TJL,JL19558,C2019|JL19558,Control,0,182.625,41.0,719,1
C2019,TJL,JL19559,C2019|JL19559,Control,0,182.625,41.0,829,1
C2019,TJL,JL19560,C2019|JL19560,Control,0,182.625,33.0,953,1
C2019,TJL,JL19573,C2019|JL19573,Control,0,182.625,38.0,1183,1
C2019,TJL,JL19574,C2019|JL19574,Control,0,182.625,43.0,596,1
C2019,TJL,JL19575,C2019|JL19575,Control,0,182.625,41.0,703,1
C2019,TJL,JL19601,C2019|JL19601,Control,0,182.625,42.0,817,1
C2019,TJL,JL19602,C2019|JL19602,Control,0,182.625,39.0,956,1
C2019,TJL,JL19603,C2019|JL19603,Control,0,182.625,47.0,1079,1
C2019,TJL,JL19633,C2019|JL19633,Control,0,182.625,41.0,992,1
C2019,TJL,JL19634,C2019|JL19634,Control,0,182.625,47.0,939,1
C2019,TJL,JL19635,C2019|JL19635,Control,0,182.625,36.0,1176,1
C2019,TJL,JL19642,C2019|JL19642,Control,0,182.625,48.0,579,1
C2019,TJL,JL19643,C2019|JL19643,Control,0,182.625,38.0,477,1
C2019,TJL,JL19644,C2019|JL19644,Control,0,182.625,43.0,306,1
C2019,TJL,JL19679,C2019|JL19679,Control,0,182.625,39.0,837,1
C2019,TJL,JL19680,C2019|JL19680,Control,0,182.625,44.0,1075,1
C2019,TJL,JL19681,C2019|JL19681,Control,0,182.625,42.0,886,1
C2019,TJL,JL19709,C2019|JL19709,Control,0,182.625,45.0,394,1
C2019,TJL,JL19710,C2019|JL19710,Control,0,182.625,31.0,1090,1
C2019,TJL,JL19711,C2019|JL19711,Control,0,182.625,47.0,482,1
C2019,TJL,JL19723,C2019|JL19723,Control,0,182.625,44.0,1104,1
C2019,TJL,JL19724,C2019|JL19724,Control,0,182.625,42.0,678,1
C2019,TJL,JL19725,C2019|JL19725,Control,0,182.625,38.0,1062,1
C2019,TJL,JL19743,C2019|JL19743,Control,0,182.625,49.0,450,1
C2019,TJL,JL19744,C2019|JL19744,Control,0,182.625,47.0,442,1
C2019,TJL,JL19745,C2019|JL19745,Control,0,182.625,45.0,851,1
C2019,TJL,JL19788,C2019|JL19788,Control,0,182.625,45.0,323,1
C2019,TJL,JL19789,C2019|JL19789,Control,0,182.625,43.0,696,1
C2019,TJL,JL19790,C2019|JL19790,Control,0,182.625,40.0,833,1
C2019,TJL,JL19800,C2019|JL19800,Control,0,182.625,43.0,1026,1
C2019,TJL,JL19801,C2019|JL19801,Control,0,182.625,44.0,979,1
C2019,TJL,JL19802,C2019|JL19802,Control,0,182.625,45.0,309,1
C2019,TJL,JL19852,C2019|JL19852,Control,0,182.625,38.0,1113,1
C2019,TJL,JL19853,C2019|JL19853,Control,0,182.625,45.0,597,1
C2019,TJL,JL19854,C2019|JL19854,Control,0,182.625,40.0,590,1
C2019,TJL,JL19922,C2019|JL19922,Control,0,182.625,35.0,1042,1
C2019,TJL,JL19923,C2019|JL19923,Control,0,182.625,38.0,758,1
C2019,TJL,JL19924,C2019|JL19924,Control,0,182.625,42.0,860,1
C2019,TJL,JL19928,C2019|JL19928,Control,0,182.625,41.0,980,1
C2019,TJL,JL19929,C2019|JL19929,Control,0,182.625,50.0,537,1
C2019,TJL,JL19930,C2019|JL19930,Control,0,182.625,46.0,831,1
C2019,UT,UT12422,C2019|UT12422,Asta,1,182.625,45.799999,967,1
C2019,UT,UT12423,C2019|UT12423,Asta,1,182.625,48.5,945,1
C2019,UT,UT12424,C2019|UT12424,Asta,1,182.625,45.400002,651,1
C2019,UT,UT12505,C2019|UT12505,Asta,1,182.625,39.200001,1040,1
C2019,UT,UT12506,C2019|UT12506,Asta,1,182.625,31.6,678,1
C2019,UT,UT12507,C2019|UT12507,Asta,1,182.625,42.799999,844,1
C2019,UT,UT12581,C2019|UT12581,Asta,1,182.625,45.5,556,1
C2019,UT,UT12582,C2019|UT12582,Asta,1,182.625,41.799999,909,1
C2019,UT,UT12583,C2019|UT12583,Asta,1,182.625,41.900002,844,1
C2019,UT,UT12610,C2019|UT12610,Asta,1,182.625,33.5,942,1
C2019,UT,UT12611,C2019|UT12611,Asta,1,182.625,46.599998,470,1
C2019,UT,UT12612,C2019|UT12612,Asta,1,182.625,43.400002,660,1
C2019,UT,UT12651,C2019|UT12651,Asta,1,182.625,39.700001,762,1
C2019,UT,UT12652,C2019|UT12652,Asta,1,182.625,31.4,610,1
C2019,UT,UT12653,C2019|UT12653,Asta,1,182.625,37.099998,1124,1
C2019,UT,UT12741,C2019|UT12741,Asta,1,182.625,37.400002,1053,1
C2019,UT,UT12742,C2019|UT12742,Asta,1,182.625,33.299999,1079,1
C2019,UT,UT12743,C2019|UT12743,Asta,1,182.625,46.299999,1048,1
C2019,UT,UT12751,C2019|UT12751,Asta,1,182.625,40.900002,515,1
C2019,UT,UT12752,C2019|UT12752,Asta,1,182.625,41.700001,650,1
C2019,UT,UT12753,C2019|UT12753,Asta,1,182.625,40.900002,1172,1
C2019,UT,UT12779,C2019|UT12779,Asta,1,182.625,46.099998,736,1
C2019,UT,UT12780,C2019|UT12780,Asta,1,182.625,36.0,938,1
C2019,UT,UT12781,C2019|UT12781,Asta,1,182.625,47.0,827,1
C2019,UT,UT12848,C2019|UT12848,Asta,1,182.625,40.0,698,1
C2019,UT,UT12849,C2019|UT12849,Asta,1,182.625,44.0,622,1
C2019,UT,UT12850,C2019|UT12850,Asta,1,182.625,45.099998,1029,1
C2019,UT,UT12896,C2019|UT12896,Asta,1,182.625,38.900002,569,1
C2019,UT,UT12897,C2019|UT12897,Asta,1,182.625,43.099998,931,1
C2019,UT,UT12898,C2019|UT12898,Asta,1,182.625,27.1,998,1
C2019,UT,UT12966,C2019|UT12966,Asta,1,182.625,46.099998,433,1
C2019,UT,UT12967,C2019|UT12967,Asta,1,182.625,27.5,1033,1
C2019,UT,UT12968,C2019|UT12968,Asta,1,182.625,39.400002,1041,1
C2019,UT,UT13001,C2019|UT13001,Asta,1,182.625,42.900002,881,1
C2019,UT,UT13002,C2019|UT13002,Asta,1,182.625,43.599998,420,1
C2019,UT,UT13003,C2019|UT13003,Asta,1,182.625,46.099998,913,1
C2019,UT,UT13035,C2019|UT13035,Asta,1,182.625,40.200001,741,1
C2019,UT,UT13036,C2019|UT13036,Asta,1,182.625,45.799999,920,1
C2019,UT,UT13037,C2019|UT13037,Asta,1,182.625,43.0,614,1
C2019,UT,UT13076,C2019|UT13076,Asta,1,182.625,41.700001,1165,1
C2019,UT,UT13077,C2019|UT13077,Asta,1,182.625,43.700001,764,1
C2019,UT,UT13078,C2019|UT13078,Asta,1,182.625,42.5,809,1
C2019,UT,UT13172,C2019|UT13172,Asta,1,182.625,47.5,298,1
C2019,UT,UT13173,C2019|UT13173,Asta,1,182.625,44.0,1206,1
C2019,UT,UT13174,C2019|UT13174,Asta,1,182.625,39.099998,1160,1
C2019,UT,UT13207,C2019|UT13207,Asta,1,182.625,35.099998,1153,1
C2019,UT,UT13208,C2019|UT13208,Asta,1,182.625,43.200001,391,1
C2019,UT,UT13209,C2019|UT13209,Asta,1,182.625,47.5,1226,1
C2019,UT,UT13279,C2019|UT13279,Asta,1,182.625,40.900002,905,1
C2019,UT,UT13280,C2019|UT13280,Asta,1,182.625,32.799999,1178,1
C2019,UT,UT13281,C2019|UT13281,Asta,1,182.625,41.299999,1002,1
C2019,UT,UT12442,C2019|UT12442,Control,0,182.625,36.400002,824,1
C2019,UT,UT12443,C2019|UT12443,Control,0,182.625,42.099998,407,1
C2019,UT,UT12444,C2019|UT12444,Control,0,182.625,34.799999,858,1
C2019,UT,UT12464,C2019|UT12464,Control,0,182.625,40.299999,493,1
C2019,UT,UT12465,C2019|UT12465,Control,0,182.625,34.799999,461,1
C2019,UT,UT12466,C2019|UT12466,Control,0,182.625,39.400002,712,1
C2019,UT,UT12485,C2019|UT12485,Control,0,182.625,36.5,768,1
C2019,UT,UT12486,C2019|UT12486,Control,0,182.625,42.0,640,1
C2019,UT,UT12487,C2019|UT12487,Control,0,182.625,35.799999,951,1
C2019,UT,UT12526,C2019|UT12526,Control,0,182.625,42.599998,917,1
C2019,UT,UT12527,C2019|UT12527,Control,0,182.625,42.700001,1063,1
C2019,UT,UT12528,C2019|UT12528,Control,0,182.625,37.299999,732,1
C2019,UT,UT12560,C2019|UT12560,Control,0,182.625,43.900002,677,1
C2019,UT,UT12561,C2019|UT12561,Control,0,182.625,39.0,875,1
C2019,UT,UT12562,C2019|UT12562,Control,0,182.625,34.099998,973,1
C2019,UT,UT12584,C2019|UT12584,Control,0,182.625,40.900002,849,1
C2019,UT,UT12585,C2019|UT12585,Control,0,182.625,39.099998,959,1
C2019,UT,UT12586,C2019|UT12586,Control,0,182.625,43.599998,734,1
C2019,UT,UT12617,C2019|UT12617,Control,0,182.625,40.5,524,1
C2019,UT,UT12618,C2019|UT12618,Control,0,182.625,30.9,1150,1
C2019,UT,UT12619,C2019|UT12619,Control,0,182.625,37.099998,843,1
C2019,UT,UT12627,C2019|UT12627,Control,0,182.625,43.799999,855,1
C2019,UT,UT12628,C2019|UT12628,Control,0,182.625,32.799999,1241,1
C2019,UT,UT12629,C2019|UT12629,Control,0,182.625,40.799999,536,1
C2019,UT,UT12665,C2019|UT12665,Control,0,182.625,33.0,638,1
C2019,UT,UT12666,C2019|UT12666,Control,0,182.625,41.299999,870,1
C2019,UT,UT12667,C2019|UT12667,Control,0,182.625,32.5,814,1
C2019,UT,UT12710,C2019|UT12710,Control,0,182.625,40.900002,1234,1
C2019,UT,UT12711,C2019|UT12711,Control,0,182.625,34.400002,388,1
C2019,UT,UT12712,C2019|UT12712,Control,0,182.625,40.900002,741,1
C2019,UT,UT12731,C2019|UT12731,Control,0,182.625,38.599998,820,1
C2019,UT,UT12732,C2019|UT12732,Control,0,182.625,45.099998,277,1
C2019,UT,UT12733,C2019|UT12733,Control,0,182.625,43.299999,610,1
C2019,UT,UT12766,C2019|UT12766,Control,0,182.625,46.400002,793,1
C2019,UT,UT12767,C2019|UT12767,Control,0,182.625,45.200001,652,1
C2019,UT,UT12768,C2019|UT12768,Control,0,182.625,41.299999,875,1
C2019,UT,UT12769,C2019|UT12769,Control,0,182.625,42.5,1090,1
C2019,UT,UT12770,C2019|UT12770,Control,0,182.625,46.599998,315,1
C2019,UT,UT12771,C2019|UT12771,Control,0,182.625,41.599998,610,1
C2019,UT,UT12782,C2019|UT12782,Control,0,182.625,36.299999,1121,1
C2019,UT,UT12783,C2019|UT12783,Control,0,182.625,49.700001,589,1
C2019,UT,UT12784,C2019|UT12784,Control,0,182.625,32.299999,439,1
C2019,UT,UT12807,C2019|UT12807,Control,0,182.625,47.900002,335,1
C2019,UT,UT12808,C2019|UT12808,Control,0,182.625,44.200001,383,1
C2019,UT,UT12809,C2019|UT12809,Control,0,182.625,45.0,1130,1
C2019,UT,UT12830,C2019|UT12830,Control,0,182.625,42.5,564,1
C2019,UT,UT12831,C2019|UT12831,Control,0,182.625,41.200001,822,1
C2019,UT,UT12832,C2019|UT12832,Control,0,182.625,38.200001,972,1
C2019,UT,UT12882,C2019|UT12882,Control,0,182.625,45.200001,449,1
C2019,UT,UT12883,C2019|UT12883,Control,0,182.625,46.5,848,1
C2019,UT,UT12884,C2019|UT12884,Control,0,182.625,42.299999,837,1
C2019,UT,UT12902,C2019|UT12902,Control,0,182.625,43.400002,1131,1
C2019,UT,UT12903,C2019|UT12903,Control,0,182.625,45.099998,421,1
C2019,UT,UT12904,C2019|UT12904,Control,0,182.625,40.799999,955,1
C2019,UT,UT12909,C2019|UT12909,Control,0,182.625,45.0,436,1
C2019,UT,UT12910,C2019|UT12910,Control,0,182.625,45.200001,452,1
C2019,UT,UT12911,C2019|UT12911,Control,0,182.625,43.900002,1040,1
C2019,UT,UT12963,C2019|UT12963,Control,0,182.625,46.200001,623,1
C2019,UT,UT12964,C2019|UT12964,Control,0,182.625,42.400002,989,1
C2019,UT,UT12965,C2019|UT12965,Control,0,182.625,43.400002,536,1
C2019,UT,UT12980,C2019|UT12980,Control,0,182.625,43.200001,495,1
C2019,UT,UT12981,C2019|UT12981,Control,0,182.625,41.900002,787,1
C2019,UT,UT12982,C2019|UT12982,Control,0,182.625,44.5,1133,1
C2019,UT,UT12983,C2019|UT12983,Control,0,182.625,40.099998,1048,1
C2019,UT,UT12984,C2019|UT12984,Control,0,182.625,46.900002,354,1
C2019,UT,UT12985,C2019|UT12985,Control,0,182.625,44.799999,729,1
C2019,UT,UT13004,C2019|UT13004,Control,0,182.625,36.799999,559,1
C2019,UT,UT13005,C2019|UT13005,Control,0,182.625,37.299999,987,1
C2019,UT,UT13006,C2019|UT13006,Control,0,182.625,46.799999,378,1
C2019,UT,UT13021,C2019|UT13021,Control,0,182.625,43.799999,487,1
C2019,UT,UT13022,C2019|UT13022,Control,0,182.625,34.0,945,1
C2019,UT,UT13023,C2019|UT13023,Control,0,182.625,38.599998,579,1
C2019,UT,UT13059,C2019|UT13059,Control,0,182.625,45.5,959,1
C2019,UT,UT13060,C2019|UT13060,Control,0,182.625,40.599998,700,1
C2019,UT,UT13061,C2019|UT13061,Control,0,182.625,36.299999,841,1
C2019,UT,UT13090,C2019|UT13090,Control,0,182.625,39.200001,420,1
C2019,UT,UT13091,C2019|UT13091,Control,0,182.625,36.299999,1047,1
C2019,UT,UT13092,C2019|UT13092,Control,0,182.625,35.599998,1007,1
C2019,UT,UT13116,C2019|UT13116,Control,0,182.625,32.799999,969,1
C2019,UT,UT13117,C2019|UT13117,Control,0,182.625,33.299999,950,1
C2019,UT,UT13118,C2019|UT13118,Control,0,182.625,44.400002,475,1
C2019,UT,UT13153,C2019|UT13153,Control,0,182.625,35.700001,922,1
C2019,UT,UT13154,C2019|UT13154,Control,0,182.625,47.599998,349,1
C2019,UT,UT13155,C2019|UT13155,Control,0,182.625,45.299999,817,1
C2019,UT,UT13156,C2019|UT13156,Control,0,182.625,43.299999,395,1
C2019,UT,UT13157,C2019|UT13157,Control,0,182.625,46.0,906,1
C2019,UT,UT13158,C2019|UT13158,Control,0,182.625,42.299999,518,1
C2019,UT,UT13194,C2019|UT13194,Control,0,182.625,34.700001,859,1
C2019,UT,UT13195,C2019|UT13195,Control,0,182.625,37.700001,1092,1
C2019,UT,UT13196,C2019|UT13196,Control,0,182.625,33.799999,909,1
C2019,UT,UT13200,C2019|UT13200,Control,0,182.625,36.799999,912,1
C2019,UT,UT13201,C2019|UT13201,Control,0,182.625,38.799999,867,1
C2019,UT,UT13202,C2019|UT13202,Control,0,182.625,42.799999,1157,1
C2019,UT,UT13247,C2019|UT13247,Control,0,182.625,36.0,789,1
C2019,UT,UT13248,C2019|UT13248,Control,0,182.625,39.0,330,1
C2019,UT,UT13249,C2019|UT13249,Control,0,182.625,35.0,861,1
C2019,UT,UT13342,C2019|UT13342,Control,0,182.625,34.0,231,1
C2019,UT,UT13343,C2019|UT13343,Control,0,182.625,31.9,637,1
C2019,UT,UT13344,C2019|UT13344,Control,0,182.625,35.299999,1037,1
C2019,TJL,JL19033,C2019|JL19033,DMF_16,1,182.625,41.0,1081,1
C2019,TJL,JL19034,C2019|JL19034,DMF_16,1,182.625,45.0,572,1
C2019,TJL,JL19035,C2019|JL19035,DMF_16,1,182.625,40.0,900,1
C2019,TJL,JL19065,C2019|JL19065,DMF_16,1,182.625,35.0,250,1
C2019,TJL,JL19133,C2019|JL19133,DMF_16,1,182.625,47.0,271,1
C2019,TJL,JL19134,C2019|JL19134,DMF_16,1,182.625,45.0,271,1
C2019,TJL,JL19135,C2019|JL19135,DMF_16,1,182.625,48.0,631,1
C2019,TJL,JL19192,C2019|JL19192,DMF_16,1,182.625,43.0,994,1
C2019,TJL,JL19193,C2019|JL19193,DMF_16,1,182.625,41.0,823,1
C2019,TJL,JL19194,C2019|JL19194,DMF_16,1,182.625,46.0,575,1
C2019,TJL,JL19252,C2019|JL19252,DMF_16,1,182.625,43.0,662,1
C2019,TJL,JL19253,C2019|JL19253,DMF_16,1,182.625,41.0,673,1
C2019,TJL,JL19254,C2019|JL19254,DMF_16,1,182.625,36.0,1076,1
C2019,TJL,JL19295,C2019|JL19295,DMF_16,1,182.625,45.0,302,1
C2019,TJL,JL19296,C2019|JL19296,DMF_16,1,182.625,44.0,907,1
C2019,TJL,JL19297,C2019|JL19297,DMF_16,1,182.625,45.0,463,1
C2019,TJL,JL19327,C2019|JL19327,DMF_16,1,182.625,40.0,626,1
C2019,TJL,JL19328,C2019|JL19328,DMF_16,1,182.625,44.0,791,1
C2019,TJL,JL19329,C2019|JL19329,DMF_16,1,182.625,43.0,1174,1
C2019,TJL,JL19382,C2019|JL19382,DMF_16,1,182.625,40.0,1091,1
C2019,TJL,JL19383,C2019|JL19383,DMF_16,1,182.625,42.0,594,1
C2019,TJL,JL19384,C2019|JL19384,DMF_16,1,182.625,43.0,578,1
C2019,TJL,JL19445,C2019|JL19445,DMF_16,1,182.625,47.0,648,1
C2019,TJL,JL19446,C2019|JL19446,DMF_16,1,182.625,38.0,1013,1
C2019,TJL,JL19447,C2019|JL19447,DMF_16,1,182.625,41.0,1167,1
C2019,TJL,JL19464,C2019|JL19464,DMF_16,1,182.625,45.0,771,1
C2019,TJL,JL19465,C2019|JL19465,DMF_16,1,182.625,43.0,967,1
C2019,TJL,JL19466,C2019|JL19466,DMF_16,1,182.625,42.0,973,1
C2019,TJL,JL19630,C2019|JL19630,DMF_16,1,182.625,44.0,1203,1
C2019,TJL,JL19631,C2019|JL19631,DMF_16,1,182.625,41.0,1086,1
C2019,TJL,JL19632,C2019|JL19632,DMF_16,1,182.625,39.0,1096,1
C2019,TJL,JL19648,C2019|JL19648,DMF_16,1,182.625,37.0,819,1
C2019,TJL,JL19649,C2019|JL19649,DMF_16,1,182.625,41.0,1016,1
C2019,TJL,JL19650,C2019|JL19650,DMF_16,1,182.625,39.0,516,1
C2019,TJL,JL19688,C2019|JL19688,DMF_16,1,182.625,36.0,1205,1
C2019,TJL,JL19689,C2019|JL19689,DMF_16,1,182.625,42.0,631,1
C2019,TJL,JL19690,C2019|JL19690,DMF_16,1,182.625,47.0,756,1
C2019,TJL,JL19746,C2019|JL19746,DMF_16,1,182.625,39.0,668,1
C2019,TJL,JL19747,C2019|JL19747,DMF_16,1,182.625,38.0,792,1
C2019,TJL,JL19748,C2019|JL19748,DMF_16,1,182.625,45.0,380,1
C2019,TJL,JL19797,C2019|JL19797,DMF_16,1,182.625,29.0,810,1
C2019,TJL,JL19798,C2019|JL19798,DMF_16,1,182.625,38.0,997,1
C2019,TJL,JL19799,C2019|JL19799,DMF_16,1,182.625,39.0,512,1
C2019,TJL,JL19858,C2019|JL19858,DMF_16,1,182.625,34.0,862,1
C2019,TJL,JL19859,C2019|JL19859,DMF_16,1,182.625,52.0,391,1
C2019,TJL,JL19860,C2019|JL19860,DMF_16,1,182.625,32.0,698,1
C2019,TJL,JL19896,C2019|JL19896,DMF_16,1,182.625,46.0,708,1
C2019,TJL,JL19897,C2019|JL19897,DMF_16,1,182.625,47.0,740,1
C2019,TJL,JL19898,C2019|JL19898,DMF_16,1,182.625,45.0,387,1
C2019,UT,UT12439,C2019|UT12439,DMF_16,1,182.625,45.700001,274,1
C2019,UT,UT12440,C2019|UT12440,DMF_16,1,182.625,37.099998,575,1
C2019,UT,UT12441,C2019|UT12441,DMF_16,1,182.625,48.799999,394,1
C2019,UT,UT12502,C2019|UT12502,DMF_16,1,182.625,34.799999,866,1
C2019,UT,UT12503,C2019|UT12503,DMF_16,1,182.625,47.0,874,1
C2019,UT,UT12504,C2019|UT12504,DMF_16,1,182.625,39.900002,860,1
C2019,UT,UT12533,C2019|UT12533,DMF_16,1,182.625,41.0,336,1
C2019,UT,UT12534,C2019|UT12534,DMF_16,1,182.625,41.400002,931,1
C2019,UT,UT12535,C2019|UT12535,DMF_16,1,182.625,39.400002,727,1
C2019,UT,UT12587,C2019|UT12587,DMF_16,1,182.625,41.0,987,1
C2019,UT,UT12588,C2019|UT12588,DMF_16,1,182.625,46.799999,1016,1
C2019,UT,UT12589,C2019|UT12589,DMF_16,1,182.625,32.200001,1141,1
C2019,UT,UT12645,C2019|UT12645,DMF_16,1,182.625,41.400002,1159,1
C2019,UT,UT12646,C2019|UT12646,DMF_16,1,182.625,35.700001,832,1
C2019,UT,UT12647,C2019|UT12647,DMF_16,1,182.625,40.599998,547,1
C2019,UT,UT12699,C2019|UT12699,DMF_16,1,182.625,40.200001,1167,1
C2019,UT,UT12700,C2019|UT12700,DMF_16,1,182.625,40.900002,563,1
C2019,UT,UT12701,C2019|UT12701,DMF_16,1,182.625,44.599998,467,1
C2019,UT,UT12754,C2019|UT12754,DMF_16,1,182.625,48.799999,320,1
C2019,UT,UT12755,C2019|UT12755,DMF_16,1,182.625,36.700001,836,1
C2019,UT,UT12756,C2019|UT12756,DMF_16,1,182.625,53.400002,569,1
C2019,UT,UT12796,C2019|UT12796,DMF_16,1,182.625,42.400002,416,1
C2019,UT,UT12797,C2019|UT12797,DMF_16,1,182.625,50.700001,737,1
C2019,UT,UT12798,C2019|UT12798,DMF_16,1,182.625,41.700001,698,1
C2019,UT,UT12876,C2019|UT12876,DMF_16,1,182.625,42.5,1002,1
C2019,UT,UT12877,C2019|UT12877,DMF_16,1,182.625,46.700001,1024,1
C2019,UT,UT12878,C2019|UT12878,DMF_16,1,182.625,45.900002,841,1
C2019,UT,UT12930,C2019|UT12930,DMF_16,1,182.625,37.200001,858,1
C2019,UT,UT12931,C2019|UT12931,DMF_16,1,182.625,34.700001,1258,1
C2019,UT,UT12932,C2019|UT12932,DMF_16,1,182.625,34.0,1091,1
C2019,UT,UT12956,C2019|UT12956,DMF_16,1,182.625,36.099998,670,1
C2019,UT,UT12957,C2019|UT12957,DMF_16,1,182.625,31.9,657,1
C2019,UT,UT12958,C2019|UT12958,DMF_16,1,182.625,35.599998,1015,1
C2019,UT,UT12986,C2019|UT12986,DMF_16,1,182.625,34.700001,742,1
C2019,UT,UT12987,C2019|UT12987,DMF_16,1,182.625,36.0,785,1
C2019,UT,UT12988,C2019|UT12988,DMF_16,1,182.625,39.200001,469,1
C2019,UT,UT13028,C2019|UT13028,DMF_16,1,182.625,42.599998,725,1
C2019,UT,UT13029,C2019|UT13029,DMF_16,1,182.625,47.0,742,1
C2019,UT,UT13030,C2019|UT13030,DMF_16,1,182.625,42.299999,998,1
C2019,UT,UT13073,C2019|UT13073,DMF_16,1,182.625,47.0,348,1
C2019,UT,UT13074,C2019|UT13074,DMF_16,1,182.625,43.099998,668,1
C2019,UT,UT13075,C2019|UT13075,DMF_16,1,182.625,38.599998,769,1
C2019,UT,UT13143,C2019|UT13143,DMF_16,1,182.625,42.900002,1004,1
C2019,UT,UT13144,C2019|UT13144,DMF_16,1,182.625,45.099998,920,1
C2019,UT,UT13145,C2019|UT13145,DMF_16,1,182.625,45.299999,279,1
C2019,UT,UT13225,C2019|UT13225,DMF_16,1,182.625,39.700001,949,1
C2019,UT,UT13226,C2019|UT13226,DMF_16,1,182.625,33.0,880,1
C2019,UT,UT13227,C2019|UT13227,DMF_16,1,182.625,35.799999,930,1
C2019,UT,UT13250,C2019|UT13250,DMF_16,1,182.625,38.099998,446,1
C2019,UT,UT13251,C2019|UT13251,DMF_16,1,182.625,35.299999,1029,1
C2019,UT,UT13252,C2019|UT13252,DMF_16,1,182.625,41.5,605,1
C2019,TJL,JL19012,C2019|JL19012,MPA,1,182.625,51.0,643,1
C2019,TJL,JL19013,C2019|JL19013,MPA,1,182.625,48.0,373,1
C2019,TJL,JL19014,C2019|JL19014,MPA,1,182.625,44.0,878,1
C2019,TJL,JL19096,C2019|JL19096,MPA,1,182.625,34.0,967,1
C2019,TJL,JL19097,C2019|JL19097,MPA,1,182.625,50.0,968,1
C2019,TJL,JL19098,C2019|JL19098,MPA,1,182.625,36.0,968,1
C2019,TJL,JL19148,C2019|JL19148,MPA,1,182.625,42.0,827,1
C2019,TJL,JL19149,C2019|JL19149,MPA,1,182.625,47.0,767,1
C2019,TJL,JL19150,C2019|JL19150,MPA,1,182.625,50.0,1140,1
C2019,TJL,JL19203,C2019|JL19203,MPA,1,182.625,44.0,718,1
C2019,TJL,JL19204,C2019|JL19204,MPA,1,182.625,40.0,679,1
C2019,TJL,JL19205,C2019|JL19205,MPA,1,182.625,43.0,345,1
C2019,TJL,JL19258,C2019|JL19258,MPA,1,182.625,47.0,918,1
C2019,TJL,JL19259,C2019|JL19259,MPA,1,182.625,46.0,698,1
C2019,TJL,JL19260,C2019|JL19260,MPA,1,182.625,48.0,1035,1
C2019,TJL,JL19286,C2019|JL19286,MPA,1,182.625,47.0,414,1
C2019,TJL,JL19287,C2019|JL19287,MPA,1,182.625,42.0,764,1
C2019,TJL,JL19288,C2019|JL19288,MPA,1,182.625,43.0,903,1
C2019,TJL,JL19339,C2019|JL19339,MPA,1,182.625,45.0,1044,1
C2019,TJL,JL19340,C2019|JL19340,MPA,1,182.625,43.0,806,1
C2019,TJL,JL19341,C2019|JL19341,MPA,1,182.625,42.0,575,1
C2019,TJL,JL19405,C2019|JL19405,MPA,1,182.625,51.0,592,1
C2019,TJL,JL19406,C2019|JL19406,MPA,1,182.625,51.0,442,1
C2019,TJL,JL19407,C2019|JL19407,MPA,1,182.625,41.0,1205,1
C2019,TJL,JL19516,C2019|JL19516,MPA,1,182.625,46.0,500,1
C2019,TJL,JL19517,C2019|JL19517,MPA,1,182.625,44.0,732,1
C2019,TJL,JL19518,C2019|JL19518,MPA,1,182.625,47.0,344,1
C2019,TJL,JL19525,C2019|JL19525,MPA,1,182.625,36.0,935,1
C2019,TJL,JL19526,C2019|JL19526,MPA,1,182.625,43.0,1165,1
C2019,TJL,JL19527,C2019|JL19527,MPA,1,182.625,46.0,984,1
C2019,TJL,JL19570,C2019|JL19570,MPA,1,182.625,37.0,549,1
C2019,TJL,JL19571,C2019|JL19571,MPA,1,182.625,38.0,799,1
C2019,TJL,JL19572,C2019|JL19572,MPA,1,182.625,34.0,816,1
C2019,TJL,JL19670,C2019|JL19670,MPA,1,182.625,37.0,1030,1
C2019,TJL,JL19671,C2019|JL19671,MPA,1,182.625,36.0,995,1
C2019,TJL,JL19672,C2019|JL19672,MPA,1,182.625,34.0,1034,1
C2019,TJL,JL19726,C2019|JL19726,MPA,1,182.625,40.0,625,1
C2019,TJL,JL19727,C2019|JL19727,MPA,1,182.625,50.0,348,1
C2019,TJL,JL19728,C2019|JL19728,MPA,1,182.625,39.0,1075,1
C2019,TJL,JL19818,C2019|JL19818,MPA,1,182.625,46.0,757,1
C2019,TJL,JL19819,C2019|JL19819,MPA,1,182.625,40.0,752,1
C2019,TJL,JL19820,C2019|JL19820,MPA,1,182.625,42.0,708,1
C2019,TJL,JL19840,C2019|JL19840,MPA,1,182.625,48.0,324,1
C2019,TJL,JL19841,C2019|JL19841,MPA,1,182.625,43.0,560,1
C2019,TJL,JL19842,C2019|JL19842,MPA,1,182.625,47.0,875,1
C2019,TJL,JL19887,C2019|JL19887,MPA,1,182.625,46.0,868,1
C2019,TJL,JL19888,C2019|JL19888,MPA,1,182.625,37.0,1291,1
C2019,TJL,JL19889,C2019|JL19889,MPA,1,182.625,42.0,873,1
C2019,UT,UT12429,C2019|UT12429,MPA,1,182.625,44.799999,362,1
C2019,UT,UT12430,C2019|UT12430,MPA,1,182.625,44.5,989,1
C2019,UT,UT12431,C2019|UT12431,MPA,1,182.625,38.0,810,1
C2019,UT,UT12512,C2019|UT12512,MPA,1,182.625,34.599998,762,1
C2019,UT,UT12513,C2019|UT12513,MPA,1,182.625,37.599998,1012,1
C2019,UT,UT12514,C2019|UT12514,MPA,1,182.625,45.099998,1009,1
C2019,UT,UT12536,C2019|UT12536,MPA,1,182.625,43.200001,1033,1
C2019,UT,UT12537,C2019|UT12537,MPA,1,182.625,37.799999,1162,1
C2019,UT,UT12538,C2019|UT12538,MPA,1,182.625,41.5,326,1
C2019,UT,UT12593,C2019|UT12593,MPA,1,182.625,44.299999,371,1
C2019,UT,UT12594,C2019|UT12594,MPA,1,182.625,29.700001,1069,1
C2019,UT,UT12595,C2019|UT12595,MPA,1,182.625,48.200001,871,1
C2019,UT,UT12679,C2019|UT12679,MPA,1,182.625,35.5,628,1
C2019,UT,UT12680,C2019|UT12680,MPA,1,182.625,42.0,934,1
C2019,UT,UT12681,C2019|UT12681,MPA,1,182.625,36.099998,910,1
C2019,UT,UT12713,C2019|UT12713,MPA,1,182.625,42.0,405,1
C2019,UT,UT12714,C2019|UT12714,MPA,1,182.625,41.400002,721,1
C2019,UT,UT12715,C2019|UT12715,MPA,1,182.625,41.599998,722,1
C2019,UT,UT12760,C2019|UT12760,MPA,1,182.625,41.599998,762,1
C2019,UT,UT12761,C2019|UT12761,MPA,1,182.625,46.799999,343,1
C2019,UT,UT12762,C2019|UT12762,MPA,1,182.625,37.099998,939,1
C2019,UT,UT12810,C2019|UT12810,MPA,1,182.625,34.200001,906,1
C2019,UT,UT12811,C2019|UT12811,MPA,1,182.625,39.900002,747,1
C2019,UT,UT12812,C2019|UT12812,MPA,1,182.625,34.700001,966,1
C2019,UT,UT12879,C2019|UT12879,MPA,1,182.625,40.5,689,1
C2019,UT,UT12880,C2019|UT12880,MPA,1,182.625,40.099998,1018,1
C2019,UT,UT12881,C2019|UT12881,MPA,1,182.625,46.5,330,1
C2019,UT,UT12899,C2019|UT12899,MPA,1,182.625,30.1,990,1
C2019,UT,UT12900,C2019|UT12900,MPA,1,182.625,32.099998,1089,1
C2019,UT,UT12901,C2019|UT12901,MPA,1,182.625,38.0,906,1
C2019,UT,UT12950,C2019|UT12950,MPA,1,182.625,33.200001,1022,1
C2019,UT,UT12951,C2019|UT12951,MPA,1,182.625,49.200001,719,1
C2019,UT,UT12952,C2019|UT12952,MPA,1,182.625,46.200001,840,1
C2019,UT,UT12992,C2019|UT12992,MPA,1,182.625,38.700001,867,1
C2019,UT,UT12993,C2019|UT12993,MPA,1,182.625,40.299999,566,1
C2019,UT,UT12994,C2019|UT12994,MPA,1,182.625,35.799999,449,1
C2019,UT,UT13014,C2019|UT13014,MPA,1,182.625,44.200001,773,1
C2019,UT,UT13015,C2019|UT13015,MPA,1,182.625,45.299999,368,1
C2019,UT,UT13016,C2019|UT13016,MPA,1,182.625,40.0,372,1
C2019,UT,UT13130,C2019|UT13130,MPA,1,182.625,44.0,858,1
C2019,UT,UT13131,C2019|UT13131,MPA,1,182.625,42.700001,1117,1
C2019,UT,UT13132,C2019|UT13132,MPA,1,182.625,43.0,1248,1
C2019,UT,UT13150,C2019|UT13150,MPA,1,182.625,50.599998,784,1
C2019,UT,UT13151,C2019|UT13151,MPA,1,182.625,51.0,378,1
C2019,UT,UT13152,C2019|UT13152,MPA,1,182.625,43.400002,475,1
C2019,UT,UT13218,C2019|UT13218,MPA,1,182.625,33.299999,1031,1
C2019,UT,UT13219,C2019|UT13219,MPA,1,182.625,39.299999,847,1
C2019,UT,UT13220,C2019|UT13220,MPA,1,182.625,37.200001,690,1
C2019,UT,UT13241,C2019|UT13241,MPA,1,182.625,42.5,346,1
C2019,UT,UT13242,C2019|UT13242,MPA,1,182.625,36.200001,1278,1
C2019,UT,UT13243,C2019|UT13243,MPA,1,182.625,34.400002,459,1
C2019,TJL,JL19030,C2019|JL19030,PBA,1,182.625,45.0,558,1
C2019,TJL,JL19031,C2019|JL19031,PBA,1,182.625,46.0,519,1
C2019,TJL,JL19032,C2019|JL19032,PBA,1,182.625,49.0,476,1
C2019,TJL,JL19093,C2019|JL19093,PBA,1,182.625,36.0,823,1
C2019,TJL,JL19094,C2019|JL19094,PBA,1,182.625,39.0,869,1
C2019,TJL,JL19095,C2019|JL19095,PBA,1,182.625,40.0,1202,1
C2019,TJL,JL19151,C2019|JL19151,PBA,1,182.625,44.0,887,1
C2019,TJL,JL19152,C2019|JL19152,PBA,1,182.625,46.0,887,1
C2019,TJL,JL19153,C2019|JL19153,PBA,1,182.625,41.0,313,1
C2019,TJL,JL19177,C2019|JL19177,PBA,1,182.625,48.0,259,1
C2019,TJL,JL19178,C2019|JL19178,PBA,1,182.625,48.0,631,1
C2019,TJL,JL19179,C2019|JL19179,PBA,1,182.625,45.0,844,1
C2019,TJL,JL19239,C2019|JL19239,PBA,1,182.625,50.0,607,1
C2019,TJL,JL19240,C2019|JL19240,PBA,1,182.625,46.0,491,1
C2019,TJL,JL19241,C2019|JL19241,PBA,1,182.625,45.0,917,1
C2019,TJL,JL19301,C2019|JL19301,PBA,1,182.625,45.0,791,1
C2019,TJL,JL19302,C2019|JL19302,PBA,1,182.625,39.0,1018,1
C2019,TJL,JL19303,C2019|JL19303,PBA,1,182.625,39.0,991,1
C2019,TJL,JL19359,C2019|JL19359,PBA,1,182.625,45.0,633,1
C2019,TJL,JL19360,C2019|JL19360,PBA,1,182.625,42.0,566,1
C2019,TJL,JL19361,C2019|JL19361,PBA,1,182.625,48.0,833,1
C2019,TJL,JL19414,C2019|JL19414,PBA,1,182.625,38.0,868,1
C2019,TJL,JL19415,C2019|JL19415,PBA,1,182.625,37.0,822,1
C2019,TJL,JL19416,C2019|JL19416,PBA,1,182.625,42.0,795,1
C2019,TJL,JL19454,C2019|JL19454,PBA,1,182.625,47.0,859,1
C2019,TJL,JL19455,C2019|JL19455,PBA,1,182.625,44.0,667,1
C2019,TJL,JL19456,C2019|JL19456,PBA,1,182.625,44.0,851,1
C2019,TJL,JL19467,C2019|JL19467,PBA,1,182.625,42.0,308,1
C2019,TJL,JL19468,C2019|JL19468,PBA,1,182.625,39.0,1098,1
C2019,TJL,JL19469,C2019|JL19469,PBA,1,182.625,40.0,403,1
C2019,TJL,JL19561,C2019|JL19561,PBA,1,182.625,41.0,844,1
C2019,TJL,JL19562,C2019|JL19562,PBA,1,182.625,41.0,922,1
C2019,TJL,JL19563,C2019|JL19563,PBA,1,182.625,47.0,365,1
C2019,TJL,JL19576,C2019|JL19576,PBA,1,182.625,40.0,1127,1
C2019,TJL,JL19577,C2019|JL19577,PBA,1,182.625,37.0,844,1
C2019,TJL,JL19578,C2019|JL19578,PBA,1,182.625,41.0,1149,1
C2019,TJL,JL19636,C2019|JL19636,PBA,1,182.625,46.0,950,1
C2019,TJL,JL19637,C2019|JL19637,PBA,1,182.625,46.0,954,1
C2019,TJL,JL19638,C2019|JL19638,PBA,1,182.625,38.0,1180,1
C2019,TJL,JL19720,C2019|JL19720,PBA,1,182.625,44.0,1287,1
C2019,TJL,JL19721,C2019|JL19721,PBA,1,182.625,41.0,699,1
C2019,TJL,JL19722,C2019|JL19722,PBA,1,182.625,29.0,1287,1
C2019,TJL,JL19749,C2019|JL19749,PBA,1,182.625,50.0,788,1
C2019,TJL,JL19750,C2019|JL19750,PBA,1,182.625,47.0,826,1
C2019,TJL,JL19751,C2019|JL19751,PBA,1,182.625,45.0,917,1
C2019,TJL,JL19785,C2019|JL19785,PBA,1,182.625,41.0,756,1
C2019,TJL,JL19786,C2019|JL19786,PBA,1,182.625,40.0,618,1
C2019,TJL,JL19787,C2019|JL19787,PBA,1,182.625,44.0,633,1
C2019,TJL,JL19843,C2019|JL19843,PBA,1,182.625,37.0,960,1
C2019,TJL,JL19844,C2019|JL19844,PBA,1,182.625,41.0,857,1
C2019,TJL,JL19845,C2019|JL19845,PBA,1,182.625,42.0,775,1
C2019,TJL,JL19893,C2019|JL19893,PBA,1,182.625,44.0,380,1
C2019,TJL,JL19894,C2019|JL19894,PBA,1,182.625,36.0,890,1
C2019,TJL,JL19895,C2019|JL19895,PBA,1,182.625,45.0,642,1
C2019,UT,UT12432,C2019|UT12432,PBA,1,182.625,41.5,694,1
C2019,UT,UT12433,C2019|UT12433,PBA,1,182.625,37.200001,902,1
C2019,UT,UT12434,C2019|UT12434,PBA,1,182.625,45.200001,476,1
C2019,UT,UT12519,C2019|UT12519,PBA,1,182.625,39.299999,864,1
C2019,UT,UT12520,C2019|UT12520,PBA,1,182.625,34.400002,801,1
C2019,UT,UT12521,C2019|UT12521,PBA,1,182.625,38.5,1136,1
C2019,UT,UT12567,C2019|UT12567,PBA,1,182.625,34.799999,382,1
C2019,UT,UT12568,C2019|UT12568,PBA,1,182.625,38.0,710,1
C2019,UT,UT12569,C2019|UT12569,PBA,1,182.625,34.700001,696,1
C2019,UT,UT12607,C2019|UT12607,PBA,1,182.625,41.700001,569,1
C2019,UT,UT12608,C2019|UT12608,PBA,1,182.625,44.700001,625,1
C2019,UT,UT12609,C2019|UT12609,PBA,1,182.625,46.200001,868,1
C2019,UT,UT12672,C2019|UT12672,PBA,1,182.625,39.400002,931,1
C2019,UT,UT12673,C2019|UT12673,PBA,1,182.625,45.299999,644,1
C2019,UT,UT12674,C2019|UT12674,PBA,1,182.625,43.0,812,1
C2019,UT,UT12728,C2019|UT12728,PBA,1,182.625,47.0,1126,1
C2019,UT,UT12730,C2019|UT12730,PBA,1,182.625,41.5,889,1
C2019,UT,UT12763,C2019|UT12763,PBA,1,182.625,45.299999,364,1
C2019,UT,UT12764,C2019|UT12764,PBA,1,182.625,45.700001,211,1
C2019,UT,UT12765,C2019|UT12765,PBA,1,182.625,34.0,933,1
C2019,UT,UT12817,C2019|UT12817,PBA,1,182.625,43.900002,1215,1
C2019,UT,UT12818,C2019|UT12818,PBA,1,182.625,44.099998,661,1
C2019,UT,UT12819,C2019|UT12819,PBA,1,182.625,52.599998,247,1
C2019,UT,UT12845,C2019|UT12845,PBA,1,182.625,38.5,1015,1
C2019,UT,UT12846,C2019|UT12846,PBA,1,182.625,48.700001,375,1
C2019,UT,UT12847,C2019|UT12847,PBA,1,182.625,40.599998,784,1
C2019,UT,UT12927,C2019|UT12927,PBA,1,182.625,41.0,868,1
C2019,UT,UT12928,C2019|UT12928,PBA,1,182.625,41.599998,634,1
C2019,UT,UT12929,C2019|UT12929,PBA,1,182.625,38.400002,793,1
C2019,UT,UT12953,C2019|UT12953,PBA,1,182.625,32.400002,1000,1
C2019,UT,UT12954,C2019|UT12954,PBA,1,182.625,41.400002,993,1
C2019,UT,UT12955,C2019|UT12955,PBA,1,182.625,36.400002,747,1
C2019,UT,UT13011,C2019|UT13011,PBA,1,182.625,44.799999,634,1
C2019,UT,UT13012,C2019|UT13012,PBA,1,182.625,41.799999,958,1
C2019,UT,UT13013,C2019|UT13013,PBA,1,182.625,43.0,625,1
C2019,UT,UT13087,C2019|UT13087,PBA,1,182.625,33.900002,748,1
C2019,UT,UT13088,C2019|UT13088,PBA,1,182.625,41.599998,410,1
C2019,UT,UT13089,C2019|UT13089,PBA,1,182.625,40.200001,1061,1
C2019,UT,UT13133,C2019|UT13133,PBA,1,182.625,37.099998,734,1
C2019,UT,UT13134,C2019|UT13134,PBA,1,182.625,41.799999,686,1
C2019,UT,UT13135,C2019|UT13135,PBA,1,182.625,30.299999,1069,1
C2019,UT,UT13179,C2019|UT13179,PBA,1,182.625,41.599998,855,1
C2019,UT,UT13180,C2019|UT13180,PBA,1,182.625,36.200001,862,1
C2019,UT,UT13181,C2019|UT13181,PBA,1,182.625,43.0,964,1
C2019,UT,UT13228,C2019|UT13228,PBA,1,182.625,49.099998,963,1
C2019,UT,UT13229,C2019|UT13229,PBA,1,182.625,40.799999,415,1
C2019,UT,UT13230,C2019|UT13230,PBA,1,182.625,40.799999,473,1
C2019,UT,UT13297,C2019|UT13297,PBA,1,182.625,30.299999,524,1
C2019,UT,UT13298,C2019|UT13298,PBA,1,182.625,35.799999,832,1
C2019,UT,UT13299,C2019|UT13299,PBA,1,182.625,35.400002,841,1
C2020,TJL,JL21024,C2020|JL21024,AKG_18,1,182.625,44.0,1001,1
C2020,TJL,JL21025,C2020|JL21025,AKG_18,1,182.625,39.0,639,1
C2020,TJL,JL21026,C2020|JL21026,AKG_18,1,182.625,42.0,971,1
C2020,TJL,JL21107,C2020|JL21107,AKG_18,1,182.625,46.0,460,1
C2020,TJL,JL21108,C2020|JL21108,AKG_18,1,182.625,43.0,871,1
C2020,TJL,JL21109,C2020|JL21109,AKG_18,1,182.625,42.0,570,1
C2020,TJL,JL21131,C2020|JL21131,AKG_18,1,182.625,32.0,959,1
C2020,TJL,JL21132,C2020|JL21132,AKG_18,1,182.625,37.0,768,1
C2020,TJL,JL21133,C2020|JL21133,AKG_18,1,182.625,32.0,1013,1
C2020,TJL,JL21195,C2020|JL21195,AKG_18,1,182.625,47.0,625,1
C2020,TJL,JL21196,C2020|JL21196,AKG_18,1,182.625,51.0,366,1
C2020,TJL,JL21197,C2020|JL21197,AKG_18,1,182.625,41.0,984,1
C2020,TJL,JL21282,C2020|JL21282,AKG_18,1,182.625,45.0,390,1
C2020,TJL,JL21283,C2020|JL21283,AKG_18,1,182.625,40.0,321,1
C2020,TJL,JL21284,C2020|JL21284,AKG_18,1,182.625,47.0,608,1
C2020,TJL,JL21323,C2020|JL21323,AKG_18,1,182.625,44.0,834,1
C2020,TJL,JL21324,C2020|JL21324,AKG_18,1,182.625,36.0,1035,1
C2020,TJL,JL21325,C2020|JL21325,AKG_18,1,182.625,38.0,863,1
C2020,TJL,JL21385,C2020|JL21385,AKG_18,1,182.625,33.0,1036,1
C2020,TJL,JL21386,C2020|JL21386,AKG_18,1,182.625,38.0,1175,1
C2020,TJL,JL21387,C2020|JL21387,AKG_18,1,182.625,44.0,1119,1
C2020,TJL,JL21445,C2020|JL21445,AKG_18,1,182.625,39.0,414,1
C2020,TJL,JL21446,C2020|JL21446,AKG_18,1,182.625,43.0,742,1
C2020,TJL,JL21447,C2020|JL21447,AKG_18,1,182.625,43.0,778,1
C2020,TJL,JL21492,C2020|JL21492,AKG_18,1,182.625,31.0,595,0
C2020,TJL,JL21493,C2020|JL21493,AKG_18,1,182.625,46.0,595,0
C2020,TJL,JL21494,C2020|JL21494,AKG_18,1,182.625,32.0,595,0
C2020,TJL,JL21557,C2020|JL21557,AKG_18,1,182.625,41.0,191,0
C2020,TJL,JL21558,C2020|JL21558,AKG_18,1,182.625,35.0,191,0
C2020,TJL,JL21559,C2020|JL21559,AKG_18,1,182.625,43.0,191,0
C2020,TJL,JL21635,C2020|JL21635,AKG_18,1,182.625,39.0,691,1
C2020,TJL,JL21636,C2020|JL21636,AKG_18,1,182.625,45.0,839,1
C2020,TJL,JL21637,C2020|JL21637,AKG_18,1,182.625,41.0,740,1
C2020,TJL,JL21698,C2020|JL21698,AKG_18,1,182.625,44.0,808,1
C2020,TJL,JL21699,C2020|JL21699,AKG_18,1,182.625,40.0,1029,1
C2020,TJL,JL21700,C2020|JL21700,AKG_18,1,182.625,36.0,498,1
C2020,TJL,JL21715,C2020|JL21715,AKG_18,1,182.625,49.0,709,1
C2020,TJL,JL21716,C2020|JL21716,AKG_18,1,182.625,46.0,1026,1
C2020,TJL,JL21717,C2020|JL21717,AKG_18,1,182.625,35.0,844,1
C2020,TJL,JL21766,C2020|JL21766,AKG_18,1,182.625,47.0,736,1
C2020,TJL,JL21767,C2020|JL21767,AKG_18,1,182.625,34.0,782,1
C2020,TJL,JL21768,C2020|JL21768,AKG_18,1,182.625,34.0,833,1
C2020,TJL,JL21859,C2020|JL21859,AKG_18,1,182.625,38.0,944,1
C2020,TJL,JL21860,C2020|JL21860,AKG_18,1,182.625,43.0,783,1
C2020,TJL,JL21861,C2020|JL21861,AKG_18,1,182.625,44.0,476,1
C2020,TJL,JL21895,C2020|JL21895,AKG_18,1,182.625,41.0,843,1
C2020,TJL,JL21896,C2020|JL21896,AKG_18,1,182.625,40.0,666,1
C2020,TJL,JL21897,C2020|JL21897,AKG_18,1,182.625,29.0,295,1
C2020,TJL,JL21934,C2020|JL21934,AKG_18,1,182.625,31.0,1016,1
C2020,TJL,JL21935,C2020|JL21935,AKG_18,1,182.625,43.0,606,1
C2020,TJL,JL21936,C2020|JL21936,AKG_18,1,182.625,39.0,990,1
C2020,TJL,JL21036,C2020|JL21036,Control,0,182.625,45.0,880,1
C2020,TJL,JL21037,C2020|JL21037,Control,0,182.625,42.0,986,1
C2020,TJL,JL21038,C2020|JL21038,Control,0,182.625,49.0,659,1
C2020,TJL,JL21045,C2020|JL21045,Control,0,182.625,38.0,913,1
C2020,TJL,JL21046,C2020|JL21046,Control,0,182.625,38.0,821,1
C2020,TJL,JL21047,C2020|JL21047,Control,0,182.625,39.0,1057,1
C2020,TJL,JL21059,C2020|JL21059,Control,0,182.625,30.0,694,1
C2020,TJL,JL21060,C2020|JL21060,Control,0,182.625,33.0,774,1
C2020,TJL,JL21061,C2020|JL21061,Control,0,182.625,46.0,718,1
C2020,TJL,JL21066,C2020|JL21066,Control,0,182.625,37.0,945,1
C2020,TJL,JL21067,C2020|JL21067,Control,0,182.625,47.0,578,1
C2020,TJL,JL21068,C2020|JL21068,Control,0,182.625,42.0,531,1
C2020,TJL,JL21150,C2020|JL21150,Control,0,182.625,37.0,1131,1
C2020,TJL,JL21151,C2020|JL21151,Control,0,182.625,45.0,284,1
C2020,TJL,JL21152,C2020|JL21152,Control,0,182.625,46.0,669,1
C2020,TJL,JL21153,C2020|JL21153,Control,0,182.625,34.0,1257,1
C2020,TJL,JL21154,C2020|JL21154,Control,0,182.625,43.0,827,1
C2020,TJL,JL21155,C2020|JL21155,Control,0,182.625,43.0,605,1
C2020,TJL,JL21192,C2020|JL21192,Control,0,182.625,40.0,939,1
C2020,TJL,JL21193,C2020|JL21193,Control,0,182.625,45.0,267,1
C2020,TJL,JL21194,C2020|JL21194,Control,0,182.625,48.0,344,1
C2020,TJL,JL21234,C2020|JL21234,Control,0,182.625,40.0,1088,1
C2020,TJL,JL21235,C2020|JL21235,Control,0,182.625,37.0,989,1
C2020,TJL,JL21236,C2020|JL21236,Control,0,182.625,34.0,1070,1
C2020,TJL,JL21243,C2020|JL21243,Control,0,182.625,36.0,526,1
C2020,TJL,JL21244,C2020|JL21244,Control,0,182.625,38.0,893,1
C2020,TJL,JL21245,C2020|JL21245,Control,0,182.625,42.0,624,1
C2020,TJL,JL21249,C2020|JL21249,Control,0,182.625,36.0,911,1
C2020,TJL,JL21250,C2020|JL21250,Control,0,182.625,36.0,638,1
C2020,TJL,JL21251,C2020|JL21251,Control,0,182.625,35.0,962,1
C2020,TJL,JL21329,C2020|JL21329,Control,0,182.625,44.0,795,1
C2020,TJL,JL21330,C2020|JL21330,Control,0,182.625,41.0,1188,1
C2020,TJL,JL21331,C2020|JL21331,Control,0,182.625,44.0,909,1
C2020,TJL,JL21347,C2020|JL21347,Control,0,182.625,45.0,1072,1
C2020,TJL,JL21348,C2020|JL21348,Control,0,182.625,40.0,875,1
C2020,TJL,JL21349,C2020|JL21349,Control,0,182.625,44.0,487,1
C2020,TJL,JL21382,C2020|JL21382,Control,0,182.625,39.0,984,1
C2020,TJL,JL21383,C2020|JL21383,Control,0,182.625,40.0,456,1
C2020,TJL,JL21384,C2020|JL21384,Control,0,182.625,32.0,727,1
C2020,TJL,JL21388,C2020|JL21388,Control,0,182.625,29.0,295,1
C2020,TJL,JL21389,C2020|JL21389,Control,0,182.625,27.0,506,1
C2020,TJL,JL21390,C2020|JL21390,Control,0,182.625,25.0,809,1
C2020,TJL,JL21442,C2020|JL21442,Control,0,182.625,32.0,1176,1
C2020,TJL,JL21443,C2020|JL21443,Control,0,182.625,40.0,516,1
C2020,TJL,JL21444,C2020|JL21444,Control,0,182.625,38.0,519,1
C2020,TJL,JL21463,C2020|JL21463,Control,0,182.625,40.0,845,1
C2020,TJL,JL21464,C2020|JL21464,Control,0,182.625,41.0,904,1
C2020,TJL,JL21465,C2020|JL21465,Control,0,182.625,36.0,977,1
C2020,TJL,JL21469,C2020|JL21469,Control,0,182.625,43.0,845,1
C2020,TJL,JL21470,C2020|JL21470,Control,0,182.625,41.0,462,1
C2020,TJL,JL21471,C2020|JL21471,Control,0,182.625,54.0,602,1
C2020,TJL,JL21472,C2020|JL21472,Control,0,182.625,35.0,422,0
C2020,TJL,JL21473,C2020|JL21473,Control,0,182.625,38.0,422,0
C2020,TJL,JL21474,C2020|JL21474,Control,0,182.625,37.0,422,0
C2020,TJL,JL21551,C2020|JL21551,Control,0,182.625,40.0,634,1
C2020,TJL,JL21552,C2020|JL21552,Control,0,182.625,35.0,714,1
C2020,TJL,JL21553,C2020|JL21553,Control,0,182.625,38.0,1218,1
C2020,TJL,JL21566,C2020|JL21566,Control,0,182.625,39.0,899,1
C2020,TJL,JL21567,C2020|JL21567,Control,0,182.625,48.0,1079,1
C2020,TJL,JL21568,C2020|JL21568,Control,0,182.625,39.0,949,1
C2020,TJL,JL21626,C2020|JL21626,Control,0,182.625,30.0,564,1
C2020,TJL,JL21627,C2020|JL21627,Control,0,182.625,28.0,946,1
C2020,TJL,JL21628,C2020|JL21628,Control,0,182.625,31.0,607,1
C2020,TJL,JL21644,C2020|JL21644,Control,0,182.625,37.0,939,1
C2020,TJL,JL21645,C2020|JL21645,Control,0,182.625,47.0,715,1
C2020,TJL,JL21646,C2020|JL21646,Control,0,182.625,46.0,681,1
C2020,TJL,JL21677,C2020|JL21677,Control,0,182.625,44.0,379,1
C2020,TJL,JL21678,C2020|JL21678,Control,0,182.625,44.0,645,1
C2020,TJL,JL21679,C2020|JL21679,Control,0,182.625,43.0,463,1
C2020,TJL,JL21689,C2020|JL21689,Control,0,182.625,46.0,676,1
C2020,TJL,JL21690,C2020|JL21690,Control,0,182.625,41.0,736,1
C2020,TJL,JL21691,C2020|JL21691,Control,0,182.625,45.0,1019,1
C2020,TJL,JL21712,C2020|JL21712,Control,0,182.625,44.0,861,1
C2020,TJL,JL21713,C2020|JL21713,Control,0,182.625,42.0,607,1
C2020,TJL,JL21714,C2020|JL21714,Control,0,182.625,43.0,525,1
C2020,TJL,JL21754,C2020|JL21754,Control,0,182.625,44.0,1116,1
C2020,TJL,JL21755,C2020|JL21755,Control,0,182.625,39.0,824,1
C2020,TJL,JL21756,C2020|JL21756,Control,0,182.625,40.0,564,1
C2020,TJL,JL21781,C2020|JL21781,Control,0,182.625,39.0,644,1
C2020,TJL,JL21782,C2020|JL21782,Control,0,182.625,44.0,928,1
C2020,TJL,JL21783,C2020|JL21783,Control,0,182.625,38.0,778,1
C2020,TJL,JL21806,C2020|JL21806,Control,0,182.625,37.0,458,1
C2020,TJL,JL21807,C2020|JL21807,Control,0,182.625,32.0,1175,1
C2020,TJL,JL21808,C2020|JL21808,Control,0,182.625,37.0,1141,1
C2020,TJL,JL21853,C2020|JL21853,Control,0,182.625,30.0,922,1
C2020,TJL,JL21854,C2020|JL21854,Control,0,182.625,38.0,877,1
C2020,TJL,JL21855,C2020|JL21855,Control,0,182.625,48.0,641,1
C2020,TJL,JL21856,C2020|JL21856,Control,0,182.625,38.0,841,1
C2020,TJL,JL21857,C2020|JL21857,Control,0,182.625,35.0,693,1
C2020,TJL,JL21858,C2020|JL21858,Control,0,182.625,44.0,852,1
C2020,TJL,JL21910,C2020|JL21910,Control,0,182.625,46.0,585,1
C2020,TJL,JL21911,C2020|JL21911,Control,0,182.625,50.0,765,1
C2020,TJL,JL21912,C2020|JL21912,Control,0,182.625,38.0,811,1
C2020,TJL,JL21922,C2020|JL21922,Control,0,182.625,47.0,1012,1
C2020,TJL,JL21923,C2020|JL21923,Control,0,182.625,41.0,877,1
C2020,TJL,JL21924,C2020|JL21924,Control,0,182.625,36.0,998,1
C2020,TJL,JL21925,C2020|JL21925,Control,0,182.625,38.0,1063,1
C2020,TJL,JL21926,C2020|JL21926,Control,0,182.625,38.0,921,1
C2020,TJL,JL21927,C2020|JL21927,Control,0,182.625,38.0,1092,1
C2020,TJL,JL21943,C2020|JL21943,Control,0,182.625,43.0,581,1
C2020,TJL,JL21944,C2020|JL21944,Control,0,182.625,33.0,613,1
C2020,TJL,JL21945,C2020|JL21945,Control,0,182.625,43.0,393,1
C2020,UM,UM100093,C2020|UM100093,AKG_18,1,182.625,34.2,968,1
C2020,UM,UM100100,C2020|UM100100,AKG_18,1,182.625,35.0,1101,1
C2020,UM,UM100107,C2020|UM100107,AKG_18,1,182.625,31.4,784,1
C2020,UM,UM100422,C2020|UM100422,AKG_18,1,182.625,33.7,1012,1
C2020,UM,UM100429,C2020|UM100429,AKG_18,1,182.625,33.8,953,1
C2020,UM,UM100436,C2020|UM100436,AKG_18,1,182.625,38.1,808,1
C2020,UM,UM100681,C2020|UM100681,AKG_18,1,182.625,36.5,993,1
C2020,UM,UM100688,C2020|UM100688,AKG_18,1,182.625,41.8,814,1
C2020,UM,UM100695,C2020|UM100695,AKG_18,1,182.625,43.5,819,1
C2020,UM,UM101248,C2020|UM101248,AKG_18,1,182.625,33.5,310,0
C2020,UM,UM101255,C2020|UM101255,AKG_18,1,182.625,34.4,310,0
C2020,UM,UM101262,C2020|UM101262,AKG_18,1,182.625,31.5,310,0
C2020,UM,UM101577,C2020|UM101577,AKG_18,1,182.625,36.7,839,1
C2020,UM,UM101584,C2020|UM101584,AKG_18,1,182.625,30.2,851,1
C2020,UM,UM101591,C2020|UM101591,AKG_18,1,182.625,42.0,847,1
C2020,UM,UM95578,C2020|UM95578,AKG_18,1,182.625,47.3,389,1
C2020,UM,UM95585,C2020|UM95585,AKG_18,1,182.625,46.5,766,1
C2020,UM,UM95592,C2020|UM95592,AKG_18,1,182.625,34.3,732,0
C2020,UM,UM95865,C2020|UM95865,AKG_18,1,182.625,38.7,1053,1
C2020,UM,UM95872,C2020|UM95872,AKG_18,1,182.625,46.9,542,1
C2020,UM,UM95879,C2020|UM95879,AKG_18,1,182.625,41.2,742,1
C2020,UM,UM96348,C2020|UM96348,AKG_18,1,182.625,40.0,1035,1
C2020,UM,UM96355,C2020|UM96355,AKG_18,1,182.625,44.4,998,1
C2020,UM,UM96362,C2020|UM96362,AKG_18,1,182.625,40.3,376,1
C2020,UM,UM96656,C2020|UM96656,AKG_18,1,182.625,32.2,821,1
C2020,UM,UM96663,C2020|UM96663,AKG_18,1,182.625,30.0,771,1
C2020,UM,UM96670,C2020|UM96670,AKG_18,1,182.625,43.0,749,1
C2020,UM,UM97209,C2020|UM97209,AKG_18,1,182.625,32.7,963,1
C2020,UM,UM97216,C2020|UM97216,AKG_18,1,182.625,33.3,954,1
C2020,UM,UM97223,C2020|UM97223,AKG_18,1,182.625,36.0,916,1
C2020,UM,UM97510,C2020|UM97510,AKG_18,1,182.625,36.1,886,1
C2020,UM,UM97517,C2020|UM97517,AKG_18,1,182.625,35.4,1003,1
C2020,UM,UM97524,C2020|UM97524,AKG_18,1,182.625,35.6,971,1
C2020,UM,UM98126,C2020|UM98126,AKG_18,1,182.625,24.5,1003,1
C2020,UM,UM98133,C2020|UM98133,AKG_18,1,182.625,39.1,703,1
C2020,UM,UM98140,C2020|UM98140,AKG_18,1,182.625,36.2,1065,1
C2020,UM,UM98196,C2020|UM98196,AKG_18,1,182.625,37.7,754,1
C2020,UM,UM98203,C2020|UM98203,AKG_18,1,182.625,30.9,1350,1
C2020,UM,UM98210,C2020|UM98210,AKG_18,1,182.625,41.6,677,1
C2020,UM,UM98511,C2020|UM98511,AKG_18,1,182.625,28.7,992,1
C2020,UM,UM98518,C2020|UM98518,AKG_18,1,182.625,35.3,987,1
C2020,UM,UM98525,C2020|UM98525,AKG_18,1,182.625,27.8,1153,1
C2020,UM,UM99120,C2020|UM99120,AKG_18,1,182.625,28.3,810,1
C2020,UM,UM99127,C2020|UM99127,AKG_18,1,182.625,37.2,707,1
C2020,UM,UM99134,C2020|UM99134,AKG_18,1,182.625,40.7,714,1
C2020,UM,UM99407,C2020|UM99407,AKG_18,1,182.625,36.3,830,1
C2020,UM,UM99414,C2020|UM99414,AKG_18,1,182.625,37.5,1077,1
C2020,UM,UM99421,C2020|UM99421,AKG_18,1,182.625,37.6,953,1
C2020,UM,UM99925,C2020|UM99925,AKG_18,1,182.625,35.4,1056,1
C2020,UM,UM99932,C2020|UM99932,AKG_18,1,182.625,40.0,668,1
C2020,UM,UM99939,C2020|UM99939,AKG_18,1,182.625,39.7,1059,1
C2020,UM,UM100072,C2020|UM100072,Control,0,182.625,33.5,1077,1
C2020,UM,UM100079,C2020|UM100079,Control,0,182.625,41.6,401,1
C2020,UM,UM100086,C2020|UM100086,Control,0,182.625,34.5,791,1
C2020,UM,UM100289,C2020|UM100289,Control,0,182.625,41.9,396,1
C2020,UM,UM100296,C2020|UM100296,Control,0,182.625,39.6,906,1
C2020,UM,UM100303,C2020|UM100303,Control,0,182.625,45.2,286,1
C2020,UM,UM100331,C2020|UM100331,Control,0,182.625,36.8,645,1
C2020,UM,UM100338,C2020|UM100338,Control,0,182.625,34.9,482,1
C2020,UM,UM100345,C2020|UM100345,Control,0,182.625,49.1,519,1
C2020,UM,UM100541,C2020|UM100541,Control,0,182.625,44.4,304,1
C2020,UM,UM100548,C2020|UM100548,Control,0,182.625,41.2,831,1
C2020,UM,UM100632,C2020|UM100632,Control,0,182.625,31.2,612,1
C2020,UM,UM100639,C2020|UM100639,Control,0,182.625,42.0,718,1
C2020,UM,UM100646,C2020|UM100646,Control,0,182.625,38.4,703,1
C2020,UM,UM100933,C2020|UM100933,Control,0,182.625,35.9,641,1
C2020,UM,UM100940,C2020|UM100940,Control,0,182.625,35.0,1100,1
C2020,UM,UM100947,C2020|UM100947,Control,0,182.625,37.8,754,1
C2020,UM,UM101038,C2020|UM101038,Control,0,182.625,36.7,1241,1
C2020,UM,UM101045,C2020|UM101045,Control,0,182.625,34.3,1069,1
C2020,UM,UM101052,C2020|UM101052,Control,0,182.625,41.0,956,1
C2020,UM,UM101108,C2020|UM101108,Control,0,182.625,43.5,758,1
C2020,UM,UM101115,C2020|UM101115,Control,0,182.625,36.4,603,1
C2020,UM,UM101122,C2020|UM101122,Control,0,182.625,32.0,722,1
C2020,UM,UM101178,C2020|UM101178,Control,0,182.625,40.8,1081,1
C2020,UM,UM101185,C2020|UM101185,Control,0,182.625,41.7,509,1
C2020,UM,UM101192,C2020|UM101192,Control,0,182.625,38.3,903,1
C2020,UM,UM101430,C2020|UM101430,Control,0,182.625,37.2,318,1
C2020,UM,UM101437,C2020|UM101437,Control,0,182.625,33.8,1220,1
C2020,UM,UM101444,C2020|UM101444,Control,0,182.625,45.4,532,1
C2020,UM,UM101745,C2020|UM101745,Control,0,182.625,31.0,836,1
C2020,UM,UM101752,C2020|UM101752,Control,0,182.625,39.5,836,1
C2020,UM,UM101759,C2020|UM101759,Control,0,182.625,29.7,896,1
C2020,UM,UM95165,C2020|UM95165,Control,0,182.625,38.4,866,1
C2020,UM,UM95172,C2020|UM95172,Control,0,182.625,46.4,716,1
C2020,UM,UM95179,C2020|UM95179,Control,0,182.625,38.4,1077,1
C2020,UM,UM95186,C2020|UM95186,Control,0,182.625,47.1,501,1
C2020,UM,UM95193,C2020|UM95193,Control,0,182.625,35.1,1143,1
C2020,UM,UM95200,C2020|UM95200,Control,0,182.625,32.2,730,1
C2020,UM,UM95774,C2020|UM95774,Control,0,182.625,34.1,824,1
C2020,UM,UM95781,C2020|UM95781,Control,0,182.625,39.4,618,1
C2020,UM,UM95788,C2020|UM95788,Control,0,182.625,38.9,1074,1
C2020,UM,UM95816,C2020|UM95816,Control,0,182.625,42.9,896,1
C2020,UM,UM95823,C2020|UM95823,Control,0,182.625,34.2,704,1
C2020,UM,UM95830,C2020|UM95830,Control,0,182.625,36.6,928,1
C2020,UM,UM96089,C2020|UM96089,Control,0,182.625,36.4,562,1
C2020,UM,UM96096,C2020|UM96096,Control,0,182.625,35.7,1064,1
C2020,UM,UM96103,C2020|UM96103,Control,0,182.625,31.8,1045,1
C2020,UM,UM96390,C2020|UM96390,Control,0,182.625,32.0,965,1
C2020,UM,UM96397,C2020|UM96397,Control,0,182.625,33.1,1009,1
C2020,UM,UM96404,C2020|UM96404,Control,0,182.625,38.8,219,1
C2020,UM,UM96432,C2020|UM96432,Control,0,182.625,33.9,618,1
C2020,UM,UM96439,C2020|UM96439,Control,0,182.625,40.6,870,1
C2020,UM,UM96446,C2020|UM96446,Control,0,182.625,37.3,968,1
C2020,UM,UM96866,C2020|UM96866,Control,0,182.625,35.8,606,1
C2020,UM,UM96873,C2020|UM96873,Control,0,182.625,31.8,632,1
C2020,UM,UM96880,C2020|UM96880,Control,0,182.625,35.1,680,1
C2020,UM,UM96950,C2020|UM96950,Control,0,182.625,33.9,817,1
C2020,UM,UM96957,C2020|UM96957,Control,0,182.625,29.5,901,1
C2020,UM,UM96964,C2020|UM96964,Control,0,182.625,42.4,1109,1
C2020,UM,UM97048,C2020|UM97048,Control,0,182.625,42.3,434,1
C2020,UM,UM97055,C2020|UM97055,Control,0,182.625,39.8,509,1
C2020,UM,UM97062,C2020|UM97062,Control,0,182.625,41.9,926,1
C2020,UM,UM97531,C2020|UM97531,Control,0,182.625,33.8,789,1
C2020,UM,UM97538,C2020|UM97538,Control,0,182.625,37.3,1289,1
C2020,UM,UM97545,C2020|UM97545,Control,0,182.625,32.3,733,0
C2020,UM,UM97552,C2020|UM97552,Control,0,182.625,38.7,1096,1
C2020,UM,UM97559,C2020|UM97559,Control,0,182.625,37.8,435,1
C2020,UM,UM97566,C2020|UM97566,Control,0,182.625,35.9,867,1
C2020,UM,UM97832,C2020|UM97832,Control,0,182.625,33.9,961,1
C2020,UM,UM97846,C2020|UM97846,Control,0,182.625,35.4,851,1
C2020,UM,UM97853,C2020|UM97853,Control,0,182.625,35.7,919,1
C2020,UM,UM97860,C2020|UM97860,Control,0,182.625,32.6,826,1
C2020,UM,UM97867,C2020|UM97867,Control,0,182.625,35.2,1104,1
C2020,UM,UM98175,C2020|UM98175,Control,0,182.625,30.3,719,1
C2020,UM,UM98189,C2020|UM98189,Control,0,182.625,35.0,844,1
C2020,UM,UM98266,C2020|UM98266,Control,0,182.625,31.2,1139,1
C2020,UM,UM98273,C2020|UM98273,Control,0,182.625,27.7,818,1
C2020,UM,UM98280,C2020|UM98280,Control,0,182.625,37.7,1005,1
C2020,UM,UM98532,C2020|UM98532,Control,0,182.625,36.3,1022,1
C2020,UM,UM98539,C2020|UM98539,Control,0,182.625,29.9,885,1
C2020,UM,UM98546,C2020|UM98546,Control,0,182.625,30.5,936,1
C2020,UM,UM98707,C2020|UM98707,Control,0,182.625,36.3,1099,1
C2020,UM,UM98714,C2020|UM98714,Control,0,182.625,37.7,1233,1
C2020,UM,UM98721,C2020|UM98721,Control,0,182.625,38.9,548,1
C2020,UM,UM98819,C2020|UM98819,Control,0,182.625,33.8,928,1
C2020,UM,UM98826,C2020|UM98826,Control,0,182.625,31.3,610,1
C2020,UM,UM98833,C2020|UM98833,Control,0,182.625,32.2,781,1
C2020,UM,UM99099,C2020|UM99099,Control,0,182.625,40.0,755,1
C2020,UM,UM99106,C2020|UM99106,Control,0,182.625,35.3,1012,1
C2020,UM,UM99113,C2020|UM99113,Control,0,182.625,35.8,878,1
C2020,UM,UM99477,C2020|UM99477,Control,0,182.625,32.7,760,1
C2020,UM,UM99484,C2020|UM99484,Control,0,182.625,38.8,834,1
C2020,UM,UM99491,C2020|UM99491,Control,0,182.625,34.9,931,1
C2020,UM,UM99617,C2020|UM99617,Control,0,182.625,40.0,731,1
C2020,UM,UM99624,C2020|UM99624,Control,0,182.625,36.6,662,1
C2020,UM,UM99631,C2020|UM99631,Control,0,182.625,34.8,358,1
C2020,UM,UM99806,C2020|UM99806,Control,0,182.625,32.0,1106,1
C2020,UM,UM99813,C2020|UM99813,Control,0,182.625,35.3,1116,1
C2020,UM,UM99820,C2020|UM99820,Control,0,182.625,35.9,975,1
C2020,UT,UT13559,C2020|UT13559,AKG_18,1,182.625,39.9,416,1
C2020,UT,UT13560,C2020|UT13560,AKG_18,1,182.625,38.0,460,1
C2020,UT,UT13561,C2020|UT13561,AKG_18,1,182.625,36.0,920,1
C2020,UT,UT13612,C2020|UT13612,AKG_18,1,182.625,52.1,510,1
C2020,UT,UT13613,C2020|UT13613,AKG_18,1,182.625,38.2,891,1
C2020,UT,UT13614,C2020|UT13614,AKG_18,1,182.625,46.7,1012,1
C2020,UT,UT13687,C2020|UT13687,AKG_18,1,182.625,43.6,826,1
C2020,UT,UT13688,C2020|UT13688,AKG_18,1,182.625,47.7,773,1
C2020,UT,UT13689,C2020|UT13689,AKG_18,1,182.625,42.7,967,1
C2020,UT,UT13748,C2020|UT13748,AKG_18,1,182.625,39.1,1207,1
C2020,UT,UT13749,C2020|UT13749,AKG_18,1,182.625,41.6,995,1
C2020,UT,UT13750,C2020|UT13750,AKG_18,1,182.625,41.6,1029,1
C2020,UT,UT13815,C2020|UT13815,AKG_18,1,182.625,42.2,848,1
C2020,UT,UT13816,C2020|UT13816,AKG_18,1,182.625,41.9,622,1
C2020,UT,UT13817,C2020|UT13817,AKG_18,1,182.625,40.7,1055,1
C2020,UT,UT13824,C2020|UT13824,AKG_18,1,182.625,40.1,917,1
C2020,UT,UT13825,C2020|UT13825,AKG_18,1,182.625,33.2,1145,1
C2020,UT,UT13826,C2020|UT13826,AKG_18,1,182.625,44.8,941,1
C2020,UT,UT13910,C2020|UT13910,AKG_18,1,182.625,36.6,1032,1
C2020,UT,UT13911,C2020|UT13911,AKG_18,1,182.625,38.6,501,1
C2020,UT,UT13912,C2020|UT13912,AKG_18,1,182.625,39.0,938,1
C2020,UT,UT13933,C2020|UT13933,AKG_18,1,182.625,41.8,988,1
C2020,UT,UT13934,C2020|UT13934,AKG_18,1,182.625,49.6,380,1
C2020,UT,UT13935,C2020|UT13935,AKG_18,1,182.625,42.6,772,1
C2020,UT,UT14008,C2020|UT14008,AKG_18,1,182.625,42.4,944,1
C2020,UT,UT14009,C2020|UT14009,AKG_18,1,182.625,43.5,587,1
C2020,UT,UT14010,C2020|UT14010,AKG_18,1,182.625,45.1,757,1
C2020,UT,UT14080,C2020|UT14080,AKG_18,1,182.625,39.3,793,1
C2020,UT,UT14081,C2020|UT14081,AKG_18,1,182.625,33.9,1250,1
C2020,UT,UT14082,C2020|UT14082,AKG_18,1,182.625,36.9,720,1
C2020,UT,UT14142,C2020|UT14142,AKG_18,1,182.625,45.8,767,1
C2020,UT,UT14143,C2020|UT14143,AKG_18,1,182.625,43.1,634,1
C2020,UT,UT14144,C2020|UT14144,AKG_18,1,182.625,35.6,961,1
C2020,UT,UT14145,C2020|UT14145,AKG_18,1,182.625,38.0,1137,1
C2020,UT,UT14146,C2020|UT14146,AKG_18,1,182.625,39.1,1200,1
C2020,UT,UT14147,C2020|UT14147,AKG_18,1,182.625,37.1,1085,1
C2020,UT,UT14249,C2020|UT14249,AKG_18,1,182.625,33.9,349,0
C2020,UT,UT14250,C2020|UT14250,AKG_18,1,182.625,43.9,349,0
C2020,UT,UT14251,C2020|UT14251,AKG_18,1,182.625,40.8,349,0
C2020,UT,UT14280,C2020|UT14280,AKG_18,1,182.625,37.2,851,1
C2020,UT,UT14281,C2020|UT14281,AKG_18,1,182.625,37.0,976,1
C2020,UT,UT14282,C2020|UT14282,AKG_18,1,182.625,35.3,1069,1
C2020,UT,UT14356,C2020|UT14356,AKG_18,1,182.625,40.7,545,1
C2020,UT,UT14357,C2020|UT14357,AKG_18,1,182.625,45.8,713,1
C2020,UT,UT14358,C2020|UT14358,AKG_18,1,182.625,36.9,1110,1
C2020,UT,UT14403,C2020|UT14403,AKG_18,1,182.625,35.1,986,1
C2020,UT,UT14404,C2020|UT14404,AKG_18,1,182.625,31.9,999,1
C2020,UT,UT14405,C2020|UT14405,AKG_18,1,182.625,34.5,865,1
C2020,UT,UT14500,C2020|UT14500,AKG_18,1,182.625,45.2,894,1
C2020,UT,UT14501,C2020|UT14501,AKG_18,1,182.625,34.4,924,1
C2020,UT,UT14502,C2020|UT14502,AKG_18,1,182.625,32.0,879,1
C2020,UT,UT13522,C2020|UT13522,Control,0,182.625,35.9,985,1
C2020,UT,UT13523,C2020|UT13523,Control,0,182.625,44.6,745,1
C2020,UT,UT13524,C2020|UT13524,Control,0,182.625,34.5,1118,1
C2020,UT,UT13552,C2020|UT13552,Control,0,182.625,45.5,744,1
C2020,UT,UT13553,C2020|UT13553,Control,0,182.625,38.3,1108,1
C2020,UT,UT13554,C2020|UT13554,Control,0,182.625,44.1,1185,1
C2020,UT,UT13622,C2020|UT13622,Control,0,182.625,39.9,798,1
C2020,UT,UT13623,C2020|UT13623,Control,0,182.625,43.3,369,1
C2020,UT,UT13624,C2020|UT13624,Control,0,182.625,41.4,452,1
C2020,UT,UT13643,C2020|UT13643,Control,0,182.625,42.3,818,1
C2020,UT,UT13644,C2020|UT13644,Control,0,182.625,42.4,639,1
C2020,UT,UT13645,C2020|UT13645,Control,0,182.625,42.8,933,1
C2020,UT,UT13677,C2020|UT13677,Control,0,182.625,42.3,423,1
C2020,UT,UT13678,C2020|UT13678,Control,0,182.625,47.5,656,1
C2020,UT,UT13679,C2020|UT13679,Control,0,182.625,38.2,1079,1
C2020,UT,UT13680,C2020|UT13680,Control,0,182.625,34.9,833,1
C2020,UT,UT13681,C2020|UT13681,Control,0,182.625,45.5,866,1
C2020,UT,UT13682,C2020|UT13682,Control,0,182.625,38.5,980,1
C2020,UT,UT13755,C2020|UT13755,Control,0,182.625,37.8,747,1
C2020,UT,UT13756,C2020|UT13756,Control,0,182.625,39.9,900,1
C2020,UT,UT13757,C2020|UT13757,Control,0,182.625,41.2,1158,1
C2020,UT,UT13758,C2020|UT13758,Control,0,182.625,36.7,1033,1
C2020,UT,UT13759,C2020|UT13759,Control,0,182.625,42.9,446,1
C2020,UT,UT13760,C2020|UT13760,Control,0,182.625,32.9,765,1
C2020,UT,UT13782,C2020|UT13782,Control,0,182.625,45.4,628,1
C2020,UT,UT13783,C2020|UT13783,Control,0,182.625,38.2,1062,1
C2020,UT,UT13784,C2020|UT13784,Control,0,182.625,37.8,1125,1
C2020,UT,UT13812,C2020|UT13812,Control,0,182.625,46.6,821,1
C2020,UT,UT13813,C2020|UT13813,Control,0,182.625,36.4,1015,1
C2020,UT,UT13814,C2020|UT13814,Control,0,182.625,44.0,977,1
C2020,UT,UT13834,C2020|UT13834,Control,0,182.625,46.0,487,1
C2020,UT,UT13835,C2020|UT13835,Control,0,182.625,39.9,890,1
C2020,UT,UT13836,C2020|UT13836,Control,0,182.625,48.7,372,1
C2020,UT,UT13848,C2020|UT13848,Control,0,182.625,41.2,955,1
C2020,UT,UT13849,C2020|UT13849,Control,0,182.625,33.1,891,1
C2020,UT,UT13850,C2020|UT13850,Control,0,182.625,40.8,1097,1
C2020,UT,UT13882,C2020|UT13882,Control,0,182.625,39.0,581,1
C2020,UT,UT13883,C2020|UT13883,Control,0,182.625,39.3,630,1
C2020,UT,UT13884,C2020|UT13884,Control,0,182.625,32.6,1016,1
C2020,UT,UT13927,C2020|UT13927,Control,0,182.625,31.4,1134,1
C2020,UT,UT13928,C2020|UT13928,Control,0,182.625,32.8,1125,1
C2020,UT,UT13929,C2020|UT13929,Control,0,182.625,38.0,1076,1
C2020,UT,UT13940,C2020|UT13940,Control,0,182.625,37.7,675,1
C2020,UT,UT13941,C2020|UT13941,Control,0,182.625,32.5,1079,1
C2020,UT,UT13942,C2020|UT13942,Control,0,182.625,41.2,601,1
C2020,UT,UT13947,C2020|UT13947,Control,0,182.625,29.9,214,0
C2020,UT,UT13948,C2020|UT13948,Control,0,182.625,32.7,214,0
C2020,UT,UT13949,C2020|UT13949,Control,0,182.625,33.6,214,0
C2020,UT,UT14002,C2020|UT14002,Control,0,182.625,38.4,924,1
C2020,UT,UT14003,C2020|UT14003,Control,0,182.625,45.5,686,1
C2020,UT,UT14004,C2020|UT14004,Control,0,182.625,37.7,957,1
C2020,UT,UT14005,C2020|UT14005,Control,0,182.625,46.0,514,1
C2020,UT,UT14006,C2020|UT14006,Control,0,182.625,33.1,1001,1
C2020,UT,UT14007,C2020|UT14007,Control,0,182.625,38.1,687,1
C2020,UT,UT14049,C2020|UT14049,Control,0,182.625,51.2,625,1
C2020,UT,UT14050,C2020|UT14050,Control,0,182.625,41.9,392,1
C2020,UT,UT14051,C2020|UT14051,Control,0,182.625,43.7,774,1
C2020,UT,UT14062,C2020|UT14062,Control,0,182.625,28.7,468,1
C2020,UT,UT14064,C2020|UT14064,Control,0,182.625,38.6,844,1
C2020,UT,UT14125,C2020|UT14125,Control,0,182.625,35.7,1166,1
C2020,UT,UT14126,C2020|UT14126,Control,0,182.625,35.7,994,1
C2020,UT,UT14127,C2020|UT14127,Control,0,182.625,30.8,663,1
C2020,UT,UT14139,C2020|UT14139,Control,0,182.625,36.2,852,1
C2020,UT,UT14140,C2020|UT14140,Control,0,182.625,32.1,870,1
C2020,UT,UT14141,C2020|UT14141,Control,0,182.625,41.2,654,1
C2020,UT,UT14148,C2020|UT14148,Control,0,182.625,34.2,807,1
C2020,UT,UT14149,C2020|UT14149,Control,0,182.625,40.6,1083,1
C2020,UT,UT14150,C2020|UT14150,Control,0,182.625,32.4,1092,1
C2020,UT,UT14208,C2020|UT14208,Control,0,182.625,29.6,899,1
C2020,UT,UT14209,C2020|UT14209,Control,0,182.625,33.0,1046,1
C2020,UT,UT14210,C2020|UT14210,Control,0,182.625,40.5,1128,1
C2020,UT,UT14246,C2020|UT14246,Control,0,182.625,38.6,615,1
C2020,UT,UT14247,C2020|UT14247,Control,0,182.625,35.2,1061,1
C2020,UT,UT14248,C2020|UT14248,Control,0,182.625,34.4,1251,1
C2020,UT,UT14259,C2020|UT14259,Control,0,182.625,40.7,706,1
C2020,UT,UT14260,C2020|UT14260,Control,0,182.625,40.9,755,1
C2020,UT,UT14261,C2020|UT14261,Control,0,182.625,33.5,799,1
C2020,UT,UT14290,C2020|UT14290,Control,0,182.625,41.4,532,1
C2020,UT,UT14291,C2020|UT14291,Control,0,182.625,32.3,1193,1
C2020,UT,UT14292,C2020|UT14292,Control,0,182.625,50.2,783,1
C2020,UT,UT14325,C2020|UT14325,Control,0,182.625,47.1,751,1
C2020,UT,UT14326,C2020|UT14326,Control,0,182.625,43.6,631,1
C2020,UT,UT14327,C2020|UT14327,Control,0,182.625,33.7,582,1
C2020,UT,UT14335,C2020|UT14335,Control,0,182.625,30.1,944,1
C2020,UT,UT14336,C2020|UT14336,Control,0,182.625,44.3,613,1
C2020,UT,UT14337,C2020|UT14337,Control,0,182.625,34.0,1293,1
C2020,UT,UT14353,C2020|UT14353,Control,0,182.625,50.8,715,1
C2020,UT,UT14354,C2020|UT14354,Control,0,182.625,39.5,759,1
C2020,UT,UT14355,C2020|UT14355,Control,0,182.625,51.5,1072,1
C2020,UT,UT14400,C2020|UT14400,Control,0,182.625,42.4,848,1
C2020,UT,UT14401,C2020|UT14401,Control,0,182.625,44.2,803,1
C2020,UT,UT14402,C2020|UT14402,Control,0,182.625,44.8,1195,1
C2020,UT,UT14428,C2020|UT14428,Control,0,182.625,42.3,486,1
C2020,UT,UT14429,C2020|UT14429,Control,0,182.625,38.2,798,1
C2020,UT,UT14430,C2020|UT14430,Control,0,182.625,42.1,1008,1
C2020,UT,UT14487,C2020|UT14487,Control,0,182.625,33.2,1057,1
C2020,UT,UT14488,C2020|UT14488,Control,0,182.625,33.1,620,1
C2020,UT,UT14489,C2020|UT14489,Control,0,182.625,39.3,828,1
C2020,TJL,JL21030,C2020|JL21030,HYD_16,1,182.625,39.0,1322,1
C2020,TJL,JL21031,C2020|JL21031,HYD_16,1,182.625,37.0,1025,1
C2020,TJL,JL21032,C2020|JL21032,HYD_16,1,182.625,44.0,890,1
C2020,TJL,JL21101,C2020|JL21101,HYD_16,1,182.625,38.0,421,1
C2020,TJL,JL21102,C2020|JL21102,HYD_16,1,182.625,41.0,882,1
C2020,TJL,JL21103,C2020|JL21103,HYD_16,1,182.625,44.0,618,1
C2020,TJL,JL21162,C2020|JL21162,HYD_16,1,182.625,45.0,961,1
C2020,TJL,JL21163,C2020|JL21163,HYD_16,1,182.625,48.0,508,1
C2020,TJL,JL21164,C2020|JL21164,HYD_16,1,182.625,41.0,1119,1
C2020,TJL,JL21202,C2020|JL21202,HYD_16,1,182.625,44.0,910,1
C2020,TJL,JL21203,C2020|JL21203,HYD_16,1,182.625,43.0,944,1
C2020,TJL,JL21204,C2020|JL21204,HYD_16,1,182.625,41.0,914,1
C2020,TJL,JL21246,C2020|JL21246,HYD_16,1,182.625,40.0,1128,1
C2020,TJL,JL21247,C2020|JL21247,HYD_16,1,182.625,39.0,854,1
C2020,TJL,JL21248,C2020|JL21248,HYD_16,1,182.625,33.0,986,1
C2020,TJL,JL21317,C2020|JL21317,HYD_16,1,182.625,40.0,393,1
C2020,TJL,JL21318,C2020|JL21318,HYD_16,1,182.625,46.0,862,1
C2020,TJL,JL21319,C2020|JL21319,HYD_16,1,182.625,43.0,478,1
C2020,TJL,JL21379,C2020|JL21379,HYD_16,1,182.625,36.0,683,1
C2020,TJL,JL21380,C2020|JL21380,HYD_16,1,182.625,40.0,1078,1
C2020,TJL,JL21381,C2020|JL21381,HYD_16,1,182.625,40.0,821,1
C2020,TJL,JL21439,C2020|JL21439,HYD_16,1,182.625,42.0,1083,1
C2020,TJL,JL21440,C2020|JL21440,HYD_16,1,182.625,39.0,1144,1
C2020,TJL,JL21441,C2020|JL21441,HYD_16,1,182.625,49.0,564,1
C2020,TJL,JL21489,C2020|JL21489,HYD_16,1,182.625,34.0,1042,1
C2020,TJL,JL21490,C2020|JL21490,HYD_16,1,182.625,41.0,662,1
C2020,TJL,JL21491,C2020|JL21491,HYD_16,1,182.625,38.0,1061,1
C2020,TJL,JL21563,C2020|JL21563,HYD_16,1,182.625,36.0,719,1
C2020,TJL,JL21564,C2020|JL21564,HYD_16,1,182.625,43.0,806,1
C2020,TJL,JL21565,C2020|JL21565,HYD_16,1,182.625,37.0,1005,1
C2020,TJL,JL21632,C2020|JL21632,HYD_16,1,182.625,45.0,931,1
C2020,TJL,JL21633,C2020|JL21633,HYD_16,1,182.625,46.0,800,1
C2020,TJL,JL21634,C2020|JL21634,HYD_16,1,182.625,45.0,822,1
C2020,TJL,JL21683,C2020|JL21683,HYD_16,1,182.625,37.0,882,1
C2020,TJL,JL21684,C2020|JL21684,HYD_16,1,182.625,48.0,372,1
C2020,TJL,JL21685,C2020|JL21685,HYD_16,1,182.625,36.0,809,1
C2020,TJL,JL21760,C2020|JL21760,HYD_16,1,182.625,45.0,968,1
C2020,TJL,JL21761,C2020|JL21761,HYD_16,1,182.625,44.0,270,1
C2020,TJL,JL21762,C2020|JL21762,HYD_16,1,182.625,38.0,386,1
C2020,TJL,JL21809,C2020|JL21809,HYD_16,1,182.625,36.0,992,1
C2020,TJL,JL21810,C2020|JL21810,HYD_16,1,182.625,51.0,525,1
C2020,TJL,JL21811,C2020|JL21811,HYD_16,1,182.625,41.0,785,1
C2020,TJL,JL21862,C2020|JL21862,HYD_16,1,182.625,38.0,752,1
C2020,TJL,JL21863,C2020|JL21863,HYD_16,1,182.625,41.0,474,1
C2020,TJL,JL21864,C2020|JL21864,HYD_16,1,182.625,33.0,1028,1
C2020,TJL,JL21913,C2020|JL21913,HYD_16,1,182.625,40.0,677,1
C2020,TJL,JL21914,C2020|JL21914,HYD_16,1,182.625,48.0,620,1
C2020,TJL,JL21915,C2020|JL21915,HYD_16,1,182.625,48.0,495,1
C2020,TJL,JL21928,C2020|JL21928,HYD_16,1,182.625,35.0,669,1
C2020,TJL,JL21929,C2020|JL21929,HYD_16,1,182.625,37.0,1137,1
C2020,TJL,JL21930,C2020|JL21930,HYD_16,1,182.625,37.0,351,1
C2020,UM,UM100226,C2020|UM100226,HYD_16,1,182.625,37.0,862,1
C2020,UM,UM100233,C2020|UM100233,HYD_16,1,182.625,40.3,728,1
C2020,UM,UM100240,C2020|UM100240,HYD_16,1,182.625,29.9,737,1
C2020,UM,UM100373,C2020|UM100373,HYD_16,1,182.625,37.4,794,1
C2020,UM,UM100380,C2020|UM100380,HYD_16,1,182.625,45.0,526,1
C2020,UM,UM100387,C2020|UM100387,HYD_16,1,182.625,39.0,1013,1
C2020,UM,UM100702,C2020|UM100702,HYD_16,1,182.625,39.3,795,1
C2020,UM,UM100709,C2020|UM100709,HYD_16,1,182.625,40.0,343,1
C2020,UM,UM100716,C2020|UM100716,HYD_16,1,182.625,37.3,1066,1
C2020,UM,UM101199,C2020|UM101199,HYD_16,1,182.625,36.4,1026,1
C2020,UM,UM101206,C2020|UM101206,HYD_16,1,182.625,45.5,597,1
C2020,UM,UM101213,C2020|UM101213,HYD_16,1,182.625,32.5,884,1
C2020,UM,UM101472,C2020|UM101472,HYD_16,1,182.625,33.7,813,1
C2020,UM,UM101479,C2020|UM101479,HYD_16,1,182.625,42.1,969,1
C2020,UM,UM101486,C2020|UM101486,HYD_16,1,182.625,40.0,1021,1
C2020,UM,UM95305,C2020|UM95305,HYD_16,1,182.625,34.5,1058,1
C2020,UM,UM95312,C2020|UM95312,HYD_16,1,182.625,32.9,997,1
C2020,UM,UM95319,C2020|UM95319,HYD_16,1,182.625,41.3,534,1
C2020,UM,UM95795,C2020|UM95795,HYD_16,1,182.625,37.6,915,1
C2020,UM,UM95802,C2020|UM95802,HYD_16,1,182.625,43.9,568,1
C2020,UM,UM95809,C2020|UM95809,HYD_16,1,182.625,39.1,344,1
C2020,UM,UM96327,C2020|UM96327,HYD_16,1,182.625,31.6,735,1
C2020,UM,UM96334,C2020|UM96334,HYD_16,1,182.625,34.8,782,1
C2020,UM,UM96341,C2020|UM96341,HYD_16,1,182.625,45.3,423,1
C2020,UM,UM96635,C2020|UM96635,HYD_16,1,182.625,36.6,1220,1
C2020,UM,UM96642,C2020|UM96642,HYD_16,1,182.625,34.2,945,1
C2020,UM,UM96649,C2020|UM96649,HYD_16,1,182.625,34.0,594,1
C2020,UM,UM96971,C2020|UM96971,HYD_16,1,182.625,32.6,494,0
C2020,UM,UM96978,C2020|UM96978,HYD_16,1,182.625,33.7,494,0
C2020,UM,UM96985,C2020|UM96985,HYD_16,1,182.625,35.5,494,0
C2020,UM,UM97405,C2020|UM97405,HYD_16,1,182.625,35.3,1061,1
C2020,UM,UM97412,C2020|UM97412,HYD_16,1,182.625,38.9,664,1
C2020,UM,UM97419,C2020|UM97419,HYD_16,1,182.625,37.9,855,1
C2020,UM,UM97811,C2020|UM97811,HYD_16,1,182.625,39.8,585,1
C2020,UM,UM97825,C2020|UM97825,HYD_16,1,182.625,44.3,479,1
C2020,UM,UM98420,C2020|UM98420,HYD_16,1,182.625,33.8,934,1
C2020,UM,UM98427,C2020|UM98427,HYD_16,1,182.625,30.0,728,0
C2020,UM,UM98434,C2020|UM98434,HYD_16,1,182.625,40.8,1008,1
C2020,UM,UM98637,C2020|UM98637,HYD_16,1,182.625,32.7,857,1
C2020,UM,UM98644,C2020|UM98644,HYD_16,1,182.625,40.0,788,1
C2020,UM,UM98651,C2020|UM98651,HYD_16,1,182.625,33.6,919,1
C2020,UM,UM98889,C2020|UM98889,HYD_16,1,182.625,40.6,1076,1
C2020,UM,UM98896,C2020|UM98896,HYD_16,1,182.625,38.5,821,1
C2020,UM,UM98903,C2020|UM98903,HYD_16,1,182.625,42.0,518,1
C2020,UM,UM99428,C2020|UM99428,HYD_16,1,182.625,37.7,916,1
C2020,UM,UM99435,C2020|UM99435,HYD_16,1,182.625,33.5,1034,1
C2020,UM,UM99442,C2020|UM99442,HYD_16,1,182.625,32.4,820,1
C2020,UM,UM99848,C2020|UM99848,HYD_16,1,182.625,36.4,1044,1
C2020,UM,UM99855,C2020|UM99855,HYD_16,1,182.625,37.0,1047,1
C2020,UM,UM99862,C2020|UM99862,HYD_16,1,182.625,32.5,942,1
C2020,UT,UT13529,C2020|UT13529,HYD_16,1,182.625,35.0,1348,1
C2020,UT,UT13530,C2020|UT13530,HYD_16,1,182.625,32.9,868,1
C2020,UT,UT13531,C2020|UT13531,HYD_16,1,182.625,33.6,918,1
C2020,UT,UT13579,C2020|UT13579,HYD_16,1,182.625,46.1,352,1
C2020,UT,UT13580,C2020|UT13580,HYD_16,1,182.625,38.7,952,1
C2020,UT,UT13581,C2020|UT13581,HYD_16,1,182.625,33.4,697,1
C2020,UT,UT13653,C2020|UT13653,HYD_16,1,182.625,43.8,909,1
C2020,UT,UT13654,C2020|UT13654,HYD_16,1,182.625,45.7,944,1
C2020,UT,UT13655,C2020|UT13655,HYD_16,1,182.625,34.5,761,1
C2020,UT,UT13772,C2020|UT13772,HYD_16,1,182.625,36.3,997,1
C2020,UT,UT13773,C2020|UT13773,HYD_16,1,182.625,32.0,1044,1
C2020,UT,UT13774,C2020|UT13774,HYD_16,1,182.625,31.5,730,1
C2020,UT,UT13818,C2020|UT13818,HYD_16,1,182.625,48.3,335,1
C2020,UT,UT13819,C2020|UT13819,HYD_16,1,182.625,47.3,587,1
C2020,UT,UT13820,C2020|UT13820,HYD_16,1,182.625,42.8,723,1
C2020,UT,UT13837,C2020|UT13837,HYD_16,1,182.625,35.4,920,1
C2020,UT,UT13838,C2020|UT13838,HYD_16,1,182.625,45.3,566,1
C2020,UT,UT13839,C2020|UT13839,HYD_16,1,182.625,44.8,336,1
C2020,UT,UT13917,C2020|UT13917,HYD_16,1,182.625,41.1,1026,1
C2020,UT,UT13918,C2020|UT13918,HYD_16,1,182.625,37.3,937,1
C2020,UT,UT13919,C2020|UT13919,HYD_16,1,182.625,46.1,1130,1
C2020,UT,UT13992,C2020|UT13992,HYD_16,1,182.625,43.0,302,1
C2020,UT,UT13993,C2020|UT13993,HYD_16,1,182.625,38.8,953,1
C2020,UT,UT13994,C2020|UT13994,HYD_16,1,182.625,35.9,1020,1
C2020,UT,UT14025,C2020|UT14025,HYD_16,1,182.625,41.6,528,1
C2020,UT,UT14026,C2020|UT14026,HYD_16,1,182.625,31.9,991,1
C2020,UT,UT14027,C2020|UT14027,HYD_16,1,182.625,31.5,945,1
C2020,UT,UT14077,C2020|UT14077,HYD_16,1,182.625,41.5,970,1
C2020,UT,UT14078,C2020|UT14078,HYD_16,1,182.625,43.7,428,1
C2020,UT,UT14079,C2020|UT14079,HYD_16,1,182.625,42.0,1149,1
C2020,UT,UT14119,C2020|UT14119,HYD_16,1,182.625,40.9,543,1
C2020,UT,UT14120,C2020|UT14120,HYD_16,1,182.625,36.7,1122,1
C2020,UT,UT14121,C2020|UT14121,HYD_16,1,182.625,41.1,386,1
C2020,UT,UT14183,C2020|UT14183,HYD_16,1,182.625,39.6,606,1
C2020,UT,UT14184,C2020|UT14184,HYD_16,1,182.625,31.5,892,1
C2020,UT,UT14185,C2020|UT14185,HYD_16,1,182.625,34.1,922,1
C2020,UT,UT14226,C2020|UT14226,HYD_16,1,182.625,34.7,839,1
C2020,UT,UT14227,C2020|UT14227,HYD_16,1,182.625,39.0,330,1
C2020,UT,UT14228,C2020|UT14228,HYD_16,1,182.625,35.5,736,1
C2020,UT,UT14293,C2020|UT14293,HYD_16,1,182.625,39.4,730,1
C2020,UT,UT14294,C2020|UT14294,HYD_16,1,182.625,31.6,1080,1
C2020,UT,UT14295,C2020|UT14295,HYD_16,1,182.625,37.2,937,1
C2020,UT,UT14376,C2020|UT14376,HYD_16,1,182.625,35.9,645,1
C2020,UT,UT14377,C2020|UT14377,HYD_16,1,182.625,37.0,790,1
C2020,UT,UT14378,C2020|UT14378,HYD_16,1,182.625,40.7,608,1
C2020,UT,UT14414,C2020|UT14414,HYD_16,1,182.625,35.9,1040,1
C2020,UT,UT14415,C2020|UT14415,HYD_16,1,182.625,41.7,928,1
C2020,UT,UT14416,C2020|UT14416,HYD_16,1,182.625,32.0,984,1
C2020,UT,UT14490,C2020|UT14490,HYD_16,1,182.625,31.4,778,1
C2020,UT,UT14491,C2020|UT14491,HYD_16,1,182.625,39.5,887,1
C2020,UT,UT14492,C2020|UT14492,HYD_16,1,182.625,31.2,1046,1
C2021,TJL,JL23032,C2021|JL23032,2BA,1,182.625,42.0,826,1
C2021,TJL,JL23033,C2021|JL23033,2BA,1,182.625,43.0,749,1
C2021,TJL,JL23034,C2021|JL23034,2BA,1,182.625,41.0,862,1
C2021,TJL,JL23085,C2021|JL23085,2BA,1,182.625,47.0,669,1
C2021,TJL,JL23086,C2021|JL23086,2BA,1,182.625,46.0,328,1
C2021,TJL,JL23087,C2021|JL23087,2BA,1,182.625,37.0,654,1
C2021,TJL,JL23128,C2021|JL23128,2BA,1,182.625,45.0,761,1
C2021,TJL,JL23129,C2021|JL23129,2BA,1,182.625,45.0,533,1
C2021,TJL,JL23190,C2021|JL23190,2BA,1,182.625,34.0,824,1
C2021,TJL,JL23191,C2021|JL23191,2BA,1,182.625,33.0,700,1
C2021,TJL,JL23192,C2021|JL23192,2BA,1,182.625,41.0,711,1
C2021,TJL,JL23224,C2021|JL23224,2BA,1,182.625,43.0,670,1
C2021,TJL,JL23225,C2021|JL23225,2BA,1,182.625,35.0,585,1
C2021,TJL,JL23226,C2021|JL23226,2BA,1,182.625,49.0,448,1
C2021,TJL,JL23278,C2021|JL23278,2BA,1,182.625,47.0,401,1
C2021,TJL,JL23279,C2021|JL23279,2BA,1,182.625,34.0,641,1
C2021,TJL,JL23280,C2021|JL23280,2BA,1,182.625,41.0,736,1
C2021,TJL,JL23323,C2021|JL23323,2BA,1,182.625,48.0,246,1
C2021,TJL,JL23324,C2021|JL23324,2BA,1,182.625,47.0,275,1
C2021,TJL,JL23325,C2021|JL23325,2BA,1,182.625,43.0,829,1
C2021,TJL,JL23350,C2021|JL23350,2BA,1,182.625,36.0,928,1
C2021,TJL,JL23351,C2021|JL23351,2BA,1,182.625,36.0,1162,1
C2021,TJL,JL23352,C2021|JL23352,2BA,1,182.625,40.0,876,1
C2021,TJL,JL23422,C2021|JL23422,2BA,1,182.625,43.0,831,1
C2021,TJL,JL23423,C2021|JL23423,2BA,1,182.625,45.0,853,1
C2021,TJL,JL23424,C2021|JL23424,2BA,1,182.625,40.0,1024,1
C2021,TJL,JL23452,C2021|JL23452,2BA,1,182.625,43.0,1146,1
C2021,TJL,JL23453,C2021|JL23453,2BA,1,182.625,43.0,1301,1
C2021,TJL,JL23454,C2021|JL23454,2BA,1,182.625,45.0,696,1
C2021,TJL,JL23508,C2021|JL23508,2BA,1,182.625,45.0,449,1
C2021,TJL,JL23509,C2021|JL23509,2BA,1,182.625,37.0,484,1
C2021,TJL,JL23510,C2021|JL23510,2BA,1,182.625,43.0,330,1
C2021,TJL,JL23524,C2021|JL23524,2BA,1,182.625,38.0,915,1
C2021,TJL,JL23525,C2021|JL23525,2BA,1,182.625,33.0,1001,1
C2021,TJL,JL23526,C2021|JL23526,2BA,1,182.625,40.0,506,1
C2021,TJL,JL23577,C2021|JL23577,2BA,1,182.625,37.0,730,1
C2021,TJL,JL23578,C2021|JL23578,2BA,1,182.625,46.0,864,1
C2021,TJL,JL23579,C2021|JL23579,2BA,1,182.625,39.0,897,1
C2021,TJL,JL23633,C2021|JL23633,2BA,1,182.625,41.0,796,1
C2021,TJL,JL23634,C2021|JL23634,2BA,1,182.625,35.0,782,1
C2021,TJL,JL23635,C2021|JL23635,2BA,1,182.625,38.0,959,1
C2021,TJL,JL23707,C2021|JL23707,2BA,1,182.625,37.0,879,1
C2021,TJL,JL23708,C2021|JL23708,2BA,1,182.625,43.0,767,1
C2021,TJL,JL23709,C2021|JL23709,2BA,1,182.625,42.0,449,1
C2021,TJL,JL23722,C2021|JL23722,2BA,1,182.625,45.0,530,1
C2021,TJL,JL23723,C2021|JL23723,2BA,1,182.625,43.0,307,1
C2021,TJL,JL23724,C2021|JL23724,2BA,1,182.625,46.0,883,1
C2021,TJL,JL23791,C2021|JL23791,2BA,1,182.625,44.0,322,1
C2021,TJL,JL23792,C2021|JL23792,2BA,1,182.625,38.0,883,1
C2021,TJL,JL23793,C2021|JL23793,2BA,1,182.625,47.0,820,1
C2021,TJL,JL23009,C2021|JL23009,Control,0,182.625,41.0,487,0
C2021,TJL,JL23010,C2021|JL23010,Control,0,182.625,48.0,487,0
C2021,TJL,JL23011,C2021|JL23011,Control,0,182.625,44.0,436,1
C2021,TJL,JL23023,C2021|JL23023,Control,0,182.625,44.0,313,1
C2021,TJL,JL23024,C2021|JL23024,Control,0,182.625,38.0,883,1
C2021,TJL,JL23025,C2021|JL23025,Control,0,182.625,48.0,588,1
C2021,TJL,JL23060,C2021|JL23060,Control,0,182.625,33.0,612,1
C2021,TJL,JL23061,C2021|JL23061,Control,0,182.625,42.0,359,1
C2021,TJL,JL23062,C2021|JL23062,Control,0,182.625,40.0,1112,1
C2021,TJL,JL23063,C2021|JL23063,Control,0,182.625,42.0,690,1
C2021,TJL,JL23064,C2021|JL23064,Control,0,182.625,43.0,649,1
C2021,TJL,JL23065,C2021|JL23065,Control,0,182.625,41.0,669,1
C2021,TJL,JL23116,C2021|JL23116,Control,0,182.625,43.0,351,1
C2021,TJL,JL23117,C2021|JL23117,Control,0,182.625,44.0,324,1
C2021,TJL,JL23118,C2021|JL23118,Control,0,182.625,44.0,574,1
C2021,TJL,JL23122,C2021|JL23122,Control,0,182.625,35.0,1128,1
C2021,TJL,JL23123,C2021|JL23123,Control,0,182.625,41.0,809,1
C2021,TJL,JL23124,C2021|JL23124,Control,0,182.625,37.0,1080,1
C2021,TJL,JL23155,C2021|JL23155,Control,0,182.625,43.0,999,1
C2021,TJL,JL23156,C2021|JL23156,Control,0,182.625,42.0,675,1
C2021,TJL,JL23157,C2021|JL23157,Control,0,182.625,37.0,1048,1
C2021,TJL,JL23187,C2021|JL23187,Control,0,182.625,48.0,825,1
C2021,TJL,JL23188,C2021|JL23188,Control,0,182.625,38.0,658,1
C2021,TJL,JL23189,C2021|JL23189,Control,0,182.625,41.0,695,1
C2021,TJL,JL23193,C2021|JL23193,Control,0,182.625,44.0,992,1
C2021,TJL,JL23194,C2021|JL23194,Control,0,182.625,44.0,421,1
C2021,TJL,JL23195,C2021|JL23195,Control,0,182.625,46.0,559,1
C2021,TJL,JL23215,C2021|JL23215,Control,0,182.625,37.0,609,1
C2021,TJL,JL23216,C2021|JL23216,Control,0,182.625,44.0,749,1
C2021,TJL,JL23217,C2021|JL23217,Control,0,182.625,42.0,456,1
C2021,TJL,JL23249,C2021|JL23249,Control,0,182.625,45.0,894,1
C2021,TJL,JL23250,C2021|JL23250,Control,0,182.625,37.0,760,1
C2021,TJL,JL23251,C2021|JL23251,Control,0,182.625,44.0,724,1
C2021,TJL,JL23258,C2021|JL23258,Control,0,182.625,33.0,485,1
C2021,TJL,JL23259,C2021|JL23259,Control,0,182.625,41.0,826,1
C2021,TJL,JL23260,C2021|JL23260,Control,0,182.625,46.0,334,1
C2021,TJL,JL23281,C2021|JL23281,Control,0,182.625,45.0,856,1
C2021,TJL,JL23282,C2021|JL23282,Control,0,182.625,42.0,783,1
C2021,TJL,JL23283,C2021|JL23283,Control,0,182.625,41.0,726,1
C2021,TJL,JL23317,C2021|JL23317,Control,0,182.625,34.0,415,1
C2021,TJL,JL23318,C2021|JL23318,Control,0,182.625,43.0,233,1
C2021,TJL,JL23319,C2021|JL23319,Control,0,182.625,46.0,491,1
C2021,TJL,JL23353,C2021|JL23353,Control,0,182.625,47.0,721,1
C2021,TJL,JL23354,C2021|JL23354,Control,0,182.625,51.0,729,1
C2021,TJL,JL23355,C2021|JL23355,Control,0,182.625,43.0,628,1
C2021,TJL,JL23379,C2021|JL23379,Control,0,182.625,47.0,330,1
C2021,TJL,JL23380,C2021|JL23380,Control,0,182.625,48.0,969,1
C2021,TJL,JL23381,C2021|JL23381,Control,0,182.625,40.0,568,1
C2021,TJL,JL23388,C2021|JL23388,Control,0,182.625,46.0,599,1
C2021,TJL,JL23389,C2021|JL23389,Control,0,182.625,42.0,934,1
C2021,TJL,JL23390,C2021|JL23390,Control,0,182.625,49.0,801,1
C2021,TJL,JL23416,C2021|JL23416,Control,0,182.625,47.0,708,1
C2021,TJL,JL23417,C2021|JL23417,Control,0,182.625,42.0,1169,1
C2021,TJL,JL23418,C2021|JL23418,Control,0,182.625,37.0,670,1
C2021,TJL,JL23436,C2021|JL23436,Control,0,182.625,31.0,1088,1
C2021,TJL,JL23437,C2021|JL23437,Control,0,182.625,41.0,1067,1
C2021,TJL,JL23438,C2021|JL23438,Control,0,182.625,35.0,437,1
C2021,TJL,JL23474,C2021|JL23474,Control,0,182.625,48.0,585,1
C2021,TJL,JL23475,C2021|JL23475,Control,0,182.625,38.0,961,1
C2021,TJL,JL23476,C2021|JL23476,Control,0,182.625,48.0,275,1
C2021,TJL,JL23511,C2021|JL23511,Control,0,182.625,37.0,653,1
C2021,TJL,JL23512,C2021|JL23512,Control,0,182.625,47.0,630,1
C2021,TJL,JL23513,C2021|JL23513,Control,0,182.625,37.0,862,1
C2021,TJL,JL23514,C2021|JL23514,Control,0,182.625,45.0,557,1
C2021,TJL,JL23515,C2021|JL23515,Control,0,182.625,44.0,240,1
C2021,TJL,JL23516,C2021|JL23516,Control,0,182.625,42.0,380,1
C2021,TJL,JL23545,C2021|JL23545,Control,0,182.625,38.0,729,1
C2021,TJL,JL23546,C2021|JL23546,Control,0,182.625,41.0,496,1
C2021,TJL,JL23547,C2021|JL23547,Control,0,182.625,40.0,1166,1
C2021,TJL,JL23571,C2021|JL23571,Control,0,182.625,47.0,843,1
C2021,TJL,JL23572,C2021|JL23572,Control,0,182.625,58.0,337,1
C2021,TJL,JL23573,C2021|JL23573,Control,0,182.625,44.0,967,1
C2021,TJL,JL23583,C2021|JL23583,Control,0,182.625,41.0,934,1
C2021,TJL,JL23584,C2021|JL23584,Control,0,182.625,38.0,673,1
C2021,TJL,JL23585,C2021|JL23585,Control,0,182.625,28.0,473,1
C2021,TJL,JL23614,C2021|JL23614,Control,0,182.625,37.0,775,1
C2021,TJL,JL23615,C2021|JL23615,Control,0,182.625,37.0,1009,1
C2021,TJL,JL23616,C2021|JL23616,Control,0,182.625,42.0,1012,1
C2021,TJL,JL23617,C2021|JL23617,Control,0,182.625,38.0,944,1
C2021,TJL,JL23618,C2021|JL23618,Control,0,182.625,48.0,1017,1
C2021,TJL,JL23619,C2021|JL23619,Control,0,182.625,43.0,605,1
C2021,TJL,JL23662,C2021|JL23662,Control,0,182.625,42.0,621,1
C2021,TJL,JL23663,C2021|JL23663,Control,0,182.625,34.0,1001,1
C2021,TJL,JL23664,C2021|JL23664,Control,0,182.625,42.0,718,1
C2021,TJL,JL23665,C2021|JL23665,Control,0,182.625,37.0,281,0
C2021,TJL,JL23666,C2021|JL23666,Control,0,182.625,38.0,281,0
C2021,TJL,JL23667,C2021|JL23667,Control,0,182.625,44.0,281,0
C2021,TJL,JL23704,C2021|JL23704,Control,0,182.625,40.0,626,1
C2021,TJL,JL23705,C2021|JL23705,Control,0,182.625,47.0,343,1
C2021,TJL,JL23706,C2021|JL23706,Control,0,182.625,33.0,884,1
C2021,TJL,JL23713,C2021|JL23713,Control,0,182.625,42.0,351,1
C2021,TJL,JL23714,C2021|JL23714,Control,0,182.625,42.0,787,1
C2021,TJL,JL23715,C2021|JL23715,Control,0,182.625,40.0,715,1
C2021,TJL,JL23754,C2021|JL23754,Control,0,182.625,34.0,1180,1
C2021,TJL,JL23755,C2021|JL23755,Control,0,182.625,35.0,832,1
C2021,TJL,JL23756,C2021|JL23756,Control,0,182.625,37.0,1190,1
C2021,TJL,JL23779,C2021|JL23779,Control,0,182.625,26.0,982,1
C2021,TJL,JL23780,C2021|JL23780,Control,0,182.625,36.0,624,1
C2021,TJL,JL23781,C2021|JL23781,Control,0,182.625,37.0,789,1
C2021,TJL,JL23806,C2021|JL23806,Control,0,182.625,38.0,775,1
C2021,TJL,JL23807,C2021|JL23807,Control,0,182.625,44.0,621,1
C2021,TJL,JL23808,C2021|JL23808,Control,0,182.625,46.0,740,1
C2021,UM,UM103453,C2021|UM103453,2BA,1,182.625,39.6,823,1
C2021,UM,UM103460,C2021|UM103460,2BA,1,182.625,43.6,879,1
C2021,UM,UM103467,C2021|UM103467,2BA,1,182.625,43.2,739,1
C2021,UM,UM103544,C2021|UM103544,2BA,1,182.625,34.2,199,1
C2021,UM,UM103551,C2021|UM103551,2BA,1,182.625,32.7,886,1
C2021,UM,UM103558,C2021|UM103558,2BA,1,182.625,41.7,866,1
C2021,UM,UM104265,C2021|UM104265,2BA,1,182.625,40.8,1018,1
C2021,UM,UM104272,C2021|UM104272,2BA,1,182.625,44.1,655,1
C2021,UM,UM104279,C2021|UM104279,2BA,1,182.625,40.8,669,1
C2021,UM,UM104286,C2021|UM104286,2BA,1,182.625,39.5,972,1
C2021,UM,UM104293,C2021|UM104293,2BA,1,182.625,33.1,995,1
C2021,UM,UM104300,C2021|UM104300,2BA,1,182.625,39.0,993,1
C2021,UM,UM104622,C2021|UM104622,2BA,1,182.625,33.3,1024,1
C2021,UM,UM104629,C2021|UM104629,2BA,1,182.625,33.3,900,1
C2021,UM,UM104636,C2021|UM104636,2BA,1,182.625,30.0,1009,1
C2021,UM,UM105133,C2021|UM105133,2BA,1,182.625,41.6,640,1
C2021,UM,UM105140,C2021|UM105140,2BA,1,182.625,44.0,987,1
C2021,UM,UM105147,C2021|UM105147,2BA,1,182.625,42.5,820,1
C2021,UM,UM105490,C2021|UM105490,2BA,1,182.625,36.3,1154,1
C2021,UM,UM105497,C2021|UM105497,2BA,1,182.625,34.0,722,1
C2021,UM,UM105504,C2021|UM105504,2BA,1,182.625,31.3,1011,1
C2021,UM,UM105784,C2021|UM105784,2BA,1,182.625,34.1,1061,1
C2021,UM,UM105791,C2021|UM105791,2BA,1,182.625,35.8,864,1
C2021,UM,UM105798,C2021|UM105798,2BA,1,182.625,41.6,605,1
C2021,UM,UM106141,C2021|UM106141,2BA,1,182.625,42.8,715,1
C2021,UM,UM106148,C2021|UM106148,2BA,1,182.625,43.9,741,1
C2021,UM,UM106155,C2021|UM106155,2BA,1,182.625,42.7,979,1
C2021,UM,UM106372,C2021|UM106372,2BA,1,182.625,47.0,431,1
C2021,UM,UM106379,C2021|UM106379,2BA,1,182.625,44.3,550,1
C2021,UM,UM106386,C2021|UM106386,2BA,1,182.625,33.9,546,1
C2021,UM,UM106596,C2021|UM106596,2BA,1,182.625,30.2,902,1
C2021,UM,UM106603,C2021|UM106603,2BA,1,182.625,43.4,454,1
C2021,UM,UM106610,C2021|UM106610,2BA,1,182.625,31.0,1096,1
C2021,UM,UM107065,C2021|UM107065,2BA,1,182.625,33.5,875,1
C2021,UM,UM107072,C2021|UM107072,2BA,1,182.625,39.0,635,1
C2021,UM,UM107079,C2021|UM107079,2BA,1,182.625,37.0,826,1
C2021,UM,UM107107,C2021|UM107107,2BA,1,182.625,31.5,683,1
C2021,UM,UM107114,C2021|UM107114,2BA,1,182.625,35.5,896,1
C2021,UM,UM107121,C2021|UM107121,2BA,1,182.625,37.8,1124,1
C2021,UM,UM107541,C2021|UM107541,2BA,1,182.625,36.3,734,1
C2021,UM,UM107548,C2021|UM107548,2BA,1,182.625,45.4,287,1
C2021,UM,UM107555,C2021|UM107555,2BA,1,182.625,38.1,833,1
C2021,UM,UM107968,C2021|UM107968,2BA,1,182.625,40.0,785,1
C2021,UM,UM107975,C2021|UM107975,2BA,1,182.625,42.5,788,1
C2021,UM,UM107982,C2021|UM107982,2BA,1,182.625,34.8,995,1
C2021,UM,UM108115,C2021|UM108115,2BA,1,182.625,39.4,644,1
C2021,UM,UM108122,C2021|UM108122,2BA,1,182.625,36.5,721,1
C2021,UM,UM108129,C2021|UM108129,2BA,1,182.625,38.6,634,1
C2021,UM,UM108528,C2021|UM108528,2BA,1,182.625,34.1,849,1
C2021,UM,UM108535,C2021|UM108535,2BA,1,182.625,45.7,773,1
C2021,UM,UM108542,C2021|UM108542,2BA,1,182.625,39.0,1170,1
C2021,UM,UM103271,C2021|UM103271,Control,0,182.625,38.7,394,0
C2021,UM,UM103278,C2021|UM103278,Control,0,182.625,45.6,394,0
C2021,UM,UM103285,C2021|UM103285,Control,0,182.625,44.5,394,0
C2021,UM,UM103313,C2021|UM103313,Control,0,182.625,37.3,787,1
C2021,UM,UM103320,C2021|UM103320,Control,0,182.625,40.4,843,1
C2021,UM,UM103327,C2021|UM103327,Control,0,182.625,42.0,863,1
C2021,UM,UM103474,C2021|UM103474,Control,0,182.625,35.9,962,1
C2021,UM,UM103481,C2021|UM103481,Control,0,182.625,39.1,1040,1
C2021,UM,UM103488,C2021|UM103488,Control,0,182.625,38.2,1137,1
C2021,UM,UM103670,C2021|UM103670,Control,0,182.625,42.1,370,1
C2021,UM,UM103677,C2021|UM103677,Control,0,182.625,50.7,607,1
C2021,UM,UM103684,C2021|UM103684,Control,0,182.625,50.7,401,1
C2021,UM,UM104146,C2021|UM104146,Control,0,182.625,32.0,847,1
C2021,UM,UM104153,C2021|UM104153,Control,0,182.625,33.6,1091,1
C2021,UM,UM104160,C2021|UM104160,Control,0,182.625,33.9,608,1
C2021,UM,UM104188,C2021|UM104188,Control,0,182.625,38.0,707,1
C2021,UM,UM104195,C2021|UM104195,Control,0,182.625,31.4,968,1
C2021,UM,UM104202,C2021|UM104202,Control,0,182.625,38.6,717,1
C2021,UM,UM104335,C2021|UM104335,Control,0,182.625,47.0,943,1
C2021,UM,UM104342,C2021|UM104342,Control,0,182.625,37.0,961,1
C2021,UM,UM104349,C2021|UM104349,Control,0,182.625,45.1,942,1
C2021,UM,UM104524,C2021|UM104524,Control,0,182.625,38.9,1041,1
C2021,UM,UM104531,C2021|UM104531,Control,0,182.625,37.8,1016,1
C2021,UM,UM104538,C2021|UM104538,Control,0,182.625,44.0,785,1
C2021,UM,UM104762,C2021|UM104762,Control,0,182.625,36.1,1008,1
C2021,UM,UM104769,C2021|UM104769,Control,0,182.625,41.9,846,1
C2021,UM,UM104776,C2021|UM104776,Control,0,182.625,45.9,861,1
C2021,UM,UM104783,C2021|UM104783,Control,0,182.625,31.8,1031,1
C2021,UM,UM104790,C2021|UM104790,Control,0,182.625,37.2,640,1
C2021,UM,UM104797,C2021|UM104797,Control,0,182.625,37.9,1089,1
C2021,UM,UM104986,C2021|UM104986,Control,0,182.625,37.0,875,1
C2021,UM,UM104993,C2021|UM104993,Control,0,182.625,37.1,1019,1
C2021,UM,UM105000,C2021|UM105000,Control,0,182.625,36.3,990,1
C2021,UM,UM105063,C2021|UM105063,Control,0,182.625,37.6,1219,1
C2021,UM,UM105070,C2021|UM105070,Control,0,182.625,44.0,1151,1
C2021,UM,UM105077,C2021|UM105077,Control,0,182.625,40.0,838,1
C2021,UM,UM105350,C2021|UM105350,Control,0,182.625,46.3,875,1
C2021,UM,UM105357,C2021|UM105357,Control,0,182.625,38.0,757,1
C2021,UM,UM105364,C2021|UM105364,Control,0,182.625,44.5,379,1
C2021,UM,UM105392,C2021|UM105392,Control,0,182.625,48.5,889,1
C2021,UM,UM105399,C2021|UM105399,Control,0,182.625,51.4,708,1
C2021,UM,UM105406,C2021|UM105406,Control,0,182.625,47.3,408,1
C2021,UM,UM105644,C2021|UM105644,Control,0,182.625,30.2,1025,1
C2021,UM,UM105651,C2021|UM105651,Control,0,182.625,41.3,868,1
C2021,UM,UM105658,C2021|UM105658,Control,0,182.625,37.6,860,1
C2021,UM,UM105833,C2021|UM105833,Control,0,182.625,37.7,916,1
C2021,UM,UM105840,C2021|UM105840,Control,0,182.625,34.4,669,1
C2021,UM,UM105847,C2021|UM105847,Control,0,182.625,40.3,883,1
C2021,UM,UM106015,C2021|UM106015,Control,0,182.625,39.4,1087,1
C2021,UM,UM106022,C2021|UM106022,Control,0,182.625,41.6,1124,1
C2021,UM,UM106029,C2021|UM106029,Control,0,182.625,31.2,1229,1
C2021,UM,UM106253,C2021|UM106253,Control,0,182.625,35.8,930,1
C2021,UM,UM106260,C2021|UM106260,Control,0,182.625,41.9,894,1
C2021,UM,UM106267,C2021|UM106267,Control,0,182.625,33.8,842,1
C2021,UM,UM106302,C2021|UM106302,Control,0,182.625,38.7,949,1
C2021,UM,UM106309,C2021|UM106309,Control,0,182.625,42.3,574,1
C2021,UM,UM106316,C2021|UM106316,Control,0,182.625,43.9,828,1
C2021,UM,UM106477,C2021|UM106477,Control,0,182.625,32.7,874,1
C2021,UM,UM106484,C2021|UM106484,Control,0,182.625,42.7,985,1
C2021,UM,UM106491,C2021|UM106491,Control,0,182.625,37.7,803,1
C2021,UM,UM106638,C2021|UM106638,Control,0,182.625,32.3,1051,1
C2021,UM,UM106645,C2021|UM106645,Control,0,182.625,33.0,1173,1
C2021,UM,UM106715,C2021|UM106715,Control,0,182.625,30.0,1123,1
C2021,UM,UM106722,C2021|UM106722,Control,0,182.625,38.2,194,1
C2021,UM,UM106729,C2021|UM106729,Control,0,182.625,31.2,248,1
C2021,UM,UM106953,C2021|UM106953,Control,0,182.625,47.3,1245,1
C2021,UM,UM106960,C2021|UM106960,Control,0,182.625,46.3,502,1
C2021,UM,UM106967,C2021|UM106967,Control,0,182.625,40.7,762,1
C2021,UM,UM107044,C2021|UM107044,Control,0,182.625,40.2,875,1
C2021,UM,UM107051,C2021|UM107051,Control,0,182.625,34.3,914,1
C2021,UM,UM107058,C2021|UM107058,Control,0,182.625,36.8,865,1
C2021,UM,UM107177,C2021|UM107177,Control,0,182.625,33.8,732,1
C2021,UM,UM107184,C2021|UM107184,Control,0,182.625,37.5,843,1
C2021,UM,UM107191,C2021|UM107191,Control,0,182.625,33.2,727,1
C2021,UM,UM107247,C2021|UM107247,Control,0,182.625,39.7,538,1
C2021,UM,UM107254,C2021|UM107254,Control,0,182.625,47.0,749,1
C2021,UM,UM107261,C2021|UM107261,Control,0,182.625,40.3,706,1
C2021,UM,UM107443,C2021|UM107443,Control,0,182.625,43.9,947,1
C2021,UM,UM107450,C2021|UM107450,Control,0,182.625,38.5,921,1
C2021,UM,UM107457,C2021|UM107457,Control,0,182.625,38.8,1019,1
C2021,UM,UM107653,C2021|UM107653,Control,0,182.625,40.6,863,1
C2021,UM,UM107660,C2021|UM107660,Control,0,182.625,45.8,861,1
C2021,UM,UM107667,C2021|UM107667,Control,0,182.625,46.5,455,1
C2021,UM,UM107723,C2021|UM107723,Control,0,182.625,37.3,727,1
C2021,UM,UM107730,C2021|UM107730,Control,0,182.625,36.4,890,1
C2021,UM,UM107737,C2021|UM107737,Control,0,182.625,35.4,1075,1
C2021,UM,UM108017,C2021|UM108017,Control,0,182.625,31.2,908,1
C2021,UM,UM108024,C2021|UM108024,Control,0,182.625,33.4,1199,1
C2021,UM,UM108031,C2021|UM108031,Control,0,182.625,38.7,900,1
C2021,UM,UM108332,C2021|UM108332,Control,0,182.625,41.0,645,1
C2021,UM,UM108339,C2021|UM108339,Control,0,182.625,39.2,813,1
C2021,UM,UM108346,C2021|UM108346,Control,0,182.625,39.4,781,1
C2021,UM,UM108437,C2021|UM108437,Control,0,182.625,40.2,781,1
C2021,UM,UM108444,C2021|UM108444,Control,0,182.625,31.1,1092,1
C2021,UM,UM108451,C2021|UM108451,Control,0,182.625,28.4,947,1
C2021,UM,UM108549,C2021|UM108549,Control,0,182.625,38.9,1192,1
C2021,UM,UM108556,C2021|UM108556,Control,0,182.625,36.7,1031,1
C2021,UM,UM108563,C2021|UM108563,Control,0,182.625,39.7,857,1
C2021,UM,UM108661,C2021|UM108661,Control,0,182.625,42.0,865,1
C2021,UM,UM108668,C2021|UM108668,Control,0,182.625,55.3,829,1
C2021,UM,UM108675,C2021|UM108675,Control,0,182.625,46.4,973,1
C2021,UT,UT14764,C2021|UT14764,2BA,1,182.625,47.6,449,1
C2021,UT,UT14765,C2021|UT14765,2BA,1,182.625,37.4,518,1
C2021,UT,UT14766,C2021|UT14766,2BA,1,182.625,51.2,347,1
C2021,UT,UT14791,C2021|UT14791,2BA,1,182.625,44.4,576,1
C2021,UT,UT14792,C2021|UT14792,2BA,1,182.625,39.2,970,1
C2021,UT,UT14793,C2021|UT14793,2BA,1,182.625,27.4,556,1
C2021,UT,UT14852,C2021|UT14852,2BA,1,182.625,37.8,950,1
C2021,UT,UT14853,C2021|UT14853,2BA,1,182.625,34.1,928,1
C2021,UT,UT14854,C2021|UT14854,2BA,1,182.625,42.0,350,1
C2021,UT,UT14874,C2021|UT14874,2BA,1,182.625,37.9,639,1
C2021,UT,UT14875,C2021|UT14875,2BA,1,182.625,42.6,210,1
C2021,UT,UT14876,C2021|UT14876,2BA,1,182.625,44.4,621,1
C2021,UT,UT14956,C2021|UT14956,2BA,1,182.625,46.5,938,1
C2021,UT,UT14957,C2021|UT14957,2BA,1,182.625,39.5,709,1
C2021,UT,UT14958,C2021|UT14958,2BA,1,182.625,41.3,332,1
C2021,UT,UT15003,C2021|UT15003,2BA,1,182.625,43.1,554,1
C2021,UT,UT15004,C2021|UT15004,2BA,1,182.625,32.3,979,1
C2021,UT,UT15005,C2021|UT15005,2BA,1,182.625,38.7,1143,1
C2021,UT,UT15021,C2021|UT15021,2BA,1,182.625,44.3,1103,1
C2021,UT,UT15022,C2021|UT15022,2BA,1,182.625,36.4,492,1
C2021,UT,UT15023,C2021|UT15023,2BA,1,182.625,37.1,1056,1
C2021,UT,UT15064,C2021|UT15064,2BA,1,182.625,35.5,1179,1
C2021,UT,UT15065,C2021|UT15065,2BA,1,182.625,37.1,808,1
C2021,UT,UT15066,C2021|UT15066,2BA,1,182.625,34.6,1047,1
C2021,UT,UT15116,C2021|UT15116,2BA,1,182.625,33.3,429,1
C2021,UT,UT15117,C2021|UT15117,2BA,1,182.625,34.2,928,1
C2021,UT,UT15118,C2021|UT15118,2BA,1,182.625,46.9,929,1
C2021,UT,UT15144,C2021|UT15144,2BA,1,182.625,41.4,605,1
C2021,UT,UT15145,C2021|UT15145,2BA,1,182.625,36.4,575,1
C2021,UT,UT15146,C2021|UT15146,2BA,1,182.625,41.5,277,1
C2021,UT,UT15196,C2021|UT15196,2BA,1,182.625,38.0,563,1
C2021,UT,UT15197,C2021|UT15197,2BA,1,182.625,42.4,884,1
C2021,UT,UT15198,C2021|UT15198,2BA,1,182.625,37.0,747,1
C2021,UT,UT15216,C2021|UT15216,2BA,1,182.625,40.2,481,1
C2021,UT,UT15217,C2021|UT15217,2BA,1,182.625,31.9,656,1
C2021,UT,UT15218,C2021|UT15218,2BA,1,182.625,34.1,1033,1
C2021,UT,UT15271,C2021|UT15271,2BA,1,182.625,41.0,421,1
C2021,UT,UT15272,C2021|UT15272,2BA,1,182.625,41.9,848,1
C2021,UT,UT15273,C2021|UT15273,2BA,1,182.625,41.6,720,1
C2021,UT,UT15318,C2021|UT15318,2BA,1,182.625,49.1,535,1
C2021,UT,UT15319,C2021|UT15319,2BA,1,182.625,43.3,475,1
C2021,UT,UT15320,C2021|UT15320,2BA,1,182.625,45.4,369,1
C2021,UT,UT15367,C2021|UT15367,2BA,1,182.625,33.4,805,1
C2021,UT,UT15368,C2021|UT15368,2BA,1,182.625,33.5,750,1
C2021,UT,UT15369,C2021|UT15369,2BA,1,182.625,37.0,1146,1
C2021,UT,UT15437,C2021|UT15437,2BA,1,182.625,38.0,771,1
C2021,UT,UT15438,C2021|UT15438,2BA,1,182.625,41.5,923,1
C2021,UT,UT15439,C2021|UT15439,2BA,1,182.625,38.2,625,1
C2021,UT,UT15453,C2021|UT15453,2BA,1,182.625,41.4,903,1
C2021,UT,UT15454,C2021|UT15454,2BA,1,182.625,33.2,678,1
C2021,UT,UT15455,C2021|UT15455,2BA,1,182.625,42.7,835,1
C2021,UT,UT14710,C2021|UT14710,Control,0,182.625,38.0,764,1
C2021,UT,UT14711,C2021|UT14711,Control,0,182.625,41.3,950,1
C2021,UT,UT14712,C2021|UT14712,Control,0,182.625,31.2,699,1
C2021,UT,UT14771,C2021|UT14771,Control,0,182.625,35.4,794,1
C2021,UT,UT14772,C2021|UT14772,Control,0,182.625,31.0,966,1
C2021,UT,UT14773,C2021|UT14773,Control,0,182.625,37.9,605,1
C2021,UT,UT14813,C2021|UT14813,Control,0,182.625,35.1,740,1
C2021,UT,UT14814,C2021|UT14814,Control,0,182.625,34.9,692,1
C2021,UT,UT14815,C2021|UT14815,Control,0,182.625,35.0,802,1
C2021,UT,UT14820,C2021|UT14820,Control,0,182.625,41.9,929,1
C2021,UT,UT14821,C2021|UT14821,Control,0,182.625,39.7,1174,1
C2021,UT,UT14822,C2021|UT14822,Control,0,182.625,30.2,611,1
C2021,UT,UT14839,C2021|UT14839,Control,0,182.625,25.4,1022,1
C2021,UT,UT14840,C2021|UT14840,Control,0,182.625,43.9,314,1
C2021,UT,UT14841,C2021|UT14841,Control,0,182.625,39.0,540,1
C2021,UT,UT14849,C2021|UT14849,Control,0,182.625,40.4,457,1
C2021,UT,UT14850,C2021|UT14850,Control,0,182.625,33.1,1184,1
C2021,UT,UT14851,C2021|UT14851,Control,0,182.625,38.5,786,1
C2021,UT,UT14884,C2021|UT14884,Control,0,182.625,39.1,792,1
C2021,UT,UT14885,C2021|UT14885,Control,0,182.625,46.7,760,1
C2021,UT,UT14886,C2021|UT14886,Control,0,182.625,51.0,862,1
C2021,UT,UT14895,C2021|UT14895,Control,0,182.625,44.9,754,1
C2021,UT,UT14896,C2021|UT14896,Control,0,182.625,40.8,851,1
C2021,UT,UT14897,C2021|UT14897,Control,0,182.625,36.2,759,1
C2021,UT,UT14917,C2021|UT14917,Control,0,182.625,34.2,628,1
C2021,UT,UT14918,C2021|UT14918,Control,0,182.625,42.3,318,1
C2021,UT,UT14919,C2021|UT14919,Control,0,182.625,45.0,500,1
C2021,UT,UT14920,C2021|UT14920,Control,0,182.625,45.3,394,1
C2021,UT,UT14921,C2021|UT14921,Control,0,182.625,39.9,844,1
C2021,UT,UT14922,C2021|UT14922,Control,0,182.625,47.2,872,1
C2021,UT,UT14970,C2021|UT14970,Control,0,182.625,32.3,609,1
C2021,UT,UT14971,C2021|UT14971,Control,0,182.625,32.2,1062,1
C2021,UT,UT14972,C2021|UT14972,Control,0,182.625,36.0,1292,1
C2021,UT,UT15000,C2021|UT15000,Control,0,182.625,38.4,374,1
C2021,UT,UT15001,C2021|UT15001,Control,0,182.625,42.5,722,1
C2021,UT,UT15002,C2021|UT15002,Control,0,182.625,38.1,1008,1
C2021,UT,UT15006,C2021|UT15006,Control,0,182.625,32.4,794,1
C2021,UT,UT15007,C2021|UT15007,Control,0,182.625,38.9,1121,1
C2021,UT,UT15008,C2021|UT15008,Control,0,182.625,41.4,741,1
C2021,UT,UT15024,C2021|UT15024,Control,0,182.625,39.8,726,1
C2021,UT,UT15025,C2021|UT15025,Control,0,182.625,34.9,1025,1
C2021,UT,UT15026,C2021|UT15026,Control,0,182.625,39.0,959,1
C2021,UT,UT15039,C2021|UT15039,Control,0,182.625,43.9,480,1
C2021,UT,UT15040,C2021|UT15040,Control,0,182.625,43.1,359,1
C2021,UT,UT15041,C2021|UT15041,Control,0,182.625,34.0,1011,1
C2021,UT,UT15061,C2021|UT15061,Control,0,182.625,28.1,1194,1
C2021,UT,UT15062,C2021|UT15062,Control,0,182.625,28.1,976,1
C2021,UT,UT15063,C2021|UT15063,Control,0,182.625,33.9,941,1
C2021,UT,UT15098,C2021|UT15098,Control,0,182.625,32.0,717,1
C2021,UT,UT15099,C2021|UT15099,Control,0,182.625,47.2,790,1
C2021,UT,UT15100,C2021|UT15100,Control,0,182.625,39.4,1039,1
C2021,UT,UT15109,C2021|UT15109,Control,0,182.625,36.2,1069,1
C2021,UT,UT15110,C2021|UT15110,Control,0,182.625,40.7,714,1
C2021,UT,UT15111,C2021|UT15111,Control,0,182.625,42.7,785,1
C2021,UT,UT15157,C2021|UT15157,Control,0,182.625,41.6,706,1
C2021,UT,UT15158,C2021|UT15158,Control,0,182.625,48.4,865,1
C2021,UT,UT15159,C2021|UT15159,Control,0,182.625,39.4,441,1
C2021,UT,UT15160,C2021|UT15160,Control,0,182.625,41.6,775,1
C2021,UT,UT15161,C2021|UT15161,Control,0,182.625,42.8,462,1
C2021,UT,UT15162,C2021|UT15162,Control,0,182.625,37.8,799,1
C2021,UT,UT15177,C2021|UT15177,Control,0,182.625,37.1,732,1
C2021,UT,UT15178,C2021|UT15178,Control,0,182.625,37.9,432,1
C2021,UT,UT15179,C2021|UT15179,Control,0,182.625,41.6,493,1
C2021,UT,UT15206,C2021|UT15206,Control,0,182.625,33.4,1038,1
C2021,UT,UT15207,C2021|UT15207,Control,0,182.625,31.6,954,1
C2021,UT,UT15208,C2021|UT15208,Control,0,182.625,34.3,893,1
C2021,UT,UT15251,C2021|UT15251,Control,0,182.625,30.5,781,1
C2021,UT,UT15252,C2021|UT15252,Control,0,182.625,41.7,960,1
C2021,UT,UT15253,C2021|UT15253,Control,0,182.625,39.1,599,1
C2021,UT,UT15258,C2021|UT15258,Control,0,182.625,39.4,635,1
C2021,UT,UT15259,C2021|UT15259,Control,0,182.625,38.9,1010,1
C2021,UT,UT15260,C2021|UT15260,Control,0,182.625,45.0,840,1
C2021,UT,UT15268,C2021|UT15268,Control,0,182.625,43.7,643,1
C2021,UT,UT15269,C2021|UT15269,Control,0,182.625,40.8,642,1
C2021,UT,UT15270,C2021|UT15270,Control,0,182.625,33.8,267,1
C2021,UT,UT15288,C2021|UT15288,Control,0,182.625,40.1,967,1
C2021,UT,UT15289,C2021|UT15289,Control,0,182.625,43.0,700,1
C2021,UT,UT15290,C2021|UT15290,Control,0,182.625,46.2,970,1
C2021,UT,UT15315,C2021|UT15315,Control,0,182.625,48.2,1013,1
C2021,UT,UT15316,C2021|UT15316,Control,0,182.625,41.5,1055,1
C2021,UT,UT15317,C2021|UT15317,Control,0,182.625,42.9,1015,1
C2021,UT,UT15334,C2021|UT15334,Control,0,182.625,37.6,840,1
C2021,UT,UT15335,C2021|UT15335,Control,0,182.625,35.9,583,1
C2021,UT,UT15336,C2021|UT15336,Control,0,182.625,35.7,743,1
C2021,UT,UT15357,C2021|UT15357,Control,0,182.625,41.7,353,1
C2021,UT,UT15358,C2021|UT15358,Control,0,182.625,47.9,512,1
C2021,UT,UT15359,C2021|UT15359,Control,0,182.625,35.0,1035,1
C2021,UT,UT15378,C2021|UT15378,Control,0,182.625,37.7,964,1
C2021,UT,UT15379,C2021|UT15379,Control,0,182.625,37.1,1138,1
C2021,UT,UT15380,C2021|UT15380,Control,0,182.625,37.1,649,1
C2021,UT,UT15405,C2021|UT15405,Control,0,182.625,42.2,715,1
C2021,UT,UT15406,C2021|UT15406,Control,0,182.625,41.2,1008,1
C2021,UT,UT15407,C2021|UT15407,Control,0,182.625,41.4,619,1
C2021,UT,UT15420,C2021|UT15420,Control,0,182.625,47.0,988,1
C2021,UT,UT15421,C2021|UT15421,Control,0,182.625,41.5,538,1
C2021,UT,UT15422,C2021|UT15422,Control,0,182.625,42.9,1059,1
C2021,UT,UT15485,C2021|UT15485,Control,0,182.625,39.6,893,1
C2021,UT,UT15486,C2021|UT15486,Control,0,182.625,33.3,952,1
C2021,UT,UT15487,C2021|UT15487,Control,0,182.625,44.5,640,1
C2021,UT,UT15488,C2021|UT15488,Control,0,182.625,44.8,378,1
C2021,UT,UT15489,C2021|UT15489,Control,0,182.625,35.5,388,1
C2021,UT,UT15490,C2021|UT15490,Control,0,182.625,42.9,781,1
C2021,TJL,JL23012,C2021|JL23012,DCA,1,182.625,42.0,553,1
C2021,TJL,JL23013,C2021|JL23013,DCA,1,182.625,44.0,683,1
C2021,TJL,JL23014,C2021|JL23014,DCA,1,182.625,46.0,650,1
C2021,TJL,JL23094,C2021|JL23094,DCA,1,182.625,46.0,812,1
C2021,TJL,JL23095,C2021|JL23095,DCA,1,182.625,46.0,1003,1
C2021,TJL,JL23096,C2021|JL23096,DCA,1,182.625,42.0,990,1
C2021,TJL,JL23119,C2021|JL23119,DCA,1,182.625,43.0,984,1
C2021,TJL,JL23120,C2021|JL23120,DCA,1,182.625,43.0,366,1
C2021,TJL,JL23121,C2021|JL23121,DCA,1,182.625,44.0,393,1
C2021,TJL,JL23149,C2021|JL23149,DCA,1,182.625,48.0,331,1
C2021,TJL,JL23150,C2021|JL23150,DCA,1,182.625,46.0,317,1
C2021,TJL,JL23151,C2021|JL23151,DCA,1,182.625,42.0,918,1
C2021,TJL,JL23221,C2021|JL23221,DCA,1,182.625,49.0,872,1
C2021,TJL,JL23222,C2021|JL23222,DCA,1,182.625,50.0,1047,1
C2021,TJL,JL23223,C2021|JL23223,DCA,1,182.625,43.0,1036,1
C2021,TJL,JL23275,C2021|JL23275,DCA,1,182.625,41.0,981,1
C2021,TJL,JL23276,C2021|JL23276,DCA,1,182.625,42.0,702,1
C2021,TJL,JL23277,C2021|JL23277,DCA,1,182.625,43.0,812,1
C2021,TJL,JL23291,C2021|JL23291,DCA,1,182.625,39.0,1069,1
C2021,TJL,JL23292,C2021|JL23292,DCA,1,182.625,39.0,341,1
C2021,TJL,JL23293,C2021|JL23293,DCA,1,182.625,45.0,833,1
C2021,TJL,JL23341,C2021|JL23341,DCA,1,182.625,36.0,745,1
C2021,TJL,JL23342,C2021|JL23342,DCA,1,182.625,41.0,776,1
C2021,TJL,JL23343,C2021|JL23343,DCA,1,182.625,47.0,420,1
C2021,TJL,JL23385,C2021|JL23385,DCA,1,182.625,47.0,205,0
C2021,TJL,JL23386,C2021|JL23386,DCA,1,182.625,34.0,205,0
C2021,TJL,JL23387,C2021|JL23387,DCA,1,182.625,38.0,205,0
C2021,TJL,JL23439,C2021|JL23439,DCA,1,182.625,44.0,448,1
C2021,TJL,JL23440,C2021|JL23440,DCA,1,182.625,40.0,749,1
C2021,TJL,JL23441,C2021|JL23441,DCA,1,182.625,44.0,998,1
C2021,TJL,JL23483,C2021|JL23483,DCA,1,182.625,45.0,407,1
C2021,TJL,JL23484,C2021|JL23484,DCA,1,182.625,45.0,296,1
C2021,TJL,JL23485,C2021|JL23485,DCA,1,182.625,49.0,539,1
C2021,TJL,JL23574,C2021|JL23574,DCA,1,182.625,47.0,330,1
C2021,TJL,JL23575,C2021|JL23575,DCA,1,182.625,39.0,1039,1
C2021,TJL,JL23576,C2021|JL23576,DCA,1,182.625,36.0,1037,1
C2021,TJL,JL23589,C2021|JL23589,DCA,1,182.625,41.0,1089,1
C2021,TJL,JL23590,C2021|JL23590,DCA,1,182.625,45.0,898,1
C2021,TJL,JL23591,C2021|JL23591,DCA,1,182.625,49.0,292,1
C2021,TJL,JL23636,C2021|JL23636,DCA,1,182.625,43.0,785,1
C2021,TJL,JL23637,C2021|JL23637,DCA,1,182.625,45.0,1180,1
C2021,TJL,JL23638,C2021|JL23638,DCA,1,182.625,44.0,766,1
C2021,TJL,JL23668,C2021|JL23668,DCA,1,182.625,43.0,937,1
C2021,TJL,JL23669,C2021|JL23669,DCA,1,182.625,40.0,442,1
C2021,TJL,JL23670,C2021|JL23670,DCA,1,182.625,36.0,1099,1
C2021,TJL,JL23748,C2021|JL23748,DCA,1,182.625,40.0,685,1
C2021,TJL,JL23749,C2021|JL23749,DCA,1,182.625,47.0,978,1
C2021,TJL,JL23750,C2021|JL23750,DCA,1,182.625,45.0,728,1
C2021,TJL,JL23782,C2021|JL23782,DCA,1,182.625,38.0,1061,1
C2021,TJL,JL23783,C2021|JL23783,DCA,1,182.625,37.0,533,1
C2021,TJL,JL23784,C2021|JL23784,DCA,1,182.625,39.0,1109,1
C2021,UM,UM103432,C2021|UM103432,DCA,1,182.625,33.2,883,1
C2021,UM,UM103439,C2021|UM103439,DCA,1,182.625,33.4,914,1
C2021,UM,UM103446,C2021|UM103446,DCA,1,182.625,47.2,539,1
C2021,UM,UM103719,C2021|UM103719,DCA,1,182.625,31.7,935,1
C2021,UM,UM103726,C2021|UM103726,DCA,1,182.625,28.0,1101,0
C2021,UM,UM103733,C2021|UM103733,DCA,1,182.625,28.4,1221,1
C2021,UM,UM103831,C2021|UM103831,DCA,1,182.625,30.2,977,1
C2021,UM,UM103838,C2021|UM103838,DCA,1,182.625,25.3,1161,1
C2021,UM,UM103845,C2021|UM103845,DCA,1,182.625,25.7,942,1
C2021,UM,UM104125,C2021|UM104125,DCA,1,182.625,42.4,753,1
C2021,UM,UM104132,C2021|UM104132,DCA,1,182.625,44.4,1044,1
C2021,UM,UM104139,C2021|UM104139,DCA,1,182.625,39.0,717,1
C2021,UM,UM104384,C2021|UM104384,DCA,1,182.625,44.3,816,1
C2021,UM,UM104391,C2021|UM104391,DCA,1,182.625,35.8,834,1
C2021,UM,UM104398,C2021|UM104398,DCA,1,182.625,37.3,944,1
C2021,UM,UM104643,C2021|UM104643,DCA,1,182.625,36.3,806,1
C2021,UM,UM104650,C2021|UM104650,DCA,1,182.625,31.0,1085,1
C2021,UM,UM104657,C2021|UM104657,DCA,1,182.625,45.6,772,1
C2021,UM,UM105203,C2021|UM105203,DCA,1,182.625,33.5,1108,1
C2021,UM,UM105210,C2021|UM105210,DCA,1,182.625,40.7,997,1
C2021,UM,UM105217,C2021|UM105217,DCA,1,182.625,35.6,1144,1
C2021,UM,UM105371,C2021|UM105371,DCA,1,182.625,33.4,810,1
C2021,UM,UM105378,C2021|UM105378,DCA,1,182.625,40.8,1183,1
C2021,UM,UM105385,C2021|UM105385,DCA,1,182.625,34.7,1061,1
C2021,UM,UM105742,C2021|UM105742,DCA,1,182.625,33.7,1282,1
C2021,UM,UM105749,C2021|UM105749,DCA,1,182.625,33.6,1183,1
C2021,UM,UM105756,C2021|UM105756,DCA,1,182.625,48.1,1108,1
C2021,UM,UM106232,C2021|UM106232,DCA,1,182.625,33.6,560,1
C2021,UM,UM106239,C2021|UM106239,DCA,1,182.625,38.0,705,1
C2021,UM,UM106246,C2021|UM106246,DCA,1,182.625,39.5,724,1
C2021,UM,UM106414,C2021|UM106414,DCA,1,182.625,42.7,643,1
C2021,UM,UM106421,C2021|UM106421,DCA,1,182.625,41.1,855,1
C2021,UM,UM106428,C2021|UM106428,DCA,1,182.625,33.4,792,1
C2021,UM,UM106575,C2021|UM106575,DCA,1,182.625,42.4,883,1
C2021,UM,UM106582,C2021|UM106582,DCA,1,182.625,38.4,370,1
C2021,UM,UM106589,C2021|UM106589,DCA,1,182.625,38.5,1023,1
C2021,UM,UM106974,C2021|UM106974,DCA,1,182.625,37.4,777,1
C2021,UM,UM106981,C2021|UM106981,DCA,1,182.625,39.6,729,1
C2021,UM,UM106988,C2021|UM106988,DCA,1,182.625,33.2,986,1
C2021,UM,UM107198,C2021|UM107198,DCA,1,182.625,39.5,804,1
C2021,UM,UM107205,C2021|UM107205,DCA,1,182.625,26.8,1230,1
C2021,UM,UM107212,C2021|UM107212,DCA,1,182.625,42.5,598,1
C2021,UM,UM107611,C2021|UM107611,DCA,1,182.625,43.0,1071,1
C2021,UM,UM107618,C2021|UM107618,DCA,1,182.625,43.4,699,1
C2021,UM,UM107625,C2021|UM107625,DCA,1,182.625,38.7,943,1
C2021,UM,UM107702,C2021|UM107702,DCA,1,182.625,42.3,819,1
C2021,UM,UM107709,C2021|UM107709,DCA,1,182.625,34.3,572,1
C2021,UM,UM107716,C2021|UM107716,DCA,1,182.625,42.9,827,1
C2021,UM,UM108192,C2021|UM108192,DCA,1,182.625,39.0,845,1
C2021,UM,UM108199,C2021|UM108199,DCA,1,182.625,43.4,682,1
C2021,UM,UM108206,C2021|UM108206,DCA,1,182.625,41.8,770,1
C2021,UM,UM108507,C2021|UM108507,DCA,1,182.625,37.6,897,1
C2021,UM,UM108514,C2021|UM108514,DCA,1,182.625,39.5,834,1
C2021,UM,UM108521,C2021|UM108521,DCA,1,182.625,43.9,811,1
C2021,UT,UT14750,C2021|UT14750,DCA,1,182.625,50.2,703,1
C2021,UT,UT14751,C2021|UT14751,DCA,1,182.625,46.7,1035,1
C2021,UT,UT14752,C2021|UT14752,DCA,1,182.625,44.1,334,1
C2021,UT,UT14784,C2021|UT14784,DCA,1,182.625,42.5,724,1
C2021,UT,UT14785,C2021|UT14785,DCA,1,182.625,33.7,842,1
C2021,UT,UT14786,C2021|UT14786,DCA,1,182.625,44.0,761,1
C2021,UT,UT14836,C2021|UT14836,DCA,1,182.625,35.3,475,1
C2021,UT,UT14837,C2021|UT14837,DCA,1,182.625,30.7,926,1
C2021,UT,UT14838,C2021|UT14838,DCA,1,182.625,28.1,910,1
C2021,UT,UT14867,C2021|UT14867,DCA,1,182.625,45.3,775,1
C2021,UT,UT14868,C2021|UT14868,DCA,1,182.625,40.5,593,1
C2021,UT,UT14869,C2021|UT14869,DCA,1,182.625,31.3,1133,1
C2021,UT,UT14976,C2021|UT14976,DCA,1,182.625,47.9,466,1
C2021,UT,UT14977,C2021|UT14977,DCA,1,182.625,48.0,495,1
C2021,UT,UT14978,C2021|UT14978,DCA,1,182.625,43.5,859,1
C2021,UT,UT15027,C2021|UT15027,DCA,1,182.625,49.2,541,1
C2021,UT,UT15028,C2021|UT15028,DCA,1,182.625,35.1,837,1
C2021,UT,UT15029,C2021|UT15029,DCA,1,182.625,44.4,886,1
C2021,UT,UT15030,C2021|UT15030,DCA,1,182.625,47.2,582,1
C2021,UT,UT15031,C2021|UT15031,DCA,1,182.625,43.1,1084,1
C2021,UT,UT15032,C2021|UT15032,DCA,1,182.625,35.8,1162,1
C2021,UT,UT15123,C2021|UT15123,DCA,1,182.625,36.5,715,1
C2021,UT,UT15124,C2021|UT15124,DCA,1,182.625,32.7,986,1
C2021,UT,UT15125,C2021|UT15125,DCA,1,182.625,43.7,506,1
C2021,UT,UT15150,C2021|UT15150,DCA,1,182.625,31.6,842,1
C2021,UT,UT15151,C2021|UT15151,DCA,1,182.625,39.5,1022,1
C2021,UT,UT15152,C2021|UT15152,DCA,1,182.625,28.8,700,1
C2021,UT,UT15180,C2021|UT15180,DCA,1,182.625,37.1,1021,1
C2021,UT,UT15181,C2021|UT15181,DCA,1,182.625,37.4,800,1
C2021,UT,UT15182,C2021|UT15182,DCA,1,182.625,51.8,1069,1
C2021,UT,UT15193,C2021|UT15193,DCA,1,182.625,35.4,656,1
C2021,UT,UT15194,C2021|UT15194,DCA,1,182.625,37.9,856,1
C2021,UT,UT15195,C2021|UT15195,DCA,1,182.625,42.7,552,1
C2021,UT,UT15213,C2021|UT15213,DCA,1,182.625,44.4,784,1
C2021,UT,UT15214,C2021|UT15214,DCA,1,182.625,40.3,487,1
C2021,UT,UT15215,C2021|UT15215,DCA,1,182.625,39.1,952,1
C2021,UT,UT15298,C2021|UT15298,DCA,1,182.625,39.2,611,1
C2021,UT,UT15299,C2021|UT15299,DCA,1,182.625,43.1,784,1
C2021,UT,UT15300,C2021|UT15300,DCA,1,182.625,40.4,779,1
C2021,UT,UT15331,C2021|UT15331,DCA,1,182.625,29.3,1182,1
C2021,UT,UT15332,C2021|UT15332,DCA,1,182.625,32.5,884,1
C2021,UT,UT15333,C2021|UT15333,DCA,1,182.625,32.4,1105,1
C2021,UT,UT15391,C2021|UT15391,DCA,1,182.625,47.6,364,1
C2021,UT,UT15392,C2021|UT15392,DCA,1,182.625,43.9,607,1
C2021,UT,UT15393,C2021|UT15393,DCA,1,182.625,49.7,1125,1
C2021,UT,UT15447,C2021|UT15447,DCA,1,182.625,42.7,795,1
C2021,UT,UT15448,C2021|UT15448,DCA,1,182.625,41.8,444,1
C2021,UT,UT15449,C2021|UT15449,DCA,1,182.625,38.0,1000,1
C2021,UT,UT15494,C2021|UT15494,DCA,1,182.625,37.5,1046,1
C2021,UT,UT15495,C2021|UT15495,DCA,1,182.625,55.1,519,1
C2021,UT,UT15496,C2021|UT15496,DCA,1,182.625,39.2,757,1
C2021,TJL,JL23054,C2021|JL23054,Epi,1,182.625,31.0,367,0
C2021,TJL,JL23055,C2021|JL23055,Epi,1,182.625,32.0,367,0
C2021,TJL,JL23056,C2021|JL23056,Epi,1,182.625,32.0,367,0
C2021,TJL,JL23057,C2021|JL23057,Epi,1,182.625,45.0,1011,1
C2021,TJL,JL23058,C2021|JL23058,Epi,1,182.625,44.0,592,1
C2021,TJL,JL23059,C2021|JL23059,Epi,1,182.625,42.0,367,1
C2021,TJL,JL23131,C2021|JL23131,Epi,1,182.625,35.0,858,1
C2021,TJL,JL23132,C2021|JL23132,Epi,1,182.625,43.0,801,1
C2021,TJL,JL23133,C2021|JL23133,Epi,1,182.625,39.0,1109,1
C2021,TJL,JL23158,C2021|JL23158,Epi,1,182.625,47.0,381,0
C2021,TJL,JL23159,C2021|JL23159,Epi,1,182.625,45.0,381,0
C2021,TJL,JL23160,C2021|JL23160,Epi,1,182.625,47.0,381,0
C2021,TJL,JL23234,C2021|JL23234,Epi,1,182.625,37.0,1046,1
C2021,TJL,JL23235,C2021|JL23235,Epi,1,182.625,44.0,478,1
C2021,TJL,JL23236,C2021|JL23236,Epi,1,182.625,56.0,484,1
C2021,TJL,JL23261,C2021|JL23261,Epi,1,182.625,49.0,629,1
C2021,TJL,JL23262,C2021|JL23262,Epi,1,182.625,49.0,638,1
C2021,TJL,JL23263,C2021|JL23263,Epi,1,182.625,47.0,1046,1
C2021,TJL,JL23320,C2021|JL23320,Epi,1,182.625,34.0,1147,1
C2021,TJL,JL23321,C2021|JL23321,Epi,1,182.625,32.0,978,1
C2021,TJL,JL23322,C2021|JL23322,Epi,1,182.625,39.0,1058,1
C2021,TJL,JL23347,C2021|JL23347,Epi,1,182.625,40.0,1271,1
C2021,TJL,JL23348,C2021|JL23348,Epi,1,182.625,44.0,415,1
C2021,TJL,JL23349,C2021|JL23349,Epi,1,182.625,48.0,868,1
C2021,TJL,JL23391,C2021|JL23391,Epi,1,182.625,36.0,902,1
C2021,TJL,JL23393,C2021|JL23393,Epi,1,182.625,36.0,933,1
C2021,TJL,JL23425,C2021|JL23425,Epi,1,182.625,50.0,798,1
C2021,TJL,JL23426,C2021|JL23426,Epi,1,182.625,43.0,517,1
C2021,TJL,JL23427,C2021|JL23427,Epi,1,182.625,38.0,1170,1
C2021,TJL,JL23489,C2021|JL23489,Epi,1,182.625,43.0,444,1
C2021,TJL,JL23491,C2021|JL23491,Epi,1,182.625,37.0,644,1
C2021,TJL,JL23535,C2021|JL23535,Epi,1,182.625,48.0,295,1
C2021,TJL,JL23536,C2021|JL23536,Epi,1,182.625,38.0,1006,1
C2021,TJL,JL23537,C2021|JL23537,Epi,1,182.625,45.0,797,1
C2021,TJL,JL23611,C2021|JL23611,Epi,1,182.625,34.0,1079,1
C2021,TJL,JL23612,C2021|JL23612,Epi,1,182.625,36.0,1160,1
C2021,TJL,JL23613,C2021|JL23613,Epi,1,182.625,38.0,1057,1
C2021,TJL,JL23630,C2021|JL23630,Epi,1,182.625,41.0,1056,1
C2021,TJL,JL23631,C2021|JL23631,Epi,1,182.625,39.0,799,1
C2021,TJL,JL23632,C2021|JL23632,Epi,1,182.625,39.0,995,1
C2021,TJL,JL23671,C2021|JL23671,Epi,1,182.625,33.0,774,1
C2021,TJL,JL23672,C2021|JL23672,Epi,1,182.625,39.0,528,1
C2021,TJL,JL23673,C2021|JL23673,Epi,1,182.625,40.0,674,1
C2021,TJL,JL23719,C2021|JL23719,Epi,1,182.625,34.0,238,0
C2021,TJL,JL23720,C2021|JL23720,Epi,1,182.625,31.0,238,0
C2021,TJL,JL23721,C2021|JL23721,Epi,1,182.625,38.0,238,0
C2021,TJL,JL23764,C2021|JL23764,Epi,1,182.625,41.0,979,1
C2021,TJL,JL23765,C2021|JL23765,Epi,1,182.625,39.0,654,1
C2021,TJL,JL23766,C2021|JL23766,Epi,1,182.625,49.0,539,1
C2021,UM,UM103390,C2021|UM103390,Epi,1,182.625,46.4,454,1
C2021,UM,UM103397,C2021|UM103397,Epi,1,182.625,30.6,816,1
C2021,UM,UM103404,C2021|UM103404,Epi,1,182.625,42.2,948,1
C2021,UM,UM103523,C2021|UM103523,Epi,1,182.625,35.5,1248,1
C2021,UM,UM103537,C2021|UM103537,Epi,1,182.625,42.2,715,1
C2021,UM,UM104104,C2021|UM104104,Epi,1,182.625,37.8,781,1
C2021,UM,UM104111,C2021|UM104111,Epi,1,182.625,34.3,1097,1
C2021,UM,UM104118,C2021|UM104118,Epi,1,182.625,42.3,977,1
C2021,UM,UM104573,C2021|UM104573,Epi,1,182.625,42.2,620,1
C2021,UM,UM104580,C2021|UM104580,Epi,1,182.625,28.3,879,1
C2021,UM,UM104587,C2021|UM104587,Epi,1,182.625,32.8,337,1
C2021,UM,UM104867,C2021|UM104867,Epi,1,182.625,43.8,958,1
C2021,UM,UM104874,C2021|UM104874,Epi,1,182.625,42.5,1179,1
C2021,UM,UM104881,C2021|UM104881,Epi,1,182.625,43.6,774,1
C2021,UM,UM105182,C2021|UM105182,Epi,1,182.625,41.2,1173,1
C2021,UM,UM105189,C2021|UM105189,Epi,1,182.625,42.5,1094,1
C2021,UM,UM105196,C2021|UM105196,Epi,1,182.625,44.5,1109,1
C2021,UM,UM105301,C2021|UM105301,Epi,1,182.625,45.2,919,1
C2021,UM,UM105308,C2021|UM105308,Epi,1,182.625,33.7,1058,1
C2021,UM,UM105315,C2021|UM105315,Epi,1,182.625,41.2,585,1
C2021,UM,UM105973,C2021|UM105973,Epi,1,182.625,29.3,1025,1
C2021,UM,UM105980,C2021|UM105980,Epi,1,182.625,43.4,372,1
C2021,UM,UM105987,C2021|UM105987,Epi,1,182.625,41.5,454,1
C2021,UM,UM105994,C2021|UM105994,Epi,1,182.625,34.8,967,1
C2021,UM,UM106001,C2021|UM106001,Epi,1,182.625,32.7,1196,1
C2021,UM,UM106008,C2021|UM106008,Epi,1,182.625,31.0,692,1
C2021,UM,UM106456,C2021|UM106456,Epi,1,182.625,28.7,1120,1
C2021,UM,UM106463,C2021|UM106463,Epi,1,182.625,32.3,771,1
C2021,UM,UM106470,C2021|UM106470,Epi,1,182.625,34.1,962,1
C2021,UM,UM106757,C2021|UM106757,Epi,1,182.625,30.4,857,1
C2021,UM,UM106764,C2021|UM106764,Epi,1,182.625,40.6,555,1
C2021,UM,UM106771,C2021|UM106771,Epi,1,182.625,35.5,765,1
C2021,UM,UM106932,C2021|UM106932,Epi,1,182.625,32.1,1246,1
C2021,UM,UM106939,C2021|UM106939,Epi,1,182.625,37.1,1094,1
C2021,UM,UM106946,C2021|UM106946,Epi,1,182.625,40.5,723,1
C2021,UM,UM107296,C2021|UM107296,Epi,1,182.625,30.4,1097,1
C2021,UM,UM107303,C2021|UM107303,Epi,1,182.625,37.3,499,1
C2021,UM,UM107310,C2021|UM107310,Epi,1,182.625,40.5,880,1
C2021,UM,UM107590,C2021|UM107590,Epi,1,182.625,46.5,1021,1
C2021,UM,UM107597,C2021|UM107597,Epi,1,182.625,39.2,779,1
C2021,UM,UM107604,C2021|UM107604,Epi,1,182.625,42.5,990,1
C2021,UM,UM107947,C2021|UM107947,Epi,1,182.625,35.0,378,0
C2021,UM,UM107954,C2021|UM107954,Epi,1,182.625,39.5,378,0
C2021,UM,UM107961,C2021|UM107961,Epi,1,182.625,42.8,378,0
C2021,UM,UM108262,C2021|UM108262,Epi,1,182.625,47.0,726,1
C2021,UM,UM108269,C2021|UM108269,Epi,1,182.625,34.4,1059,1
C2021,UM,UM108276,C2021|UM108276,Epi,1,182.625,46.0,491,1
C2021,UM,UM108591,C2021|UM108591,Epi,1,182.625,37.8,807,1
C2021,UM,UM108598,C2021|UM108598,Epi,1,182.625,47.8,888,1
C2021,UM,UM108605,C2021|UM108605,Epi,1,182.625,41.6,879,1
C2021,UT,UT14757,C2021|UT14757,Epi,1,182.625,45.7,775,1
C2021,UT,UT14758,C2021|UT14758,Epi,1,182.625,44.9,332,1
C2021,UT,UT14759,C2021|UT14759,Epi,1,182.625,34.9,1047,1
C2021,UT,UT14781,C2021|UT14781,Epi,1,182.625,45.3,928,1
C2021,UT,UT14782,C2021|UT14782,Epi,1,182.625,37.4,1052,1
C2021,UT,UT14783,C2021|UT14783,Epi,1,182.625,44.3,579,1
C2021,UT,UT14833,C2021|UT14833,Epi,1,182.625,47.2,644,1
C2021,UT,UT14834,C2021|UT14834,Epi,1,182.625,42.9,805,1
C2021,UT,UT14835,C2021|UT14835,Epi,1,182.625,32.1,891,1
C2021,UT,UT14861,C2021|UT14861,Epi,1,182.625,29.9,1157,1
C2021,UT,UT14862,C2021|UT14862,Epi,1,182.625,41.5,836,1
C2021,UT,UT14863,C2021|UT14863,Epi,1,182.625,40.9,1022,1
C2021,UT,UT14938,C2021|UT14938,Epi,1,182.625,45.7,1169,1
C2021,UT,UT14939,C2021|UT14939,Epi,1,182.625,47.0,435,1
C2021,UT,UT14940,C2021|UT14940,Epi,1,182.625,36.7,509,1
C2021,UT,UT14979,C2021|UT14979,Epi,1,182.625,43.6,577,1
C2021,UT,UT14980,C2021|UT14980,Epi,1,182.625,41.0,533,1
C2021,UT,UT14981,C2021|UT14981,Epi,1,182.625,28.1,568,1
C2021,UT,UT15015,C2021|UT15015,Epi,1,182.625,32.7,1033,1
C2021,UT,UT15016,C2021|UT15016,Epi,1,182.625,29.4,361,1
C2021,UT,UT15017,C2021|UT15017,Epi,1,182.625,31.8,852,1
C2021,UT,UT15033,C2021|UT15033,Epi,1,182.625,37.1,1174,1
C2021,UT,UT15034,C2021|UT15034,Epi,1,182.625,36.7,1004,1
C2021,UT,UT15035,C2021|UT15035,Epi,1,182.625,41.6,645,1
C2021,UT,UT15078,C2021|UT15078,Epi,1,182.625,44.1,805,1
C2021,UT,UT15079,C2021|UT15079,Epi,1,182.625,42.5,586,1
C2021,UT,UT15080,C2021|UT15080,Epi,1,182.625,37.3,751,1
C2021,UT,UT15134,C2021|UT15134,Epi,1,182.625,32.4,1055,1
C2021,UT,UT15135,C2021|UT15135,Epi,1,182.625,51.6,563,1
C2021,UT,UT15136,C2021|UT15136,Epi,1,182.625,32.4,1065,1
C2021,UT,UT15174,C2021|UT15174,Epi,1,182.625,42.5,835,1
C2021,UT,UT15175,C2021|UT15175,Epi,1,182.625,39.0,1135,1
C2021,UT,UT15176,C2021|UT15176,Epi,1,182.625,49.3,928,1
C2021,UT,UT15226,C2021|UT15226,Epi,1,182.625,37.1,725,1
C2021,UT,UT15227,C2021|UT15227,Epi,1,182.625,35.5,424,1
C2021,UT,UT15228,C2021|UT15228,Epi,1,182.625,34.8,1248,1
C2021,UT,UT15282,C2021|UT15282,Epi,1,182.625,39.7,1181,1
C2021,UT,UT15283,C2021|UT15283,Epi,1,182.625,19.6,522,1
C2021,UT,UT15284,C2021|UT15284,Epi,1,182.625,38.3,861,1
C2021,UT,UT15328,C2021|UT15328,Epi,1,182.625,33.7,478,1
C2021,UT,UT15329,C2021|UT15329,Epi,1,182.625,43.5,668,1
C2021,UT,UT15330,C2021|UT15330,Epi,1,182.625,38.0,886,1
C2021,UT,UT15384,C2021|UT15384,Epi,1,182.625,40.5,674,1
C2021,UT,UT15385,C2021|UT15385,Epi,1,182.625,41.3,955,1
C2021,UT,UT15386,C2021|UT15386,Epi,1,182.625,45.6,976,1
C2021,UT,UT15423,C2021|UT15423,Epi,1,182.625,41.1,438,1
C2021,UT,UT15424,C2021|UT15424,Epi,1,182.625,43.7,657,1
C2021,UT,UT15425,C2021|UT15425,Epi,1,182.625,42.2,606,1
C2021,UT,UT15463,C2021|UT15463,Epi,1,182.625,46.0,575,1
C2021,UT,UT15464,C2021|UT15464,Epi,1,182.625,36.7,1013,1
C2021,UT,UT15465,C2021|UT15465,Epi,1,182.625,41.6,1037,1
C2021,TJL,JL23029,C2021|JL23029,For,1,182.625,43.0,637,1
C2021,TJL,JL23030,C2021|JL23030,For,1,182.625,33.0,1167,1
C2021,TJL,JL23031,C2021|JL23031,For,1,182.625,31.0,1226,1
C2021,TJL,JL23088,C2021|JL23088,For,1,182.625,40.0,384,1
C2021,TJL,JL23089,C2021|JL23089,For,1,182.625,48.0,481,1
C2021,TJL,JL23090,C2021|JL23090,For,1,182.625,40.0,861,1
C2021,TJL,JL23146,C2021|JL23146,For,1,182.625,33.0,1123,1
C2021,TJL,JL23147,C2021|JL23147,For,1,182.625,34.0,973,1
C2021,TJL,JL23148,C2021|JL23148,For,1,182.625,43.0,798,1
C2021,TJL,JL23152,C2021|JL23152,For,1,182.625,44.0,706,1
C2021,TJL,JL23153,C2021|JL23153,For,1,182.625,46.0,887,1
C2021,TJL,JL23154,C2021|JL23154,For,1,182.625,43.0,903,1
C2021,TJL,JL23218,C2021|JL23218,For,1,182.625,36.0,972,1
C2021,TJL,JL23219,C2021|JL23219,For,1,182.625,34.0,1148,1
C2021,TJL,JL23220,C2021|JL23220,For,1,182.625,30.0,991,1
C2021,TJL,JL23255,C2021|JL23255,For,1,182.625,41.0,728,1
C2021,TJL,JL23256,C2021|JL23256,For,1,182.625,41.0,1026,1
C2021,TJL,JL23257,C2021|JL23257,For,1,182.625,45.0,870,1
C2021,TJL,JL23288,C2021|JL23288,For,1,182.625,37.0,739,1
C2021,TJL,JL23289,C2021|JL23289,For,1,182.625,33.0,754,1
C2021,TJL,JL23290,C2021|JL23290,For,1,182.625,43.0,770,1
C2021,TJL,JL23382,C2021|JL23382,For,1,182.625,36.0,785,1
C2021,TJL,JL23383,C2021|JL23383,For,1,182.625,41.0,352,1
C2021,TJL,JL23384,C2021|JL23384,For,1,182.625,45.0,685,1
C2021,TJL,JL23394,C2021|JL23394,For,1,182.625,45.0,212,1
C2021,TJL,JL23395,C2021|JL23395,For,1,182.625,42.0,1024,1
C2021,TJL,JL23396,C2021|JL23396,For,1,182.625,44.0,608,1
C2021,TJL,JL23471,C2021|JL23471,For,1,182.625,47.0,661,1
C2021,TJL,JL23472,C2021|JL23472,For,1,182.625,48.0,331,1
C2021,TJL,JL23473,C2021|JL23473,For,1,182.625,46.0,429,1
C2021,TJL,JL23486,C2021|JL23486,For,1,182.625,33.0,1116,1
C2021,TJL,JL23487,C2021|JL23487,For,1,182.625,34.0,1128,1
C2021,TJL,JL23488,C2021|JL23488,For,1,182.625,43.0,968,1
C2021,TJL,JL23548,C2021|JL23548,For,1,182.625,41.0,514,1
C2021,TJL,JL23549,C2021|JL23549,For,1,182.625,40.0,947,1
C2021,TJL,JL23550,C2021|JL23550,For,1,182.625,40.0,397,1
C2021,TJL,JL23580,C2021|JL23580,For,1,182.625,31.0,1184,1
C2021,TJL,JL23581,C2021|JL23581,For,1,182.625,46.0,1192,1
C2021,TJL,JL23582,C2021|JL23582,For,1,182.625,34.0,1047,1
C2021,TJL,JL23623,C2021|JL23623,For,1,182.625,34.0,867,1
C2021,TJL,JL23624,C2021|JL23624,For,1,182.625,39.0,762,1
C2021,TJL,JL23674,C2021|JL23674,For,1,182.625,30.0,673,1
C2021,TJL,JL23675,C2021|JL23675,For,1,182.625,38.0,755,1
C2021,TJL,JL23676,C2021|JL23676,For,1,182.625,30.0,683,1
C2021,TJL,JL23716,C2021|JL23716,For,1,182.625,51.0,355,1
C2021,TJL,JL23717,C2021|JL23717,For,1,182.625,48.0,461,1
C2021,TJL,JL23718,C2021|JL23718,For,1,182.625,37.0,622,1
C2021,TJL,JL23785,C2021|JL23785,For,1,182.625,45.0,631,1
C2021,TJL,JL23786,C2021|JL23786,For,1,182.625,45.0,289,1
C2021,TJL,JL23787,C2021|JL23787,For,1,182.625,42.0,310,1
C2021,UM,UM103411,C2021|UM103411,For,1,182.625,41.0,225,0
C2021,UM,UM103418,C2021|UM103418,For,1,182.625,44.2,225,0
C2021,UM,UM103425,C2021|UM103425,For,1,182.625,34.7,225,0
C2021,UM,UM103740,C2021|UM103740,For,1,182.625,26.0,893,1
C2021,UM,UM103747,C2021|UM103747,For,1,182.625,37.0,912,1
C2021,UM,UM103754,C2021|UM103754,For,1,182.625,31.2,868,1
C2021,UM,UM103852,C2021|UM103852,For,1,182.625,26.4,748,1
C2021,UM,UM103859,C2021|UM103859,For,1,182.625,27.5,1085,0
C2021,UM,UM103866,C2021|UM103866,For,1,182.625,35.6,1071,1
C2021,UM,UM104167,C2021|UM104167,For,1,182.625,38.1,666,1
C2021,UM,UM104174,C2021|UM104174,For,1,182.625,32.0,1091,1
C2021,UM,UM104181,C2021|UM104181,For,1,182.625,30.6,751,1
C2021,UM,UM104475,C2021|UM104475,For,1,182.625,40.5,983,1
C2021,UM,UM104482,C2021|UM104482,For,1,182.625,42.7,1018,1
C2021,UM,UM104489,C2021|UM104489,For,1,182.625,41.9,1078,1
C2021,UM,UM104664,C2021|UM104664,For,1,182.625,44.2,912,1
C2021,UM,UM104671,C2021|UM104671,For,1,182.625,36.4,671,1
C2021,UM,UM104678,C2021|UM104678,For,1,182.625,34.4,884,1
C2021,UM,UM104937,C2021|UM104937,For,1,182.625,33.5,1035,1
C2021,UM,UM104944,C2021|UM104944,For,1,182.625,44.5,947,1
C2021,UM,UM104951,C2021|UM104951,For,1,182.625,42.2,304,1
C2021,UM,UM105539,C2021|UM105539,For,1,182.625,42.3,1021,1
C2021,UM,UM105546,C2021|UM105546,For,1,182.625,37.9,1052,1
C2021,UM,UM105553,C2021|UM105553,For,1,182.625,35.1,1085,1
C2021,UM,UM105665,C2021|UM105665,For,1,182.625,34.0,637,1
C2021,UM,UM105672,C2021|UM105672,For,1,182.625,34.5,957,1
C2021,UM,UM105679,C2021|UM105679,For,1,182.625,39.7,801,1
C2021,UM,UM106064,C2021|UM106064,For,1,182.625,30.8,1009,1
C2021,UM,UM106071,C2021|UM106071,For,1,182.625,35.1,702,1
C2021,UM,UM106078,C2021|UM106078,For,1,182.625,31.1,881,1
C2021,UM,UM106435,C2021|UM106435,For,1,182.625,37.5,1066,1
C2021,UM,UM106442,C2021|UM106442,For,1,182.625,32.5,983,1
C2021,UM,UM106449,C2021|UM106449,For,1,182.625,31.8,878,1
C2021,UM,UM106736,C2021|UM106736,For,1,182.625,37.3,240,1
C2021,UM,UM106743,C2021|UM106743,For,1,182.625,44.3,867,1
C2021,UM,UM106750,C2021|UM106750,For,1,182.625,30.7,994,1
C2021,UM,UM106806,C2021|UM106806,For,1,182.625,46.1,666,1
C2021,UM,UM106813,C2021|UM106813,For,1,182.625,46.1,887,1
C2021,UM,UM107401,C2021|UM107401,For,1,182.625,32.3,1197,1
C2021,UM,UM107408,C2021|UM107408,For,1,182.625,42.9,839,1
C2021,UM,UM107415,C2021|UM107415,For,1,182.625,37.2,1079,1
C2021,UM,UM107422,C2021|UM107422,For,1,182.625,39.1,847,1
C2021,UM,UM107429,C2021|UM107429,For,1,182.625,30.5,1173,1
C2021,UM,UM107436,C2021|UM107436,For,1,182.625,33.0,865,1
C2021,UM,UM107849,C2021|UM107849,For,1,182.625,45.0,956,1
C2021,UM,UM107856,C2021|UM107856,For,1,182.625,36.0,616,1
C2021,UM,UM107863,C2021|UM107863,For,1,182.625,30.8,720,1
C2021,UM,UM108283,C2021|UM108283,For,1,182.625,56.5,511,0
C2021,UM,UM108290,C2021|UM108290,For,1,182.625,50.8,868,1
C2021,UM,UM108297,C2021|UM108297,For,1,182.625,48.8,815,1
C2021,UM,UM108570,C2021|UM108570,For,1,182.625,46.2,791,1
C2021,UM,UM108577,C2021|UM108577,For,1,182.625,27.0,775,1
C2021,UM,UM108584,C2021|UM108584,For,1,182.625,51.4,919,1
C2021,UT,UT14725,C2021|UT14725,For,1,182.625,27.0,809,1
C2021,UT,UT14726,C2021|UT14726,For,1,182.625,37.4,804,1
C2021,UT,UT14727,C2021|UT14727,For,1,182.625,34.8,1018,1
C2021,UT,UT14798,C2021|UT14798,For,1,182.625,41.4,1156,1
C2021,UT,UT14799,C2021|UT14799,For,1,182.625,34.0,1181,1
C2021,UT,UT14800,C2021|UT14800,For,1,182.625,34.6,804,1
C2021,UT,UT14846,C2021|UT14846,For,1,182.625,38.3,547,1
C2021,UT,UT14847,C2021|UT14847,For,1,182.625,32.0,1117,1
C2021,UT,UT14848,C2021|UT14848,For,1,182.625,46.6,597,1
C2021,UT,UT14858,C2021|UT14858,For,1,182.625,29.0,927,1
C2021,UT,UT14859,C2021|UT14859,For,1,182.625,34.2,436,1
C2021,UT,UT14860,C2021|UT14860,For,1,182.625,36.8,571,1
C2021,UT,UT14902,C2021|UT14902,For,1,182.625,38.7,815,1
C2021,UT,UT14903,C2021|UT14903,For,1,182.625,42.9,637,1
C2021,UT,UT14904,C2021|UT14904,For,1,182.625,39.2,757,1
C2021,UT,UT14986,C2021|UT14986,For,1,182.625,35.6,394,1
C2021,UT,UT14987,C2021|UT14987,For,1,182.625,35.8,1069,1
C2021,UT,UT14988,C2021|UT14988,For,1,182.625,37.0,872,1
C2021,UT,UT15009,C2021|UT15009,For,1,182.625,43.8,332,1
C2021,UT,UT15010,C2021|UT15010,For,1,182.625,48.5,540,1
C2021,UT,UT15011,C2021|UT15011,For,1,182.625,50.4,671,1
C2021,UT,UT15036,C2021|UT15036,For,1,182.625,34.4,618,1
C2021,UT,UT15037,C2021|UT15037,For,1,182.625,36.4,1176,1
C2021,UT,UT15038,C2021|UT15038,For,1,182.625,34.8,1012,1
C2021,UT,UT15085,C2021|UT15085,For,1,182.625,31.7,1007,1
C2021,UT,UT15086,C2021|UT15086,For,1,182.625,29.1,806,1
C2021,UT,UT15087,C2021|UT15087,For,1,182.625,33.3,987,1
C2021,UT,UT15147,C2021|UT15147,For,1,182.625,33.0,904,1
C2021,UT,UT15148,C2021|UT15148,For,1,182.625,40.1,1002,1
C2021,UT,UT15149,C2021|UT15149,For,1,182.625,40.6,1088,1
C2021,UT,UT15183,C2021|UT15183,For,1,182.625,42.7,985,1
C2021,UT,UT15184,C2021|UT15184,For,1,182.625,48.2,735,1
C2021,UT,UT15185,C2021|UT15185,For,1,182.625,41.1,1204,1
C2021,UT,UT15244,C2021|UT15244,For,1,182.625,41.3,367,1
C2021,UT,UT15245,C2021|UT15245,For,1,182.625,40.1,915,1
C2021,UT,UT15246,C2021|UT15246,For,1,182.625,43.2,602,1
C2021,UT,UT15261,C2021|UT15261,For,1,182.625,47.0,438,1
C2021,UT,UT15262,C2021|UT15262,For,1,182.625,38.1,811,1
C2021,UT,UT15263,C2021|UT15263,For,1,182.625,41.4,520,1
C2021,UT,UT15308,C2021|UT15308,For,1,182.625,42.4,361,1
C2021,UT,UT15309,C2021|UT15309,For,1,182.625,47.5,461,1
C2021,UT,UT15310,C2021|UT15310,For,1,182.625,34.9,1119,1
C2021,UT,UT15360,C2021|UT15360,For,1,182.625,33.6,859,1
C2021,UT,UT15361,C2021|UT15361,For,1,182.625,31.5,949,1
C2021,UT,UT15362,C2021|UT15362,For,1,182.625,44.7,620,1
C2021,UT,UT15426,C2021|UT15426,For,1,182.625,41.0,657,1
C2021,UT,UT15427,C2021|UT15427,For,1,182.625,36.5,897,1
C2021,UT,UT15428,C2021|UT15428,For,1,182.625,46.9,1003,1
C2021,UT,UT15460,C2021|UT15460,For,1,182.625,28.7,772,1
C2021,UT,UT15461,C2021|UT15461,For,1,182.625,32.8,954,1
C2021,UT,UT15462,C2021|UT15462,For,1,182.625,40.2,484,1
C2021,TJL,JL23026,C2021|JL23026,Hal,1,182.625,52.0,683,1
C2021,TJL,JL23027,C2021|JL23027,Hal,1,182.625,40.0,1148,1
C2021,TJL,JL23028,C2021|JL23028,Hal,1,182.625,43.0,1113,1
C2021,TJL,JL23070,C2021|JL23070,Hal,1,182.625,58.0,674,1
C2021,TJL,JL23071,C2021|JL23071,Hal,1,182.625,45.0,435,1
C2021,TJL,JL23072,C2021|JL23072,Hal,1,182.625,57.0,568,1
C2021,TJL,JL23097,C2021|JL23097,Hal,1,182.625,35.0,1078,1
C2021,TJL,JL23098,C2021|JL23098,Hal,1,182.625,45.0,370,1
C2021,TJL,JL23099,C2021|JL23099,Hal,1,182.625,33.0,695,1
C2021,TJL,JL23184,C2021|JL23184,Hal,1,182.625,38.0,798,1
C2021,TJL,JL23185,C2021|JL23185,Hal,1,182.625,43.0,311,1
C2021,TJL,JL23186,C2021|JL23186,Hal,1,182.625,35.0,703,1
C2021,TJL,JL23196,C2021|JL23196,Hal,1,182.625,44.0,300,1
C2021,TJL,JL23197,C2021|JL23197,Hal,1,182.625,35.0,709,1
C2021,TJL,JL23198,C2021|JL23198,Hal,1,182.625,37.0,1019,1
C2021,TJL,JL23252,C2021|JL23252,Hal,1,182.625,39.0,862,1
C2021,TJL,JL23253,C2021|JL23253,Hal,1,182.625,45.0,993,1
C2021,TJL,JL23254,C2021|JL23254,Hal,1,182.625,42.0,587,1
C2021,TJL,JL23326,C2021|JL23326,Hal,1,182.625,41.0,517,1
C2021,TJL,JL23327,C2021|JL23327,Hal,1,182.625,33.0,1018,1
C2021,TJL,JL23328,C2021|JL23328,Hal,1,182.625,47.0,303,1
C2021,TJL,JL23356,C2021|JL23356,Hal,1,182.625,53.0,776,1
C2021,TJL,JL23357,C2021|JL23357,Hal,1,182.625,54.0,262,1
C2021,TJL,JL23358,C2021|JL23358,Hal,1,182.625,51.0,591,1
C2021,TJL,JL23413,C2021|JL23413,Hal,1,182.625,46.0,1004,1
C2021,TJL,JL23414,C2021|JL23414,Hal,1,182.625,35.0,1006,1
C2021,TJL,JL23415,C2021|JL23415,Hal,1,182.625,48.0,359,1
C2021,TJL,JL23446,C2021|JL23446,Hal,1,182.625,35.0,1340,1
C2021,TJL,JL23447,C2021|JL23447,Hal,1,182.625,37.0,1300,1
C2021,TJL,JL23448,C2021|JL23448,Hal,1,182.625,51.0,1028,1
C2021,TJL,JL23477,C2021|JL23477,Hal,1,182.625,37.0,1232,1
C2021,TJL,JL23478,C2021|JL23478,Hal,1,182.625,40.0,810,1
C2021,TJL,JL23479,C2021|JL23479,Hal,1,182.625,37.0,429,1
C2021,TJL,JL23542,C2021|JL23542,Hal,1,182.625,38.0,952,1
C2021,TJL,JL23543,C2021|JL23543,Hal,1,182.625,43.0,779,1
C2021,TJL,JL23544,C2021|JL23544,Hal,1,182.625,46.0,839,1
C2021,TJL,JL23586,C2021|JL23586,Hal,1,182.625,44.0,923,1
C2021,TJL,JL23587,C2021|JL23587,Hal,1,182.625,45.0,509,1
C2021,TJL,JL23588,C2021|JL23588,Hal,1,182.625,41.0,994,1
C2021,TJL,JL23639,C2021|JL23639,Hal,1,182.625,48.0,917,1
C2021,TJL,JL23640,C2021|JL23640,Hal,1,182.625,26.0,199,1
C2021,TJL,JL23641,C2021|JL23641,Hal,1,182.625,41.0,981,1
C2021,TJL,JL23710,C2021|JL23710,Hal,1,182.625,33.0,1064,1
C2021,TJL,JL23711,C2021|JL23711,Hal,1,182.625,38.0,702,1
C2021,TJL,JL23712,C2021|JL23712,Hal,1,182.625,39.0,1053,1
C2021,TJL,JL23729,C2021|JL23729,Hal,1,182.625,43.0,437,1
C2021,TJL,JL23730,C2021|JL23730,Hal,1,182.625,12.0,719,1
C2021,TJL,JL23731,C2021|JL23731,Hal,1,182.625,49.0,432,1
C2021,TJL,JL23757,C2021|JL23757,Hal,1,182.625,45.0,1094,1
C2021,TJL,JL23758,C2021|JL23758,Hal,1,182.625,37.0,1039,1
C2021,TJL,JL23759,C2021|JL23759,Hal,1,182.625,41.0,717,1
C2021,UM,UM103222,C2021|UM103222,Hal,1,182.625,33.5,917,1
C2021,UM,UM103229,C2021|UM103229,Hal,1,182.625,32.2,596,0
C2021,UM,UM103236,C2021|UM103236,Hal,1,182.625,35.2,1096,1
C2021,UM,UM103761,C2021|UM103761,Hal,1,182.625,32.2,1189,1
C2021,UM,UM103768,C2021|UM103768,Hal,1,182.625,29.5,1103,1
C2021,UM,UM103775,C2021|UM103775,Hal,1,182.625,34.4,826,1
C2021,UM,UM103782,C2021|UM103782,Hal,1,182.625,42.6,419,1
C2021,UM,UM103789,C2021|UM103789,Hal,1,182.625,37.8,683,1
C2021,UM,UM103796,C2021|UM103796,Hal,1,182.625,39.5,639,1
C2021,UM,UM103901,C2021|UM103901,Hal,1,182.625,35.0,1040,1
C2021,UM,UM103908,C2021|UM103908,Hal,1,182.625,29.5,1093,1
C2021,UM,UM103915,C2021|UM103915,Hal,1,182.625,34.6,1164,1
C2021,UM,UM103978,C2021|UM103978,Hal,1,182.625,31.8,1143,1
C2021,UM,UM103985,C2021|UM103985,Hal,1,182.625,38.0,1063,1
C2021,UM,UM103992,C2021|UM103992,Hal,1,182.625,39.0,861,1
C2021,UM,UM104426,C2021|UM104426,Hal,1,182.625,46.1,459,1
C2021,UM,UM104433,C2021|UM104433,Hal,1,182.625,45.1,619,1
C2021,UM,UM104440,C2021|UM104440,Hal,1,182.625,39.7,325,1
C2021,UM,UM104741,C2021|UM104741,Hal,1,182.625,49.7,743,1
C2021,UM,UM104748,C2021|UM104748,Hal,1,182.625,38.5,949,1
C2021,UM,UM104755,C2021|UM104755,Hal,1,182.625,45.5,642,1
C2021,UM,UM105084,C2021|UM105084,Hal,1,182.625,41.5,1226,1
C2021,UM,UM105091,C2021|UM105091,Hal,1,182.625,33.9,1035,0
C2021,UM,UM105098,C2021|UM105098,Hal,1,182.625,39.5,789,1
C2021,UM,UM105469,C2021|UM105469,Hal,1,182.625,34.6,808,1
C2021,UM,UM105476,C2021|UM105476,Hal,1,182.625,35.4,539,1
C2021,UM,UM105483,C2021|UM105483,Hal,1,182.625,35.3,1105,1
C2021,UM,UM105763,C2021|UM105763,Hal,1,182.625,26.8,937,1
C2021,UM,UM105770,C2021|UM105770,Hal,1,182.625,39.3,926,1
C2021,UM,UM105777,C2021|UM105777,Hal,1,182.625,34.3,1082,1
C2021,UM,UM106162,C2021|UM106162,Hal,1,182.625,32.7,981,1
C2021,UM,UM106169,C2021|UM106169,Hal,1,182.625,46.4,641,1
C2021,UM,UM106176,C2021|UM106176,Hal,1,182.625,43.5,570,1
C2021,UM,UM106393,C2021|UM106393,Hal,1,182.625,44.1,1095,1
C2021,UM,UM106400,C2021|UM106400,Hal,1,182.625,32.4,1054,1
C2021,UM,UM106407,C2021|UM106407,Hal,1,182.625,45.9,702,1
C2021,UM,UM106498,C2021|UM106498,Hal,1,182.625,30.9,925,1
C2021,UM,UM106505,C2021|UM106505,Hal,1,182.625,33.9,1085,1
C2021,UM,UM106512,C2021|UM106512,Hal,1,182.625,47.0,297,1
C2021,UM,UM106995,C2021|UM106995,Hal,1,182.625,43.8,1136,1
C2021,UM,UM107002,C2021|UM107002,Hal,1,182.625,42.0,905,1
C2021,UM,UM107009,C2021|UM107009,Hal,1,182.625,40.7,642,1
C2021,UM,UM107086,C2021|UM107086,Hal,1,182.625,35.5,887,1
C2021,UM,UM107093,C2021|UM107093,Hal,1,182.625,38.5,951,1
C2021,UM,UM107100,C2021|UM107100,Hal,1,182.625,42.7,887,0
C2021,UM,UM107464,C2021|UM107464,Hal,1,182.625,41.5,913,1
C2021,UM,UM107471,C2021|UM107471,Hal,1,182.625,37.5,545,1
C2021,UM,UM107478,C2021|UM107478,Hal,1,182.625,45.9,440,1
C2021,UM,UM107772,C2021|UM107772,Hal,1,182.625,32.0,960,1
C2021,UM,UM107779,C2021|UM107779,Hal,1,182.625,37.5,1118,1
C2021,UM,UM107786,C2021|UM107786,Hal,1,182.625,29.5,1137,1
C2021,UM,UM108241,C2021|UM108241,Hal,1,182.625,44.7,493,1
C2021,UM,UM108248,C2021|UM108248,Hal,1,182.625,39.0,983,1
C2021,UM,UM108255,C2021|UM108255,Hal,1,182.625,44.0,1030,1
C2021,UM,UM108458,C2021|UM108458,Hal,1,182.625,28.8,821,1
C2021,UM,UM108465,C2021|UM108465,Hal,1,182.625,30.9,1253,1
C2021,UM,UM108472,C2021|UM108472,Hal,1,182.625,32.3,1026,1
C2021,UT,UT14739,C2021|UT14739,Hal,1,182.625,42.6,782,1
C2021,UT,UT14740,C2021|UT14740,Hal,1,182.625,40.4,1241,1
C2021,UT,UT14741,C2021|UT14741,Hal,1,182.625,45.1,957,1
C2021,UT,UT14774,C2021|UT14774,Hal,1,182.625,34.8,1105,1
C2021,UT,UT14775,C2021|UT14775,Hal,1,182.625,35.1,493,1
C2021,UT,UT14776,C2021|UT14776,Hal,1,182.625,33.4,1171,1
C2021,UT,UT14830,C2021|UT14830,Hal,1,182.625,42.6,1338,1
C2021,UT,UT14831,C2021|UT14831,Hal,1,182.625,34.7,996,1
C2021,UT,UT14832,C2021|UT14832,Hal,1,182.625,41.9,429,1
C2021,UT,UT14877,C2021|UT14877,Hal,1,182.625,39.9,463,1
C2021,UT,UT14878,C2021|UT14878,Hal,1,182.625,39.1,1019,1
C2021,UT,UT14879,C2021|UT14879,Hal,1,182.625,37.6,927,1
C2021,UT,UT14927,C2021|UT14927,Hal,1,182.625,42.6,864,1
C2021,UT,UT14928,C2021|UT14928,Hal,1,182.625,41.3,655,1
C2021,UT,UT14929,C2021|UT14929,Hal,1,182.625,35.1,1250,1
C2021,UT,UT14989,C2021|UT14989,Hal,1,182.625,40.4,631,1
C2021,UT,UT14990,C2021|UT14990,Hal,1,182.625,43.9,592,1
C2021,UT,UT14991,C2021|UT14991,Hal,1,182.625,40.5,668,1
C2021,UT,UT15018,C2021|UT15018,Hal,1,182.625,32.1,1011,1
C2021,UT,UT15019,C2021|UT15019,Hal,1,182.625,28.9,853,1
C2021,UT,UT15020,C2021|UT15020,Hal,1,182.625,30.6,911,1
C2021,UT,UT15054,C2021|UT15054,Hal,1,182.625,45.8,761,1
C2021,UT,UT15055,C2021|UT15055,Hal,1,182.625,42.4,734,1
C2021,UT,UT15056,C2021|UT15056,Hal,1,182.625,44.5,550,1
C2021,UT,UT15091,C2021|UT15091,Hal,1,182.625,36.5,937,1
C2021,UT,UT15092,C2021|UT15092,Hal,1,182.625,38.5,822,1
C2021,UT,UT15093,C2021|UT15093,Hal,1,182.625,35.4,915,1
C2021,UT,UT15171,C2021|UT15171,Hal,1,182.625,40.8,436,1
C2021,UT,UT15172,C2021|UT15172,Hal,1,182.625,33.0,640,0
C2021,UT,UT15173,C2021|UT15173,Hal,1,182.625,31.3,640,0
C2021,UT,UT15186,C2021|UT15186,Hal,1,182.625,41.1,970,1
C2021,UT,UT15187,C2021|UT15187,Hal,1,182.625,40.3,946,1
C2021,UT,UT15188,C2021|UT15188,Hal,1,182.625,39.7,352,1
C2021,UT,UT15229,C2021|UT15229,Hal,1,182.625,38.5,1215,1
C2021,UT,UT15230,C2021|UT15230,Hal,1,182.625,31.8,1082,1
C2021,UT,UT15231,C2021|UT15231,Hal,1,182.625,40.9,1137,1
C2021,UT,UT15291,C2021|UT15291,Hal,1,182.625,43.5,475,1
C2021,UT,UT15292,C2021|UT15292,Hal,1,182.625,43.2,677,1
C2021,UT,UT15293,C2021|UT15293,Hal,1,182.625,50.1,549,1
C2021,UT,UT15305,C2021|UT15305,Hal,1,182.625,45.4,363,1
C2021,UT,UT15306,C2021|UT15306,Hal,1,182.625,44.2,746,1
C2021,UT,UT15307,C2021|UT15307,Hal,1,182.625,40.4,864,1
C2021,UT,UT15381,C2021|UT15381,Hal,1,182.625,36.6,753,1
C2021,UT,UT15382,C2021|UT15382,Hal,1,182.625,41.9,778,1
C2021,UT,UT15383,C2021|UT15383,Hal,1,182.625,32.2,1174,1
C2021,UT,UT15444,C2021|UT15444,Hal,1,182.625,29.0,1255,1
C2021,UT,UT15445,C2021|UT15445,Hal,1,182.625,28.5,993,1
C2021,UT,UT15446,C2021|UT15446,Hal,1,182.625,42.1,769,1
C2021,UT,UT15491,C2021|UT15491,Hal,1,182.625,35.4,926,1
C2021,UT,UT15492,C2021|UT15492,Hal,1,182.625,37.9,1104,1
C2021,UT,UT15493,C2021|UT15493,Hal,1,182.625,42.8,725,1
C2021,TJL,JL23051,C2021|JL23051,M160,1,182.625,41.0,643,1
C2021,TJL,JL23052,C2021|JL23052,M160,1,182.625,38.0,860,1
C2021,TJL,JL23053,C2021|JL23053,M160,1,182.625,45.0,861,1
C2021,TJL,JL23091,C2021|JL23091,M160,1,182.625,45.0,862,1
C2021,TJL,JL23092,C2021|JL23092,M160,1,182.625,47.0,791,1
C2021,TJL,JL23093,C2021|JL23093,M160,1,182.625,36.0,841,1
C2021,TJL,JL23125,C2021|JL23125,M160,1,182.625,44.0,610,1
C2021,TJL,JL23126,C2021|JL23126,M160,1,182.625,40.0,856,1
C2021,TJL,JL23127,C2021|JL23127,M160,1,182.625,54.0,533,1
C2021,TJL,JL23181,C2021|JL23181,M160,1,182.625,46.0,582,1
C2021,TJL,JL23182,C2021|JL23182,M160,1,182.625,47.0,998,1
C2021,TJL,JL23183,C2021|JL23183,M160,1,182.625,46.0,797,1
C2021,TJL,JL23227,C2021|JL23227,M160,1,182.625,37.0,931,1
C2021,TJL,JL23228,C2021|JL23228,M160,1,182.625,43.0,781,1
C2021,TJL,JL23229,C2021|JL23229,M160,1,182.625,43.0,753,1
C2021,TJL,JL23272,C2021|JL23272,M160,1,182.625,45.0,1133,1
C2021,TJL,JL23273,C2021|JL23273,M160,1,182.625,42.0,797,1
C2021,TJL,JL23274,C2021|JL23274,M160,1,182.625,42.0,1058,1
C2021,TJL,JL23314,C2021|JL23314,M160,1,182.625,36.0,1175,1
C2021,TJL,JL23315,C2021|JL23315,M160,1,182.625,44.0,973,1
C2021,TJL,JL23316,C2021|JL23316,M160,1,182.625,45.0,929,1
C2021,TJL,JL23344,C2021|JL23344,M160,1,182.625,32.0,1046,1
C2021,TJL,JL23345,C2021|JL23345,M160,1,182.625,41.0,937,1
C2021,TJL,JL23346,C2021|JL23346,M160,1,182.625,50.0,690,1
C2021,TJL,JL23419,C2021|JL23419,M160,1,182.625,38.0,820,1
C2021,TJL,JL23420,C2021|JL23420,M160,1,182.625,37.0,1094,1
C2021,TJL,JL23421,C2021|JL23421,M160,1,182.625,36.0,1189,1
C2021,TJL,JL23449,C2021|JL23449,M160,1,182.625,40.0,1141,1
C2021,TJL,JL23450,C2021|JL23450,M160,1,182.625,46.0,811,1
C2021,TJL,JL23451,C2021|JL23451,M160,1,182.625,47.0,877,1
C2021,TJL,JL23480,C2021|JL23480,M160,1,182.625,37.0,613,1
C2021,TJL,JL23481,C2021|JL23481,M160,1,182.625,40.0,471,1
C2021,TJL,JL23482,C2021|JL23482,M160,1,182.625,32.0,840,1
C2021,TJL,JL23517,C2021|JL23517,M160,1,182.625,45.0,718,1
C2021,TJL,JL23518,C2021|JL23518,M160,1,182.625,49.0,642,1
C2021,TJL,JL23519,C2021|JL23519,M160,1,182.625,41.0,786,1
C2021,TJL,JL23592,C2021|JL23592,M160,1,182.625,38.0,912,1
C2021,TJL,JL23593,C2021|JL23593,M160,1,182.625,40.0,955,1
C2021,TJL,JL23594,C2021|JL23594,M160,1,182.625,48.0,798,1
C2021,TJL,JL23620,C2021|JL23620,M160,1,182.625,40.0,1051,1
C2021,TJL,JL23621,C2021|JL23621,M160,1,182.625,42.0,1028,1
C2021,TJL,JL23622,C2021|JL23622,M160,1,182.625,42.0,744,1
C2021,TJL,JL23701,C2021|JL23701,M160,1,182.625,40.0,680,1
C2021,TJL,JL23702,C2021|JL23702,M160,1,182.625,39.0,920,1
C2021,TJL,JL23703,C2021|JL23703,M160,1,182.625,45.0,863,1
C2021,TJL,JL23751,C2021|JL23751,M160,1,182.625,38.0,1204,1
C2021,TJL,JL23752,C2021|JL23752,M160,1,182.625,33.0,1209,1
C2021,TJL,JL23753,C2021|JL23753,M160,1,182.625,42.0,920,1
C2021,TJL,JL23788,C2021|JL23788,M160,1,182.625,47.0,574,1
C2021,TJL,JL23789,C2021|JL23789,M160,1,182.625,44.0,1006,1
C2021,TJL,JL23790,C2021|JL23790,M160,1,182.625,48.0,751,1
C2021,UM,UM103292,C2021|UM103292,M160,1,182.625,45.6,1038,1
C2021,UM,UM103299,C2021|UM103299,M160,1,182.625,49.6,577,1
C2021,UM,UM103306,C2021|UM103306,M160,1,182.625,41.7,1052,1
C2021,UM,UM103621,C2021|UM103621,M160,1,182.625,35.4,814,1
C2021,UM,UM103628,C2021|UM103628,M160,1,182.625,31.7,1003,1
C2021,UM,UM103635,C2021|UM103635,M160,1,182.625,39.1,461,1
C2021,UM,UM104083,C2021|UM104083,M160,1,182.625,27.5,619,1
C2021,UM,UM104090,C2021|UM104090,M160,1,182.625,34.4,960,1
C2021,UM,UM104097,C2021|UM104097,M160,1,182.625,29.7,976,1
C2021,UM,UM104405,C2021|UM104405,M160,1,182.625,41.0,895,1
C2021,UM,UM104412,C2021|UM104412,M160,1,182.625,47.6,713,1
C2021,UM,UM104419,C2021|UM104419,M160,1,182.625,39.0,1167,1
C2021,UM,UM104846,C2021|UM104846,M160,1,182.625,37.9,875,1
C2021,UM,UM104853,C2021|UM104853,M160,1,182.625,39.7,987,1
C2021,UM,UM104860,C2021|UM104860,M160,1,182.625,41.8,1015,1
C2021,UM,UM104916,C2021|UM104916,M160,1,182.625,46.3,486,1
C2021,UM,UM104923,C2021|UM104923,M160,1,182.625,44.0,1085,1
C2021,UM,UM104930,C2021|UM104930,M160,1,182.625,44.5,1126,1
C2021,UM,UM105252,C2021|UM105252,M160,1,182.625,32.5,1174,1
C2021,UM,UM105259,C2021|UM105259,M160,1,182.625,38.0,988,1
C2021,UM,UM105266,C2021|UM105266,M160,1,182.625,43.9,974,1
C2021,UM,UM105882,C2021|UM105882,M160,1,182.625,50.7,224,1
C2021,UM,UM105910,C2021|UM105910,M160,1,182.625,44.1,681,1
C2021,UM,UM106211,C2021|UM106211,M160,1,182.625,31.3,1031,0
C2021,UM,UM106218,C2021|UM106218,M160,1,182.625,40.7,985,1
C2021,UM,UM106225,C2021|UM106225,M160,1,182.625,41.6,685,1
C2021,UM,UM106351,C2021|UM106351,M160,1,182.625,34.1,816,1
C2021,UM,UM106358,C2021|UM106358,M160,1,182.625,29.0,1048,1
C2021,UM,UM106365,C2021|UM106365,M160,1,182.625,34.0,1052,1
C2021,UM,UM106617,C2021|UM106617,M160,1,182.625,32.8,324,1
C2021,UM,UM106624,C2021|UM106624,M160,1,182.625,35.9,464,1
C2021,UM,UM106631,C2021|UM106631,M160,1,182.625,31.6,968,1
C2021,UM,UM106778,C2021|UM106778,M160,1,182.625,34.8,856,1
C2021,UM,UM106785,C2021|UM106785,M160,1,182.625,38.6,951,1
C2021,UM,UM106792,C2021|UM106792,M160,1,182.625,33.5,1082,1
C2021,UM,UM107128,C2021|UM107128,M160,1,182.625,41.0,768,1
C2021,UM,UM107135,C2021|UM107135,M160,1,182.625,32.0,724,1
C2021,UM,UM107142,C2021|UM107142,M160,1,182.625,37.2,1237,1
C2021,UM,UM107632,C2021|UM107632,M160,1,182.625,31.1,1138,1
C2021,UM,UM107639,C2021|UM107639,M160,1,182.625,36.9,819,1
C2021,UM,UM107646,C2021|UM107646,M160,1,182.625,30.4,1113,1
C2021,UM,UM107898,C2021|UM107898,M160,1,182.625,29.0,774,1
C2021,UM,UM107905,C2021|UM107905,M160,1,182.625,38.0,798,1
C2021,UM,UM107912,C2021|UM107912,M160,1,182.625,33.0,963,1
C2021,UM,UM108094,C2021|UM108094,M160,1,182.625,37.0,913,1
C2021,UM,UM108101,C2021|UM108101,M160,1,182.625,38.4,1013,1
C2021,UM,UM108108,C2021|UM108108,M160,1,182.625,43.5,794,1
C2021,UM,UM108640,C2021|UM108640,M160,1,182.625,37.5,697,1
C2021,UM,UM108647,C2021|UM108647,M160,1,182.625,35.0,729,1
C2021,UM,UM108654,C2021|UM108654,M160,1,182.625,34.6,911,1
C2021,UT,UT14728,C2021|UT14728,M160,1,182.625,34.3,613,1
C2021,UT,UT14729,C2021|UT14729,M160,1,182.625,42.5,1061,1
C2021,UT,UT14730,C2021|UT14730,M160,1,182.625,39.4,910,1
C2021,UT,UT14827,C2021|UT14827,M160,1,182.625,39.0,724,1
C2021,UT,UT14828,C2021|UT14828,M160,1,182.625,38.4,765,1
C2021,UT,UT14829,C2021|UT14829,M160,1,182.625,42.6,846,1
C2021,UT,UT14855,C2021|UT14855,M160,1,182.625,33.9,1080,1
C2021,UT,UT14856,C2021|UT14856,M160,1,182.625,38.5,588,1
C2021,UT,UT14857,C2021|UT14857,M160,1,182.625,27.6,671,1
C2021,UT,UT14864,C2021|UT14864,M160,1,182.625,41.8,888,1
C2021,UT,UT14865,C2021|UT14865,M160,1,182.625,36.1,1239,1
C2021,UT,UT14866,C2021|UT14866,M160,1,182.625,40.0,1003,1
C2021,UT,UT14963,C2021|UT14963,M160,1,182.625,44.9,215,1
C2021,UT,UT14964,C2021|UT14964,M160,1,182.625,44.8,835,1
C2021,UT,UT14965,C2021|UT14965,M160,1,182.625,46.8,521,1
C2021,UT,UT14973,C2021|UT14973,M160,1,182.625,32.8,930,1
C2021,UT,UT14974,C2021|UT14974,M160,1,182.625,35.5,1080,1
C2021,UT,UT14975,C2021|UT14975,M160,1,182.625,41.7,1232,1
C2021,UT,UT15012,C2021|UT15012,M160,1,182.625,40.7,876,1
C2021,UT,UT15013,C2021|UT15013,M160,1,182.625,50.3,1031,1
C2021,UT,UT15014,C2021|UT15014,M160,1,182.625,38.0,859,1
C2021,UT,UT15075,C2021|UT15075,M160,1,182.625,46.9,758,1
C2021,UT,UT15076,C2021|UT15076,M160,1,182.625,36.4,937,1
C2021,UT,UT15077,C2021|UT15077,M160,1,182.625,36.1,993,1
C2021,UT,UT15088,C2021|UT15088,M160,1,182.625,27.0,730,1
C2021,UT,UT15089,C2021|UT15089,M160,1,182.625,32.3,967,1
C2021,UT,UT15090,C2021|UT15090,M160,1,182.625,36.0,745,1
C2021,UT,UT15137,C2021|UT15137,M160,1,182.625,42.5,944,1
C2021,UT,UT15138,C2021|UT15138,M160,1,182.625,46.8,867,1
C2021,UT,UT15139,C2021|UT15139,M160,1,182.625,32.0,980,1
C2021,UT,UT15203,C2021|UT15203,M160,1,182.625,26.9,1100,1
C2021,UT,UT15204,C2021|UT15204,M160,1,182.625,36.8,886,1
C2021,UT,UT15205,C2021|UT15205,M160,1,182.625,36.0,964,1
C2021,UT,UT15223,C2021|UT15223,M160,1,182.625,37.1,749,1
C2021,UT,UT15224,C2021|UT15224,M160,1,182.625,43.9,572,1
C2021,UT,UT15225,C2021|UT15225,M160,1,182.625,32.0,965,1
C2021,UT,UT15285,C2021|UT15285,M160,1,182.625,36.0,701,1
C2021,UT,UT15286,C2021|UT15286,M160,1,182.625,44.6,685,1
C2021,UT,UT15287,C2021|UT15287,M160,1,182.625,44.9,848,1
C2021,UT,UT15321,C2021|UT15321,M160,1,182.625,39.3,711,1
C2021,UT,UT15322,C2021|UT15322,M160,1,182.625,48.2,935,1
C2021,UT,UT15323,C2021|UT15323,M160,1,182.625,43.6,730,1
C2021,UT,UT15402,C2021|UT15402,M160,1,182.625,42.3,735,1
C2021,UT,UT15403,C2021|UT15403,M160,1,182.625,42.5,807,1
C2021,UT,UT15404,C2021|UT15404,M160,1,182.625,37.9,732,1
C2021,UT,UT15450,C2021|UT15450,M160,1,182.625,38.4,867,1
C2021,UT,UT15451,C2021|UT15451,M160,1,182.625,42.9,661,1
C2021,UT,UT15452,C2021|UT15452,M160,1,182.625,38.5,991,1
C2021,UT,UT15470,C2021|UT15470,M160,1,182.625,37.8,215,0
C2021,UT,UT15471,C2021|UT15471,M160,1,182.625,37.8,215,0
C2021,UT,UT15472,C2021|UT15472,M160,1,182.625,47.8,215,0
